Nama Pengguna,Rating,Tanggal,Ulasan,Game
Steven Nix,1,2026-02-21 23:37:00,quiting for life bcs losing 50 50 11 times in a row,Wuthering Waves
Kazuto Kirigaya,5,2026-02-21 22:38:45,good game,Wuthering Waves
Abdul Azis Salim,5,2026-02-21 22:11:21,mantap,Wuthering Waves
zexa aldian,5,2026-02-21 21:53:38,niceee ooooo,Wuthering Waves
RISKI FITRIADI,3,2026-02-21 20:33:34,"tolong dong kuro sedia in bahasa indonesia, saya capek mau translate terus, saya suka sama storynya cuman saya gak mahir bebahasa inggris somoga kuro baca, tolong yaa kuroo🙏",Wuthering Waves
Red Blue,5,2026-02-21 17:48:37,semuanya bagus dan masterpiece. paling tinggal di performa,Wuthering Waves
enrico sdp,5,2026-02-21 17:35:17,gokil,Wuthering Waves
Wayan Santika,5,2026-02-21 15:31:04,For game developers to further improve the smoothness of players in playing the game and the success rate in gacha characters or weapons is increased but in terms of graphics it is still really good,Wuthering Waves
Kenzen Revano gunawan,5,2026-02-21 15:18:18,Gacha wangi tidak kikir (Walau sering kalah Rate off) 😋,Wuthering Waves
Ian Yusryadi,5,2026-02-21 14:36:58,tolong subtitle bahasa Indonesia di tambah dong. capek main bahasa English nya harus translate terus,Wuthering Waves
FERY Pendrialit,5,2026-02-21 14:30:32,perfect,Wuthering Waves
Andraya Putra,5,2026-02-21 13:31:42,bagus tapi hp gua gak kuat,Wuthering Waves
Angregou,1,2026-02-21 13:22:54,"makin berat aja sumpah,main game genshin aja bisa tuh rata kanan 60 fps ini wuwa saking beratnya hpku ngelag gabisa dimainin ga nyaman beneran dah,,mohon diperbaiki agar ga ngelag fps nyah",Wuthering Waves
Khuza Pku,5,2026-02-21 12:25:47,"salah satu game RPG terbaik yang pernah saya mainkan, terus kan Kuro, jangan berhenti memasak 🔥🔥",Wuthering Waves
Zahra Septiani,4,2026-02-21 12:21:24,Please add Indonesian language,Wuthering Waves
Hamidi Sj,5,2026-02-21 12:01:18,kerennnnnnnnnn,Wuthering Waves
Dell,5,2026-02-21 11:01:10,seruu,Wuthering Waves
Faiz Jepara,3,2026-02-21 10:37:23,"Jujur game wuwa ini adalah game sangat saya sukai tapi ada beberapa hal yang membuat saya kecewa: 1. Masalah penyimpanan, Penyimpanan game ini sudah sangat bengkak sampai 50 GB dulu saya sempat main dan filenya hanya 20 GB, Untuk device low-mid yang ruang penyimpanan nya 128 GB ini sudah terlalu besar. 2. Masalah optimisasi, Mungkin karena unreal engine membuat game ini sangat berat, game ini terlalu berat untuk device low-mid fps sering drop, saya menyarankan untuk melakukan optimasi lagi.",Wuthering Waves
Rafa Suryaarafa,5,2026-02-21 09:57:34,"gak ada subtitle Indonesia, jika ada aku bisa memahami si ceritany",Wuthering Waves
Dimas Arya,5,2026-02-21 09:07:19,"First impression main wuwa di 2026. Suka building ceritanya, Dev nya generous kasih gacha gratis, kalo event ingame gw blm bisa review karna masih garap main sama side quest dlu aja. Mekanik gk rumit banyak waifu juga. Design ciwi ciwinya dari outfit, karakter, voice over, top notch dah 😍. Yang yang punyaku 😋 Main di redmi note 15 pro masih oke lah rata kiri, blm pernah drop pas battle paling pas render open worldnya sama pas baru login.",Wuthering Waves
Arya renata,5,2026-02-21 08:30:13,aku berharap kalu update selanjutnya tidak ada event kartu bosen soalnya,Wuthering Waves
Ajis Aryanto,5,2026-02-21 04:36:29,bagus anjay,Wuthering Waves
Alfiansyah Rizky P,5,2026-02-21 04:23:12,asik kali rek walau HP panas,Wuthering Waves
Alif Natur,5,2026-02-21 01:58:25,game so good man,Wuthering Waves
Evan Evan,4,2026-02-20 23:02:11,harusnya sih bisa bintang 5 tapi aku punya keluhan di gamenya tolong optimalisasi jangan trus trusan meng optimalkan gempalaynya ini game bagus tapi tiap updet makin berat serius ni gua KURO,Wuthering Waves
Nubia Max,5,2026-02-20 21:29:47,keren game nya cocok juga di hpku hikhikhik...,Wuthering Waves
Fatih Abdullah,5,2026-02-20 20:54:16,tolong berikan gitu hapus data misi lama biar gak berat berat amat,Wuthering Waves
Moon_Rabbit,5,2026-02-20 20:39:19,nice,Wuthering Waves
Yes,5,2026-02-20 20:06:25,Absolute cinema🙌🏻,Wuthering Waves
Rasya Cy,1,2026-02-20 19:10:39,"kecewa dengan game ini.karna saya terpaksa pensi karna ukuran game yang jujur ini paling besar yang ada di ponsel saya , saya berharap game ini bisa di optimalkan dari size datanya.",Wuthering Waves
MUNDING,5,2026-02-20 17:08:16,thanks for the repair compiling shader the development are teamwork for repair this thanks again for the repair dear team wuthering waves,Wuthering Waves
Master Official,1,2026-02-20 15:38:02,"tolong dioptimalkan lagi, sekarang gamenya terlalu berat",Wuthering Waves
Elsa Esteria,1,2026-02-20 14:00:55,"kecewa ke game ini sekarang dah penyimpanan makin gede, ASTERIT makin dikit dapetnya,punya banyak chat 5 tapi event makin susah kaya percuma karena metanya harus pake chat baru terus,raptune atau apalah ngehambat pertarungan dan di Map baru tuh Motor tuh kurang guna yaa kalau banyak tebing tinggi walau ada jalan yaa NGOTAK dikit lah kalau bikin map,dan rate of terus lah Asen dah ni game,dulu game baik sekarang jadi busuk karena game itu sendiri",Wuthering Waves
ahmad rajib,3,2026-02-20 13:44:48,"wuthering bug, banyak bug",Wuthering Waves
Yuli Nicha,2,2026-02-20 13:22:36,"game ini bagus. aku cuman punya banyak masalah sama storagenya. and grafisnya, udh mentok semuanya ke kiri masih patah-patah. tapi storynya bagus sih, aku punya feedback utk storynya, jangan bikin semua karakter fokus ke si Rover. dan juga lebih baik nge-feature karakter dari misi lalu deh, jadi supaya kita bisa lihat karakter-karakter lain, oh iya, itu eventnya agak dikit,.mungkin bisa nambahin atau bikin event baru yang interaktif?",Wuthering Waves
Lucian,3,2026-02-20 12:37:39,butuh bahasa Indonesia,Wuthering Waves
Labibun Labib,1,2026-02-20 12:32:35,kalah 50/50 tok,Wuthering Waves
Jojo Monkey,1,2026-02-20 11:21:49,very bad optimization om mobile from 3.0 til now,Wuthering Waves
Keanu Alvarez,3,2026-02-20 11:19:52,"tbh I like this game sm but it takes 70gb , I think kuro should do smth about that everyone frustration",Wuthering Waves
Balungtutul,1,2026-02-20 10:56:43,cara longi ke gamenya susah banget harus dowload datanya tapi masi gk bisa bisa tolong jangan di persulit longinya,Wuthering Waves
M. Haidar Ramzy,5,2026-02-20 10:45:32,good,Wuthering Waves
Jibran Zakky,5,2026-02-20 09:26:13,bagus pokoknya grafiknya bagus tapi ceritanya lumayan tapi gamenya nggak kikir enggak kayak di sebelah dicicil,Wuthering Waves
Laswardi Nasution,1,2026-02-20 09:22:02,"Game nya bagus sekali. Tapi kenapa ngelag banget? Patah patah seperti game berat banget padahal jaringan lancar. Genshin impact aja datanya sampai 20gb lebih bisa lancar, ini kok wuthering waves cuma 10gb-an serasa berat banget. Bintang 3 aja dulu kalo udah diperbaiki nanti naik lagi #saya kurangi jadi bintang 1 soalnya akun saya ngulang dari awal karna gk dimain",Wuthering Waves
Ahnaf Bail,5,2026-02-20 06:10:49,best grapich make me nostalgia,Wuthering Waves
Satrio Budi utomo,3,2026-02-20 04:03:26,"tolonglah Kuro untuk size game nya agak di kecilin jadi 30 - 40 GB aja, untuk di hp aja sekarang udah 60 GB mantap emang 🗿🗿🗿👍",Wuthering Waves
MysticOrb Orb,1,2026-02-20 02:32:35,"Pelit judi 40 kalik tidak dpt heros b5,buruk in gme tutup az nih game,akun lah saya hapus permanen",Wuthering Waves
Thariq Dandra Aulia,5,2026-02-20 00:55:35,"saya suka dengan game ini karena storynya lumayan menarik, dan bansosnya bagus, semangat terus dalam mengembangkan Wuthering waves",Wuthering Waves
Habib Al zighry,5,2026-02-20 00:15:09,ga jadi gw kasi rating 1 gegara aemeath balik.ntaran kalau sign nya gak balik kita rating 3😁,Wuthering Waves
Richi Maulana,5,2026-02-19 20:55:19,hd bnget cu,Wuthering Waves
Fauzian arbiansyah 8D 8,5,2026-02-19 20:19:26,"absolute cinema for main quest,pls give me back aemeath",Wuthering Waves
BOCIL PLASTIK,3,2026-02-19 20:18:44,wala weapon shorekeeper nya malah hardpity,Wuthering Waves
Araster Blaze,5,2026-02-19 20:17:03,awalnya tertarik karena banyak yang muji story 3.1 dan nyoba install. Untuk Story awal jujur saja sangat membosankan namun semakin kesini storynya semakin bagus jadi gak nyesal install ini game apalagi sistem combatnya sangat satisfying banget dan explorenya pun sangat rewarding.,Wuthering Waves
Maulana MI,5,2026-02-19 19:35:57,"ni gua kasi bintang 5 lagi, adain bahasa Indonesia wooy",Wuthering Waves
Devlin Chamberlin,5,2026-02-19 19:28:15,gamenya seru,Wuthering Waves
Nyxima,3,2026-02-19 18:02:18,optimalisasi nya kurang,Wuthering Waves
Murfimo Siregar,1,2026-02-19 17:57:09,Kecewa Sama Kuro Games Skrng udah Sementara Update Di patch 3.1 Gw Sering Force Close Gara gara ngerjain Quest Padahal Lagi Enak Enak Ngerjain Quest Nya eh malah force Close Pas Dibagian cuy Scene Padahal Waktu dibanner 2.8 sama 3.0 Gak pernah terjadi sebelumnya tolong lah wuwa Di optimal kan lagi game nya Dari kmrin Kek gini Mulu Loh Padahal Dlu Kuro Developer Cepat Menanggapi Masalah skrg kok Udh jarang Apa Karna Udh Rame Yang Mainin jadi seleb🥹,Wuthering Waves
Zakaria,1,2026-02-19 17:54:19,Nice game,Wuthering Waves
Raditya Mahesa,5,2026-02-19 16:55:48,game apa ini... bagus kali lah,Wuthering Waves
Altair Ryu,1,2026-02-19 16:28:24,gak bisa download di latar belakang jadi harus nunggu di dalam game selama berjam jam,Wuthering Waves
Netizen 5,5,2026-02-19 16:21:10,Size gilaaak sih tapi baguss banget,Wuthering Waves
BUDIANNOR,5,2026-02-19 15:15:30,"kuro game please Optimalisasi gamenya sudah berat sekali di versi 3.1 walaupun dari segi Visual dan grafik gamenya sangat luar biasa tapi di seimbangin juga optimalisasinya biar Device tidak Menjerit, sejauh ini sudah banyak di korbankan untuk mengejar visual dan grafik yang memukau tapi size terlalu besar dan gamenya tambah berat di jalankan.",Wuthering Waves
Abdul Fakih,1,2026-02-19 14:24:23,"tolong kuro, optimalisasi jaringan dan size game nya",Wuthering Waves
Arkann,3,2026-02-19 13:39:09,add indonesian language plese😞🙏,Wuthering Waves
SIGMA,5,2026-02-19 12:23:53,"aku menyukai game ini, walaupun game ini tidak menyukaiku",Wuthering Waves
Sinyoz,5,2026-02-19 12:16:58,game bagus👍,Wuthering Waves
Qalbi,5,2026-02-19 11:15:41,saya hoki terima kasih,Wuthering Waves
Sistem 7,1,2026-02-19 11:09:38,"tiap update gede Mulu size-nya,jadi bikin males ngeupdatenya. Performanya juga kadang bagus kadang jelek sehabis update. dan yang paling bikin jengkel itu butuh memori 50+ GB kosong baru bisa memulai download update",Wuthering Waves
Azka Ramadhani,1,2026-02-19 07:38:13,"tolong optimalin sinyal servernya ngelag mulu, sama ngaframe,woi tolonglah optimalin perfomanya gak maksimal gw main bg sat ngasih stat yg bener lah capek gua ajg",Wuthering Waves
Ahmad Marsehan,5,2026-02-19 05:00:38,terbaik,Wuthering Waves
S “_Devils5Night_” F,2,2026-02-19 02:07:16,semenjak Update Sering frame & bug Visual & Size nya tolong di perkecil ke 30-35gb atau Tambahan Fitur hapus Resource yg tidak di gunakan Pemain. optimalisasi nya tolong lah di perbagus 😑. walau saya Menggunakan Chipset Snapdragon Seri 8 tapi semenjak update 3.0 optimalisasi buruk + suka Forclose,Wuthering Waves
Adi Nisa,1,2026-02-18 22:30:36,"awalnya lancar di Xiaomi pad 7 setting rata kanan pun masih mulus, semenjak update map baru langsung frame drop parah sampai nge-freeze meskipun di setting rata kiri... hmmm... sepertinya sampai disini dulu, map terbaru entah terlalu besar apa belum stabil i don't know... makin ga ""mid range"" friendly...",Wuthering Waves
Kuru Karu,5,2026-02-18 21:38:45,tolong untuk developer untuk data game wuwa agar di kecilkan karena hp yang mem 64 tidak dapat mengunduh data tolong di adjust data nya agar hp uang memorinya sedikit dapat memainkan nya👍🏿,Wuthering Waves
"Muhamad Aji Wisnu Nugroho, 24",1,2026-02-18 20:16:19,buggy,Wuthering Waves
박에스더,4,2026-02-18 19:05:59,sebenernya sudah bgus ini game cuman ada di beberapa map kadang ping tiba tiba merah frame drop di hp padahal hp gw spek 8gen5,Wuthering Waves
Cahyo purnomo,1,2026-02-18 18:39:05,"untuk handphone sekelas spek high end snapdragon 8s gen 4 punyaku tidak bisa optimal memainkan game ini di 60 fps, apalagi setelah update 3.0 semua bertambah buruk. ku harap developer bisa mengoptimalkan gamenya khususnya untuk smartphone karena banyak yang mengeluh tentang optimasi yang jelek. apalagi di bandingkan dengan genshin impact, optimasi genshin impcat terbilang lebih baik dibanding wutherir waves",Wuthering Waves
Yeon mlbb,5,2026-02-18 17:36:38,keren,Wuthering Waves
Miura,4,2026-02-18 17:30:04,"Tolong dong kalo mau predownload itu kok file nya ke double sih,jadi harus hapus terus dowload ulang biar cukup. Tolong ya jangan double file update nya",Wuthering Waves
Nayla Apriliana,3,2026-02-18 17:02:00,"tolong untuk handphone berikan rekomendasi setting yang sesuai, saat main cukup terganggu dengan lag dan bug yang ada. juga game sudah berjalan 2 tahun, tambahkan fitur bahasa yang lain seperti Indonesia.",Wuthering Waves
Nifira Gmg,5,2026-02-18 16:48:59,"saya harap ada film/ anime adaptasi dari game ini, karena saya sangat suka jalan ceritanya dan scene fightnya.",Wuthering Waves
Bara Baro,3,2026-02-18 15:08:09,"game gj, masa udah tim prem + rotasi bener malah ga nge crit",Wuthering Waves
Megumi Kato,5,2026-02-18 14:04:05,the greatest game of all time 🔥,Wuthering Waves
Syaen.,4,2026-02-18 13:31:11,semoga bisa hapus data yang tidak terpakai/quest yang sudah dijalankan,Wuthering Waves
Shyntia Primasari,4,2026-02-18 08:40:02,Bagus!,Wuthering Waves
Taufan Hermawan,5,2026-02-18 06:40:31,ok,Wuthering Waves
Muhammad ikhya Ghozali,5,2026-02-18 03:08:37,"Bagus bgt si cmn masih ga stabil. Drop fps, Reconnecting, segera update dan perbaiki bugnya 😮‍💨",Wuthering Waves
the pendol ndol,5,2026-02-18 01:44:51,"I was forced to delete this game, even though the game is good but it takes up too much storage, 70GB?, what the hell bro, is this really a game for mobile phones?, wouldn't it be better if there was a feature to delete completed mission data, maybe that would lighten the storage load",Wuthering Waves
Rial Lamsyah,5,2026-02-18 00:31:17,game bagus,Wuthering Waves
BN,4,2026-02-18 00:14:25,I love this game Kuro... but please for the sake of my phone and other people too. Optimize your game! I can't playing with 30fps even I set it on 60fps just because there's too much that my phone has to render.,Wuthering Waves
Mujip Budakwah,5,2026-02-17 23:34:45,"This game is incredibly fun and enjoyable! Great graphics, smooth gameplay, and never boring. Highly recommended!",Wuthering Waves
Ad'hafin Angger,5,2026-02-17 23:05:12,"bagus gamenya, aku suka",Wuthering Waves
Ppp Pppphh,2,2026-02-17 21:25:07,map lahai roi berat bet gw naga 8 gen 2 Ampe crash,Wuthering Waves
ARIF TAUFIQUR R,5,2026-02-17 21:01:29,"woilah optimalisasi nya lah wok,apalagi pas di map Lahai roi gerak dikit stuttering gaje.Di map lain biasa aja,intinya optimalisasi harus di utamakan..Jgn tiap update tu rumput di generate jadi 4k bisa goyang jir, emg dikira gw ga pernah megang rumput jir di rl",Wuthering Waves
Gusti Rangga Mahesa,3,2026-02-17 20:59:51,"gamenya bagus cuma kekurangannya ga ada bahasa indonesia,tolong tambahin ya,KLO udah di tambah saya download nanti",Wuthering Waves
Webels,1,2026-02-17 20:25:30,"sumpah padahal ni game bagus banget, tapi bugnya sumpah ganggu banget setiap mau login di suruh download 2gb terus (padahal gw udah full download semua datanya) udah 3 kali hari ini setiap habis istirahat dan saat mau lanjut grind malah di suruh download 2gb terus.. mungkin sekali okelah ya lah ini dah 3 kali bre gw juga ga tau apaan itu yang di download. udah mana setiap 2 gb itu masuk ke memori terus sialan",Wuthering Waves
Ilham Prasetyo,5,2026-02-17 20:18:41,"Bagusss, tapi dilaptop",Wuthering Waves
Eren Ramadhani,1,2026-02-17 19:54:05,"gila update terbaru 3.1 sampai 60 an gb size nya. mikir koro, player mobile lebih banyak. auto hapus game, kembali ke game sebelah. GENS,,,,,,, N",Wuthering Waves
M.Hafizh Khairi Iqbal,5,2026-02-17 19:40:04,hoki parah coy,Wuthering Waves
Vegi Perdiansyah,3,2026-02-17 19:21:59,Tambahin bahasa Indonesia please min,Wuthering Waves
Lucid Drill,5,2026-02-17 19:00:20,geloooo storynya ngalir banget cuy,Wuthering Waves
Hiro,5,2026-02-17 18:46:43,"bagus si, tapi hp hampir engga kuat",Wuthering Waves
constantine7,1,2026-02-17 18:44:38,"kuro game message for my account I regret to say that the gacha on my account is very trash, I have been playing wuthering waves since the beginning of its release but every gacha when I get a 5 star character I always get a high pity this is very annoying you need to remember I often top up in your game but kuro game's treatment of my account is very annoying I rarely win rate off I will give 1 star in the play store as a form of my protest until the gacha system on my account is fixed",Wuthering Waves
arsan 9220,1,2026-02-17 18:26:14,"Hi Wuthering Waves Service Center, I'm so sorry, I have to give up this time. I just calculated the remaining memory on my phone. The game requires about 50GB of space, while my phone currently only has around 20GB to 30GB of free space.​This is too big a gap, a gap of over 20GB. Even if I delete a lot of photos, videos, and social media apps, it probably won't cover that much of a gap. Not to mention, games usually require extra space for installation and future updates. So, technically, it's a",Wuthering Waves
Aaren Reinhard,5,2026-02-17 17:41:10,"Dear Kuro, I have a problem with my Google account, which is indirectly linked to my Wuthering Waves account. I really, really need your help. to move my email address, please give your response by giving your message via my email, I will prove from my last top up transfer code and others, I beg you to listen to my request.",Wuthering Waves
Dr. Axiom,2,2026-02-17 13:48:05,kekurangan nya hanya ada di Optimalisasi nya sama story nya yang terlalu love bait,Wuthering Waves
papale papale,1,2026-02-17 11:44:22,"Ga ada sub indo, tampilan sedikit blur, dan yg paling penting patah"", padahal main genshin lancar settingan tinggi 60fps, ini game medium aja patah"", dan itu sangat mengganggu kenyamanan",Wuthering Waves
Fikri Muhammad Hidayatullah,5,2026-02-17 10:25:02,lopyu kuro developer dermawan😘,Wuthering Waves
Qory Fayza,4,2026-02-17 09:19:54,gbnya gede bgt,Wuthering Waves
Dafik 1000,1,2026-02-17 08:49:44,"One major flaw of this game is its poor optimization. Instead of improving and becoming smoother with updates, it keeps getting heavier. I use a Poco F6, and after the update my device runs hotter and performance feels worse. The app size and rendering load have both increased. Many of my friends have quit because the growing size and bad optimization make their devices unable to handle the game. Please improve the optimization in future updates.",Wuthering Waves
Dafa Wisnu Saputra,3,2026-02-17 07:44:58,"kapan ada fitur hapus data lama, Size udh gak ngotak masa ga ada fitur hapus data jujur Udah Enjoy Ama Game Nya Cuman Masalah di size nya Aja Yang terlalu Over",Wuthering Waves
Akif Fatih,5,2026-02-17 07:26:58,"bagus dari segi grafik nya, cuman masih ada bug nya mohon di perbaiki ya",Wuthering Waves
Risman andi,5,2026-02-17 06:10:47,baik semoga lancar,Wuthering Waves
Strato Mafiz,5,2026-02-17 03:36:37,game yang bagus,Wuthering Waves
Abdullah Ahmad hasan,4,2026-02-17 00:57:44,bagus sekali,Wuthering Waves
G. Wannatabe,2,2026-02-16 21:44:06,"size terlalu besar,tampaknya kurang dioptimalisasi",Wuthering Waves
Farrel Adi Firansyah,5,2026-02-16 20:47:25,"Thank you kuro, I won the rate off even though it was a hard pity, thank you Hehe kuro I want a signature low pity😭 kurooo aaaaa high pity againn",Wuthering Waves
Valen Bkl,5,2026-02-16 19:58:14,"bagus bgt ga game nya, tapi sayang grafiknya gak bisa bagus di HP kentang saya",Wuthering Waves
Hilwa Putri sinaga,5,2026-02-16 19:33:05,"Bagus banget, semangat untuk update game ini. Pokokny kalau game ini di update bikin yg hebat, seru, gk bikin bosen, dan animasiny bikin paling woooow😁😆🤩. Semangat min dan yg lainnya yg buat game ini mainin bagus😄👍",Wuthering Waves
Bang Fer,3,2026-02-16 19:17:21,Kapan Ada subtitle Indonesia nya?,Wuthering Waves
myouizaki misana,5,2026-02-16 18:58:34,"Cool game, but i want optimization for mobile users. The storage is to big everytime we have a new update. Im scared that one day i can't play it anymore because i don't have storage left in my phone :( also, i hope Kuro can add Indonesian sub soon",Wuthering Waves
OscAr,5,2026-02-16 17:43:02,terlalu baik,Wuthering Waves
Haikal Apriandana,3,2026-02-16 17:03:39,"Dear Kuro. Why do controllers always have bugs after updates? This is very annoying, so please pay more attention to controller bug issues. Thank you.",Wuthering Waves
MUHAMMAD IKHSAN,2,2026-02-16 16:26:43,storage lumayan bengkak dengan optimalisasi yang aga kurang? beberapa kali saya coba dengan berbagai setingan grafik masih tetap terjadi frame drop/stattering walau sudah menggunakan frame gen dan vulkan rendering saya harap Kuro bisa berbenah dalam hal ini karna perfoma merupakan suata hal penting dalam video game terutama untuk menyenangkan para player,Wuthering Waves
Sul Voldigoad,5,2026-02-16 16:17:18,game gacha terbaik,Wuthering Waves
Kagayuro Kazamu,5,2026-02-16 15:35:40,"game bagus tapi kalau bisa ruang penyimpanannya jangan bengkak, dan ramah spek, karena menurut saya infinix harusnya bisa ngangkat, namun ini agak ngelag2",Wuthering Waves
Fathir Nur putra,1,2026-02-16 15:00:36,Data terlalu besar setiap kali update,Wuthering Waves
Biel _,5,2026-02-16 14:13:17,amazing Game,Wuthering Waves
Tommy Dimyati,3,2026-02-16 13:32:51,"gamenya bagus, sayang manejemen nya agak gila, eror bug dimana-mana, Size nya membengkak karna manejemen filenya payah, Optimalisasi nya makin buruk, kalo dibiarin mah orang maen game bukannya healing malah jadi males kalo eror Mulu.",Wuthering Waves
Afif Murtaza,5,2026-02-16 13:29:51,"game terbaik selama ini, developer selalu memerhatikan dan melibatkan playernya. salut sama developernya. keren keren",Wuthering Waves
Arga J.a,5,2026-02-16 13:10:39,kerennn,Wuthering Waves
Ayatuha Alfath,2,2026-02-16 13:10:29,gamenya bagus tapi terlalu berat dari segi data dan game play. jadi saya berharap agar update selanjutnya menjadi lebih ringan,Wuthering Waves
Fairhaven.,5,2026-02-16 11:54:11,"Honestly, I really like this game, both the battles, the animations, and the characters. And I have already downloaded everything totaling 50GB, then when there's an update, it requires downloading another 20GB? Come on, how much storage is this game going to take, Kuro. I'm sure players out there feel the same frustration.",Wuthering Waves
Dimas Renata (Raphael Renata),5,2026-02-16 10:35:04,"permisih ,aku mau bilang soal sinyal pingnya yang selalu jelek di sekitar kuning atau merah padahal di versi sebelumnya bisa aman di hijau ,di game lain juga aman saja pingnya ,mungkin itu saja",Wuthering Waves
Lucio berek,2,2026-02-16 10:02:30,Terlalu berat,Wuthering Waves
Rifqi S,3,2026-02-16 08:56:42,Please continue improving and optimizing this game for Android so players can enjoy a more stable and comfortable experience,Wuthering Waves
Amel LiA,5,2026-02-16 08:31:24,game sudah bagus tpi buat hp memori 125g sangat berat ..tolong memikirkan size iya buat davis low.. tidak semua orng mampu beli davis bagus.. 🙏sekarng tatangan game ini cuma di davis pemain udah getu saja..,Wuthering Waves
Mmmy Agus,5,2026-02-16 08:07:52,pokonya sangkat bagusnya..,Wuthering Waves
shandy rivera,5,2026-02-16 06:15:18,absolute cinema,Wuthering Waves
Artha Lg,5,2026-02-16 03:08:45,asik,Wuthering Waves
Mahfud ari m,5,2026-02-16 01:39:37,"semenjak update 1.1 game nya menjadi lebih berat, banyak masalah bermunculan 1/1..",Wuthering Waves
Aryadi Arjuna Senjaya,5,2026-02-16 00:42:30,ya boleh lah Hp xiomi 14T pro ram 24 storge 512GB dan download an nya 50 GB lebih ni game aanjjiieerrr,Wuthering Waves
Dimas Eko,5,2026-02-15 22:36:10,best,Wuthering Waves
Angelina Gracia,4,2026-02-15 20:35:37,"saya menemukan sedikit bug,saat saya sudah menyelesaikan misi kok malah tidak selesai saya sedikit tidak suka dengan ini.",Wuthering Waves
Talita Sakilah rekha,4,2026-02-15 19:42:17,bagus.. aku suka grafik nya.. dan unik. meskipun agak ngelag,Wuthering Waves
Ahmad Reysa Fr,4,2026-02-15 19:26:55,"Saran, untuk map lahai-roi bagian kota masih perlu optimalisasi karena kadang fps anjlok di kota bagian tertentu",Wuthering Waves
Adhi Saputro,5,2026-02-15 19:01:53,"game nya keren, grafis oke, cuman tolong tambahin bahasa Indonesia di update selanjutnya biar kami para pemain dari indonesia paham dengan alur ceritanya, karena tidak semua pemain dari indonesia bisa bahasa inggris dan bahasa lain",Wuthering Waves
zhulkhah 74,5,2026-02-15 18:47:46,bagus bet,Wuthering Waves
Kangmas Irvan,5,2026-02-15 17:44:27,"untuk dev.. saya undur diri dulu,,saya uninstall apk dan pensiun sebagai player wuwa karna device saya sudah tidak mampu dengan storage nya...kesan saya sangat baik tentang game ini dan saya sangat suka..tapi sepertinya sampai sini dulu perjalanan kita...sukses terus game terfavorit dan tersayang 🥹🥹🥹",Wuthering Waves
Zora Ai,5,2026-02-15 17:29:15,aku suka anime,Wuthering Waves
H4R1S. RNT. 0,5,2026-02-15 16:43:43,Peak,Wuthering Waves
bebek bekicot,3,2026-02-15 16:10:49,"data geme nya itu loh,banyak bangetttt",Wuthering Waves
Ilham wilya putra,5,2026-02-15 15:41:41,lancar,Wuthering Waves
Frx T,1,2026-02-15 15:16:12,"gamenya saya hapus, karna ketika update storage yg dibutuhkan tidak dikurangi size game saat ini. sehingga saya perlu menghapus terlalu banyak file. misal storage dibutuhkan saat update adalah 60GB, dan size game adalah 34GB, size game saat ini tidak dimasukkan ke 60GB tersebut, jadi saya tetap harus mengosongkan 60GB, bukan 26GB. ini saya anggap kesombongan developer.",Wuthering Waves
Zidane,5,2026-02-15 14:43:01,"Halo Kuro Games, saya ingin bertanya mengenai pembaruan terbaru. Mengapa saya harus menyediakan ruang penyimpanan sekitar ±63 GB (total setelah update), padahal ukuran unduhannya hanya ±21 GB? Saat ini saya sudah menyiapkan ruang sebesar 25 GB, namun tetap tidak bisa melakukan update. Mohon bantuannya atau perbaikannya agar saya tidak tertinggal event-event menarik kalian.",Wuthering Waves
Ardy Ware,5,2026-02-15 14:04:00,mantep,Wuthering Waves
Ahsan N Rohman,5,2026-02-15 12:56:36,udah download 47 GB update 19 GB free space perlu 60 GB pensi aja gua lah,Wuthering Waves
Celemotan Api,5,2026-02-15 12:56:22,mantap,Wuthering Waves
Hibiki Nayu,1,2026-02-15 12:49:34,"there is no optimization for The game, the game is too heavy in size, the map is complicated",Wuthering Waves
arphine fes,1,2026-02-15 12:08:57,scam,Wuthering Waves
Seeha,1,2026-02-15 11:03:01,Game Jelek,Wuthering Waves
Faatih Ramazkha,5,2026-02-15 10:24:32,"lore nya makin menarik, world building nya juga keren",Wuthering Waves
Dariel Calisto,5,2026-02-15 10:22:27,keren,Wuthering Waves
Daril Ml,1,2026-02-15 08:08:45,tolong optimalisasi game nya GK semua orang punya device high end pasti kebanyakan orang device nya entry level pengen bermain game ini juga tolong dengarkan pendapat pemain saya hanya butuh game untuk di optimalisasi kan agar device entry level bisa bermain juga,Wuthering Waves
Rico March Everest,3,2026-02-15 05:48:43,"Kok aku gak bisa log in ini, aplikasi nya tdk menanggapi",Wuthering Waves
Akhdan Aufa,5,2026-02-15 03:06:38,"keren grafik nya, optimistisasi nya",Wuthering Waves
Fin Res,1,2026-02-15 02:49:14,makin males main Keluar sendiri mulu mending uninstall aja kaya gini mah padahal sinyal bagus ruangan/ram masih banyak tetep aja Keluar makin kesini makin kecewa,Wuthering Waves
Nur Hasan,3,2026-02-15 02:30:00,udh ku hapus gms ni karnah gk maen lg karnah udh kikir pelit trus dapat yg ampas pulak mang btul dah nampak kikir nya awal doang dapat yg bagus2,Wuthering Waves
Whisnu Senpai,5,2026-02-14 20:44:07,👍,Wuthering Waves
Ali Mustofa,5,2026-02-14 20:12:25,tolong kalau bisa di tambahkan bahasa Indonesia sekian terima kasih,Wuthering Waves
Aditya Reva,1,2026-02-14 20:06:27,"size terlalu besar untuk pengguna Android, tolong di optimalkan lagi",Wuthering Waves
MUHAMMAD REZA ARMANDA,5,2026-02-14 17:24:06,bagus ada cartetya dan zero two wuwa version,Wuthering Waves
Yukina Zi,4,2026-02-14 16:38:13,"tbh hp 256gb gua udah gabisa update wuwa lagi anjir, di kompres lagi napa si datanya",Wuthering Waves
Keii Keii,5,2026-02-14 13:08:37,puas,Wuthering Waves
Zero,5,2026-02-14 12:59:01,Story nya absolute Cinema Tapi tolong Untuk Optimasi nya di Perbaiki,Wuthering Waves
Moch Adam firdaus,4,2026-02-14 08:48:18,gak ada bahasa Indonesia,Wuthering Waves
Muhammad Ramadhan Adriansyah,5,2026-02-14 05:07:13,nc game:],Wuthering Waves
Febrian Matthew,5,2026-02-14 03:57:28,WELL WELL WELL OVERALL UDH BAGUS BANYAKIN LAGI PEAK STORYNYA BANG KURO 😁,Wuthering Waves
Vann Dxd,1,2026-02-14 03:30:06,"fanservice noh lu kurangin, bete gw fanservice mulu yang ditonjolin, giliran optimalisasi kayak pura pura ga liat",Wuthering Waves
BEBEKSAKIT X,5,2026-02-14 02:40:54,"Game bagus, effort tinggi, animasi bagus, visual bagus, build karakter mudah, overall recommended",Wuthering Waves
Erwin Saputra,5,2026-02-14 01:11:00,luar biasa keren grafiknya ngk bosan skilnya dan character nya,Wuthering Waves
Rey,5,2026-02-14 00:56:46,pliss kalo bisa tambahin b. Indonesia gamenya udah bagus tapi kekurangan itu,Wuthering Waves
camink onlyone,1,2026-02-14 00:26:27,"Sorry for giving one star, because I am disappointed every time I switch accounts it always asks for an update, please fix it immediately.",Wuthering Waves
SINCE Miyo,1,2026-02-14 00:21:43,"apa cuman aku aja yg merasa game ny akhir akhir ini event sedikit kasih buat f2p ya ,bukan cuman itu developer lebih nyari untung sekarang buat player TU di awal main top up ke bantu support seperti camelia.shoreekeper,cerita ny juga jadi ngk menarik sih MC (Rover) ,sih MC ini di buat seolah olah polos bgt ,udh gitu sih MC ini suka bgt numbalin temen buat ke baikan dia sendiri tapi dengan dahli kebaikan orang banyak contoh,(phrolova,Camelia,Cartethyia dan sekarang amtyh) besok next up siapa lagi",Wuthering Waves
Zalfa Ghaitsa,5,2026-02-14 00:12:26,superduper good,Wuthering Waves
Shadow,4,2026-02-13 23:00:20,gooner game😂,Wuthering Waves
Yoga Vebryan,5,2026-02-13 22:04:24,Minus Optimalisasi,Wuthering Waves
emilyy wibuu,5,2026-02-13 20:33:50,"woikk sung penuh memo gua,tp bagus ko🤭",Wuthering Waves
dedik ricky,4,2026-02-13 20:08:49,"please, bisa dikurangi ga ukurannya? yakali di mobile 60GB+ bjirr ada lgi masalah optimalisasi nya kyk masih kurang untuk yang di versi mobile. tolong perbaiki lagi. sama satu lagi, jangan kebanyakan romance",Wuthering Waves
ri Fa,3,2026-02-13 19:01:39,"untuk sekarang saya beri 3 bintang dulu karena size nya yang membengkak sejak masuk ke septimon,saya harap size nya bisa di optimalkan lagi karena game ini baru berumur 1.5 tahun tapi size di mobile bisa lebih dari 60 GB dan bagaimana kalau game ini sudah berumur 3 tahun atau lebih, tidak mungkin kan? game mobile size nya bisa lebih dari 100gb lebih,jadi saya harap tim dev nya bisa meng Optimasikan game nya sebelum player mobile menarik diri dari game ini.",Wuthering Waves
Vatir,5,2026-02-13 18:54:42,sangat bagus,Wuthering Waves
MR ALVARESELESTANSULTAN,5,2026-02-13 17:26:05,Wuthering waves coba collaborasi sama hatsune Miku,Wuthering Waves
Muhammad Althaf Alfarizzi,1,2026-02-13 17:14:10,"I hope this game will reach EOS soon, to stubborn to release performance optimization patch",Wuthering Waves
No Name,5,2026-02-13 16:09:50,"Versi 3.1 lumayan kureng optimisasi nya, selebihnya✋🏻🥺🤚🏻",Wuthering Waves
Mei,1,2026-02-13 16:08:56,HP GUE UDH GAKUAT LG PLS OPTIMALISASI KAN DONG BUAT HP..,Wuthering Waves
fahmi,5,2026-02-13 15:09:04,mantul,Wuthering Waves
Ofc Kasksjsl,2,2026-02-13 14:57:59,plz optimize the game on mobile im want to play it but its keep lag,Wuthering Waves
Dekara Bian,1,2026-02-13 13:28:57,optimasi buruk,Wuthering Waves
ーHyuzeメ Shinnー,3,2026-02-13 13:17:24,"overall bagus semua, tapi minusnya cmn waktu update, setiap update patch harus hapus trs download lagi. butuh ruang penyimpanan kosong 50gb lebih, ini ada penyimpanan kosong 40gb+ padahal updatenya paling ga lebih dari 20gb, pada akhirnya harus hapus download lagi kalo pake wifi sih ga masalah, tapi saya pake paket data internet, jadi makin boros",Wuthering Waves
fujitora aki,3,2026-02-13 13:08:06,"fc mulu ni game di dimensityy 8400 dah kenapa ini game belakanhan ini, fix dongg",Wuthering Waves
Danil,1,2026-02-13 12:20:37,kapan ada bahasa Indonesia nya ??,Wuthering Waves
Ahmad Fauzan,5,2026-02-13 10:40:17,keren,Wuthering Waves
Ardi ft. Zeont,5,2026-02-13 08:16:15,request penambahan Bahasa indo bang kuro,Wuthering Waves
Muhammad Dendy,2,2026-02-13 07:10:18,PLEAS BAHASA INDONESIAN READY,Wuthering Waves
Hussein Abdullah,1,2026-02-13 03:15:13,"tolong ukuranya di perkecil jgn hanya fokus pada grafik saja grafik memang bagus itu untuk yg main di pc tapi di mobile ukurannya sangat bengkak sekali mohon pertimbangkan, jangan lupa untuk compiling shader itu gila sangat lama sekali bahkan bisa menghabiskan baterai 10 %",Wuthering Waves
Muhammad Faiq Sayudha Al Fairuz,5,2026-02-13 02:27:25,makasi kuro menang rate off 10 spin,Wuthering Waves
Ad Yan,5,2026-02-13 01:37:01,klo bisa grafiknya kaya pas pake PC aja soalnya hp sekarang dah banyak yang bagus,Wuthering Waves
Justine AO,3,2026-02-13 00:18:15,"sering banget update, tapi performa tetep ga maksimal. main di HP infinix gt 20 pro rata kiri, texture nya medium, fps 40,main stengah jam udah panas. males ah. edit : gameplay nya seru tapi 👍",Wuthering Waves
Lord Ian,5,2026-02-13 00:00:00,Bagus bgtttt,Wuthering Waves
Syauqi,5,2026-02-12 23:06:53,gamenya bagus tapi tolong tambahkan bahasa indonesia😭🙏,Wuthering Waves
Rusbi Ali,3,2026-02-12 22:57:09,"fix your game, need more optimalization thanks",Wuthering Waves
Rafaelz Noice,5,2026-02-12 22:06:50,Absolute CINEMA,Wuthering Waves
Putra Permana,5,2026-02-12 21:58:15,bagus,Wuthering Waves
Mhd Alprialdi,5,2026-02-12 20:47:29,"Luar biasa ini game, mulai dari ekspresi, visual, MC, Cerita, semuanya SEMPURNA. Yg blg size gede ya wajar toh grafik juga menjelaskan.",Wuthering Waves
Luna Urushia,5,2026-02-12 20:36:28,"Gameplay oke sangat serasa main PGR versi open world. Saya harap lebih dioptimalkan biar lebih ringan bahkan di Snapdragon 8 gen 3 aja kadang drop fps, khususnya region baru kayak akademi itu berat banget renderingnya. Semoga bisa lebih baik dan saya yakin kuro bekerja keras untuk game ini, pokoknya makasih kuro 🙏",Wuthering Waves
Zakaria AleXZ,1,2026-02-12 19:13:20,Please add more male characters,Wuthering Waves
Brep,5,2026-02-12 18:10:34,PEAK🔥,Wuthering Waves
Ariq Naufal,4,2026-02-12 15:52:16,"suara in game saya kok hilang ya, padahal full semua volumenya",Wuthering Waves
Jumayati 2025,4,2026-02-12 14:29:39,"rame dan bikin seperti dewa menghajar musuh monster ,tapi pergerakan kurang mulus walaupun setingan extra lowest,mohon agar di perbaikin lagi dan masalah ukuran aplikasi kok jadi 1GB lebih ,padahal kemarin2 mash skitar 800 mb,aja dan gak ada perubahan yg signifikan di pergerakannya walaupun ukuran nambah,mohon di perbaiki kayak genshin impact mulus walaupun ukuran download data nya besar",Wuthering Waves
Albasir Simbala,5,2026-02-12 13:30:21,bagus banget anjir,Wuthering Waves
M Fikri Ramdani,5,2026-02-12 12:02:30,doaindapet aemath kalo ga dapet bintang 1,Wuthering Waves
ATTACK TITAN,1,2026-02-12 11:26:06,game sampah,Wuthering Waves
Dayat Ade,4,2026-02-12 10:32:52,"Game sudah bagus tapi sayang size-nya sangat besar,, update 20mb,, total size-nya di Hp/mobile sampai 55gb..,, sepertinya bakal pensiun main wuwa biarpun game bagus tapi storage HP gak bisa bohong,, jadi berat banget..thanks wuwa aku main dari 1.0 sampai 3.0 saja..karena size-nya sangat berat di mobile/HP.",Wuthering Waves
Zaa05,1,2026-02-12 08:38:48,"the graphics too heavy,. for some device Smartphone is not recommended,. and language still limited for some Nation,. good gameplay but not good system",Wuthering Waves
You Lose,5,2026-02-12 06:12:55,"game whutering waves pact 3.1 sangat berat di mobile,frame drop, lag, size nya bengkak, mohon perbaikannya",Wuthering Waves
Danang Setyo Hutomo,5,2026-02-12 05:22:53,mantap pokona mah,Wuthering Waves
FF EVOS Fx,5,2026-02-12 03:09:33,bagus,Wuthering Waves
Nandita Camelia Nugraha,5,2026-02-12 00:08:05,tolong di perangkat helio g99 di optimalkan lagi dapatkan 30 fps,Wuthering Waves
Nurul Hatifah,2,2026-02-11 20:14:24,story nya ngebosenin si. kalau bisa nambahin b indo juga biar lebih ngerti,Wuthering Waves
Erick Andrew,5,2026-02-11 20:09:50,"Thanks Kuro Game is the Best🙏, keluhan player masalah BUG sudah diperbaiki, di Tambah Update Baru 3.1 jauh lebih stabil dan Bagus Banget perubahannya. ditambah Map Baru dan karakter Baru dengan Visual dan Grafik Yang Luar biasa Bagus (Game Of The Year) Kembangkan Kuro & Wuthering Waves is The Best 👍👏🔥",Wuthering Waves
FahriHD15,5,2026-02-11 19:51:39,"game nya bagus grafik bagus kalau rata kanan, alur cerita agak ya gitu lah tapi tetep bagus lah, semangat terus untuk Dev nya",Wuthering Waves
Ryozo saki,5,2026-02-11 18:45:53,game nya bagus tapi saya minta tolong kasih fitur unlik email kuro game nya🙏,Wuthering Waves
Scifi Six,4,2026-02-11 17:44:58,game nya udah bagus tapi map terbaru luas tapi musuh jarang dan terlaulu banyak tebing yang tinggi/dalam dan menurut saya kurang cocok untuk motor mungkin fitur terbang akan lebih membantu,Wuthering Waves
Alya Shafira,3,2026-02-11 17:12:40,"huhu kangen main gamenya soalnya aku hapus gara² memori full terus pas mau dwonload lagi 1,1Gb tarus unduh datanya harus kosongin memori sebanyak 53Gb🥲 mungkin update 3.1 itu high budget banget sampe aku gk bisa dwonload lagi😌",Wuthering Waves
Hom,5,2026-02-11 16:26:08,"This game is very good, and I always enjoy playing it, but there are some problems, regarding the storage, it takes up some of the storage. I hope there will be a feature to delete old quest data.",Wuthering Waves
BosKambing 1Z,5,2026-02-11 15:42:00,berat banget,Wuthering Waves
Zani Celestine,5,2026-02-11 15:22:07,"Ini game sangat masterpiece, art, aksi, dan story nya sangat bagus, developer nya juga baik, sering ngasih gacha gratis juga, banyak bansos dan sangat mendengarkan player player nya, cuman disayangkannya itu size dari game, kalau bisa untuk di android jangan terlalu berat karena udah lebih dari 61 gb lebih, dan itu sangat berat untuk game hp, jadi tolong optimal lagi dalam size game Dev, terimakasih",Wuthering Waves
Woaohwgwfw F,5,2026-02-11 14:51:47,gamenya bagus tapi tolong ya admin gw mau main game ini soalnya hp gw ga muat,Wuthering Waves
Kutang Kon,5,2026-02-11 13:38:46,ok lah,Wuthering Waves
Jon Hendrianto,5,2026-02-11 13:28:50,"정말 좋네요, 특히 그래픽이요💖💖💖",Wuthering Waves
Naviel,5,2026-02-11 12:35:21,"Kecewa banget buset di versi ini emang bagus banget peningkatan nya. Tapi berat banget, gak optimal sama sekali, settingan medium 40 biasanya pas combat di Whimpering Wastes masih bisa konsisten dapet di 35fps paling rendah. Sekarang gak mungkin dapet segitu, apalagi di area baru itu benar-benar parah banget anjlok FPS nya, bukan 20 30 lagi, 17fps! Terus langsung forced close.",Wuthering Waves
Giselle,1,2026-02-11 12:16:20,"optimasi gamenya jelek, main di pad redmi pro ga ngangkat samsek padahal main di device yang speknya bagus. tolong dong kuro perbaiki masalah optimalisasi di game ini",Wuthering Waves
Droop Droop,5,2026-02-11 12:10:09,Cuma mau ngucapin TERIMAKASIH banyak buat KURO karena telah membuat game GRATIS sebagus ini😊 WW for WuWa🔥,Wuthering Waves
AAN FLK,5,2026-02-11 11:57:54,"tolong optimasi gamenya,selalu ngeleg dan keluar sendiri tiap ada map baru",Wuthering Waves
Alvino Reyhan,5,2026-02-11 11:50:29,absolute cinema ✋😐🤚,Wuthering Waves
Rezza,5,2026-02-11 10:49:48,tolong pihak developer akun saya hilang,Wuthering Waves
Icaprio cahyo Purnomo,5,2026-02-11 07:35:08,bagus,Wuthering Waves
Dhan1_,5,2026-02-11 03:27:58,BIG THANKSSSS FOR KUROO I LOKVE YOU SO MUCH KUROO ❤,Wuthering Waves
M Dymasyqi Fathin Dzaky,3,2026-02-11 01:55:44,"Please kuro, Fix the game yet.",Wuthering Waves
Dori Kudori,1,2026-02-11 01:51:14,"Ayolah Kuro kapan Bahasa Indonesia nya?!! Arknight Endfield saja baru rilis sudah support Bahasa Indonesia, kalau begini terus pasar Wuthering Waves di Indonesia bakal kalah sama Arknight Enfield, Tambahkan Bahasa Indonesia ASAP",Wuthering Waves
Kayla gaming,1,2026-02-10 23:12:31,"Jujur wuwa sekarang tambah berat asli dibanding versi 2.8 dan sebelumnya, memang sih grafik dan lainnya tambah bagus tapi masalah optimalisasi nggak ada perubahan sama sekali",Wuthering Waves
Ade ine Rahel,5,2026-02-10 22:27:30,game nya makin berat,Wuthering Waves
Rizz73,5,2026-02-10 22:01:55,"game open world yang paling bagus selama gua bermain game online karna membuat gua tabjuk dengan grafik, combatnya,map-nya,dan animasinya. gamenya sangat bagus tapi sayangnya hp gua dah gak kuat mau tidak mau harus berhenti main, terimakasih telah membuat game ini karna telah memberikan pengalaman yang menarik.",Wuthering Waves
abdul azzam,5,2026-02-10 21:46:34,"gamenya sangat bagus, mohon tambahkan subtitle indonesia agar lebih menikmati alur ceritanya, terima kasih",Wuthering Waves
Puckcoypukca,5,2026-02-10 20:51:15,lore besar dimulai,Wuthering Waves
Reza Syamsa,3,2026-02-10 20:11:29,"Please add Indonesian subtitles, and don't make the update size too big when there is a patch update, because if you increase the game size too quickly, I think a lot of people will uninstall it. I'm just telling",Wuthering Waves
Free Man Id,5,2026-02-10 20:00:12,"banyakin lagi bansos nya, biar yg main gratisan makin seneng 🥰🥰🥰",Wuthering Waves
Muyosaki,4,2026-02-10 19:53:35,lebih di perbaiki untuk stabilitas gameplay di beberapa aspek seperti permasalahan frame drop yang memang jarang terjadi tetapi itu cukup menghambat,Wuthering Waves
LYON HASNARYO,5,2026-02-10 19:10:04,bagus banget ketimbang game sebelah grafik kartun (GI)🤭,Wuthering Waves
Slow Gamers,4,2026-02-10 17:27:29,ok,Wuthering Waves
Afdlil,3,2026-02-10 16:53:51,"It takes up too much storage space and is like a cellphone that should be strong, but it loses out to large game data.",Wuthering Waves
Yuda,5,2026-02-10 16:39:53,Mantappppo kurooooo teruslah memasak. Jangan pedulikan apapun yg ngehujat biarkan saja.,Wuthering Waves
KD IqbalGz,3,2026-02-10 16:37:39,gamenya bagus tapi aku harap ada Bahasa Indonesianya,Wuthering Waves
abdian nurwahidd,3,2026-02-10 16:35:26,"lag banget setelah update, kenapa ya? tolong diperbaiki lagi",Wuthering Waves
KingVcorK,5,2026-02-10 15:03:57,menunggu konfigurasi 120fps untuk Snapdragon 8 gen3,Wuthering Waves
Muhammad Zainoorrahman,3,2026-02-10 14:38:01,"when I experience playing the game, the frame or lag when I want to farm echo, please fix it so that my cellphone or others can play calmly or the graphics can be reduced. please kuro i wanna play the game so much . reduce the size like delete the character story that has been done by the player and make it work for cellphone or notifikation the device not Compitable with ur game",Wuthering Waves
Rio,1,2026-02-10 13:58:57,game yang butuh optimal untuk grafis nya,Wuthering Waves
Ayah Jihad,5,2026-02-10 13:10:38,gamenya oke,Wuthering Waves
aizen kyou,3,2026-02-10 10:51:51,PLZ WE NEED STONK MALE CHARACTERS FOR META,Wuthering Waves
Yo Yo,5,2026-02-10 09:59:53,please give me luckk,Wuthering Waves
Ark 2007,4,2026-02-10 09:50:20,"game yang sangat bagus. saya puas dengan seisi game ini, hanya saja akan lebih baik jika ditambahkan subtitle indonesia di dalam game ini. smoga versi depan bisa ditambahkan subtitle indonesia. :v",Wuthering Waves
Hamzi znuk473,5,2026-02-10 09:36:27,dapat chisa pity rendah 🤑🤑🤑🤑,Wuthering Waves
Benedictus Kastara,5,2026-02-10 08:39:01,grafik bagus gk kaya genshin kikir,Wuthering Waves
sanji Honkai,2,2026-02-10 07:15:31,kenapa saya selalu layar hitam di maap perkotan Lahai roi padahal di maap laein seperti renascita bisa dpt 40/60fps sedakan lahai ROI di maap Laen bisa dpt 30/40fps saya tidak masalah dpt fps30 juga tetapi pas di perkotaan sering hp saya layar hitam tiba'😭padahal saya sangatlah suka wutering waves ini,Wuthering Waves
WongIRENGNIGG19,4,2026-02-10 06:49:05,"Gamenya udah mulai bagus tapi kenaap setiap saya login disuruh unduh 1,96 gb padahal saya udah download semuanya tetap aja setiap login disuruh update 1,96gb mohon segera di perbaiki",Wuthering Waves
Bty,2,2026-02-10 06:43:19,optimasi kurang 👎🏻 story kurang 👎🏻 kebanyakan char cwe distory yg penting2 yg cwonya dikit 👎🏻 ada bug yg blm diperbaiki bug tutorial motor 👎🏻 kelibatan char lain minim interaksi fokus ke mc setris 👎🏻 oversize ukuran game nya 👎🏻 udh ukuran oversize ndk optimal lagi lengkap tuh 👎🏻,Wuthering Waves
Lowa,5,2026-02-10 06:42:53,game terbaik👍💯,Wuthering Waves
Aemeath:3,5,2026-02-10 03:26:18,"bagus sieh, tapi harus hapus gara gara size game terus Menaik, meskipun gitu sih gw pake komputer jdi gpp, yang penting masih bisa dimainin, f2p friendly, storynya peak, absolute cinema, reward Mayan lah",Wuthering Waves
Ahmad Saputra,4,2026-02-10 00:58:15,"tolong optimalisasi nya, sudah hampir aniversary kedua tapi optimalisasi kacau parah. inovasi seharusnya datang dengan stabilitas, karena itu dibangun sebagai rangka sistem. dan banyak bagian yang tidak kalian stabilkan, menara besi pun bakal runtuh kalo desain nya tidak adaptif. apa aku salah??",Wuthering Waves
AlfAnime Ch,1,2026-02-10 00:15:18,"minus optimalisasi sumpah, berat banget, uda pakek snap 8s gen 4",Wuthering Waves
Faynoxi PRO,5,2026-02-09 23:22:16,banyak istri gw,Wuthering Waves
Dini Widia,3,2026-02-09 22:13:59,"kuro please size game optimalkan, banyak player yang pensiun karena size game yang semakin gila, tolong perkecil size game nya, terimakasih",Wuthering Waves
GERAR NDOLU,3,2026-02-09 22:13:54,kecewa update baru optimisasi nya kurang banget padahal biasanya ngak perlu waktu yang lama buat bisa main game ini secara stabil lagi setelah update,Wuthering Waves
Wandy *,1,2026-02-09 22:03:52,"fix optimize kuro, on academy getting hard to explore cus frame drop",Wuthering Waves
Gua Taubat,5,2026-02-09 21:27:48,nice game😁,Wuthering Waves
Aidan,5,2026-02-09 21:24:57,wow,Wuthering Waves
Silvia Hesti,5,2026-02-09 20:30:29,game nya bagus si cuma tolong loding nya jangan lama Ampe 2 jam pun ngk main main karena masih Loding,Wuthering Waves
Dian Gaming,5,2026-02-09 20:16:00,"Bagus grafik dan gameplaynya puas tapi storagenya itu loh, dah kaya sin of gluttonny aja weh",Wuthering Waves
Rehan Wong,2,2026-02-09 19:49:32,"Tolong buat kan subtittle indonesia nya donk om, kita"" yang kurang pintar bahasa english, pengen sekali bermain game ini🙏😞",Wuthering Waves
Lucky Ardi,1,2026-02-09 19:39:42,tak bisa di mainin cok lag parah,Wuthering Waves
akila putri,5,2026-02-09 19:32:53,Mantap👍,Wuthering Waves
Muhammad aulia Zikra alfahrezi,1,2026-02-09 18:33:47,Sorry.,Wuthering Waves
Arvi,1,2026-02-09 17:41:29,bad optimalization since septimont...,Wuthering Waves
Muh Ridho,5,2026-02-09 16:28:01,The best main story quest so far,Wuthering Waves
izfan,5,2026-02-09 14:20:35,Bruh PGR,Wuthering Waves
Lily Jasmine,5,2026-02-09 14:19:40,grafik nya bagus sempurna,Wuthering Waves
焼きそば（Yakisoba）,1,2026-02-09 13:31:48,"this patch is really bad, so lagging.. and I can't download in background..",Wuthering Waves
Zak _12,5,2026-02-09 13:14:02,good at battle experiences,Wuthering Waves
vickry chonchept,1,2026-02-09 13:12:58,"BENERINN OYY SYSTEM GACHA NYA, UDH SERING GW KALAH RATE OFF DI PITY 70 KE ATAS, RATE ON NYA JUGA D 70 KE ATAS, UDH CAPE GW GAME ANEH",Wuthering Waves
Shin Akumu,5,2026-02-09 11:09:56,Rate 5 ⭐ optimize in Kuro drop parah + size game nya tekan kan kompres biar ga 50gb padahal masih 1 tahun dah besar banget size nya..,Wuthering Waves
Aiman Fad,1,2026-02-09 11:06:00,add language indonesia please,Wuthering Waves
Arlong Petur,2,2026-02-09 10:56:46,"pemain baru jgn harap mau gacha 10x, early game pemain baru cuman dapat coin doang njing",Wuthering Waves
Rasyid Bima,1,2026-02-09 10:29:59,Keren ini game,Wuthering Waves
Fredella Ashar,5,2026-02-09 10:29:33,"Dear Kuro games, It is a very wise decision to start optimizing Wuthering waves better. It's a shame that such a high quality game has to be limited only to a fraction of the community. If wuthering waves truly want to have a larger community, Kuro game has to improve the performance of Wuthering waves. Not just in mobile, but also on PC. I hope our voice is being heard",Wuthering Waves
Ton Ky,5,2026-02-09 09:28:00,suka polll,Wuthering Waves
Rappa Sky,5,2026-02-09 08:54:08,"10/10 dari story kali ini, saya suka daripada patch sebelumnya, teruslah buat story yang ""bermakna"" bukan sekedar romance bait, tapi saran dari saya jika ingin rilis char playable,usahakan saat story dia udh clear/ dia baik baik saja, sebagai player saya main aemeath jadi kepikiran story nya terus, sama kayak kasus phrolova, di hari playable rilis malah langsung di buat mati, usahakan rilis character di story nya sblm konflik atau sesudah konflik,",Wuthering Waves
Chiko Ervando,4,2026-02-09 07:22:38,BRING BACK AEMAETH😭😭,Wuthering Waves
dafhzzlet x,5,2026-02-09 05:48:49,"You're really cool Kuro!!, playing Aemeth's quest made me cry HAHAHH, and there's a little ""KNY"" spice in this 3.1 😋",Wuthering Waves
Cheall A,5,2026-02-09 04:48:39,"game terbaik yang pernah ku mainkan sepanjang genre RPG, karakter nya sangat bagus dari segi desain karakter nya maupun combat nya, untuk optimalisasi terkada ada kendala tapi its Oke lah, dan aku sangat suka sistem Gacha nya karena aku sering sekali mendapat karakter di low pity, jika ada opsi bintang 1/10 akan ku berikan 100/10 karena game nya sangat luar biasa, dan terimakasih untuk kuro games serta mas solon yang baik hati",Wuthering Waves
Abid Nawla,5,2026-02-09 02:10:58,terimakasih kuro,Wuthering Waves
adhi Rahman,5,2026-02-09 01:09:05,please give Langueange Indonesia,Wuthering Waves
Oktavian Nugraha,5,2026-02-09 00:24:57,story game bagus absolute cinema,Wuthering Waves
Mahdum Andora,1,2026-02-08 23:21:25,"saya harap bug atau game dan kok sudah di setting very low dan yg lain nya sudah di off kan masih saja lag, padahal ram 4 keatas udh bisa main game ini, saya harap bisa dioptimisasi lagi buat hp kentang dan hp yg spek nya kurang mempuni untuk kedepan nya, game nya keren, dan dimap 3.0 malah tambah frame/frezee berharap udpate kedepan lebih dioptimalkan lagi, dan size kalo bisa dikecilin aja 30gb-35gb jangan sampai 40gb lebih lah, bisa merusah hp yg menggunakan emmc/ufs.",Wuthering Waves
Fikk,1,2026-02-08 23:03:22,"untuk pengunduhan data nya diperbaiki lagi, hp saya yang penyimpanan pas pasan jadi sering hapus data untuk update Jadi saat update karena wifi pas pasan juga makanya saya cicil, misal penyimpanan saya 55gb, data 49gb, sudah ter download 6gb, tapi pas masuk lagi ada tampilan pilihan data sama seperti awal buka, dan saat dipilih penyimpanan kurang, padahal sebelumnya sudah cukup tapi tidak terbaca Tolong dong diperbaiki, seharusnya langsung jalan dari progres sebelumnya",Wuthering Waves
Rhouwetz Qw,3,2026-02-08 22:35:05,sampai ketemu lain hari wuwa sayang bangt makin kesini makin berat,Wuthering Waves
Flying bird Rawrr,5,2026-02-08 22:21:11,"kalau bisa tambahkan bhs Indonesia nya mungkin saya akan lebih enjoy main sambil baca story nya🙏, memang game baik semoga semakin berkembang dan terus sukses untuk kuro games",Wuthering Waves
11_benedictus jecrist,3,2026-02-08 22:10:22,tolong lah kenapa ini butuh ruang 50 gb,Wuthering Waves
owh hhHh,1,2026-02-08 21:47:21,Kurang optimal,Wuthering Waves
ExL,1,2026-02-08 20:41:31,"Why can't I get into the game, Kuro?",Wuthering Waves
"2,8 jtx ditonton",5,2026-02-08 20:35:07,nice satisfyingggg,Wuthering Waves
Senior Gaming,5,2026-02-08 20:26:37,Tingkatkan optimalisasi,Wuthering Waves
Silverqueen channel,5,2026-02-08 20:23:23,"ngelag parah jaringan merah, padahal main game pubg lancar",Wuthering Waves
Audri 12 tsm2,1,2026-02-08 19:59:18,woi optimisasi lah masa gua main Force close mulu udah make spek snapdragon 8s gen 4 gila ni game berat banget gak kaya Gehnshi enteng dan lancar,Wuthering Waves
Yui Hanami,5,2026-02-08 19:48:16,nice❤️❤️❤️,Wuthering Waves
Kon Wa,4,2026-02-08 19:23:09,bang kuro ni gem target berapa GB sih dh 60gb Lo mana gada bansos kasi bansos lah 10k asterit lah hehe🗿,Wuthering Waves
Ibnu Rahmat,5,2026-02-08 18:54:22,game mobile bagus,Wuthering Waves
La In,2,2026-02-08 18:43:04,"agak kecewa sih, size terus membengkak. Aku tau device ku yang kurang bagus dan dev nya juga baik,tapi setiap patch harus download puluhan giga😮‍💨. Dan lama kelamaan ini bisa berpotensi mengeliminasi player mobile",Wuthering Waves
New Nime,2,2026-02-08 18:39:26,"woi kuro data game tolong di perkecil untuk mobile, banyak yang pensiun dini karena penyimpanan tidak cukup.",Wuthering Waves
Wildan Faris,5,2026-02-08 17:56:02,GOODDDDDDD GACHAAAA THANKYOUUUU U GIVE ME LOW PITYYYYY,Wuthering Waves
Svends Creator,1,2026-02-08 17:16:09,"bring our aemeath back!!! i hate ending 3.1 patch, so trash",Wuthering Waves
Lastri ana,5,2026-02-08 17:10:51,game bagus tapi butuh optimalisasi saat update di mobile juga perlu memikirkan tentang internal game yang besar,Wuthering Waves
siti sabiya,3,2026-02-08 17:07:57,"sizenya turunin napa, memo aku penuh",Wuthering Waves
Arliyos _,4,2026-02-08 16:49:19,"gamenya bagus, hanya tidak ada bahasa Indonesia",Wuthering Waves
M Naudhi Akmal T,5,2026-02-08 15:57:24,bagus gamenya,Wuthering Waves
wisnu kawirian,5,2026-02-08 15:47:18,absolutely peak,Wuthering Waves
Arlega Sihotang,1,2026-02-08 15:06:09,"saya memiliki masalah setiap login, saya tidak bisa masuk ke gamenya. dibilang bahwa ""wunthering waves tidak menanggapi"", tolong lah saya udah download 3 kali buat bisa main lagi. tolong fi perbaiki",Wuthering Waves
Arisal Voe,1,2026-02-08 14:52:26,ini masih berat buat rendering di redmi pad 2. tolong di perbaiki. aku mau main nerusin misi di kota.,Wuthering Waves
Prayoga,1,2026-02-08 10:51:12,udah GK kuat. gede banget.,Wuthering Waves
ml alu,5,2026-02-08 10:29:14,Oky grafik nya pas rata kanan (divice Poco X7 pro),Wuthering Waves
Ferd Xd,5,2026-02-08 10:27:16,"BAGUS!!! writing bagus, storytelling bagus, gameplay bagus, grafik gila!!! ga pelit reward!! mungkin untuk kekurangan belum ada sub indo dan optimalisasi masih kurang di map terbaru, but overall this game is goated.",Wuthering Waves
Hafizh Luthfi,5,2026-02-08 10:24:46,Game keren anti kikir dan seru banget,Wuthering Waves
Mu'arif Akhmad,1,2026-02-08 10:14:56,"BAD OPTIMIZED, FRAME DROP, LAG IN CITY",Wuthering Waves
Abdul Aropi,5,2026-02-08 10:13:06,mantap,Wuthering Waves
Peri Perdiana,1,2026-02-08 09:09:36,"gak di dengerin keluhan player,,,ini game terlalu berat apalgi buat hp mid range,,,bakal eos nih game kalau cuma ngandelin grafik doang",Wuthering Waves
Cihuyy Hc,3,2026-02-08 08:52:47,oversize boss,Wuthering Waves
kasumi kasumi,1,2026-02-08 08:24:21,kok jadi gede data nya sih. gk asik ah,Wuthering Waves
Rasya Ristian,3,2026-02-08 08:03:29,"the is absolut cinema the story in the game was really good and i like it this game is my favorite game at entired time starting from its good character to a very beautiful place that can make an impressed game But please for Kuro Game, if you update the game in the future, please optimize it and reduce the updates size please because I can't play the game because the size.",Wuthering Waves
ABDUL GHONY,5,2026-02-08 07:59:20,"game bagus tolong tambahkan bahasa Indonesia agar banyak yang tertarik untuk mendownload, dan ringankan lagi, serta tambahkan fitur *menghapus resources yang sudah terpakai/story yg sudah dimainkan bisa dihapus resources nya*",Wuthering Waves
Rigel,5,2026-02-08 07:56:51,"Game nya keren, tapi tolong kurangin memori nya dan kurangi konsumsi baterai agar kami bisa bermain dengan puas dan hemat daya🤍",Wuthering Waves
Hunk,3,2026-02-08 07:27:29,"BUSET, niat mau balik ehhh liat total resourcenya sampe 54GB langsung ga jadi balik, pdhl dulu 25GB an. tolong untuk developer untuk memperkecil ukuran gamenya, player yg main di Hp tuh rata"" pakai grafik pas"" an untuk menikmati gamenya, kalo ukuran besar grafik rendah mahluk sebelah mana yang bisa menikmati gamenya, belum lagi masalah baterai & fps drop. itu aja mungkin kritikan dari gw, game nya udah bagus cuma perlu dipertimbangkan terkait ukurannya karena playernya ga hanya dari pc.",Wuthering Waves
Syahrul Andika,5,2026-02-08 06:00:52,"Pertama, ini game keren. ya kurleb sama kaya sebelah tapi lebih memanjakan playernya",Wuthering Waves
M Rival Fauzi,5,2026-02-08 04:50:31,keren,Wuthering Waves
BAMBANG CRB,1,2026-02-08 04:44:44,Anjir Udah Total 45gb download Pas Main Njir Berat banget,Wuthering Waves
Dyansyah,5,2026-02-08 00:46:59,tambahkan bahasa Indonesia,Wuthering Waves
Maru,5,2026-02-07 23:52:34,what a game,Wuthering Waves
Rifqy Davin Bhamakerti,5,2026-02-07 23:18:57,Peak,Wuthering Waves
Skyro,5,2026-02-07 21:42:00,"game bagus, terimakasih kuro sudah menangin saya galbrena rc2+sign dan juga aemeth rc4+sign😹😝",Wuthering Waves
ANFweki 207,1,2026-02-07 21:21:33,kenapa saya baru masuk gak bisa game rusak,Wuthering Waves
Syahril ekapratama,3,2026-02-07 21:19:19,"lag parah,",Wuthering Waves
Naufal Syafiq,1,2026-02-07 21:18:40,tolong ya ini wuthering waves kenapa di hp saya force close ya belum kebuka loading screen udah keluar duluan padahal 2 hari yang lalu ga gini tadi pagi aneh bet tolong lah perbaiki padahal ga make config apapun,Wuthering Waves
paulus hendrick,5,2026-02-07 20:43:27,bagus sih gamesnya dan story sangat nikmat di ikuti,Wuthering Waves
Rahmat Zaky (Dzaky),5,2026-02-07 20:17:43,"aduh, jangan ditanya lah game buatan kuro bagus semua",Wuthering Waves
Born ToLimits,5,2026-02-07 19:53:37,"Game Triple A paling bagus sedunia, developer nya baik banyak bansos tidak pelit, storynya keren, mekanik gameplay nya pun bagus, sistem gachanya juga bagus . semoga game ni panjang umur selalu 😭",Wuthering Waves
Ryank Darmawan,3,2026-02-07 19:28:31,"Bang, optimalisasi buat mobile lah bang",Wuthering Waves
Infinix Hot 50,5,2026-02-07 19:06:36,sayang download data nya lama 🤏🏻🥲🗿🙏🏻👍🏻,Wuthering Waves
Dani E,5,2026-02-07 19:02:03,"story aemeath ini sangat bagus, i love this, terimakasih buat storynya, tolong tambahkan juga bahasa indonesia, biar makin kena dihati storynya",Wuthering Waves
Syarifudin Arrafi,3,2026-02-07 18:59:58,tolong developer ini game nya kok sering keluar sendiri ya tolong di perbaiki ini apa emang gegara jaringan atau gegara device saya tolong ya,Wuthering Waves
ReachelM,5,2026-02-07 18:56:11,story was peak,Wuthering Waves
honkai reroll03,1,2026-02-07 17:52:04,optimalisasi ampas dev tuli,Wuthering Waves
Randika Ahmad,5,2026-02-07 17:50:20,"SAYA UNINSTALL DAN BERHENTI MAIN!!! karena kendala device 🤡 Sebenarnya gamenya seru, story lumayan ada kelebihan dan kekurangan, desain karakter semuanya bagus, pertarungan aksi keren. namun spesifikasi device saya di bawah minuman sangat dibawah, dan setiap pembaruan patch dari awal hingga terkini memakai ruang penyimpanan begitu besar, dan performa game menurun lalu membuat device saya menyerah memainkannya lagi. saya tidak tau kapan saya akan kembali🙁, tapi saya menyukai game ini 😘",Wuthering Waves
LULUSAN - COVID-19,5,2026-02-07 17:41:31,game paling sempurna yg saya mainkan !!!,Wuthering Waves
Harza Pratama,5,2026-02-07 16:26:14,Waifu,Wuthering Waves
Aldian Hidayatulloh,5,2026-02-07 15:39:19,"Menurutku sekelas game gratis, ini udah termasuk bagus banget, dari environment, taktik combat, karakter playable, dan konten in game, overall 9/10. Hanya saja untuk optimasi di perangkat mobile masih kurang stabil, lebih ku sarankan main di laptop / PC spek menengah gaming 10jt an sudah lancar main di grafik rata kanan, mines nya ya ssd minimal 1TB kalo suka main game lain juga. Sesak bjir udah tembus 130GB buat ni game doang, belum buat game AAA sama file penting di PC yg lainnya 🤣",Wuthering Waves
BlackBlaze,5,2026-02-07 14:37:21,"optimalin lagi dong untuk versi desktop dan mobile, size besar banget kok ga optimal gamenya, sama reward tambahin lagi kalo bisa😁.",Wuthering Waves
Caitlyn McLean,2,2026-02-07 14:05:59,fps ga dioptimalkan... heran dah kerjaan kuro ngapain aja si? padahal game lain yang unitynya sama fpsnya lancar,Wuthering Waves
Fila Teri,5,2026-02-07 13:54:07,peak,Wuthering Waves
Givan Tosari,5,2026-02-07 13:07:02,"peak game, L optimization",Wuthering Waves
Rinaldi,4,2026-02-07 13:03:04,"dear kuro. setelah 3.1, terjadi drop frame ratw sangat parah. mungkin bisa diimprove. bahkan dengan chipset yg sudah mid end masih terjadi lag",Wuthering Waves
Dika Dika,5,2026-02-07 13:02:36,keren,Wuthering Waves
Sahlan M,4,2026-02-07 11:30:50,saran min tolong kasih bahasa indonesia nya kalu bisa,Wuthering Waves
Azril Mulyana,5,2026-02-07 10:41:46,"patch 3.1 peak story no wonder special resonator as i expected, still game size to big need optimalization a bit and don't put companion story into main story like 3.0. 3.0 boring and full bug",Wuthering Waves
Sepri Anus,5,2026-02-07 10:37:53,game baik,Wuthering Waves
Hololive ID,1,2026-02-07 09:24:19,"hey kuro bisa tidak masalah penyimpanan game ini diperbaiki, karena masalah penyimpanan ini saya tidak bisa bermain padahal udah ada 45 gb yang tersedia. malah minta 62,97 gb untuk update nya. tolong kuro cepat perbaiki masalah penyimpanan ini.",Wuthering Waves
Syamsuidris Saptiannur,5,2026-02-07 08:45:01,"Give Me The Luck Kuro Games, pls",Wuthering Waves
Raihan Pszx,3,2026-02-07 08:10:46,"tolong optimisasinya di perbaik lagi lahh, di lahai roi ga bisa gerak jir saking patah patah nya",Wuthering Waves
Theresyia,3,2026-02-07 07:36:30,gamenyaa bagus bat demi cuma TERLALU GEDE UTK HP😭😭,Wuthering Waves
K Ehan,3,2026-02-07 07:16:28,"Overall the game is good, there are only a few things, firstly the game storage is very large, secondly please add Indonesian subtitles",Wuthering Waves
Rully Aditia,4,2026-02-07 06:04:19,ini kenapa setelah update 3.1 saya jadi GK bisa login? baru pencet apknya layarnya hitam terus dan ada tulisan harus update dlu di play store padahal saya udh update,Wuthering Waves
ZoRa,5,2026-02-07 05:08:44,bagus,Wuthering Waves
Jogor Thea,1,2026-02-07 02:34:12,woy bikin quest yg ngotak. pas lawan voidworm kenapa dah motor gua lambat pas udah kena meriam worm nya ditambah tombol kembali biar batalin quest nya malah nge bug lagi wuhh,Wuthering Waves
Yyiiddzy,2,2026-02-07 00:07:23,Setelah update yang memakan penyimpanan hingga 100GB++ saya memutuskan untuk uninstall this game😹🙏,Wuthering Waves
Azril Yusril,5,2026-02-07 00:01:55,bagus,Wuthering Waves
Rahmadi,3,2026-02-07 00:00:54,tolong untuk versi yang sekarang ini lebih di optimalkan lagi fps nya,Wuthering Waves
Lofin ate,1,2026-02-06 22:48:43,"bad, optimalisasi buruk banget",Wuthering Waves
Xeno viaa,5,2026-02-06 22:31:39,"Kuro i need Aemeath , plss give me Aemeath😥",Wuthering Waves
enoormans,3,2026-02-06 22:26:12,"its great, amazing characters that r detailed, interesting story. unfortunately it would get super laggy after patch updates, optimization isn't great. I hope u find a way to fix this!",Wuthering Waves
Not Found,1,2026-02-06 22:00:09,"gokil game hp size'nya gak ngotak, fitur ngahapus file di ingame gak guna. dah gitu optimalisasi'nya BUSUK bener .",Wuthering Waves
Gidhar 1518 (daddy young),4,2026-02-06 21:50:54,"overall good,",Wuthering Waves
alya frozen,3,2026-02-06 21:11:11,"sumpah izin pake bahasa, tolong kalo bisa data lama bisa di apus aku terpaksa apus karna 100gb aku main di hp loh? mending game sebelah bisa apus data lama.",Wuthering Waves
Anandiva Dindha,5,2026-02-06 20:56:39,mantap,Wuthering Waves
Calvin Aditya,1,2026-02-06 20:25:50,"optimalisasi nya Buruk, main di hp spec snapdragon 8 Elite tidak stabil. main di PC rtx 5060 juga sama",Wuthering Waves
Dagadu Alfa96,5,2026-02-06 20:03:14,"kaum 128 terpaksa pensi , mohon KURO perhatikan size game nya",Wuthering Waves
Ky,5,2026-02-06 19:54:08,🥰🥰,Wuthering Waves
einimiee,5,2026-02-06 19:50:56,please optimalisasi storage,Wuthering Waves
Afit,5,2026-02-06 19:28:09,"ukuran game sudah 60 GB lebih tapi grafis masih bermasalah seperti Texture Pop-in,Low-Resolution Textures/Missing Textures,Pop-in (Objek/Lingkungan): Objek 3D atau detail lingkungan yang tiba-tiba muncul di depan mata dan optimasi masih jelek tolong lah diperbaiki masa kalah sama game sebelah yang menggunakan Unity tapi grafis lebih bagus dan optimal😮‍💨,gak masalah mau ukuran Game ratusan GB yang penting optimal dan grafis bagus",Wuthering Waves
Adi Ramadani,3,2026-02-06 19:18:06,"Update dengan optimisasi terburuk adalah versi 3.0, Dev terlalu fokus membuat map baru ketimbang optimasi map lama. Apakah sudah mulai mata duitan? Sekarang player mengeluh tinggal kasih bansos aja. Ga kayak sebelum nya. Pikir aja update segede gaban tapi hasilnya ampas. Mau hp lu flagship, mid, kentank bakal sama aja.",Wuthering Waves
Sonny,5,2026-02-06 18:57:51,Kuro dan staff memasak di versi 3.1 dawg 🔥,Wuthering Waves
Fariq Ramadhan,1,2026-02-06 18:37:28,ini game hama apa sih???,Wuthering Waves
Alexander Zheng,1,2026-02-06 17:57:35,lah update jadi ga jalan ini game.... udah level 80 masa ga bisa main lagi....,Wuthering Waves
Lenny Enny,5,2026-02-06 17:45:10,🩷🩷,Wuthering Waves
Bila,5,2026-02-06 17:42:53,"kadang masih suka bug dan crash, mohon diperbaiki",Wuthering Waves
kiyang Haribenzema,5,2026-02-06 17:39:59,"game nya kerenn cuy seru, cuman kurangnya ga ad b indonya jadi kurang ngerti cerita nya",Wuthering Waves
Bayu Tebuana,5,2026-02-06 17:30:03,"game nya bagus banget, pokoknya best. tapi sayang device ku ga kuat update nya gede kali",Wuthering Waves
Faisal Alfathony,5,2026-02-06 17:25:30,story 3.1 peakkkkk,Wuthering Waves
Sheila Rinjani,5,2026-02-06 17:23:28,seruu,Wuthering Waves
Fathan Syukur.,1,2026-02-06 17:15:50,buset tiap updet banyak data,Wuthering Waves
Leivext,5,2026-02-06 17:05:15,Bring back may daughter Aemeath 😭😭😭,Wuthering Waves
Muhammad Fathan,1,2026-02-06 16:16:12,"tolong dong kuroo, udah 3.1 masih aja jelek optimizenya. kerasa bgt beratnya pas lagi bawa motor",Wuthering Waves
Denis Saputra,3,2026-02-06 15:54:21,baru aja insatal selesai langsung suru update,Wuthering Waves
Archie,5,2026-02-06 15:28:10,seru,Wuthering Waves
Adrian Manap,1,2026-02-06 15:03:11,"kasih * 1 dulu karna waduh berat banget gila.. sekedar saran buat kuro, kedepannya kalo belum di optimalin buat pengguna device mid-low pasti banyak yg pensiun.. saya selaku pengguna device mid range berharap semoga kedepannya lebih ringan👌",Wuthering Waves
Ade zamil Fauzi,5,2026-02-06 14:48:27,Why Did You Do That To My Aemeth,Wuthering Waves
Fadly Aulia,5,2026-02-06 14:39:06,"ngeleg, gacha hard pity mulu",Wuthering Waves
Wendy Irawan,1,2026-02-06 14:11:07,"woi!! kuro ngotak dikit lah kasih updatenya, penyimpanan dan kuota gua menjerit gara gara size games lu makin bengkak, banyk update sih banyak update tapi pikirin juga nasib player mu yang hanya punya penyimpanan 125 gb dan tanpa wifi gini,😭",Wuthering Waves
The One street,1,2026-02-06 14:07:01,"gw kasih bintang 1 buat nih game.. dulu mh enak bner walaupun jaringan sering naik tpi ga prnah ada patah2 nya. skrng mh hadeuh kacau. ngelag parah, patah2 bahkan sampe ngebleng 🤦 optimalin kya dlu lgi lah biar enak di mainkan nya. bgni trus mah yg ada pada kluar dri game ini player2 .",Wuthering Waves
Putu Mahesa,2,2026-02-06 14:00:11,"akun saya gak mau login terus tulisan nya retri atau exit tolong wuwa benerin masalah ini, nama akun saya rover server sea.",Wuthering Waves
Yori Erjani,5,2026-02-06 13:42:07,aku sangat menyenangi game ini. thanks kuro,Wuthering Waves
Kaedehara,5,2026-02-06 12:35:00,ABSOLUTE CINEMA GAME 💯🙌,Wuthering Waves
Raisa Shalina Faradiba,5,2026-02-06 11:57:50,"PEAK GAME, banyak bansos, story menyentuh hati, dan grafikny muantap puoll",Wuthering Waves
Farras Abid,2,2026-02-06 11:47:34,gamenya bagus tapi perlu banyak optimalisasi terkait update update mendatang tidak cuma soal grafis tapi juga dari segi size penyimpanan mungkin jika tidak segera di optimalkan untuk kedepannya pemain akan berkurang soalnya ini dari segi penyimpanan udh over Banget,Wuthering Waves
Clara sange,5,2026-02-06 11:20:58,woww nice game,Wuthering Waves
azizrdtya,5,2026-02-06 11:08:13,"setara lah sama sebelah.. cuma kalo sebelah gw suka storynya gameplay nya ok, kalo ini storynya ok gameplay nya gw suka",Wuthering Waves
Deni,3,2026-02-06 10:55:46,"setiap ada update pasti disuruh download ulang data, mana ukuran nya gede lagi, itu emang sistem nya begitu atau cuma di device saya doang yah, soalnya agak ngeselin juga kalo harus mendownload ulang data yang size nya besar.",Wuthering Waves
Febio Ruffi,5,2026-02-06 10:08:55,"For Kuro games... thank you make a good game and story... you really best developer. You are not kikir. You still give me a good character when I play v1.0 and now v3.2 you still give me change to comeback playing wuthering waves again... ""KURO NO KIKIR"" #BESTKUROGAMES",Wuthering Waves
Adi Agung Sedayu,1,2026-02-06 09:39:12,"game sangat bagus bintang 5 kalau menurut saya, cuma minus paling besar di game ini adalah size update yang terlalu besar. Jika seperti ini terus banyak pemain yang pensiun karena kapasitas device yang tidak mumpuni maaf saya kasih rating bintang 1 supaya ter-notice",Wuthering Waves
Caroline Reena,3,2026-02-06 09:30:36,"Versi 3.0 Lag Parah di Tutor Race. jadi blm kelar quest ini aku. trus yang ke 2, kmaren udah 96X Pull belum dapat Lynae + 75X Pull belum dapat Sign. Waktu DM via chat pun jawabanx Kuro sama. padahal di History Summon udah jelas 96X pull Lynae msh blm Pulang juga. Makax Mornye aku Skip. yahhh semoga dapat Aemeath lah ya.",Wuthering Waves
Muhammad Afif Musyaffa,1,2026-02-06 08:45:45,"saya agak kecewa banget setelah update terbaru ini, saya tidak bisa login dan stuck login di 32-59% dan tidak selesai, bahkan saya sempat instal ulang dan download ulang, masih sama tidak bisa login, padahal jaringan dan device saya sangat mendukung buat game seperti WuWa, mohon maaf saya kasih bintang 1 dulu",Wuthering Waves
Son of Java,5,2026-02-06 08:29:18,"aku rubah dulu bintang 5 , setelah cerita aemeth yg bikin gue nangis",Wuthering Waves
ABAY Disini,4,2026-02-06 08:24:39,overall bagus cuma ada satu kesalahan plss lah buatlah download pertama kali itu cuma 1 - 3gb dan sisanya download lagi pas selesai nyelesain data quest yang pertama,Wuthering Waves
Rangga Adi sabara,5,2026-02-06 07:54:40,BRAVO BRAVO kuro 👏👏👏 gameplay dan mekanik yang menyenangkan desain karakter keren dan beauty serta yang paling diriku enjoy adalah story dan animasi dari dalam game 🙌🙌 sangat cinema sangat enjoy sekali diriku ini.,Wuthering Waves
Jerdi,5,2026-02-06 07:03:43,good game,Wuthering Waves
Naro riski,5,2026-02-06 06:58:24,Humble game,Wuthering Waves
hand Lucky,3,2026-02-06 06:49:47,frame rate nya drop terus seperti lag padahal handphone saya tidak rendah2 banget spek-nya,Wuthering Waves
FSBRO,4,2026-02-06 06:44:00,woi reng kamu tuh ya bikin game bagus sih cuma storage gw kan abis ya reng opimalin juga dong di mobile gimana si,Wuthering Waves
Ryuky Kido,2,2026-02-06 06:08:30,"keluhan banyak pemain tolong perbaiki banyak bug dan crash fps naik turun kadang bisa drop, sistem gacha semakin sulit game terlalu besar, tolong contoh game sebelah udan 5tahun tapi ramah buat pemain, masa wuwa game baru nyuru pemain pada pensiun",Wuthering Waves
fernanda bagus pranata,1,2026-02-06 05:48:46,"70 gb storage 😅game PC memamg beda, MLS kli update terbaru terbaru bayk""15- 20 gb😭 pdhl cmn mau gacha doang🤣",Wuthering Waves
Dragon Bagus,1,2026-02-06 04:50:17,"Hello developers, what happened to me? After downloading it, I wanted to enter the game and it suddenly died. What do you mean by that? How can the FPS be smooth and the internet is also smooth? I downloaded it for 10 hours, please fix it 🙏🏻",Wuthering Waves
Khafiz Ramadan,5,2026-02-06 04:23:07,Best game epic,Wuthering Waves
Lie djun Fa,5,2026-02-06 02:30:54,gila wangi banget gacha aemeth 70 x doang menang rate off gacha senjata signaturenya 10x doang langsung dapet hoki atau emang lebih cocok draw digame ini,Wuthering Waves
Ali Mursid,5,2026-02-06 02:19:40,kegeden size nya,Wuthering Waves
Achmad Rozy,4,2026-02-06 02:10:17,please more optimize,Wuthering Waves
nusi santo,4,2026-02-06 01:02:28,cuman mau update 20Gb aja harus ngosongin 70gb dulu baru bisa,Wuthering Waves
WillymVe,5,2026-02-06 00:39:49,absolut cinema,Wuthering Waves
Imam Syah Alfatah,5,2026-02-06 00:15:08,game baik !!,Wuthering Waves
Pratama Emir,3,2026-02-05 23:56:10,"please wuwa, kenapa setiap kali gacha selalu kalah rate off. rasanya sia-sia tiap hari maen buat nyari asterite tapi gachanya ampas. tolonglah dipermudah chance nya",Wuthering Waves
Fitra febrian,5,2026-02-05 23:44:38,nice game,Wuthering Waves
Frestea,2,2026-02-05 23:40:32,update sekarang 3.1 map baru berat sampai ngecrash baru kali ini nge crash nya lebih parah dri pada yg di 3.0. tolong di optimalkan lgi secepatnya 🙏,Wuthering Waves
Miftakhul Huda,5,2026-02-05 23:17:46,woke,Wuthering Waves
Akarui Aozora,1,2026-02-05 23:17:38,optimize your game please,Wuthering Waves
Pria Misterius,5,2026-02-05 23:06:20,"100GB for data ? come on now, this is to much, i might be can't continue to play anymore, this is to big for a phone game, please handle this matter, i truly love your game",Wuthering Waves
Mas Bobooon,1,2026-02-05 22:53:49,Need 67gb free space is so diabocal,Wuthering Waves
TanpaNama ‡,4,2026-02-05 22:41:52,"stelah update, poco f4 saya force close trus min baru juga masuk game",Wuthering Waves
Ilham Maulana,1,2026-02-05 22:30:30,😡,Wuthering Waves
Joan F,1,2026-02-05 22:27:18,"tolong di perbaiki soal penyimpanan di android, yang benar aja download cuma 19 ampe 20 giga tapi disuruh punya penyimpanan kosong sampe 62 giga itu kagak ngotak bjir (update 3.1)",Wuthering Waves
Adnan kasogi,2,2026-02-05 22:22:24,to big,Wuthering Waves
Zack Click,5,2026-02-05 22:17:31,masterpiece,Wuthering Waves
Andrew Nurwinata,2,2026-02-05 22:12:37,Optimize the game. PC version reaches 133 GB which is insane for a game not even 2 years past.,Wuthering Waves
Alfaraby La musa,1,2026-02-05 22:00:43,"terlalu banyak memakan storage untuk sebuah game gacha anime, ini sudah tidak masuk akal untuk sebuah game hp/mobile dan jika size besar tersebut hanya untuk mendapatkan kualitas yang bagus maka pendapat saya tidak, kualitas game ini masih terbilang biasa saja dan bahkan story nya terlalu dipaksakan untuk nuansa romance dan itu bahkan hampir sering terjadi setiap patch terbaru jadi tolong perkecil size gamenya kalau tidak maka para player akan mulai meninggalkan game ini",Wuthering Waves
G E A,5,2026-02-05 21:56:42,"Gg, ga pelit",Wuthering Waves
Zaidan Zulmi,5,2026-02-05 21:18:41,mantap,Wuthering Waves
Ardi Wiranata,4,2026-02-05 21:08:52,sangat suka gameplay nya tapi tidak memiliki bahasa Indonesia jadi mainnya sesekali aja😌...,Wuthering Waves
Kurumi 78,1,2026-02-05 20:53:03,add delete old quest data feature to save space!!,Wuthering Waves
Tam Tama,3,2026-02-05 20:52:21,"game nya bagus,tapi size nya untuk di smartphone terlalu berat fyi aku pakai POCO F4",Wuthering Waves
hayubos 2345,5,2026-02-05 20:45:40,grafik sangat bagus,Wuthering Waves
Hendry 04,1,2026-02-05 20:30:47,"tiap update patch baru selalu ngelag bikin malas main jadi nya, aku sudah download game ini pake data lagi. gacha karakter sama senjata sekarang selalu di pity 70 ke atas, entah mengapa game ini sangat berbeda dengan versi 2.0 - 2.8 itu lah yang ku rasakan sekarang, kecewa berat 😔😔😔",Wuthering Waves
Muhammad Habil,5,2026-02-05 20:23:25,bagus,Wuthering Waves
farrelyan Baskoro,4,2026-02-05 20:14:30,lumayan grapik yg bagus dan enjoy,Wuthering Waves
David Putra,5,2026-02-05 20:07:19,"developer baik, game baik, size update yang tidak baik😆",Wuthering Waves
Carlotta,1,2026-02-05 20:04:24,"berat banget, padahal ini buat mobile loh, size game ini juga sangat besar di mobile nyentuh ±50 gb. Gachanya juga susah, saranku kalau buat akun terus gacha kalian buruk mending reroll aja karena kalau lanjut main kedepannya pasti bakal buruk terus gachanya, aku udah ngalamin soalnya kalah 5× berturut turut dan semuanya hard pity. Kalau saya kalah lagi ini bakalan jadi yang ke 6 kekalahan berturut, dan bintangnya jelas bakal ku rate 1, tapi kalau menang mungkin bisa naik, edit : kalah lagi ke 6",Wuthering Waves
Diva Amalia,5,2026-02-05 19:51:28,Gim bagus tapi pls bkin temenku membadut pas gacha weapon,Wuthering Waves
Muhammad Lutfi,2,2026-02-05 19:43:35,bad optimization on phone,Wuthering Waves
Marcho Sius,1,2026-02-05 19:18:17,"always lose in char banner, why?",Wuthering Waves
Nako_ x,5,2026-02-05 19:15:12,"Nvm, i love you Kuro. Scar playable when.",Wuthering Waves
Felix,5,2026-02-05 19:02:23,kedepanya semoga size untuk player mobile tetep ramah di memori thanks,Wuthering Waves
Wira Yudha Pratama,3,2026-02-05 18:54:31,Perbanyak optimasi game ini terlalu framedrop padahal chipset smartphone Saya sudah masuk list rekomendasi,Wuthering Waves
Xtra Cell,5,2026-02-05 18:52:04,game nya bgus mulai dri combat Gacha dll gk pernah gw kalah rate of,Wuthering Waves
Azka Muna1976,5,2026-02-05 18:44:18,nice game,Wuthering Waves
Toshino Kyoko,1,2026-02-05 18:44:17,"bintang 1 semenjak update Lahairoi cacat optimalisasi sering crash, Udah gak niat yah buat optimalin di hp gw gak peduli size gede asal optimal aja gamenya kayaknya ini game terlalu maksa buat rilis di hp padahal devnya sendiri fokusnya ke PC atau konsol. oh iya issue crash lag gak jelas ini cuman di Lahairoi aja yah map lain gak masalah meskipun rata kanan jadi ini terbukti bahwa emang devnya aja kurang ngoptimalin game ini di hp bye bye gw pensi",Wuthering Waves
Alfan Al u,5,2026-02-05 18:26:00,tolong di optimalisasikan agar lancar dan sediakan bahasa Indonesia,Wuthering Waves
ridwan baihaqi,5,2026-02-05 18:21:47,"gila update yang sekarang, buka bentaran sekitar 6 menit, hp udah panas banget gokil sih, mungkin update selanjutnya udah ga bisa maen sama sekali. ganti akun suruh download ulang pula GG, mudah2 an ada optimalisasinya",Wuthering Waves
Victoria Hart,1,2026-02-05 18:17:16,Kurooo tolong optimasi nyaaaa heiii,Wuthering Waves
lare jelek,5,2026-02-05 18:13:33,meledak hp saya,Wuthering Waves
Yusuf Gifari,5,2026-02-05 17:34:22,ukuran di kecilin,Wuthering Waves
Siti Aisyah Febriyanti,3,2026-02-05 17:30:15,saya tidak bisa download sisanya. sudah masuk seperti biasa. disuruh download tapi bawah lag di sana.,Wuthering Waves
Luh asik bang (Sok asik),5,2026-02-05 17:29:49,"plisss kuroo, tambahin bahasa Indonesia plissssssss 😭😭",Wuthering Waves
Yuriko ivander,5,2026-02-05 17:23:42,Saran gamenya bisa lebih dioptimalkan,Wuthering Waves
ADENOVIANT,3,2026-02-05 17:20:57,gw gapaham ini game kok bisa updatenya 49gb. gw emang jarang main tapi selalu gw update. ini baru dapet 1gb njir. apalah,Wuthering Waves
Mizzu Offania,5,2026-02-05 17:18:01,game nya bagus bgt apalagi karakter nya pada bagus-bagus,Wuthering Waves
Juyonnie,3,2026-02-05 17:08:28,"Please make the PC player the ""delete past story"" option too like mobile version 😭. My laptop couldn't handle much more of GBs of the game resources anymore. Overall this game is great, i love the characters design, story, BGM, but my main problem is the storage. Every new update just make the size more and more big. Please Kuro, fix this issue",Wuthering Waves
Bintang Ramadhan,5,2026-02-05 17:08:28,ntaps,Wuthering Waves
Really,3,2026-02-05 17:07:41,nih gimana gue di suruh download lagi perasaan varu kemarin sekarang disuruh download lagi,Wuthering Waves
Roza Kawaii,5,2026-02-05 17:00:41,Nice Game,Wuthering Waves
Muhammad Fadel Diandra,4,2026-02-05 16:42:54,optimisasi agar lebih ramah,Wuthering Waves
Billy ArmanSOH,5,2026-02-05 16:36:10,mantap jiwa,Wuthering Waves
Brani Ldr0126,5,2026-02-05 16:31:32,"I like this game, keep developing it Kuro",Wuthering Waves
Muamar Juardhi,2,2026-02-05 16:30:12,game bagus tapi tolong turunkan size game nya saya sudah tidak bisa memainkan game ini lagi semenjak update terbaru,Wuthering Waves
Swingly putra Tiwow,5,2026-02-05 16:24:54,bagus,Wuthering Waves
Diota N.E,5,2026-02-05 16:23:14,game sangat cocok untuk player yg hanya punya 1jam waktu bermain karena apa-apa dipermudah,Wuthering Waves
arsya hua,5,2026-02-05 16:08:10,hokiii,Wuthering Waves
Nama depan 01,5,2026-02-05 16:06:14,👍,Wuthering Waves
Wafflet,5,2026-02-05 16:05:16,tolong untuk dioptimalkan di smartphone device karena sangat berat unreal engine. noted ty dev,Wuthering Waves
Erlangga,4,2026-02-05 16:03:53,"untuk saya gamer yang sudah merasakan puluhan tahun melawan boss di game, boss di Wuwa kurang respon timbal balik dari serangan kita. seolah olah boss merintih kalau Shieldnya sudah habis begitu aja. menurutku sistem begini aneh sensasinya kurang hidup sedangkan kalau karakter kita terkena serangan sampai ga bisa di gerakin seolah dituntut sempurna. terus kelemahan ni game adalah kalau update buju buneng besar datanya, seperti install ulang. selebihnya udah oke oke aja sih",Wuthering Waves
Tommy Saputra,5,2026-02-05 16:02:32,good,Wuthering Waves
Wiwin Winarti,1,2026-02-05 15:56:45,sangat tidak kompatibel dengan player mobile,Wuthering Waves
Lyra Rosella,5,2026-02-05 15:52:46,loveeeee itttttt ><,Wuthering Waves
dragon white,1,2026-02-05 15:48:47,tiap update ada aja bug nya. di HP maupun PC sama saja. dan gede bangett,Wuthering Waves
Ari Prastyanto,5,2026-02-05 15:42:14,"Game seru. Tapi sementara uninstall dulu, size terlalu besar di Mobile 😭",Wuthering Waves
Rama Purnama,5,2026-02-05 15:37:57,ok,Wuthering Waves
Naren Abyakta76,5,2026-02-05 15:34:58,"I really enjoyed this game, but can I ask for one thing? Please add Indonesian to make it easier for players to understand the story. Thats all overall this is a very good game Update: My memory doesn't enough for update the game to 3.1",Wuthering Waves
Wesly R,3,2026-02-05 15:32:23,"Game nya bagus, sayangnya tidak ada bahasa indonesia, jadi berenti dulu, kalau ada baru main lagi✌",Wuthering Waves
ReGGa Kusdana,1,2026-02-05 15:30:05,"tolong optimalisasi penyimpanan, update seperti download ulang game butuh 65GB kosong. tolong penting kan optimalisasi",Wuthering Waves
Samuel Dennis Setiawan,3,2026-02-05 15:28:32,update size make me mad,Wuthering Waves
Razaaq A,2,2026-02-05 15:23:48,"Hitam, desain karakter nya tolong lebih tertutup lagi",Wuthering Waves
Rendi Official,5,2026-02-05 15:23:17,makin update makin membengkak aukururan size,Wuthering Waves
Muhammad Nur Huda,5,2026-02-05 15:18:00,good game,Wuthering Waves
BANG_ BUZZZ,3,2026-02-05 15:16:59,"kuro tolong penyimpanan datanya kurangin,masa sampe 116 gb,plis",Wuthering Waves
Enggar Dwi aditya,1,2026-02-05 15:15:34,game nya ga kikir tapi update mulu dan sangat besar ukuran nya grafik sesuai tapi update ga sebanding dengan impact nya,Wuthering Waves
SP D,2,2026-02-05 15:11:15,Why is the size so ridiculously bloated? Don’t you have any solution to prevent this? Just remove the old unused content!!!,Wuthering Waves
Arya Saputra,5,2026-02-05 14:46:56,more rewards pls:3,Wuthering Waves
Akhyar Rasid,5,2026-02-05 14:46:42,game nya berat banget jir tapi Masi bagus wog,Wuthering Waves
Never Surrender❶,5,2026-02-05 14:42:15,good,Wuthering Waves
Langit Zzz,5,2026-02-05 14:18:29,peak,Wuthering Waves
Van Kyoto,5,2026-02-05 14:17:42,gokil,Wuthering Waves
Fachrul Rizki,5,2026-02-05 14:15:53,mantap,Wuthering Waves
AxBlack,5,2026-02-05 14:04:44,"dear developer kuro, tolong kasih opsi top up dana atau gopay khususnya buat bundles & vehicle looks di website kurogames pajak GooglePlay benar2 gila",Wuthering Waves
Matsri,5,2026-02-05 13:28:47,aku suka main wuwa,Wuthering Waves
Isal,1,2026-02-05 13:06:14,"game gila, kalo update yang waras ajalah, masa update 20 gba ja kudu ngosongin storage 60 gb an, minimal ya dicompress gitu kek, dikira semua hp kuat kali ya storage segitu?",Wuthering Waves
Rumah Sakit,5,2026-02-05 13:05:09,"Kuro, please provide Indonesian",Wuthering Waves
juhendi rizki,5,2026-02-05 13:04:51,best gaming but must best device,Wuthering Waves
Opal Panai,5,2026-02-05 13:01:14,Mantap,Wuthering Waves
Kotori Itsuka,5,2026-02-05 12:53:31,game nya bagus apalagi buat player geratisan 😋 ada fitur skip pula buat misi,Wuthering Waves
Maulana Malik,5,2026-02-05 12:45:03,"mantap, walau hp ngosngosan tiap update",Wuthering Waves
Ryuura Yamashii,5,2026-02-05 12:33:31,game fav. semoga bisa rasain pas dapat bahasa indonesia.,Wuthering Waves
Yusuf,5,2026-02-05 12:24:02,"game nya bagus bgtt, udah main dari versi 1.x sampe sekarang, cuma sedikit ada kendala pada penyimpanan terutama pengguna handphone yang memiliki storage terbatas, update semakin lama semakin besar jika bisa diringankan datanya mungkin para player akan betah bermain lagi, yang lainnya semua bagus mulai dari segi grafik, cerita, fighting, eksplorasi, karakter dan pemandangan dunia semua bagus, saya harap game ini sedikit diringankan bagi penggunaan handphone sekian Terimakasih.",Wuthering Waves
Blood Strike,5,2026-02-05 12:14:57,bintang 5,Wuthering Waves
Mochammad Galih Bintang,1,2026-02-05 12:11:52,woi optimalisasi space apk,Wuthering Waves
Armitha Octarina Sidabutar,5,2026-02-05 12:11:46,"im back on playing this game after about 2 years since it's out. much improvement since then, a must mobile game ever.",Wuthering Waves
Hollow_Xanz,5,2026-02-05 12:07:47,ok,Wuthering Waves
Rifki Ilham,2,2026-02-05 12:06:55,"entah semenjak masuk versi 3 mulai sering frame drop dan pas ngelakuin misi tutorial yang motor stuck ga jalan. sedangkan pas ngelakuin misi motor yang di sekitar aman aman aja. dan tolong kalau setiap update patch diperkecil lah untuk update, soalnya makan memori banget",Wuthering Waves
LiMit,1,2026-02-05 12:04:34,Dev paling malas,Wuthering Waves
M zainatul Firdaus,5,2026-02-05 11:55:37,please subtitle indonesia,Wuthering Waves
Amru Prasetyo,4,2026-02-05 11:49:41,untuk developer maaf coba untuk sistem di benerin lagi soalnya lag parah.,Wuthering Waves
Dava Reza,2,2026-02-05 11:47:23,"tolonglah untuk optimalisasi performa di mobilenya, size doang di gedein tapi optimalisasi nya buruk banget",Wuthering Waves
Nelsen Nicolas,5,2026-02-05 11:43:27,"tolong penyimpanan wuthering waves diringankan lagi, karena saya terpaksa uninstall wuthering waves akibat penyimpanan terlalu berat hingga 53gb, walaupun udah hapus data quest lama tapi tetap terasa penyimpanan saya penuh, ketika masalah penyimpanan diringankan maka saya akan mendownloadnya kembali👌, mungkin sulit berharap penyimpanan file dari wuwa akan diringankan tapi ya saya berharap semoga saja bisa",Wuthering Waves
ban kai,5,2026-02-05 11:38:40,bagus,Wuthering Waves
Ardianrizki,1,2026-02-05 11:37:45,"size bengkak cuma buat update rumput, optimalisasi kagak",Wuthering Waves
Ahmad Nurahman,5,2026-02-05 11:29:22,game terbaik,Wuthering Waves
El Dear,5,2026-02-05 11:09:07,absolute cinema,Wuthering Waves
Oji Goper,5,2026-02-05 11:04:39,"game nya bagus tapi berat banget buat hp mid range kebawah, optimalisasi ny aga kurang untuk SoC mid kebawah, kalo SoC mumpuni harusnya enak2 aja",Wuthering Waves
Arfa Desra triadi,5,2026-02-05 10:58:38,mantap,Wuthering Waves
Yoga Fahlevi,4,2026-02-05 10:58:13,"Ini game bagus, tapi optimalisasi di mobile JELEK BANGET",Wuthering Waves
Êxëñtrïx SïñūrãtÅrî,5,2026-02-05 10:51:11,bagus,Wuthering Waves
Dimas Naufal Tangahu,5,2026-02-05 10:45:45,"Saya suka dengan permainan ini, tapi ada banyak pemain yang penyimpanannya terbatas, tidak besar seperti laptop/komputer, coba kalau ada aplikasi Wuthering Waves Cloud, sistem log in nya sama seperti Wuthering Waves yang Original.",Wuthering Waves
Fanss Suryaa,5,2026-02-05 10:43:55,penyimpanan tiap update tolong di kurangin kuroo,Wuthering Waves
Farhan,5,2026-02-05 10:39:31,great game,Wuthering Waves
GEMERS PELO,5,2026-02-05 10:18:13,mantab ada banyak istri🗿,Wuthering Waves
kurnia_one ikur,5,2026-02-05 10:15:41,aku suka bansos 😂,Wuthering Waves
Rifky Bengkulu,5,2026-02-05 10:13:12,"Suka banget sama game nya, tapi semakin update semakin besar storange nya, di hp semakin berat... tolong donk, developer, yakin banyak yg mau main di game ini dengan hp, karna ga semua nya punya pc, tolong donk di kecil kan lagi storange nya...",Wuthering Waves
Exile,4,2026-02-05 10:07:09,"Aku yakin setiap update yang bisa sampe 1 GB itu, selain nambah performa dan optimalisasi permainan, kadang ada juga penambahan kelembutan fps untuk susu badag Cartethyia 😍",Wuthering Waves
Slayer_ Game38,5,2026-02-05 10:00:46,salah satu game openworld terbaik yg pernah saya mainkan,Wuthering Waves
-K-,5,2026-02-05 09:52:54,oke aja,Wuthering Waves
Ikhsan Mada,5,2026-02-05 09:52:53,keren,Wuthering Waves
Lavienth R,4,2026-02-05 09:49:08,setiap update map terlalu memakan banyak memori internal,Wuthering Waves
Pentha Rahmatullah,2,2026-02-05 09:48:59,"woi hitam minimal size update tu bisa dikecilin gak, gede banget njir",Wuthering Waves
Pillip Hendra,1,2026-02-05 09:42:05,"size terus membengkak, optimasinya semakin buruk, makin sulit mengalahkan musuh dan semakin tidak ramah untuk player untuk mendapatkan char limited.",Wuthering Waves
Riya kanu joshua,5,2026-02-05 09:41:11,Great game overall,Wuthering Waves
Ni Kadek Ayu Meta Darmayanti,5,2026-02-05 09:40:52,serah deh,Wuthering Waves
Adelia Meira,2,2026-02-05 09:37:50,opi timize on phone,Wuthering Waves
Vira,5,2026-02-05 09:35:25,"it would be great if the story didn't always end up like that, I mean Rover saving the characters.. I need something new like phrolova quest, or maybe like the galbrena quest, one more thing please optimize the game for mobile player, atp we can't even play until 4.0 bcs our phone can't handle more space for new updates",Wuthering Waves
Aldy Setiawan,5,2026-02-05 09:23:42,bgus,Wuthering Waves
Ardi Setiawan,5,2026-02-05 09:22:07,best lah😊,Wuthering Waves
Mirza,3,2026-02-05 09:19:54,dah sering ga win 50:50 lagi,Wuthering Waves
IGOK ZZZ,5,2026-02-05 09:13:14,My astreat😭😭,Wuthering Waves
Michael Peter,5,2026-02-05 09:11:52,"Suka aja lorenya apalagi banyak referensi mulai dari novel, mitologi, bahkan game lain sama f2p banget sih buat sekarang. Sisanya yg masih kurang optimasi aja sih tpi bisalah improve lgi lah ya kedepannya 👍",Wuthering Waves
Ferdiansyah Bintang,2,2026-02-05 09:09:00,"tidak optimize sama sekali versi sekarang, HP mid range disuruh ganti gitu? grafik Low aja ngeframe banget, jangan fokus cuma pengembangan grafik aja. tapi juga optimize untuk device mid range!!!",Wuthering Waves
Aji Mutaqin,5,2026-02-05 09:01:25,makin smooth,Wuthering Waves
skibidi toiet,5,2026-02-05 08:59:16,I LIKE CHARNYA,Wuthering Waves
RIZKI HIDAYAT,5,2026-02-05 08:56:53,ok,Wuthering Waves
AisiaAdiMukti Aisia,5,2026-02-05 08:55:02,saya harap developer sangat memperhatikan player,Wuthering Waves
Jaya Sentosa,4,2026-02-05 08:53:30,tolong dioptimalkan gamen ny,Wuthering Waves
Nighmare Aja,5,2026-02-05 08:52:36,gamenya bagus. cumn hp butuh up. dah patah2.,Wuthering Waves
Muhammad Faisal Syamaidzar,5,2026-02-05 08:49:09,Simply Amazing,Wuthering Waves
Singkong Keju,1,2026-02-05 08:46:08,"optimisasi jelek setelah update 3.0, size juga tidak dipedulikan",Wuthering Waves
Tommy Toni,5,2026-02-05 08:31:06,mohon developer tingkat kan terus optimallisasi buat pengguna mobile🙏,Wuthering Waves
Arhy Jhee,5,2026-02-05 08:24:40,suka aja main game model kek gini😁,Wuthering Waves
Power F,4,2026-02-05 08:14:33,"Overall game nya bagus, tidak ada keluhan yang berarti bagi saya,akan tetapi,Saya berharap agar ada bahasa Indonesianya,supaya saya bisa memahami dan mendalami isi cerita yang di sediakan tim developer lebih jelas, walaupun saya bisa sedikit bisa memahami bahasa inggris,saya selalu merekomendasikan game ini pada teman teman saya, alhasil keluhan mereka sama,tidak bisa memahami alur cerita karena keterbatasan bahasa Inggris,dan mereka tidak jadi memainkan game ini dan lebih memilih game sebelah",Wuthering Waves
ALVERN,5,2026-02-05 08:00:41,"I want to thank Kuro Games and the staff who made this game, you are the best, I love you guys.",Wuthering Waves
Muhamad Fauzi,3,2026-02-05 07:58:38,Tolong optimalisasi untuk mobile nya di perbagus udah susah banget DIMENSITY 8200 untuk main ini game kayaknya sudah harus pensi.,Wuthering Waves
Naofumi Iwatani,3,2026-02-05 07:57:15,lu pengen kita semua pensi kuroo??? storage makin bengkak woii,Wuthering Waves
Yoru,3,2026-02-05 07:42:31,"optimisasi nya ampas, pls perbaiki",Wuthering Waves
Madb,2,2026-02-05 07:41:31,"This game has quality far above most other cross-platform games, but there is one thing that could cause many players to stop playing: the optimization of the game’s data size and update sizes. While those who can't provide enough storage aren't the players spending a lot of money in-game, they are still important in growing the community and helping the game gain more recognition among gamers.",Wuthering Waves
Yurni Uni,5,2026-02-05 07:40:37,"Jujur aja ini game bagus banget. Dari combatnya, visual, cut scene dan aspek-aspek dunia pergamean laginnya bagus banget. tapi itu semua gak di barengin sama optimalisasi yang bagus. yang di urus RUMPUT RUMPUT DAN RUMPUT AJA. WOY KURO NGOTAK DONG. BENERIN DULU OPTIMALISASINYA ANJIRRRR..BANYAN BUG ITU..MINIMAL JUGA JANGAN SERING-SERING UPDATE MAP AELAHH KALAU GAK ADA OPTIMALISASI YANG MEMADAI. TIAH HARI SETORAN 200MB MULU. BUG PUN SAMPE AKHIR PASE MASIH ADA. GILIRAN BIKIN MAP MAU TAPI OPTIM",Wuthering Waves
Mamang,5,2026-02-05 07:37:51,makin sini makin berat min apakah hp saya sudah gak mampu lagi untuk menjalankan game ini atau game nya yang semakin kesini semakin berat ? untuk next update tolong min optimisasi kan buat user mobile apa lagi yang hpnya gak terlalu bagus. Terima kasih,Wuthering Waves
Bima Ekaputra,3,2026-02-05 07:31:59,"ada bug hang ketika mau driving tutorial 1, pas lewatin ring emas atau ring ketiga, langsung freze, sudah di restart game dan main di hari yang berbeda, tetap aja masih bermasalah disitu. tolong diperbaiki ! setelah update kenapa masih belum ada perbaikan? dan kenapa memorinya semakin membengkak? di android harus punya kapasitas 118 GB??? what the ... !",Wuthering Waves
Qays Atsila Zharfan,5,2026-02-05 07:22:02,GAME GACOR,Wuthering Waves
Robby Ndcdc,5,2026-02-05 07:16:38,"mantap kuro, terus memasak 👍ditunggu kolep cyberpunk nya",Wuthering Waves
aloavora,4,2026-02-05 07:16:36,"Kekurangan game ini cuma di size, sampe hapus game lain demi update wuwa, tolonglah size-nya itu dikecilin, masa iya yang dibagusin tekstur rumput doang. Padahal sebelum update 3.0, aman-aman aja, masih bisa main game berat lain, setelah update 3.0 terpaksa bersih-bersih karena size nya makin gede, tiap update juga rasanya kayak reinstall alias gede banget. Semoga Kuro mau dengerin playernya dengan masalah size ini. Overall selain masalah size, game-nya bagus, dari segi bansos juga🤗",Wuthering Waves
Yunandri Chan,5,2026-02-05 07:15:56,best game ever,Wuthering Waves
Bary,5,2026-02-05 07:05:37,best f2p game ❤️❤️❤️❤️❤️,Wuthering Waves
DIKA01 dika,5,2026-02-05 07:02:24,"walaupun saya sudah lama mainnya dari awal rilis sampe sekarang jauh besar perbedaan di awal,Ampe sekarang dari segi optimal dan grafik terlalu ok mungkin ini kesan saya bertahan di gem ini sekian terimakasih.",Wuthering Waves
Fajar Yogie,3,2026-02-05 06:49:31,"optimasi jelek, size membengkak, umur game blm 2 thn sizenya dah gede banget.",Wuthering Waves
Noor Azzam,5,2026-02-05 06:37:00,game sangat bagus,Wuthering Waves
Block Kode56,5,2026-02-05 06:35:26,good game 🤌,Wuthering Waves
Alvaro Sugianto,5,2026-02-05 06:29:05,"Pengalaman bermain yang sangat baik, dengan grafik memukau serta kombat yang diberikan terasa seru.",Wuthering Waves
Takeda Nishimiya,1,2026-02-05 06:16:02,"very nice storage, maybe you just optimalized the size",Wuthering Waves
azhar mean_solo,5,2026-02-05 06:14:37,mantap tapi memory penuh,Wuthering Waves
Saskia Aulia,5,2026-02-05 06:07:09,"Tolong kuro, game nya di benerin dong. ini game kalo buat di mobile size nya terlalu gede, dan terlalu ngelag nih. ayolah optimalisasi buat mobile nya mana? saya suka game ini, saya ga mau berhenti gara gara device. tapi kalau size nya segede ini dan ngelag banget buat di mainin (padahal sebelumnya lancar) kan jadi sedih ya",Wuthering Waves
Naren Tod,5,2026-02-05 06:05:44,bagus buat ngisi waktu gabut,Wuthering Waves
Agung Ramjaya,5,2026-02-05 06:02:48,perfect game..,Wuthering Waves
Veri Noah2,5,2026-02-05 06:00:53,dari grafik dari alur cerita gila kren parah game terbaik menurut saya👍👍,Wuthering Waves
Zola Septiawan,5,2026-02-05 05:50:28,peak!!,Wuthering Waves
Deni Fadli,5,2026-02-05 05:49:05,"like banget sih yg 1 ni, btw angkatan awal kluar ni game gweh😋😋",Wuthering Waves
Bagus Al,5,2026-02-05 05:40:43,"game ya bagus tapi jangan buru² buat upgrad grafis dioptimal kan dulu masi banyak bug² yang bikin mata sakit,tanah hilang,lag parah,dop grafik.",Wuthering Waves
Mfarhan Prananto,5,2026-02-05 05:35:23,game baik,Wuthering Waves
Lunox Xean,4,2026-02-05 05:34:20,"Secara fitur dan update bagus, tapi tolong untuk optimalisasi diperbaiki. Terutama dengan update baru ini, kebanyakan user mobile banyak yang tidak bisa memainkannya secara lancar padahal sudah di set ultra performance. Tolong untuk Dev, jika memang kesulitan lebih baik buat versi khusus untuk PC dan mobile jika memang kesulitan untuk optimasi.",Wuthering Waves
Sawako,5,2026-02-05 05:20:43,"saya suka sekali sama game with waves ini.dari grafik, story telling nya, karakter desain nya,musik nya,mekanik bertarungnya dan ceritanya. gacha nya juga ramah untuk pemain f2p. tolong pertahankan dan kalau bisa di tingkatkan lagi.terimakasih kuro sudah membuat game wuthering waves ☺️",Wuthering Waves
Cid Kagenou,5,2026-02-05 05:14:07,"tolong perbaiki size nya, buat kami player hp susah ngimbangin nya terlalu gede",Wuthering Waves
Zero Zerooo,4,2026-02-05 05:06:35,udah nggak bisa sudah nih game HP support tapi penyimpanan tidak support bye,Wuthering Waves
Muhammad Fathi Rafa,5,2026-02-05 04:49:44,hoki,Wuthering Waves
Satria Adliraka,5,2026-02-05 04:38:23,"ini patch terakhir (3.1) gw main wuwa soalnya storage cuman 128 dan lagi nabung buat beli device baru,buat kuro great job soal gamenya udah bagus banget,makasih juga buat kuro game udah nemenin selama setahun",Wuthering Waves
ODIN,5,2026-02-05 04:35:29,"just try to be better,",Wuthering Waves
Mivan Van27,3,2026-02-05 04:26:20,"dari awal main patch 1.0-2.0 masih suka ada bug dan feel ny kek kurang enak,dan di patch 2.0-2.7 udah lumayan nyaman di perangkat gue gak banyak drop,tapi saat update ke 2.8 feel ny jadi berat di hp banyak fps drop cepat panas dan sesekali FC tiba tiba.dan terakhir di awal patch 3.0 ku kira akan ada pengoptimalan yg lebih baik tapi nyatanya size game semakin bengkak gak karuan sampai lebih dari 50 GB di hp untuk sekarang dan terus akan bertambah seiring waktu,dengan kualitas di hp lumayan parah.",Wuthering Waves
Tamm Ptraa,5,2026-02-05 04:23:19,"gim baik mantap banget cik, banyak waifu tobrud😹😹",Wuthering Waves
Ter Welu,1,2026-02-05 04:22:09,"baru downlad data dan selesai 35gb, tinggal nunggu kopilasi shadernya, tiba tiba ada update, gw update lah, malah harus download data ulang sebesar 16GB. halah jem.",Wuthering Waves
Robbi Harrizali,3,2026-02-05 04:08:33,Can't the storage space be reduced? It's so big that I have to uninstall it. help please,Wuthering Waves
rehanpratamaputra putra,5,2026-02-05 03:57:25,👍,Wuthering Waves
Jay Chow,5,2026-02-05 03:57:07,the best open world game,Wuthering Waves
Uniciron Black,5,2026-02-05 03:52:56,"gw suka gameplay sama mekanik nya soal nya gw dulu pernah main pgr dan itu menurut gw bagus bgt cuma,plisss lah kasih opsi hapus data quest lama banyak bgt numpuk tapi nggak guna,yang ada malah hapus text nya doang tapi nggak hapus data scene nya",Wuthering Waves
Abiyyu Razan,1,2026-02-05 03:41:11,"size for mobile too big, please compress it, like option remove old event or remove old side quest and story quest.",Wuthering Waves
Rendi Pratama,5,2026-02-05 03:16:56,bagus sekali untuk game rpg tapi ga ada Subtitle indonesia tolong untuk development untuk menambah lan Subtitle indonesia agar bisa lebih untuk menikmati game nya,Wuthering Waves
KLAIRA :3,1,2026-02-04 23:46:57,"please consider about the size, this is ridiculous!, a 17gb sized update, and I should gave a space about 60gb for this? please this is not a all about PC's game. it's mobile tho. I'm no longer be Rover if this happen again after this patch, this will be the last me play ur game. goodbye next patch",Wuthering Waves
Zaini Al,2,2026-02-04 23:31:12,please add feature subtitle Indonesia to language selection for game,Wuthering Waves
Fadhil Widadi,5,2026-02-04 22:57:29,bagus banget,Wuthering Waves
Gangsar Ari Prasetya,4,2026-02-04 22:00:24,"tiap update patch size selalu besar banget dah, tolong lebih di optimalkan.",Wuthering Waves
Windo Adong,5,2026-02-04 17:18:43,"buat versi cloud, karena perangkat saya sudah tidak mampu berjalan lagi 😭 kuro mohon dengar kan pendapat saya, 110gb hanya untuk permainan mu",Wuthering Waves
Muhammad Rezky,5,2026-02-04 15:37:30,bagus jir sampe' hp gw tiba' mati trus suhu hpnya di 100°C😹,Wuthering Waves
Rijal Doang,1,2026-02-04 15:26:14,penyimpanan yang jadi kendala itu setiap update game size game di duplikat terlalu besar. dan akhirnya tidak kuat untuk menjalani game ini.,Wuthering Waves
Hafid Razzaq,5,2026-02-04 11:52:49,enak dimainin,Wuthering Waves
GAIUS Maji,1,2026-02-04 11:40:00,pliss turun ukuran download tan ya,Wuthering Waves
Uti Miaw hamil,1,2026-02-04 11:20:06,3 times of lost 50/50 are insane... ;(,Wuthering Waves
P N,2,2026-02-04 10:39:09,"terlalu maksa konten baru, konten lama jadi tidak relevan dan menuh-menuhin storage doang.",Wuthering Waves
Boneka santet,1,2026-02-04 09:10:23,Gem sangat berat.setiap update memakan ruaang sangat besar Sampek 100gb lebih.Calon Deat gem.sorry aku pensi duluan!,Wuthering Waves
Azkataqi Bahjat Al Ghiffari,5,2026-02-04 07:31:05,"This game was absolutely amazing, my union leaves is 61 rn. but Kuro... can you make the water jiggles when i stepped on it? i want that feature to be added on PS 5 just like RTX! please",Wuthering Waves
Haikal Kalcuy,5,2026-02-04 07:18:35,"dari segi gameplay udah bagus sih mantap banget😍, tapi tolong lah buat developer nya kalau update jangan terlalu besar² kasiahan player lain yg HP nya masih tidak memadai",Wuthering Waves
ZakyWan,1,2026-02-04 04:40:57,Jelek,Wuthering Waves
NADS gaming,1,2026-02-04 04:04:22,"game gacha ini akan tetap sepi kalo setiap update nya bikin device entry level atau mid range sengaja di siksa demi grapich wow padahal ternyata developer dan fandom nya sama-sama egois suruh upgrade Device, btw mayoritas device para Rover di Indonesia 60% sampai 70%, device nya mid range, kalau tak di optimalisasi kan secara gameplay dan size aplikasi mereka akan berhenti, APALAGI subtitle Indonesia nya gak ada padahal banyak orang yang minta tapi ya sama tak i gubris selama bertahun-tahun..",Wuthering Waves
bianca,1,2026-02-04 03:38:50,"kecewa gadapet iuno,2x lagi",Wuthering Waves
muhammad cikal,5,2026-02-04 03:09:04,"Game Dgn gameplay terbaik, dengan storynya yang absolut cinema menjadikan game ini terbaik di kelasnya, semoga developer makin improve...",Wuthering Waves
NUB Gamingff,5,2026-02-04 01:33:24,for game developers please add Indonesian language in the game Wuthering Waves I'm from 🇮🇩,Wuthering Waves
renaldi sebastian,3,2026-02-04 01:06:18,"Saya pemain Wuthering Waves sejak awal rilis. Saat ini ukuran game hampir 50 GB, yang sangat besar untuk versi mobile. Masalahnya, setiap update hampir selalu menambah 15–20 GB ke base game. Ini sangat membebani pemain dengan storage terbatas. Tanpa solusi seperti optimalisasi data atau penghapusan aset lama, kemungkinan saya bisa terpaksa berhenti bermain. Saya masih percaya Kuro Games masih mendengarkan keluhan fans semoga mereka bisa segera memperbaiki masalah ini.",Wuthering Waves
Om Rija,4,2026-02-03 23:40:19,"Maybe if Indonesian was added, there would be more players, because not all Indonesian players are good at English.",Wuthering Waves
Mlbb Yopie,3,2026-02-03 23:34:41,"reedem code terlalu cepat expired. ga semua orang punya waktu buat stay di web untuk dapat reedem code. saya sibuk kerja tetap sempat kan bermain meskipun sebentar. top up juga meskipun tidak banyak tapi rutin perbulan. masalah reedem code terlalu cepat expired, sudah berbulan"" kode reedem yang saya sengaja cari, selalu expired. kalian membuat kode reedem untuk hanya sebagian player kalian saja??",Wuthering Waves
R Ryo,4,2026-02-03 22:49:57,"untuk gamenya sudah sangat bagus dari segi apapun, cuma untuk masalah pengoptimalan harus di lakukan terutama buat di android karena sangat lag berutal meskipun sudah pakai device yang bagus",Wuthering Waves
Ihsan,3,2026-02-03 22:38:19,"bagus cuma rata rata cara berfikir karakter nya tidak realistis dengan apa yang terjadi pada dunia game nya, coba kalian pikirkan manusia akan berfikir apa jika mereka sering kali menghadapi penderitaan yang tidak wajar seperti kematian, tekanan, rasa sakit,mental yang di permainkan tetapi karakter masih bisa bisa nya berfikir mengorbankan dirinya sendiri demi hidup orang lain, seharusnya ada dampak stress terhadap karakter dan yang paling bikin ngakak,dalam keadaan drama mereka tidak pakai baju",Wuthering Waves
Ardi Julhamsah,5,2026-02-03 21:50:02,setelah update ukuran untuk ponsel di 115 GB dan ya ini terkahir kali memainkan game ini.,Wuthering Waves
Riski Riski alipka,2,2026-02-03 19:59:59,ini saat saya mengunduh pre-update 3.1 itu mengulang 2 dan itu suda mengunduh banyak tolong kuro game untuk dioptimalkan untuk downloadnya,Wuthering Waves
Qxy,5,2026-02-03 19:06:48,"10/07/24. Saya dukung game ini menjadi lebih baik, semangat tim kuro. Salam dari device low. Edit 03/02/26. Dari awal rilis maen sampai sekarang, sumpah wuwa semakin bagus dan sangat nyaman di mainkan di hp device low/kentang seperti saya. semoga kedepannya wuwa menjadi terbaik dari yang lain dan semoga hp device low atau kentang seperti saya bisa bermain dengan lancar. Semangat tim kuro❤",Wuthering Waves
Ronny Widian,5,2026-02-03 18:56:40,Sudah ga kuat memori hp ku 😅,Wuthering Waves
Ardin ariansyah,1,2026-02-03 18:44:03,mau comeback tapi pas lihat unduhan data gede banget udah hampir 33gb lebih harus download data tambahan 25gb!!,Wuthering Waves
ambatusyam 69,2,2026-02-03 18:41:31,Pas setiap update patch selalu bengkak ukuran ni game kocak,Wuthering Waves
DEWI Al MAHYRAH,4,2026-02-03 17:50:45,selagi belum ada bahasa Indonesianya . saya tidak akan download .,Wuthering Waves
U - DO,5,2026-02-03 17:42:03,"Semoga lebih baik lagi dan lagi ke depannya, dan tolong bisa lebih di optimalkan lagi untuk device mid... Thanks...",Wuthering Waves
RE:projekt,5,2026-02-03 17:21:38,Ini game kalo urusan size makin lama tambah rakus. update sebelumnya suruh nyisain 40GB free space. Update yg baru ini suruh nyisain 60GB. gilakkk.,Wuthering Waves
Sanjay Setiadi,1,2026-02-03 16:58:49,"SENGAJA BANGET NYURUH PENSI, UPDATE 16GB MASA BUTUH SPACE NYA HARUS 60GB LEBIH, YANG BENER AJALAH,,, KECEWA GUA",Wuthering Waves
Bang RID.95,3,2026-02-03 16:37:55,jelek banget grafik nya padahal grafik udah ultra high,Wuthering Waves
Zaki Kecebanget,5,2026-02-03 15:22:23,"plis kasih bahasa Indonesia juga lahh, aku ada yang nggak ngerti juga dialog bahasa inggrisnya, plissss lahh",Wuthering Waves
Egardwi Januar,5,2026-02-03 14:56:23,kereeennn,Wuthering Waves
Atar Alfahrezi,5,2026-02-03 13:46:05,lumayan,Wuthering Waves
Ade Kurniawan,5,2026-02-03 12:51:18,masterpiece game gacha,Wuthering Waves
Nur Mauluddin,5,2026-02-03 12:50:40,"butuh bahasa Indonesia di dalam gamenya, mohon kuro ditambahkan, Storage full, Time to say goodbye WW🧤",Wuthering Waves
Vino Vano,5,2026-02-03 12:33:36,grafik dan battlenya nya mantab,Wuthering Waves
Yaechii,4,2026-02-03 11:58:04,"There are many places to explore, all aspects are good, combat, build, and gacha, but the rewards for missions that take hours are sometimes not appropriate.",Wuthering Waves
Tri Bay,1,2026-02-03 11:36:41,gua gak bisa masuk,Wuthering Waves
Rubennn Goa,5,2026-02-03 10:36:30,dapat augusta 1 pull,Wuthering Waves
Rizki Teddy,5,2026-02-03 07:35:37,mantap man gachanya,Wuthering Waves
Batagor the gaming,3,2026-02-03 07:21:07,tambahkan bahasa Indonesia,Wuthering Waves
greo laster,1,2026-02-03 05:35:31,battery killer,Wuthering Waves
Ganteng Gaming,5,2026-02-03 02:18:39,peak,Wuthering Waves
Dionard Sumbung,5,2026-02-03 01:24:45,"good story, need more translate for other language on PC, i get stuck after the end of Iuno quest",Wuthering Waves
m arshal,1,2026-02-02 23:14:14,"BURUK BANGET PERFORMANYA GAK OPTIMAL DI PATCH 3.0 INI, BERBEDA DENGAN PATCH SEBELUM NYA YANG SANGAT STABIL PADAHAL DEVICE SAYA SANGAT MEMADAI",Wuthering Waves
RIZKY UMMARA,5,2026-02-02 21:16:23,"secara gameplay itu seru! dalam eksplorasi, karakter, cerita, quest, dan hadiah chest yang melimpah. 👍🏻 saran aja buat pengembangan kedepannya, mungkin bisa ditambahkan subtitle Indonesia agar lebih mempermudah player dalam memahami cerita, dan juga mungkin bisa ditambahkan aplikasi khusus buat komunitas, bisa cek peta, hadiah login tambahan, agar bisa memperluas juga. itu aja semoga update berikutnya, lebih baik lagi.",Wuthering Waves
Setia Budi,2,2026-02-02 19:53:03,kurang nya di bahasa aja .. gak ada bahasa indo . nanti aja main lagi kalau udah ada bahasa indo,Wuthering Waves
Hanya Orang biasa,1,2026-02-02 19:46:40,makin berat ni game dah lah besok besok udah 100gb aja ni game uninstal aja dah gk ramah device low godbay wuwa,Wuthering Waves
Abeng mantep Gaming,1,2026-02-02 17:11:42,nah hard,Wuthering Waves
Husein Indah,5,2026-02-02 16:52:27,"gamennya bagus dan sangat realistis tapi pada saat main game saya merasa terganggu dengan jaringan tersebut namun aku tetap sabar dengan hal itu tapi jaringan itu terus yg menggangguku, kenapa aku kasih bintang 5 karena gamennya bagus dan sangat realistis ya walaupun keganggu ama jaringan tapi aku sangat suka bgt dengan game ini, yah semoga aja kedepannya kuro kasih game ini yang terbaik dan juga spinnya jangan disusahin yah :)",Wuthering Waves
Huda,2,2026-02-02 15:43:57,Bahasa Indonesianya geng?! 😭😭,Wuthering Waves
Fathan Sus,3,2026-02-02 07:54:48,"optimisasi nya masih kurang, main di snapdragon 7gen3 ngeleg parah itupun pakai grafik low",Wuthering Waves
Lily,5,2026-02-02 06:33:59,Finally I can download Wutting Waves. I've wanted to play it for a long time... but here I can download it. I hope the creator listens to my feedback :D,Wuthering Waves
Ridho Setiawan,4,2026-02-02 02:24:40,"macam mana nih saya dulu main lancar² aja sekarang habis update banyak lag nya, fix lag nya gak ngotak tolong di perbaiki lagi ya.",Wuthering Waves
nihong,1,2026-02-02 01:35:22,"game asu,kasih fiture terbang lagi di region baru",Wuthering Waves
Maximillian Masehi,1,2026-02-01 20:30:34,"I'm disappointed with the patch 3.0 update. When exploring certain places and using a motorbike, it feels really laggy. It also frequently reconnects. I've reported it to Kuro in-game, but there's been no response whatsoever. There's also no compensation. Many events have been missed and the chance of getting Astrite has decreased drastically. Please help, I haven't completed the main quest and explored Laha Roi.",Wuthering Waves
ilove carlmom,5,2026-02-01 19:22:50,"Masterpiece, terimakasih karna telah memberikan pengalaman bermain yang luar biasa, tapi sayang harus berhenti karna hp sudah tak kuat dwag💔🥀",Wuthering Waves
Gunawan ab,1,2026-02-01 18:19:24,"Eksplorasi capek. flopwaves dinyotek gbf, dll",Wuthering Waves
Dhafin Azka Adeta,5,2026-02-01 17:28:07,very good for animation or gacha :v,Wuthering Waves
Serbet Belok,1,2026-02-01 17:16:23,ini game apa sih lama banget loading nya,Wuthering Waves
Godn zero,5,2026-02-01 16:56:12,woke,Wuthering Waves
Muhammad Syamsul Huda,4,2026-02-01 15:25:19,"bagus, tapi agak berat ya",Wuthering Waves
Tree,5,2026-02-01 15:15:43,mantap,Wuthering Waves
Pain Tendo,5,2026-02-01 14:19:02,MMORPG dengan Grafis AAA non berbayar yang saya prioritaskan untuk kalian.. di dukung Audio dan Video Memukau patut di menjadi rekomendasi Bagi kalian para pecinta Eksplore Combat mekanik skill..,Wuthering Waves
Rakha adiwitya Ardana,1,2026-02-01 12:58:59,"Gamenya sebenarnya bagus, tapi gak ramah device seperti Hsr Dan Genshin. yah mau gimana lagi...",Wuthering Waves
Muhammad Rafi,5,2026-02-01 12:40:29,"tolong dong min, tambah translate dialog nya b indo, gua g paham jer b. Inggris apalagi bahasa lain yg ada.... dialog aja terjemahannya b indo, voice jangan jelek.... tolong min huaaa cape gua belajar lagi",Wuthering Waves
Mizuki Inazuma,5,2026-02-01 11:57:55,bagus bngttt,Wuthering Waves
Suaka Lmao,4,2026-02-01 11:01:48,mantap bagus game nya,Wuthering Waves
Kavindra Keanu,5,2026-02-01 06:39:00,bagus,Wuthering Waves
Dark Dragon,5,2026-02-01 01:25:38,"Best Game, Fight nya Keren, dan desain beberapa bos monster nya keren banget, juga sebagai penikmat story berharap game ini ada bahasa indonesianya mau banget lebih mendalami story dalam game nya",Wuthering Waves
laera rora,5,2026-01-31 17:54:29,"overall good,",Wuthering Waves
Santri jadmiko,4,2026-01-31 13:48:26,fitur game nya udah bagus cuman saya berharap support bahasa Indonesia,Wuthering Waves
Zet 752,5,2026-01-31 13:40:53,game baik,Wuthering Waves
Moe,5,2026-01-31 12:09:23,"game terbaik yg pernah gw mainin, nyari chest mudah isinya 10 astrite ampe 30 astrite, gak kek game sebelah susah nyari dapatnya cuma 3 ampe 5 mana susah nyarinya, mekanik emang susah cuma udah gw atasi itu yg gak bisa karena skill issue",Wuthering Waves
Muhammad Albi,5,2026-01-31 11:47:30,grafik nya sangat bagus dan efek dari karakter nya juga bagus,Wuthering Waves
Yunohana Yuuna,5,2026-01-31 10:13:35,game terbaik,Wuthering Waves
Give me light,5,2026-01-31 01:08:21,"woy kuro, tambahin lah ladang asterite nya, gw aja sering berlangganan 30hari masih seret asterite gw, ayolah game nya lo asik gini, rugi gak di ksh event yg seger"", lebih inovatif lagi lah klo bikin event, dan jangan lupa di tambahin Hadiah asterite nya wkwkwkwkw",Wuthering Waves
Athar Hadi Rabbani,5,2026-01-31 01:02:23,W a game,Wuthering Waves
ndan Rf,1,2026-01-30 20:48:13,kurang optimal,Wuthering Waves
Daffa Fernanda S.,4,2026-01-30 20:42:40,"please Kuro, make it happen into an Indonesian Subtitle!.",Wuthering Waves
Hidd Nurwahid,5,2026-01-30 19:45:14,"woi bisa ga sih klo ngasih rating tu mikir dikit? masalah lag lah bug lah kuro dah berusaha sebaik mungkin optimasi tapi kasih rating 1 cu, device lu lu pada aja yg ga kuat, *sadar diri lah cu*",Wuthering Waves
Muhammad Ezra,5,2026-01-30 19:16:27,Please add Indonesian subtitles,Wuthering Waves
Yusuf Mahendra,5,2026-01-30 19:15:36,game mantab. wajib download kawan2.,Wuthering Waves
Abiy Yu,5,2026-01-30 18:56:31,"sumpah ini bagus banget, apalgi story beh mantap pokonya",Wuthering Waves
Bagas Hermawan,5,2026-01-30 18:02:02,tambahin bhasa indo bos,Wuthering Waves
Cha Azriellya,4,2026-01-30 14:30:33,game yang baik hati. gatcha nya mudah di dapatkan. cuma sayang dengan ukuran yang SEGEDE GABAN bikin HP demam kejang dan ngoshngoshan.kalo sdikit di kurangin size nya sh mungkin lebih asik buat di mainin lebih lama.,Wuthering Waves
Yamaichii / Bryan Lionel Abielle,5,2026-01-30 13:13:06,"keren euy, btw Chisa kapan rerun? 🗿",Wuthering Waves
Burnely Official,5,2026-01-30 09:08:50,mantap,Wuthering Waves
Mario Benedicto Rizal Latul,1,2026-01-30 03:23:41,game sering tertutup sendiri padahal spek hp ku kuat untuk memainkannya,Wuthering Waves
Radit Game House,5,2026-01-30 01:00:03,"Pada Quest Vehicle Driving Tutorial 1 selalu stack atau freeze saat masuk lingkaran ketiga, ada apa? Tolong di perbaiki, kalau begitu terus tidak bisa selesai Questnya. Terima kasih... Overall Luar biasa.",Wuthering Waves
Kenzie Aqila Manurung,4,2026-01-30 00:15:54,"ceritanya agk kurehg krena terlalu menonjolkan cerita mc dengan char lain terutama char cewek(kek genre harem). tpi untuk gameplay seru mekanik ny juga asik, gk kikir cmn gk ad bahasa Indonesia aj yng buat agak susah paham dengan ceritanya.",Wuthering Waves
ANONYM,1,2026-01-29 23:25:06,im using Xiaomi s6 pro but ITS really laggy now. what's wrong. before update ITS smooth even if i set it high,Wuthering Waves
Kelvin r,2,2026-01-29 21:20:35,optimisasi game kurang,Wuthering Waves
Ahmad Akbar,5,2026-01-29 20:16:57,setelah melihat kabar update wuthering waves 3.1 seperti mungkin saya dan beberapa orang yang bermain secara mobile dengan spek minimum akan pamit sedangkan untuk 3.0 pada map lahai roi saja sering frame drop apalagi ukuran game yang semakin bertambah terima kasih sudah membuat game yang bagus tapi sayang sekali untuk 3.1 tidak ada harapan lagi untuk bisa bermain dengan lancar,Wuthering Waves
Muhammad Ivander,1,2026-01-29 18:03:25,ni game kikir bet mana dapetin 4 bintangnya susah betul abis selesain misi cuman dapet 100 asteriye ini game atau apaan dah jelek bet UDAH KIKIR OPTIMISASI NYA SAMPAH BENER ABIS UPDATE BUG NAMBAH,Wuthering Waves
Mas Ruhan,5,2026-01-29 17:18:56,add sub indo,Wuthering Waves
Aqil Kamil,4,2026-01-29 16:32:59,"gameplay bagus, story lumayan, graphic sangat bagus, 1 kekurang tolong pembelian dalam game atau top up di fix kan per regional harganya sebab KLO terus2 menerus dalam dolar harga bakal naik terus.",Wuthering Waves
Naural Mumtazah,5,2026-01-29 15:37:59,"game nya cukup bagus dan menyenangkan, cuma tolong Adain hapus data game yang lama biar hemat penyimpanan dan tambahin subtitle Indonesia dong",Wuthering Waves
Ratu,1,2026-01-29 13:27:47,baru main udah lose 50/50,Wuthering Waves
Alexandria Lanchester,1,2026-01-29 10:07:10,"Give us more male resonators. And stop turning main quests into companion quests. This is why you eastern gacha games are easily forgotten, your games have no depths, so superficial.",Wuthering Waves
Abdul khalik,5,2026-01-29 09:36:39,"omg, setelah hampir 1 tahun ngga main terus main lagi banyak bgt perubahannya dan sistemnya juga sudah banyak yg di perbaiki, jadi makin semangat mau main lagi di tambah cerita yang baru dan lagu lagu nya beuhhh best mmorpg",Wuthering Waves
Ryan Ghiyats 25,1,2026-01-29 09:12:02,bahasa Indonesia nya mana oy 💩👎,Wuthering Waves
Fahri Fauzi,5,2026-01-29 06:14:53,Game sangat bagus gameplay mudah dipahami dan gacha di game ini ga pelit,Wuthering Waves
Aulia Afifa,5,2026-01-28 21:40:10,"intinya game nya seru, story nya keren gabisa dijelaskan cmn dri kata"" saking keren nya soalnya",Wuthering Waves
Riski Prayugo,5,2026-01-28 20:41:58,"udh bagus bnget ni game, kekurangan nya cuma 1 yakni tolong tambahin bahasa indonesia dong",Wuthering Waves
Mardian,3,2026-01-28 20:24:14,terlalu berat buat kentang wkwk,Wuthering Waves
Lenka Sopian,1,2026-01-28 20:05:41,gacha suck,Wuthering Waves
Mei Aiharaa,4,2026-01-28 16:43:40,Tolong kuro tambahin bahasa indonesia udh perfect kalo ada,Wuthering Waves
Nazla,4,2026-01-28 15:56:10,minimal pas ngeloading resource dicepetin dikit untuk gamenya sih bagus,Wuthering Waves
P entol,5,2026-01-28 13:55:06,game bagus jalan di rtx 5090ti lancar😹,Wuthering Waves
Another,1,2026-01-28 10:05:56,saya kasih ranting 1karna penyimpanan geme ini sangat besar dan saya mau ada fitur hapus data terdahulu yang membuat penyimpanan geme di mobile agar tidak terlalu over tolong kasih fitur hapus data terdahulu,Wuthering Waves
Maz Xameth,5,2026-01-28 01:47:03,"versi 3.0 ini fps drop parah untuk mobile. bahkan kadang sampek lag. padahal gak kentang amat, udah SD 8 gen 3. terutama di Startorch Academy. Di bagian 3 race track juga sama. Lag mulai sering setelah mencapai lap ke 2 hingga sulit menyelesaikan balapan sesuai waktu tercepat. Tolong perbaiki di 3.1 mendatang.",Wuthering Waves
Desta arga Raditya,1,2026-01-27 23:55:13,ngl this game is not optimize well i already played this game about 1 year its laggy with my rtx 4050 and my phone with dimensity 8400,Wuthering Waves
Rifky Zidane,4,2026-01-27 23:29:59,"tolong kuro game, tolong kasih B. INDONESIA NYA, dan tolong di otomatis",Wuthering Waves
Silent Solitude,1,2026-01-27 22:34:47,"ALWAS HARD PITY ON CHARACTER BANNERS AND BANNERS WEAPON, THE MORE YOU TOP UP, THE MORE YOU WILL LOSE THE RATE OFF, AND IT ALWAYS BE ABOVE PITY 70, TF?. WHILE FREE PLAYERS ARE ALWAYS LUCKY WITH LOW PITY AND ALWAYS WIN THE RATE OFF.",Wuthering Waves
M4,4,2026-01-27 18:46:39,Hp flagship kluaran 2023 ga mampu jalanin lancar gamenya.. asli berat banget..,Wuthering Waves
Camus,4,2026-01-27 15:58:15,"x3 losing 50/50 on hard pity! this game is friendly-player they said, LMFAOO what a fraud system!",Wuthering Waves
Is Mail,4,2026-01-27 11:31:23,"perbaiki lagi untuk pengoptimalisasinya, karena terasa berat untuk mobile",Wuthering Waves
Nando Purnomoaji,5,2026-01-27 11:28:41,ok,Wuthering Waves
Rizky,5,2026-01-27 09:35:55,pelit gacha,Wuthering Waves
Rmdn Mdn,5,2026-01-27 08:02:10,tolong tambahan fitur transfer data biar enak,Wuthering Waves
TestAc Count,5,2026-01-27 05:41:44,"this is the best game, please keep improving",Wuthering Waves
Jokowi Modesawit,1,2026-01-27 03:25:48,game jelek bayak bug lag ga ramah buat buat HP ketang,Wuthering Waves
Amsa2nd,5,2026-01-27 00:46:04,"sering sering update optimalisi aja dari pada grafik terus biar bisa lebih lancer di hp atau di pc jangan jadi kan timpa data lagi ya kuro sekian ""terimakasih""",Wuthering Waves
Snob Hardcore,5,2026-01-26 19:56:08,Best...,Wuthering Waves
Saidi Cool,3,2026-01-26 19:51:06,"saya pernah main waktu di awal release namun saya berhenti bermain dan hapus apknya,hanya satu alasan "" tidak ada bahasa Indonesianya "" nanti kalau sudah ada bahasa indonesia mungkin saya mainkan lagi",Wuthering Waves
Diki Hasanudin,5,2026-01-26 19:51:03,bagus,Wuthering Waves
HonestlyFael is here,2,2026-01-26 19:01:46,please optimize ur game koro...,Wuthering Waves
Risqi Ramadhan Wahyu Gemilang,5,2026-01-26 18:25:40,most enjoying game,Wuthering Waves
Rizki Alfarizi,5,2026-01-26 17:47:42,"Untuk overall game nya bagus tidak pernah sedikit pun menemukan bug atau gangguan apapun, dan untuk saya yang bermain f2p gacha atau mencari ressource sangat lah mudah, pengalaman saya bermain selama 3 bulan sudah mendapatkan banyak character bagus. cool wuthering waves i bet it will be a good game in the future.",Wuthering Waves
Mahwan Zxc,5,2026-01-26 15:40:52,"reward banyak , dapetin astrite gampang(yang bilang susah ngga tau gw susah nya di mana , kalo di bandingin genshin lebih gampang ini), explore gampang, mekanik seru (yang bilang susah,emang noob,skill issue) , kalo cerita ngga tau jelek apa kagak, gw main cuma buat nikmatin mekanik combatnya",Wuthering Waves
Reivandza yuda Guntara,1,2026-01-26 14:26:53,game play bagus ada tombol skip tapi pls bikin lebih optimal lagi,Wuthering Waves
Yoni Alfatah,5,2026-01-26 13:09:24,terbaik,Wuthering Waves
Sugiatno Yatno,5,2026-01-26 12:17:02,"story bagus , combat bagus, cinematic 👍",Wuthering Waves
Adelia Putri,5,2026-01-26 12:15:32,"gua pengen download ini game lagi, tpi kaget banget pas masuk harus download 30-40 gb an bujett, waktu itu kalo ga salah cuma 12gb, agak nyesel hapus ini game 🥲🥲 soalnya gua orang nya ga sabaran bangett harus nunggu sampe 30 gb an",Wuthering Waves
Albertt Yoo,5,2026-01-26 08:04:35,"bagus bet grafiknya, walaupun ada sedikit bug grafik yaa,tapi tetap the best lahh,game RPG anime pertama gw 😋",Wuthering Waves
Rei Hnzzz45,5,2026-01-26 07:53:33,"kenapa update ini aneh sekali, dulu rata kanan lancar saat 2.8 rata kanan lancar tapi sekarang rata kiri suka fc (hanya di area startorch academy saja) tolong perbaiki kasus fc ini. Karena 3.0 akan lebih sering di area startorch. Device Samsung A73",Wuthering Waves
AryaWp,5,2026-01-26 07:53:10,peak,Wuthering Waves
miselea,5,2026-01-26 03:41:27,"sistem gacha ga ribet, ftp termanjakan si.",Wuthering Waves
Bintang Andro Meda,5,2026-01-26 00:35:10,abslout cinema ✋️😮✋️,Wuthering Waves
Akbar Berianov,4,2026-01-25 23:41:27,"Hi, tolong saya tidak bisa quest tutorial driving motor dinlaha roi selalu bug dan freezee",Wuthering Waves
muhammad nabil,5,2026-01-25 20:47:37,gacorrrr,Wuthering Waves
Hendika Ainur Rokhim,5,2026-01-25 18:41:46,"apakah tidak ada fitur yg menghapus data terdahulu agar tidak memakan banyak memory, saya harap fitur tersebut segera di luncurkan",Wuthering Waves
Noviani Safitri,3,2026-01-25 17:56:48,"Hi Dev, every time i took vehicle driving tutorial quest is always force closed this game. maybe some bugs? coz my phone not that slow",Wuthering Waves
Revi Aditya Pratama,5,2026-01-25 16:19:22,"Gamenya overall bagus banget, baik dari cerita, grafik, map, eksplorasinya. tapi, tolong pengoptimalannya untuk hp.",Wuthering Waves
Badus,4,2026-01-25 15:29:43,"mantap bet , cuman aga kurang optimal nya aja",Wuthering Waves
Al Alfarizy2,5,2026-01-25 13:41:53,mantap,Wuthering Waves
Shandi Desta,5,2026-01-25 13:13:39,"game nya udah bagus ,tapi bisa gak kesulitan nya di tingkatkan, kayak pgr atau arknight Enfield, biar gak cepet mati boss nya ,kurang seru kalau terlalu cepat mati ,kalau bisa buat boss yang punya phase ,kayak 2 phase atau 3 ,tolong banget yaa",Wuthering Waves
Yusuf Maulana,5,2026-01-25 12:12:23,terimakasih kuro,Wuthering Waves
Wati,5,2026-01-25 11:24:58,Good job kuro games i wish wuwa will be more dominated in Industry game,Wuthering Waves
ryo,3,2026-01-25 10:49:27,"duh, ga ada halus data misi lama, kasian yg hpnya mentok 128 gb, setidaknya kayak genshin, hsr dan game lain lah, bisa bisa game besar gini ga ada hapus data misi lama duh",Wuthering Waves
Ihya M,3,2026-01-25 10:38:10,tolong tambahkan bahasa indonesia,Wuthering Waves
Andryanda Raihan,5,2026-01-25 09:20:37,game keren habis dan developer selalu setia sama player ya,Wuthering Waves
14 Brian Gymnastio Hadinata,5,2026-01-25 01:45:29,GAME BAGUS,Wuthering Waves
Akira,5,2026-01-25 01:40:11,game baik,Wuthering Waves
Arga Dahana,5,2026-01-24 23:49:37,Tolong tambahkah subtitle bahasa indonsia,Wuthering Waves
Harits Prabu,1,2026-01-24 23:36:33,"game nya bagus tapi problem nya di penyimpanan, tuam kuro tolong dong penyimpanan nya di kecilkan, misi yg sudah selesai bisa di hapus",Wuthering Waves
Naveen Mavi,2,2026-01-24 21:13:53,"Jujur ini game baguus banget mulai dari dunianya,karakternya,sampe gameplay-nya mantep bener. Tapi sayang banget aku nemuin bug yang dimana boss yang harusnya aku lawan malah gak muncul dan jadi gabisa lanjutin eksplorasi. Udah di laporin ke cs sampe pake bukti video eh si cs malah kekeh nuduh aku pake mod (plugin pihak ketiga) ngerti pake mod aja kagak😔. Yaudah deh daripada bete mending aku hapus. Semoga kedepannya ni game bisa lebih pertimbangin keluhan dari pemainnya ya.",Wuthering Waves
Muhammad Ilham Pramudya,5,2026-01-24 20:56:17,game nya udah bagus tapi saya menemukan bug pada quest tutorial vehichle motor baru mengendarai motor beberapa meter tiba2 game nya force close tolong segera diperbaiki.,Wuthering Waves
iskandar iskandar,5,2026-01-24 19:39:56,nice,Wuthering Waves
Valents,3,2026-01-24 19:01:44,"Di lahai ro, banyak banget bug. Tiap mau nyelesain misi, game langsung crash, ga bisa gerak, terus tiba tiba keluar. Masuk lagi, nyelesain misi nya, crash lagi, apa coba yang salah. Kalo karena HP, udah android 15 masih ga kuat main nih game",Wuthering Waves
NOGAMIKA,5,2026-01-24 18:23:23,cakep,Wuthering Waves
GUSTIAN PARAGOL,5,2026-01-24 18:10:59,coba ada kalo ada subtitel indo,Wuthering Waves
dhevinajiewiguna,5,2026-01-24 16:40:34,"Grafik mantap Poll,the best dah. btw gw pindahan dari player ghensin :D",Wuthering Waves
Ken To,1,2026-01-24 16:35:38,sumpah ni game. ngelag kali. sudah lah ngeframe. padahal sudah capek capek download data. yah malah ngeframe}:(,Wuthering Waves
Bedegil,5,2026-01-24 15:48:56,mantap jir gk kayak genshin,Wuthering Waves
Morax,5,2026-01-24 14:45:02,absolute cinema game 🙌 💯💯💯,Wuthering Waves
Fifi Aulia,5,2026-01-24 14:18:16,thanks you untuk development dan yang buat game ini tapi sayang gak bisa dimainkan butuhkan wifi atau data yang banyak dan cepat dan lancar bahkan main game ini aja gak bisa satu pun dan akhirnya ku hapus gak main sia sia dowload dan nungguin main game ini Wi-Fi nya enak tapi game nya data nya berat dan butuhkan data banyak minta tolong diperbaiki data dowload nya masuk loading ku pencet gak bisa dan gak dibolehkan dari gambar nya dan sponsor game nya bagus cantik dan keren dan ganteng juga,Wuthering Waves
Xiaomi Baru,5,2026-01-24 10:40:12,"keren, developer ga pelit, banyak bansos, dan dengerin keluhan player, tiap update selalu ada gebrakan baru yang bikin ga bosen maen",Wuthering Waves
Maikel T,4,2026-01-24 10:36:08,"8s gen 4 on Poco f7, experienced frame drop on the Lahai Roi map even on old maps in v3.0. AND IT'S REALLY, REALLY, REALLY BROKEN. HyperOS 3/Android 16 is fine, but WuWa is BROKEN. Your previous game (PGR) has God-tier optimization, why is this younger sibling so bad? Please prioritize engine fix over visual updates! please listen to my INPUT, because if you do this continuously you could experience a decrease in TRUST from players, thank you.",Wuthering Waves
Saiful Riadi,1,2026-01-24 05:36:02,"update terus, nambah baik mah kaga......",Wuthering Waves
Robbi Albarez,5,2026-01-24 04:58:20,GIVE me subtitle BAHASA INDONESIA KURO... AKU CINTA KAMU KURO... PLEASE SUBTITLE BAHASA INDONESIA,Wuthering Waves
Igud Kehed3,5,2026-01-24 00:19:47,"so far so good selama gua maen, oh ya jgn lupa optimalisasi",Wuthering Waves
Muhammadukiah,5,2026-01-23 23:00:58,probabilitas kalah rate off sedikit,Wuthering Waves
林科余Delvin,5,2026-01-23 22:19:36,good game,Wuthering Waves
Zenon Spade,1,2026-01-23 22:17:23,"WW KENAPA GAME NYA MAKIN BURUK, ASTERIT MAKIN SEDIKIT SEKARANG DAPET DARI MAP NYA,SERING LAG,FORCE CLOSED BAHKAN NGE CRASH PAS MISI BALAPAN,DAN LAGI PENYIMPANAN MAKIN GEDE AJA 50GB TAPI KOK TURUN PERFORMANCE NYA 😮‍💨",Wuthering Waves
Albhani Rama F.Z,5,2026-01-23 22:12:04,game ramah tidak seperti kikir impack,Wuthering Waves
Pow Paw Piw Gaming,5,2026-01-23 21:44:32,"Kuro, please provide the Indonesian language.",Wuthering Waves
DICKY WAHYUDI,5,2026-01-23 21:08:26,kapan rilis bahas indonesianya,Wuthering Waves
Sariffuyey,5,2026-01-23 20:16:53,wuwa game baik terimakasih untuk gachanya,Wuthering Waves
Arif Rizki,5,2026-01-23 19:25:15,ABSOLUTE CINEMA,Wuthering Waves
Nathaniel Wu,4,2026-01-23 19:22:26,"makin lama makin berat, bayangkan, saya hape sudah ROG 7 saja dgn grafik yg medium masih bsa hang setiap Lgi naek motor di lahai roi... tolong dioptimasi, makin lama makin tidak mumpuni utk dimainkan",Wuthering Waves
Ibnu Fatihah,1,2026-01-23 19:07:17,"development g bener, g suport semua jaringan internet. masa iya cuman buat login doang g bisa, apa iya harus ganti jaringan biar lancar. tolonglah buat player betah, udh tertarik masa management aplikasi nya g optimal!",Wuthering Waves
The God Of War Mydeimos,5,2026-01-23 18:57:28,ILOVEYOU KURO GAMES,Wuthering Waves
Daffa Mahasin,3,2026-01-23 18:53:50,"plis Lah itu apalah masa setiap hari update ulang, kok bisa error gitu sih udah mah update ulang nya puluhan gigabyte Lagi parah emang geh, itu quest sering stuck / black screen error, gak bisa ngapa ngapain, padahal device bagus dan sinyal juga bagus, itu kenapa bisa error gitu.",Wuthering Waves
DHANI Ardiansyah,5,2026-01-23 18:22:41,mantab semoga menang selalu gacha nya,Wuthering Waves
Jil,5,2026-01-23 18:22:24,"cerita makin variatif, alur cukup menarik, gameplay nyaman dan bagus. side quest kualitas yang terbaik. hanya saja sayang akhir-akhir ini sering sekali force close",Wuthering Waves
Ahmad Mulk,3,2026-01-23 18:03:49,dulu saya pemain wuwa tapi semenjak kehilangan akun saya merasa kehilangan yang luar biasa🥀😞,Wuthering Waves
Dimazz AlAmin,5,2026-01-23 16:57:15,"UNTUK KALIAN YANG BILANG SISTEM GACHANYA JELEK KALIAN ADALAH BADUT YANG TERLALU MALAS,DAH KALIAN YANG BILANG GAMENYA TERLALU BERAT MIKIR YA BADUT MAKIN KEDEPAN MAKIN HARD LORENYA JADI BIASAKAN DIRI UNTUK TIDAK MENGELUH SAMA MASALAH GAMENYA,INI DAH TERLALU BAGUS DAN DEVNYA MASIH MENDENGAR KELUHAN PELAYER JADI JANGAN KARENA KALIAN BADUT YANG PEMALAS TERJADI MASALAH SAMA GAMENYA",Wuthering Waves
Zect,1,2026-01-23 16:56:51,bagus,Wuthering Waves
Bethween,5,2026-01-23 14:43:05,i luf ts game,Wuthering Waves
Duwik Dinar,5,2026-01-23 13:20:02,terimakasih sudah di perbaiki suka game nya,Wuthering Waves
Aldi Putra,4,2026-01-23 11:02:56,tolong kuro size nya kecilkan.. udah gak kuat ni HP ku😅,Wuthering Waves
Zoduee_dou,4,2026-01-23 10:00:37,tidak ada bahasa Indonesia,Wuthering Waves
Pengguna Google,5,2026-01-23 09:46:04,"jumpboat, bynk alasan",Wuthering Waves
Rakan Abdoel Qadir,5,2026-01-23 09:44:11,"Bagus tapi optimisasi buat mobile woi, ini ngelag banget anjir. masa dikit dikit harus pake config",Wuthering Waves
Ki Too,5,2026-01-23 09:33:11,gem nya sudah baguss dan grafik juga bagus cuma tolong kasih subtitle bahasa Indonesia dong 🙏🙏,Wuthering Waves
Game Only,5,2026-01-23 08:51:55,make the game can playable in PlayStation 4 or Ps4,Wuthering Waves
Farzan Elfaris,4,2026-01-23 07:51:57,lumayan lah buat gw yg memori nya hampir penuh masih bisa download ni game rispek cuman yaa.......gacha gw Cok ampas jirrrr🗿🗿 tolong naikan ke hokian gw jadi 100%🗿🙏,Wuthering Waves
Afrizal Dwi Nugraha,5,2026-01-23 00:08:44,bagus,Wuthering Waves
Atha Darmawan,4,2026-01-22 22:48:16,"ayo lah kuro, karakter ku udh bagus2 masa lgsg pensiun gini cuma dalam beberapa bulan, sekalinya update gede bener cok. coba di optimalkan lagi dong di chip menengah kaya Helio g99 dan yg setara, soalnya msh nabung nih buat beli laptop gaming",Wuthering Waves
Naruto Hinata Sasuke Sakura,5,2026-01-22 21:43:09,"Please fix the optimization, especially on mobile, many people and my friends retired because their devices were not strong enough, if you want players to feel at home, please optimize it.",Wuthering Waves
Kuro Auxenn,5,2026-01-22 21:25:33,game baik,Wuthering Waves
Irfan Ar,5,2026-01-22 17:05:31,game baik gachanya harum,Wuthering Waves
Muhammad Alfiansyah yusuf,5,2026-01-22 16:14:29,keren tapi tolong dong di kecil lagi ukuran file nya,Wuthering Waves
FITO Su,5,2026-01-22 16:10:24,phenomal game love it soo much,Wuthering Waves
Fakhruddin Ilyasa,5,2026-01-22 14:43:15,"seru game nya, dev terbaik selalu improve...please tambahin sub indonesia",Wuthering Waves
leye leye,5,2026-01-22 14:34:02,"event main kartu ngebug energi ku gak bisa nambah meski udah, ngorbanin kartu.",Wuthering Waves
danz sukagambar,5,2026-01-22 12:51:13,mantap,Wuthering Waves
Teguh Maulana,5,2026-01-22 12:29:21,gua suka para karakter cewe nya,Wuthering Waves
Prinz Eugen,1,2026-01-22 11:56:39,optimisasi nya jelek sama fandom suka mimpi basah dan pdf,Wuthering Waves
Hkl Ghifari,1,2026-01-22 11:51:55,tolong compiling shadernya crash padahal udh download lama bgt,Wuthering Waves
Imade Murtika,5,2026-01-22 07:57:43,i like it is perfect,Wuthering Waves
Sarah Maryanthi,1,2026-01-22 07:36:45,update nya gede,Wuthering Waves
Muhammad Atha Fathi,5,2026-01-22 06:32:19,"jujur gameplay nya bagus , story dan karakter nya sistem gacha itu paling menarik karena ada soft pity nya",Wuthering Waves
Siapa ?,5,2026-01-22 01:21:19,bagi kalian yang ngasih bintang satu karna karakter nggak bisa gerak minimal sadar diri hp kentang maksa main game berat,Wuthering Waves
dhani 93,2,2026-01-22 00:54:01,"update gede map baru yg kota ga bsa dijelajahi karna ngfrem apa lgi pass quest motor g bsa sama sekali tolong lah gw masih Mao maen ini masa kudu ganti hp dlu,padahal game sebelah masih pada aman aman ajh.",Wuthering Waves
Bar 147,4,2026-01-21 23:42:14,8s gen 4 ngelek cok gimana ceritanya,Wuthering Waves
gery a-z,1,2026-01-21 23:07:25,ancur lah versi baru crest,Wuthering Waves
suwun mas,3,2026-01-21 21:23:25,kapan nambahin subtitle Indonesia ya?,Wuthering Waves
Sen Re,5,2026-01-21 21:04:33,keren banget,Wuthering Waves
Mario Isme,3,2026-01-21 20:26:25,"dari game nya gw kadang masih bingung sama fungsinya, apalagi echo sama stats nya kalau bisa di biki lebih simple aja",Wuthering Waves
Reggie Rastadhia,5,2026-01-21 20:18:14,game gooner,Wuthering Waves
M. Ghiffari Zakka Wali,5,2026-01-21 20:10:06,"Best ARPG open world. Game ARPG open world gratis dengan playstyle battle karakter paling mewah saat ini, implementasi sempurna game sejenis ZZZ dan PGR yang dibawa ke open world sehingga memberikan kebebasan dalam battle yang tanpa batas. Kekurangan game ini cuma 1, memerlukan spesifikasi perangkat yang cukup tinggi agar bisa mendapatkan pengalaman bermain yang sempurna.",Wuthering Waves
ananta desu,5,2026-01-21 18:42:43,"Please add Indonesian language support (UI and Subtitles).""",Wuthering Waves
Madha Dante,5,2026-01-21 13:08:36,good,Wuthering Waves
13. Jeremy Fletcher,5,2026-01-21 11:37:51,"Aku udah kasih bintang 5, plis rate on aku ga mau nguli lagi",Wuthering Waves
Faisal malik,1,2026-01-21 08:31:25,"optimalisasi di hp sampah, lag banget pake nget nget nget",Wuthering Waves
Aryan Rizky P,5,2026-01-21 02:37:28,dev baik,Wuthering Waves
Ichsan Candra,5,2026-01-21 02:29:41,luar biasa,Wuthering Waves
Eurassia Enne Tuqyem,1,2026-01-20 20:39:46,Boo!! shame on you wuthering waifuslop waves 🤬,Wuthering Waves
Habibi Noveri,4,2026-01-20 20:25:33,"kenapa ya padahal waktu main bagus aja apalagi dapat karakter tingkat tinggi kayak tingkat SSR ADA 5,tapi waktu di update malah hilang apalagi harus ngulang dari awal dan pet naga tulang yang susah didapatin malah hilang balik ke karakter awal level 1 🥀",Wuthering Waves
Muhammad Wildan,1,2026-01-20 18:16:11,"tiap patch baru bug gak habis-habis nambah terus. sering crash, force close, karakter masuk ke tanah setengah badan, jalanannya goyang-goyang, dan masih banyak lainnya (terutama di lahai roi map). poco F7",Wuthering Waves
Bondon Kopet,5,2026-01-20 16:28:01,mantap,Wuthering Waves
Maou,1,2026-01-20 16:06:39,game sigma kasi b indonya dong 👿👿,Wuthering Waves
Hyasha Barin,5,2026-01-20 07:54:56,"ini merupakan game terbaik yang pernah saya mainkan selama ini, terutama dalam desain karakter, animasi pertempuran nya serta grafik nya yang begitu halus dan memukau, tapi sayang nya selalu ampas saat gaca",Wuthering Waves
agha Riyadi,5,2026-01-20 07:51:49,baguss,Wuthering Waves
Mrx nofan,5,2026-01-20 01:42:42,nicee,Wuthering Waves
Aldi Dalimunthe,5,2026-01-19 23:11:21,The best Game. My message is to pay more attention to the optimization team so players can enjoy the games you present. Keep up the good work! Thank you!,Wuthering Waves
Mylily Eyin,2,2026-01-19 21:18:33,segera tambahkan bahasa Indonesia,Wuthering Waves
Faris Ardiyansah (Moins),3,2026-01-19 20:23:23,lag after update in new patch,Wuthering Waves
Ali Akbar Rafael,3,2026-01-19 20:22:13,I'm crash on the driving tutorial mission.,Wuthering Waves
Salman Al - Farisi,1,2026-01-19 15:37:03,optimalisasi untuk mobile sangat sampah,Wuthering Waves
Chibi hassan,5,2026-01-19 14:40:58,"menang rate off 2x bjir prolo sama mornye, makasih ireng.... uwwooooggghhh!!!!!!",Wuthering Waves
• reza,5,2026-01-19 12:32:58,"good as always, thanks Kuro Team now waiting gabriel burial in PGR",Wuthering Waves
Iqbal Qutaybah,5,2026-01-19 12:18:20,"Tolong kalau bisa collab dengan anime seperti Naruto, Jujutsu Kaisen, One Piece, dll.",Wuthering Waves
Hary Ari,5,2026-01-19 11:01:27,best 😍🤪 game ever 2025 and 2026,Wuthering Waves
Umay Athallah,5,2026-01-19 09:58:12,Seru,Wuthering Waves
Ardhi Arya,5,2026-01-19 09:31:43,"jujur game ini selalu menemani saya di waktu luang, tapi sangat di sayangkan ukuran game ini terlalu over, hp saya sudah tak sanggup lagi, jadi mungkin next update saya akan pensiun. apalagi game ini sering freez, jaringan yang tidak stabil, mau di setting grafik seminimal mungkin tetap freez. saran saya adakan setting untuk lingkungan yang tidak bergerak, mungkin itu juga sangat mempengaruhi gameplay yang membuat hp semakin panas. terima kasih kuro, terus kembangan game ini... 🙏",Wuthering Waves
Ttata,1,2026-01-19 06:22:52,"Dari grafis ya udah bagus walau optimalisasi masih kurang, sayangnya tidak ramah sekali buat player baru, setelah dapat karakter 5 star baru tapi gabisa nyari material upgrade karakter karna harus mainin story dulu buat ngebuka wilayah.",Wuthering Waves
Ksatria Dirgantara Putra,5,2026-01-19 05:26:28,best,Wuthering Waves
Dzaky Alif Arkananta,1,2026-01-18 23:16:16,please fix force close problem,Wuthering Waves
Muhammad rizki,5,2026-01-18 21:44:48,"lag nyoo HP gw, tapi mana bahasa Indonesia nya",Wuthering Waves
Yescho AM2,5,2026-01-18 21:43:03,keren banget ini game asli.. enteng juga di settingan medium balanced 30fps di IQOO Z7 RAM 12GB,Wuthering Waves
Moonlight,1,2026-01-18 21:25:19,"dari awal rilis ini game di android optimalisasi nya payah banget kayak gak didenger keluhan pengguna, size nya juga bengkak gak ada fitus hapus story terdahulu",Wuthering Waves
Rifai Al fatal,1,2026-01-18 20:49:48,"Entah kenapa, sehabis download data, malah keluar dari game nya sendiri, aku coba masuk ke game nya lagi, sama aja, mungkin karna hp ku kentang jadinya keluar sendiri deh, aku jadi nggak bisa nyobain ini game.",Wuthering Waves
Aditia Indra,5,2026-01-18 20:34:07,tolong berikan sub indo karena sudah banyak player dari Indonesia,Wuthering Waves
Ibnutzy Ibnutzy,4,2026-01-18 20:25:23,bagsu tapi lag kalo update ngktak dikit size nya,Wuthering Waves
Haxxor,1,2026-01-18 19:27:36,game baru 2 tahun aja udah 50gb+ di mobile. tolong dong itu quest sama event terdahulu kasih opsional bisa di hapus biar storage tetep aman.. ga semua player mobile punya hape spek tinggi. jangan upate feature mulu tp storage ga di perhatiin sama sekali,Wuthering Waves
Starfall,5,2026-01-18 18:32:32,game baik ramah pemula sangat rekomen untuk di download 👍👍,Wuthering Waves
Bryan adams Wardhani,3,2026-01-18 17:56:39,kuro tolong dong di optimalisasi lagi habis update ini terasa banget masalah frame drop,Wuthering Waves
WALKER,5,2026-01-18 15:34:23,"tolong diperbaiki bug di quest tutorial mengendarai motor,dimana terjadi crash yg membuat keluar dari game",Wuthering Waves
Abdurrahman Marzuki,1,2026-01-18 15:18:21,"banyak kali bug untuk mobile, tombol serangan hilang saat kembali turun setelah terbang. fitur repair malah membuat semua data hilang dan harus download 40 GIGABYTE DARI AWAL sangat mengecewakan",Wuthering Waves
Aditya Ikhwanul Ikhsan,5,2026-01-18 15:11:10,"pliss kuro, aku mohon player mobile dan PC tolong ringankan game ini sehingga memperingan device saat bermain. aku yakin ketika game ini saat dimainkan device nya mendukung maka akan banyak yg main... jujur aku tidak terlalu menikmati saat bermain ketika mengalami frame🥲🙏",Wuthering Waves
Muhamad Rafli Ripaldi,1,2026-01-18 15:02:10,"tambahin bahasa Indonesia dong, infokan kalo sudah.",Wuthering Waves
VectoLogic,1,2026-01-18 14:22:56,ga stabil,Wuthering Waves
日本に行きたい,4,2026-01-18 13:29:00,the game is good and perfect. but please add an Indonesian translation feature. because not everyone can speak English,Wuthering Waves
Holy Heart,1,2026-01-18 13:06:15,"optimization nya sampah, gw main genshin udah size nya kecil lancar lagi",Wuthering Waves
Dara Dzakiya,2,2026-01-18 11:48:33,"bagus,tapi 52 GB gakuat anj..ga worth it",Wuthering Waves
Rendy Nelson Kailola,1,2026-01-18 10:54:23,ngestuck di main quest 3.0,Wuthering Waves
Hafizh Nur,4,2026-01-18 10:20:29,ini game nya kenapa si pas mau login malah keluar lagi dan lagi suka ngecras,Wuthering Waves
Jihan Jihan pratiwi,5,2026-01-18 10:02:21,bagus kak,Wuthering Waves
Wiramaha Dikarespati,5,2026-01-18 09:19:07,"game baik, bansos melimpah",Wuthering Waves
Kevin Jong,5,2026-01-18 08:50:41,dari segi story karakter itu bagus apalagi dari kualitas grafis mantap pokoknya,Wuthering Waves
Muhamad Fardan,5,2026-01-18 08:11:29,"well, i enjoy the story. even theres no Indonesian subtitle",Wuthering Waves
Bayuaji Satria Wijaya,5,2026-01-17 23:07:14,MAKASIH KURO DAH NGASIH MY BINI ( IUNO ) PLUS SENJATA SIGNATUR NYAAAAAAA😋😋😋😋😋🔥🔥,Wuthering Waves
Misaki Tennoji,5,2026-01-17 20:59:45,"Pliss Kuro Jangan Sering² Kasih Rate Off😭 Itu Aja, Terimakasih:)",Wuthering Waves
Atmajaya Atmadja,4,2026-01-17 20:29:38,"-1 bintang, terus semangat yak kuro, 1 bintang yang hilang ini adalah bagian optimalisasi nya, overall udah bagus tinggal optimalisasi aja sama bug-bug di mobile yang terlalu banyak",Wuthering Waves
mocha Zulfikar,2,2026-01-17 20:27:09,"aku suka konten game nya serius, cuma pas main langsung kayak, gak kerasa berat tubuh karakternya jadi sedikit-sedikit loncat sana loncat sini, terus terkessn kayak ngejar banget kecantikan sampai setiap scene tuh zoom in zoom out sementara emosinya ketinggal, dan naik motor jadi kurang nyaman karna ngutamsin visual cantik berkendara bukan ke kenyamanan, jadi yah aku suka game ini buat nonton kontenya tapi bukan buat mainnya langsung kecuali kalau pake controller",Wuthering Waves
IRGENDETWAS10,4,2026-01-17 20:02:18,"sejauh ini, ini game bagus banget dari segi mekanik dan juga story tapi menurut saya optimalisasi dari game ini masih kurang bgt jadi kadang masih frame drop dan patah-patah.Dan untuk game ini menurut saya sangat tidak cocok untuk yg hape nya dibawah snapdragon 835/mediatek G71 karena dapat meyebabkan lag yg sangat parah.....",Wuthering Waves
13_Maulina Rahma,1,2026-01-17 18:18:08,give male char a privilege,Wuthering Waves
Ahmad Ahlun najad,1,2026-01-17 18:10:42,"dalam kategori open world gamenya udah bagus tapi maaf aku kasih bintang 1 soalnya optimalisasi bug nya kurang cepet,terus kalo ada optimalisasi bug pasti harus download data lagi",Wuthering Waves
Yoseph Darren Esprayenuno,1,2026-01-17 17:14:42,"bencana 3.0, optimasi sangat buruk, size sangat besar dan berat",Wuthering Waves
Naufal Gacorr,5,2026-01-17 15:49:36,Add Indonesian language please 😭,Wuthering Waves
Christian Erwin,1,2026-01-17 14:26:59,"sebenernya game ini bagus, cuma lag nya itu loh yang bikin geram. setiap kali main tu selalu patah patah ketika lompat dan nge dash. padahal hp gua infinix gt 30 pro loh. yang ngebuat gak nyaman itu grafiknya, pilihan dan settingnya itu terlalu banyak dan ribet. pemain yang terbiasa dengan grafik lembuk kayak grafik nya genshin tu jadi gak nyaman kalo main wuwa. udah gitu map nya terlalu luas lagi, walaupun itu bagus cuma jadi nya males kalo eksplore. terlebih, game ini tidak ada bahasa indo",Wuthering Waves
Alzam Rabbani,5,2026-01-17 07:52:41,game baik,Wuthering Waves
M ASF,5,2026-01-17 07:22:37,"perfect, yang blg banyak bug, force close, signal, mslh login, fix hp klian kentang, mending main ff aja, jgn kasih ratting bintang 1 dikarenakan device klian yg bermasalah, mikir👍",Wuthering Waves
DiamondCrystal 717,1,2026-01-17 05:20:27,"saya mengalami bug force close pada tutorial quest tepatnya vehicle driving tutorial 1, tolong segera diperbaiki karena ini membuat saya jengkel",Wuthering Waves
Sepa Tegar Pradana GG,1,2026-01-17 00:18:38,"Sistem gachanya BURUKK, akun yang hoki terus terusan hoki yang gak hoki terus terusan gak hoki, punya dua akun soalnya yang satu hoki terus dari awal main, yang satu gak hoki dari awal main. Coba di buat acak sistem gachanya jadi jangan ada yang hoki banget dan buruk banget. Gamenya jg berat bgt dan story nya juga bukan yang bagus banget. Yang menurut ku bagus ada di combat sama design char aja sih",Wuthering Waves
Yuuuokeee,5,2026-01-16 23:58:34,"Please kuro give me mornye and aemeth please, cz im f2p and i dont have a good party",Wuthering Waves
Fakhri Asadel,5,2026-01-16 23:33:00,good and nice game. i love kuro games developer,Wuthering Waves
Muhammad Rezki,5,2026-01-16 23:03:30,Game baik.,Wuthering Waves
Sakura ID,1,2026-01-16 21:12:03,hilangkan tune break ganggu aja,Wuthering Waves
fadel muh,5,2026-01-16 20:58:52,"game nya sangat seruu, semoga aku mendapatkan augustaa",Wuthering Waves
Muhammad Mukarram,5,2026-01-16 20:08:11,"Tolong tambahkan subtitle Indonesia, di Indonesia lumayan banyak orang yang memainkan game ini.",Wuthering Waves
Abu Dzar Al Ghifari,1,2026-01-16 19:41:24,"gak ramah newbie f2p, gachanya busuk banget rate bohongan",Wuthering Waves
Yi Nian Ji,5,2026-01-16 19:15:05,"The game is fun, there is a lot of social assistance and the developer listens to what the players want and that is very good, but please optimize my cellphone, it is strong but often frames even though it meets the minimum specifications.",Wuthering Waves
hadi rosadi,5,2026-01-16 18:08:14,"game yang bagus dan cukup kompleks baik dari segi grafis maupun cerita, tapi saran saya harusnya dalam story utama sekali kali tokoh yang di tonjolkan itu karakter laki laki jangan karakter perempuan melulu.",Wuthering Waves
Tegar Nurfahrezy,4,2026-01-16 17:42:11,mantap GK terlalu kikir kyk ghensin 🗿,Wuthering Waves
Muhammad Harits,4,2026-01-16 16:03:27,"Gamenya bagus, keren, asik juga gameplay-nya. Tapi baru-baru ini dapet bug saat mau dialog sama NPC, tiba-tiba error layar tidak bisa dipencet, bahkan itupun tidak sedang berdialog, mohon segera diperbaiki walaupun ini jarang terjadi🙏🏻",Wuthering Waves
IMFC Channel,5,2026-01-16 15:56:32,3.0 grafik nya' bikin sakit Mata.. Nge blur.... tolong di optimalkan..,Wuthering Waves
praihan pratama,5,2026-01-16 15:35:48,"I hope this game can continue to be played by players who use unisoc chipsets, unlike genshin impact, players with unisoc chipsets are stuck in shaders and cannot enter the game world. That's my hope and that of other players who used to play Genshin and now move to this game even though we have top up",Wuthering Waves
Dimas Kurniawan,5,2026-01-16 13:58:13,mekasih,Wuthering Waves
MPP Channel,5,2026-01-16 13:03:05,Terima kasih NEXON telah membuatkan game sebagus ini,Wuthering Waves
alfa riski 27,1,2026-01-16 09:43:13,mana sistem 50/50 itu kuro? kenapa saya selalu kalah dan pity diatas 60? game gblog banget jing,Wuthering Waves
Nulfail Kun kun,5,2026-01-16 09:08:38,game mantap lah,Wuthering Waves
Trinity Suak,3,2026-01-16 09:08:14,"aku gak bisa menikmati game nya karena layar nya jadi hitam, gak ada gambar/ pemandangan nya. mulai dari loading screen sampai gameplay-nya blackscreen, palingan cmn muncul tombol ama teks doang tolong dev fix bug ini biar aku bisa main",Wuthering Waves
Ridzmal Sabtal,5,2026-01-16 07:31:29,goood,Wuthering Waves
Verrel Arya Wijaya,3,2026-01-16 04:04:55,tolong tambahkan fitur download data di layar belakang soalnya nunggu download nya lama banget,Wuthering Waves
Dyasta Shindo,5,2026-01-16 01:13:24,nice,Wuthering Waves
Yotti,5,2026-01-16 00:23:11,nyuruh adek gua pull dapet mornye gelo soft pity lagi emang game baik😍,Wuthering Waves
Rizqi,5,2026-01-15 23:33:15,ok,Wuthering Waves
Amura Keyto,5,2026-01-15 23:23:10,"benget si lein siga bool babi, geleh aing setiap maneh na ngomong ""ini wajib si ini wajib si"". eh bajingan te setiap jelma siga maneh bangsat, te setiap jelma bisa top up berjuta-juta siga maneh. wujab wajib benget sia Tah wajib di tajong ari ngomong maneh teh kudu rilet jeng jelma Free to win, maneh kudu siga player-player eta ulah ngagenah Ken maneh. maneh ngenah setiap rate off Haigh pity asterid beak tinggal ngagesek. ngenah maneh jujur hirupna tapi ngomong sangenahna wae.",Wuthering Waves
dermawan axel,5,2026-01-15 21:47:53,mantap,Wuthering Waves
Om Semant,5,2026-01-15 21:36:35,"semenjak topup, gacha gue ampas sengaja ya biar gue topup terus",Wuthering Waves
Silver Ash,1,2026-01-15 21:10:09,lose rate off,Wuthering Waves
adiarya saputra,5,2026-01-15 19:22:57,please lower the price of lunite at Wuthering Waves,Wuthering Waves
Reza Fernandez,5,2026-01-15 19:21:17,game baik dan bagus walau menyiksa hpku hehehe,Wuthering Waves
Doni Hafist,5,2026-01-15 19:05:54,game baik dan bagus,Wuthering Waves
Zalika zaka,1,2026-01-15 18:46:20,ada bug stak dan leg kadang force close juga di vehicle driving tutorial tolong ya di perbaiki... kalo sudah di perbaiki ulasan akanku ganti,Wuthering Waves
Akhmad Raffi,5,2026-01-15 18:13:58,mantepppp kuroooo,Wuthering Waves
Dani Cahyanugroho,5,2026-01-15 18:01:35,"Hopefully it becomes the number 1 game, and doesn't forget the phone players.",Wuthering Waves
Rayyan furry,3,2026-01-15 16:41:20,apakah akan ada wuwa cloud atau semacam nya?,Wuthering Waves
Uryuu San,5,2026-01-15 16:39:50,"bagus, tapi gak ramah untuk hp 🥔",Wuthering Waves
クンアサヒ,5,2026-01-15 16:05:31,makacih kuro ><,Wuthering Waves
Fasaha Kiana,5,2026-01-15 14:57:50,mantap kurro,Wuthering Waves
Reyhan Abyzar,5,2026-01-15 14:06:03,Mantapppppp,Wuthering Waves
Rey Vano,3,2026-01-15 13:44:33,"mantappp , setelah bilang gini entah kenapa jadi jarang hoki 🥲",Wuthering Waves
Maryama Maryama,1,2026-01-15 13:20:17,gem yang bagus semangat untuk kuro tolong op timal kan penyim paman plis semoga di dengar,Wuthering Waves
Eko Susanto,1,2026-01-15 12:23:16,"kikir anjir, sia2 login tiap hari nguli, spend lunit subscription",Wuthering Waves
Mhmd_ Zuhron,1,2026-01-15 11:29:47,baru main udh rate off,Wuthering Waves
Felia Aulia,5,2026-01-15 11:16:07,"Game nya bagus banget, grafiknya juga gk main² lebih bagus lagi di kasih sub indo biar lebih ngerti yang gk bisa bahasa English",Wuthering Waves
MrX Whisky,5,2026-01-15 10:39:52,"ini game bagus,setiap patch/versi pasti ada hal baru yang dimasukan,ya pokoknya Dev dari game ini selalu mempermudah para pemainnya, mau dari segi fitur ataupun gameplay sangat mudah untuk dipahami dan setiap masing-masing karakternya punya hal unik,terus lebih bagusnya lagi,kita sebagai pemain gak harus nge gacha setiap karakter baru yang rilis! jadi terserah kepada kita,yah pokonya ini bagus banget! kalau mau tau sisanya yah coba install dan mainin aja👍",Wuthering Waves
Koizo,1,2026-01-15 10:16:48,bau bgt main ni game,Wuthering Waves
Maxi Lakaba,5,2026-01-15 09:53:43,Game terlalu baik nda sama kyk sebelah,Wuthering Waves
muhammad albi,5,2026-01-15 09:43:57,mantappp,Wuthering Waves
Rizky Pramana,5,2026-01-15 09:16:05,"makasih mas kuro, tolong gacha ku di kasih makin wangi lagii",Wuthering Waves
Nur Fajrul Chamdani,5,2026-01-15 09:09:08,"bagus, tapi bisakah menambahkan bahasa Indonesia supaya saya bisa menikmati story",Wuthering Waves
Ibnu Falah A,5,2026-01-15 09:03:04,mantap man,Wuthering Waves
Arbil Jam an,5,2026-01-15 09:02:26,gamebaik 🥰🥰🥰🥰,Wuthering Waves
Alhaska Ammar,1,2026-01-15 07:56:06,Game Kurang Optimal di perangkat mid end,Wuthering Waves
UBAY OFICIAL,3,2026-01-15 04:56:25,memori ku belum penuh tapi notif download datanya penuh,Wuthering Waves
Rahman Gege,5,2026-01-14 23:59:36,Ok,Wuthering Waves
Rahmad 245,5,2026-01-14 23:05:15,Bgus dari segi grafis dan pertempuran saya sebagai pemain tolong lebih d realistis kan gambar agar lebih hd,Wuthering Waves
Fitto Mufid,5,2026-01-14 22:47:44,sangat gachoer dan wangi char sayah disini,Wuthering Waves
Agus Sudarma,5,2026-01-14 22:28:04,"mendengarkan pendapat dan saran dari player serta perkembangan yang sangat bagus, semoga sampai kedepannya tetap jadi game yang stabil",Wuthering Waves
Zein Fauzi Sahil,5,2026-01-14 20:06:15,game awak,Wuthering Waves
Ahmad_LacKer,3,2026-01-14 19:54:08,hp spek menengah agak berat bahkan rata kiri terlalu ancur texturenya kalo bisa dibagusi lgi agar yg spek menengah bisa menikmati agar tambah minat pemain.,Wuthering Waves
••,1,2026-01-14 19:04:31,tolong dong ada fitur hapus data quest yang udah selesai dan plss ini udah 50 GB annn,Wuthering Waves
Made Juminten,3,2026-01-14 18:55:41,"Ga cocok buat hp kentang, memorinya harus banyak, setiap patch update harus sedia wifi, bejibun 30~50gb. Kalo main, sudah jelas dimanjakan mata dgn grapik rata kanan, tapi tetap bikin hp panas padahal baru di loading screen aja. Dari Gameplay itu mekanisme seru dan mudah dipahami. Event banyak yang mempermudah player claim hadiah, bukan puzzle dan ada tombol skip dialog. dari v.1~v2.9 Sejauh ini sy ga bisa lanjut, harus tunggu beli device baru. Untung ga kebeli skin Zani, dah ga bisa main lagi.",Wuthering Waves
Raii X Kotomi,4,2026-01-14 18:01:02,geme nya sih bagus dan juga seru tapi saya kasih bintang 4 karena minus nya jaringan pas pake wifi sering error lag tolong kuro geme optimalin lagi jaringan nya padahal jaringan saya lancar lancar aja saat bermain geme lain udah itu aja sih keluhannya terimakasih tolong di optimalkan🙏,Wuthering Waves
ULTRAMAN,5,2026-01-14 16:27:45,game nya bagus cuman ga ada bahasa indonesia jadi kurang buat nikmatin storynya,Wuthering Waves
Alpin •,5,2026-01-14 15:34:39,WOW,Wuthering Waves
Dwifa Yuda,1,2026-01-14 11:05:10,pensi karena update 3.0 ga ngotak😔,Wuthering Waves
Ristopan Safitri,5,2026-01-14 10:40:20,"mohon perbaiki bug misi driving tutorial, eror mulu, kasian yang mau beresin misi nya harus muter balik dulu baru bisa beres bug nya",Wuthering Waves
Nina Wulan Lestari,1,2026-01-14 10:03:45,"sayang sekali, tidak bisa dimainkan di device kentang",Wuthering Waves
Muhammad Ardi,1,2026-01-14 09:58:23,update baru banyak bug. gk di pc gk di hp sama,Wuthering Waves
Zephyr 01,5,2026-01-14 09:33:24,game baik dan bagus,Wuthering Waves
Raiden Shougun,5,2026-01-14 08:36:29,game baik,Wuthering Waves
Cristhovel Runtunuwu (Ovel),1,2026-01-14 08:10:54,game bagus tapi sayang ga pernah optimal saat main. tiap update harus re instal dan ubah2 setting grafik,Wuthering Waves
Khansa Qais Fernanda,5,2026-01-14 07:01:50,game baik,Wuthering Waves
Ihtiar Mubarak,5,2026-01-14 03:06:44,mantap,Wuthering Waves
drian,5,2026-01-14 02:21:38,"optimalisasikan lagi, sebelum update lahai roy lancar + stabil wlau cmn dpet 40fps tapi visual juga bagus, nah sesudah update berat bnget walau dah disable total shadow dll juga intinya OPTIMALIN LAGI",Wuthering Waves
Mara Chan,5,2026-01-13 23:36:35,🙂,Wuthering Waves
Garry Ramdhani,5,2026-01-13 23:15:22,i lop this game,Wuthering Waves
Zafrans Wijaya,5,2026-01-13 22:35:51,"ramah free to play,banyak ladang,topp",Wuthering Waves
Ahmad Tsaqif,5,2026-01-13 22:00:42,singkat saja... I love this game,Wuthering Waves
Rditya Raffi,5,2026-01-13 21:37:38,dah mentokin di 50gb aja penyimpanan nya kuro klo di lebihin bisa²pada ga kuat device nya,Wuthering Waves
Hafiza,5,2026-01-13 19:50:00,DROP ANOTHER PLAYABLE MALE CHARACTERS PLEASE 🥺🥺🥹🥹,Wuthering Waves
AlGhazali XD,5,2026-01-13 18:48:47,BEST DEV EVER!!,Wuthering Waves
akmal priatamvan,5,2026-01-13 17:58:55,game baik,Wuthering Waves
風のように,5,2026-01-13 17:43:14,mantul,Wuthering Waves
apalah ini,1,2026-01-13 17:31:53,"balikin visual canta kaya awal rilis sama rating 15+ nya, bocil ngapain main wuwa",Wuthering Waves
Zakaria Junior,5,2026-01-13 17:17:57,"Jujur awalnya ngira bakal nge-lag mainin ini game di device ini, tapi ternyata ini game punya optimalisasi yang wah.",Wuthering Waves
Muhammad Alfayas Darmansyah putra,5,2026-01-13 14:55:29,game nya bagus #chisa my bini,Wuthering Waves
Dodi Noval,5,2026-01-13 13:52:51,game ini sangat cocok untuk pencari wife dan para karbit,Wuthering Waves
cj,5,2026-01-13 13:09:37,saya menaruh rasa hormat sedalam dalamnya buat pihak developer trimakasih karna suda bekerja membuat map yang luar biasa trimakasih sedalam dalamnya,Wuthering Waves
LEMONY ZERO,2,2026-01-13 08:35:44,padahal cuma main lewat cloudmoon tiba tiba ke banned,Wuthering Waves
Zen Din AL Harits,5,2026-01-13 07:05:01,thaksss kuroooo,Wuthering Waves
Ilham PR,5,2026-01-13 06:01:30,W Kuro!!!,Wuthering Waves
Frida Ciprut123,5,2026-01-13 03:39:40,game baik,Wuthering Waves
Vadhilah,2,2026-01-13 02:23:17,"sementara aku kurangi bintangnya. patch 3.0 ini parah sekali optimalisasinya, di mobile sering frame drop, sebelumnya gak seperti itu.",Wuthering Waves
Ale Xeno,5,2026-01-12 23:33:23,mantap,Wuthering Waves
Ryosuke Ryota,1,2026-01-12 22:54:01,"Please help, I still lag when fighting monsters and this happens very often 🥲",Wuthering Waves
Alfredfransiscosinaga Sinaga,5,2026-01-12 22:52:00,pleaseee..INDONESIA LANGUAGE,Wuthering Waves
Rizki Musthofa (Rizki),4,2026-01-12 21:55:41,"kualitas visual mantap, music BANGER, story agak kurang lah, sejak companion quest di hapus main storynya agak kurang jadinya",Wuthering Waves
M.Risky Saputra,5,2026-01-12 20:24:03,"gamenya bagus dan tentunya ramah untuk f2p. tapi tolong lebih cepat dalam optimalisasinya, karena jadi tidak bisa menikmati game yang bagus ini",Wuthering Waves
ri co,2,2026-01-12 19:37:36,banyak bug. kadang kualitas bermain di beberapa tempat menurun karena lag.,Wuthering Waves
Rakha Fayrooz Haq,5,2026-01-12 19:25:17,"enjoyable, dan saya sebagai pemula memiliki pengalaman bermain yg baik. Karena player f2p seperti saya dpt 3 char + signature hanya dalam sebulan",Wuthering Waves
Edy Edoel,5,2026-01-12 19:21:50,The BEST GACHA Game ever!!!,Wuthering Waves
Ismail Kerzy,5,2026-01-12 18:56:31,I Hope Kuro Give banyak fitur² Sesuatu yg bisa dilakukan lagi ketika mode coop agar tidak memberikan nuansa bosan. ada bagusnya bila ada kesulitan ekstra (Meningkatnya Union Level) di coop mode Untuk Meningkatkan REWARD Yang didapatkan Overall Tiap update Absolute Cinema Banget 👍,Wuthering Waves
johe,5,2026-01-12 18:34:41,makasih kuro udah bikin wuwa,Wuthering Waves
Luchife r,5,2026-01-12 18:30:18,kasih Xy gratis lagi doang aku ketinggalan please kuro,Wuthering Waves
ZinnnTM,5,2026-01-12 18:20:15,"Please Kuro tambahkan bahasa Indonesia agar lebih di mengerti, dari segi gameplay sudah bagus, tapi karena ada yang kurang tidak ada bahasa Indonesia, semoga kedepannya di tambahkan bahasa Indonesia.. Terimakasih",Wuthering Waves
RCYΛL,5,2026-01-12 18:18:33,jujur gamenya seru tapi tolong untuk kualitas grafiknya di perbaiki lagi tolong tambahin pengaturan grafik lanjutan agar bisa menurunkan kualitas resolusi dari tekstur alam/map nya karna kualitas grafiknya terlalu tinggi jadi membuat gameplay menjadi lag walaupun sudah grafik low,Wuthering Waves
Raden Siswo,5,2026-01-12 18:18:00,Sinyal AXIS bapuk banget!!!,Wuthering Waves
Bashar,5,2026-01-12 17:21:44,"gacor, tpi kasih bahasa Indonesia plis kuro, biar gk terlalu pusing pas quest",Wuthering Waves
Sopia Latjuba,4,2026-01-12 17:13:46,banyak kali makan GB jir tapi game nya bagus tolong tambahkan bahasa indonesia min capek pake otak pas pengen baca cerita,Wuthering Waves
Rangga Adityaa,4,2026-01-12 16:24:23,"gada subtitle bahsa Indonesia tolong adakan, dan tolong optimalisasi",Wuthering Waves
Dendy Saputra,5,2026-01-12 15:45:20,akhirnya ketemu juga game yang cocok buat gw. buat daily ga perlu makan waktu banyak jadi masih bisa main klo lagi sibuk kerja. ga nyesel sih top up di game ini karena sesuai apa yg di dapet sama waktu dan uang yg gw keluarin. gameplay dan mekaniknya juga bagus dan ga bikin bosen. apalagi design 3D karakter nya sesuai sama Splash art. graphic nya ga ada lawan udah kaya game Triple A klo main lewat PC. klo main di hp buat daily aja masih aman. terakhir Optimasi tlng di tingkat lagi thank's,Wuthering Waves
Anda,3,2026-01-12 11:44:42,"min, pas di misi ""Vehicle Driving Tutorial"" kenapa layar gw ngefreeze ya min? gk pernah saya sekalipun ngefreeze kyk sekarang, udah coba login ulang masih sama juga, tolong di fix ya min",Wuthering Waves
Tiwul Jelek,5,2026-01-12 10:50:55,keren,Wuthering Waves
24. M. Nazriel Rizky,5,2026-01-12 08:29:41,mantapbang kuro,Wuthering Waves
Riyan Albiansyah,2,2026-01-12 06:37:11,"I'm really bored with this game, are they really focusing more on females than males? Dude, do you want to make a feminine game? You should add that genre to your game categories.",Wuthering Waves
Sheva AR,5,2026-01-12 00:59:08,"mantap gamenya, story bisa di skip sangat mempermudah player yang memang tidak punya waktu banyak main game. saran untuk animasi print, jump, dan dash lebih di improve. karena dari awal 1.0 sampai sekarang anime nya masih terlihat kaku menurut saya.",Wuthering Waves
Andy Sofyan,3,2026-01-11 23:38:09,"ini kenapa saya sekarang sering force closed ya, setelah update lahairoi, device saya infinix GT 20 pro, sblm update lancar"" saja",Wuthering Waves
Aldi Nurrohmandii,5,2026-01-11 23:19:54,Thank kuro,Wuthering Waves
Kayaysa Kamila,5,2026-01-11 22:59:44,gem baik,Wuthering Waves
ARP,5,2026-01-11 21:26:21,ini game absolute cinema cukk story visual apalagi main ni game rata kanan behh grafik ny memanjakan mata bet mungkin,Wuthering Waves
Pablo Yùzúrü,5,2026-01-11 20:50:31,untuk karakter sangat baik tapi kalo bisa untuk download nya bisa dikecilkan gak🗿,Wuthering Waves
Usui Miyu,1,2026-01-11 20:48:05,"misi melawan cacing gak ada Seve zone nya, gagal mulai dari awal. membosankan!",Wuthering Waves
Reza Nurrahman,1,2026-01-11 20:37:02,"penanganan costumer servicenya terlalu parah, meminta diskusi sehat saja dijawab hal yang sama berulang-ulang, mengecewakan.",Wuthering Waves
Wahyu,3,2026-01-11 20:15:26,sebagai pengguna handphone masih sering stuck saat melakasanakan tutorial vehicle 1. tolong segera diperbaiki 🙏,Wuthering Waves
Al Ga,5,2026-01-11 20:14:51,Could you add Indonesian language? We Indonesians are having a little difficulty in doing quests and events in the game. I hope you can consider adding Indonesian language in the game. Thank you.,Wuthering Waves
Muhamad Fachry Alfadilah (FrinnTzy),5,2026-01-11 19:37:29,good game,Wuthering Waves
Kayu Manis,5,2026-01-11 19:11:59,"game nya bagus,tpi maaf kuro,device saya sudah tidak kuat buat wuthering waves,,,,,",Wuthering Waves
rifki anggara,5,2026-01-11 18:23:56,keren,Wuthering Waves
Agus Wahyu,5,2026-01-11 18:15:35,mantap,Wuthering Waves
Bilqis Amelinski,4,2026-01-11 17:59:36,"gamenya bagus, hanya saja selalu ada kendala lag parah dari jaringan padahal saat bermain game sebelah tidak lag parah seperti main wuthering. tolong diperbaiki lagi yah😁🫰🏻",Wuthering Waves
robert wijaya,2,2026-01-11 17:15:30,honestly I love the game but looking at the current size... I couldn't play anymore 😭😭 43 GB for basic download just too big,Wuthering Waves
Barnabas Manullang,5,2026-01-11 16:16:24,"Best game, the event is also very good and the chances for gacha are not stingy",Wuthering Waves
azizah nur,1,2026-01-11 15:57:38,"boong bgt jir aku udah main selama seminggu, ga ada tuh 93 free pulls",Wuthering Waves
Sopiyullah 03,5,2026-01-11 14:54:05,mantap,Wuthering Waves
Shoutin Yuwaffiq,5,2026-01-11 14:52:42,the best,Wuthering Waves
Franklin,5,2026-01-11 13:53:38,mantap,Wuthering Waves
Arya Arya,5,2026-01-11 12:05:27,"game nya keren min, gak ada rencana buat sistem cloud min hehe",Wuthering Waves
Fikri Muzaki,5,2026-01-11 11:24:53,w game,Wuthering Waves
Aurora Azzahra,5,2026-01-11 09:46:09,"aelaa, gw download se abad ga selesai-selesai dan akhirnya... yapp -- ga ke download, tapi sumpa ini mah bagus si ya 😋 aku pakai hp ip nya kakakku, dan pas ku download si bagus sumpaaa, kya walau ga selamanya aku dipinjami hp! tapi aku syukaa",Wuthering Waves
Raja Rajaardian,5,2026-01-11 09:31:21,terimakasih buat developer karena game ini saya lebih bahagia,Wuthering Waves
Arche Arche,5,2026-01-11 09:29:05,bagus nya cuyyy dadi seni grafik dan lain-lainnya 😎👍mantap,Wuthering Waves
Malik IL,5,2026-01-11 06:24:02,game terbagus,Wuthering Waves
Rain Boy,5,2026-01-11 04:19:37,"I find this game rather displeasing due to the extent to which it evokes tears or at least brings me to the brink of tears. I have lost count of how many times I have revisited certain segments of the game on YouTube, resulting in this reaction: '✋😐🤚'.",Wuthering Waves
Raihasya,4,2026-01-11 01:27:15,"udah update ver 3.x jadi gk optimal gini, patcj kemarin² pdhal lancar aja",Wuthering Waves
Azka Maulana,5,2026-01-11 01:27:13,"KURO GAME, PLEASE.... AD BAHASA IN THIS GAME, I BEG YOU.... 😭😭😭😭",Wuthering Waves
Rival,5,2026-01-10 23:33:17,good,Wuthering Waves
Muhammad Zainuri,5,2026-01-10 23:17:25,great story,Wuthering Waves
Farhan Alfarisi,5,2026-01-10 21:09:33,tambahkan bahasa Indonesia,Wuthering Waves
Eka Hendra,5,2026-01-10 20:55:20,"game yg sangat bagus, tapi terlalu membutuhkan penyimpanan yg sangat besar",Wuthering Waves
ShinoAk1,4,2026-01-10 20:05:59,kok g ada subtitle indo?,Wuthering Waves
Fauzan S,5,2026-01-10 19:17:33,gas keuuun,Wuthering Waves
Ivan Mahesa,3,2026-01-10 11:40:44,"Tolong untuk Developer sizenya mohon diperkecil sedikit, untuk 50gb itu terlalu besar, mohon dongg🙏🏻🙏🏻🙏🏻🙏🏻",Wuthering Waves
Tensai Kayo,5,2026-01-10 11:30:40,good game,Wuthering Waves
valentino rifqy,1,2026-01-10 09:31:12,"kasih bintang satu karena udah capek² grinding buat starter gacha malah tidak dapat character yang diinginkan, udah makan memori banyak, gacha dapat ampas mulu.",Wuthering Waves
Muhammad Dhimas Eko Wiyono,2,2026-01-10 09:16:48,your game optimization is trash,Wuthering Waves
Lavaca Saturno,5,2026-01-10 09:05:42,bagus,Wuthering Waves
Ahmad Rizki Pratama,5,2026-01-10 05:27:44,"game terbaik, cuma ada sedikit bug di quest tutorial riding pas melewati lingkaran yang berwarna emas. tolong di perbaiki bug tersebut.",Wuthering Waves
Rendi Cihuy,1,2026-01-10 03:31:47,ini bug nya gimana sih misi yg naik motor itu yg harus ber lindung di bangun nanruntuh pas lawan monster cacing yg lagi ngamuk udh pencet bosst gak nyampe yampe,Wuthering Waves
Reihan Nabhan Azhar,5,2026-01-10 00:17:57,This is the best mobile game i ever try!,Wuthering Waves
Ferro,3,2026-01-09 22:47:11,Crash on poco X6 pro medium grapics,Wuthering Waves
Abghiii,5,2026-01-09 22:28:41,game baik,Wuthering Waves
Nanggala yudha Kurnia sandi,5,2026-01-09 22:17:29,favorit game,Wuthering Waves
Rendy Jay Ramdhani,5,2026-01-09 22:12:47,kenapa ga bisa masuk di gamenya?? pdhal kmren² bisa,Wuthering Waves
Koi Zamba,5,2026-01-09 21:54:20,kerja bagus,Wuthering Waves
Kim Kim,5,2026-01-09 21:42:34,このゲームはとても良いので、見逃さないでください。なぜなら、このゲームは無料だからです。,Wuthering Waves
Eko Andrymawan,5,2026-01-09 21:06:14,tolong dong min sediakan teks bahasa Indonesia nya. overall ini game udah bagus. 🙏,Wuthering Waves
zulmi salam,1,2026-01-09 20:42:55,terlalu besar ukuran download nya 47GB,Wuthering Waves
༺_BINTANG_༻ -,3,2026-01-09 20:35:28,tex indonya mana 🤔,Wuthering Waves
Muklis Junaidi,3,2026-01-09 18:45:51,"Developer baik🥰 [edit] update lahai roi ngeleg bgt edan🗿 ping kayak pelangi merah kuning hijau, emang chipset ku Helio g100 cuman sebelum ke lahai roi gak separah ini, masa dapet 8 fps wey, tolong di apain lah biar gak apa kali",Wuthering Waves
Nu Pea,3,2026-01-09 18:15:13,game nya seru cuma gak ada bahasa Indonesia nya jadi gak ngerti dari segi ceritanya kalo ada bahasa Indonesia kan enak mainin nya juga moga aja nanti ada,Wuthering Waves
abdi afdillah,5,2026-01-09 17:32:34,gg gemink mantap,Wuthering Waves
THE sun,1,2026-01-09 13:38:35,update nya gak ngotak 55gb,Wuthering Waves
Bayu Mardiansyah,5,2026-01-09 11:43:42,bagus gilak,Wuthering Waves
F san,5,2026-01-09 10:26:42,"Kuro Games emang ga pernah ngecewain di setiap game yang Kuro buat emang bagus banget, grafik, fighting, gak lupa karakter karakternya juga (mwehehehe 😁), tapi tolong dioptimalin ya soalnya makin di update makin berat gamenya, kalo udah aku nilai 💯🔥🔥",Wuthering Waves
Ikhmal Ihsan,5,2026-01-09 10:20:26,sangat mantapp ni game,Wuthering Waves
Fariz AlHakim,5,2026-01-09 08:46:03,"suka banget sama game yang seperti ini, cuma ini game tidak support bahasa Indonesia. tolong pihak developer menambahkan bahasa Indonesia.",Wuthering Waves
Eldo Pradikdo,1,2026-01-09 03:29:18,"open game force close, open again and force close in lahai roi map. my device dimensity 6080 set all low, this game not for mobile.",Wuthering Waves
Rahmat Baddu,3,2026-01-09 00:20:29,"tolong untuk size gamenya di perhatikan tolong di kurangin dikit, untuk bugnya jga di perbaiki saya pake snapdrgon 8s gen 4 fpsnya kadang drop ke 10, tolong yah papi kuro di perbaiki. terimah kasih",Wuthering Waves
Eka Maulana,5,2026-01-08 23:56:28,gamenya seru bgttt,Wuthering Waves
Rafif Hasibuan,5,2026-01-08 23:29:25,mantap,Wuthering Waves
Vgl Official,1,2026-01-08 22:45:07,gapernah menang rate off game jelek,Wuthering Waves
Egi Putra p,5,2026-01-08 22:40:42,"seru game nya mekaniknya baru, tapi sayangnya blom ada bahasa Indonesia",Wuthering Waves
Clod4,5,2026-01-08 21:20:45,"kuro games kenapa gacha 50/50 hard pity mulu, kasih lah pity low ,selain itu absolute cinema",Wuthering Waves
Shahlala,5,2026-01-08 19:30:05,w game,Wuthering Waves
davaa,1,2026-01-08 18:28:35,"3.0 banyak bug, hp gw force close mlu, sebelumnya hp gw kuat rata kanan maen dengan lancar tapi setelah 3.0 jadi force close map ngebug sinyal jelek",Wuthering Waves
Hilarius Salvador Rao,5,2026-01-08 18:09:48,"ini game gilaaa.. keren parah!!! tapi please bahasa Indonesia nya dong di adain, pleaseee.. gua player baru, kalo diadakan bahasa Indonesia nya gue top up banyak deh, janji gue",Wuthering Waves
Rido Afianto,1,2026-01-08 14:29:46,👎⚠️,Wuthering Waves
Hengki Gifari,1,2026-01-08 12:55:59,game jelek,Wuthering Waves
Mas Kajess11,5,2026-01-08 11:42:18,"You are the best game developer kuro, i like you, i love you kuro, keep up the spirit kuro gamess🥰🥰, ""big fan of kuro games""",Wuthering Waves
mohammad nazrul,5,2026-01-08 11:29:09,best game ever but not Malaysia or Indonesia spenk btw😅😅,Wuthering Waves
Alvin Alvian,5,2026-01-08 11:26:20,seru,Wuthering Waves
Honey Bun11,5,2026-01-08 09:35:40,"game bagus so far, yang ngeluh lag main di laptop dan gajinya bapakny dibawah 10juta perbulan",Wuthering Waves
Apandi Mardiansyah,5,2026-01-08 07:48:01,Disini saya menemukan my kisah,Wuthering Waves
Maulana lana,1,2026-01-08 06:49:08,update ke 3.0.1 banyak bug nya. tolong perbaiki. saya pengguna mobile,Wuthering Waves
Muhammad Arfin,5,2026-01-08 06:21:15,"kuro tolong perbaiki lahroi misi motor selalu lag, tolong perbaiki ketidak nyamanan ini",Wuthering Waves
Randy Sayfulloh 16,4,2026-01-08 05:54:46,untuk game udah sangat bagus jalan cerita juga menarik grafik juga bagus tapi tolong dong tambahin bahasa Indonesia agar player Indonesia bisa memahami alur ceritanya dengan baik,Wuthering Waves
Raizaka Kurosora,1,2026-01-08 02:07:54,respon chat balasan di official website lambat ataupun lewat Gmail,Wuthering Waves
stok,5,2026-01-08 02:04:11,good,Wuthering Waves
Boymin Clasher32,5,2026-01-07 23:42:04,Seru,Wuthering Waves
Allski Tujuwale,5,2026-01-07 23:05:19,FAV GAME!!!! THE BEESSTTTT!!!!!,Wuthering Waves
muhammad hilman pratama,5,2026-01-07 21:35:56,game baik,Wuthering Waves
Radit Putra,5,2026-01-07 16:58:24,game kikir map dikit update dikit banyak bug kurang bansos,Wuthering Waves
Jeffan,5,2026-01-07 16:28:45,minta zhezhi,Wuthering Waves
JULZ kris,3,2026-01-07 15:38:09,game nyaa baguss tapi bahasa nyaa tolong ada in bahasa indonesia nyaa,Wuthering Waves
Codename - Kyoro,4,2026-01-07 15:21:27,Nice,Wuthering Waves
Leon KURAP,5,2026-01-07 15:08:00,bagus banget game nya,Wuthering Waves
Shafwa Khairinnisa,5,2026-01-07 14:00:45,sangat keren,Wuthering Waves
Rusman Lesmana,5,2026-01-07 13:34:24,"game ini sangat baik sekali, pliss kuro, signature cartheyia ku belum pulang udah pity 40😭",Wuthering Waves
NAFIS GAME,5,2026-01-07 12:42:03,"i love this game , good job kuro ,nice game",Wuthering Waves
game - game seru bagi aku,1,2026-01-07 08:36:26,berat banget tolong di optimalkan lagi,Wuthering Waves
BlackBoy,5,2026-01-07 08:19:31,Nice,Wuthering Waves
Amier Mb,2,2026-01-07 06:27:46,"gacha ampas, motor suka ngebug",Wuthering Waves
Muhammad AlFAIZ,3,2026-01-07 04:58:42,"Saat login dengan WiFi tidak bisa, malah force close dan harus menggunakan data seluler terlebih dahulu, tapi untungnya masih bisa dimainkan menggunakan WiFi, bermasalah saat login saja, tolong masalah ini difix segera",Wuthering Waves
Galih Pratama,5,2026-01-07 03:04:39,such a great game!! i have no comment for this game,Wuthering Waves
Alfin Marisa,5,2026-01-07 02:08:17,sangatlah bagus,Wuthering Waves
Harianto Lim,2,2026-01-07 01:07:34,"perbaiki gamenya.. game nya ngeframe parah semenjak update map baru, fps drop terus,susah untuk bermain explore doang dan main daily jadinya, perbaiki masalah ini segera",Wuthering Waves
。.゚*・ ゚Cel,5,2026-01-07 00:17:30,one hard,Wuthering Waves
Sanny New email,5,2026-01-06 22:30:44,"udah bagus min, tapi kurang sub bahasa Indonesia aja 😊",Wuthering Waves
Arief Nurcahyono,5,2026-01-06 22:12:48,mantap sekali,Wuthering Waves
Marni Chania,5,2026-01-06 22:05:36,excellent,Wuthering Waves
03_Bintang shafa pratama,5,2026-01-06 22:01:14,seru banget,Wuthering Waves
Gilberth Silalahi,5,2026-01-06 21:52:03,5 star di 10 roll pertama,Wuthering Waves
Red Magic,4,2026-01-06 21:31:56,Gamenya bagus. tapi kenapa suka mental sendiri. bikin kesel,Wuthering Waves
NadRam26,2,2026-01-06 21:31:47,"update 3.0 ini masih blm stabil sering lag, stuttering, ngefreeze, bahkan fc di map barunya padahal device sudah bagus tapi tetep ngelag di atur ke grafik low juga masih sama aja tolong diperbaiki/di optimalisasikan lagi kuro biar nyaman bermainnya",Wuthering Waves
Samuel Denny,5,2026-01-06 20:55:00,Bintang 5 tapi ku bukan ancaman. Ku bukan Polisi ku buatmu angkat tangan,Wuthering Waves
Shidiq Satriawan,1,2026-01-06 20:44:02,Game tai,Wuthering Waves
ITARA,2,2026-01-06 20:27:30,bad optimalization 🥀,Wuthering Waves
Rafli Maulana,1,2026-01-06 19:52:16,game nya banyak bug sering FC,Wuthering Waves
Restu Cross,1,2026-01-06 18:51:28,katanya bisa hapus data quest nyatanya kagak awkwkwkwk,Wuthering Waves
icey,5,2026-01-06 18:27:08,"MASTERPIECE GAME STORY+RESONATOR+VOICE ACTOR, HOPE KURO GAMES GIVE ME SOFT PITY ALWAYS XD",Wuthering Waves
Ama Pratama,4,2026-01-06 18:20:42,Aku harap bisa bermain lagi,Wuthering Waves
Dede Mustopa,4,2026-01-06 17:06:12,"Overall bagus sih game nya, dari tiap patch ke patch selalu ada improve. Kecuali untuk optimalisasi di beberapa bagian tertentu frame drop parah, rate RNG critical nya parah banget, yakali 3 dari 5 serangan gagal critical, padahal critical rate 90%",Wuthering Waves
Naufalgaya,4,2026-01-06 17:00:50,gede bet Jing buat main game ini 30+GB cocote,Wuthering Waves
Ikrar Ahmad berlian,5,2026-01-06 14:09:14,gamenya bagus dan mas kuro tambahin lagi hadiah toa nya,Wuthering Waves
Kenji Runer,4,2026-01-06 13:50:38,ok,Wuthering Waves
Wuwa Cartethyia,5,2026-01-06 13:41:44,"The best ever game played, The great developer",Wuthering Waves
Iophey Wuwa,5,2026-01-06 11:45:47,best open world,Wuthering Waves
Zxu Can,5,2026-01-06 07:35:54,game baik 🗿,Wuthering Waves
Cinnamon Senpai,5,2026-01-06 05:37:13,"Improve dan Optimalisasi terus mas Kuro, dan juga aku tak bosan-bosan mengatakan—Kuro, Indonesian subtitle please... i need this...",Wuthering Waves
Muhammad Fardan,5,2026-01-06 02:06:24,keren,Wuthering Waves
thief boy,1,2026-01-06 01:29:25,goblog game kenapa ga sekalian aja jadi plagiat genshin impact buka map aja harus jalanin cerita sudah ceritanya sampah,Wuthering Waves
Onither,5,2026-01-06 00:32:51,I want a feature to reset duplicate weapons. Is that possible?,Wuthering Waves
Ka Heku,5,2026-01-05 22:27:44,"always force close in tutorial motorcycle,please fix it",Wuthering Waves
Revano Ghaizan,1,2026-01-05 22:26:22,"TCG EVENT IS THE WORST EVENT OAT IN ANY GACHA GAME, WHY YOU KEEP BRINGING IT BACK???? AND ONLY 400 ASTERITES?? thats your only issue, good qol, good map design etc, but these event? I'd rather play digimon atp",Wuthering Waves
Neo z strike,5,2026-01-05 22:18:55,absolut cinema,Wuthering Waves
Muhammad Alvianor,5,2026-01-05 21:50:01,petualangan nya menarik,Wuthering Waves
The Black Thunder,2,2026-01-05 21:43:25,"sering mengalami crash ataupun force close saat menjalankan misi challenge motor, layar tiba tiba nge freeze padahal hp saya cukup mumpuni di grafik low, mohon bantuannya saya sangat suka game ini",Wuthering Waves
Fauzi Abdillah,5,2026-01-05 21:10:16,bagus game nyah,Wuthering Waves
Rioo Tomo,5,2026-01-05 20:20:21,"game bagus, ga pelit",Wuthering Waves
Faishal Farras Naufal Abdillah,5,2026-01-05 20:03:35,"kemren absolute cinema, tambahin event please buat player baru bisa bisa gacha lynae",Wuthering Waves
Shin,5,2026-01-05 19:46:55,worth it,Wuthering Waves
andrian ramadhan,5,2026-01-05 18:28:54,tolong dong di perbanyak lagi fiturnya biar nambah berat game nya. biar si miskin miskin itu ngga mainnlagi,Wuthering Waves
Eka Bara,1,2026-01-05 17:49:50,malas banyak bug,Wuthering Waves
Astael_Ajah,1,2026-01-05 16:53:09,"gila memo penuh cuma gara-gara ni game doang bjir padahal realme c53 loh, tolong ya dev tolong optimal kn",Wuthering Waves
Shea,5,2026-01-05 16:33:30,"mantap bet gamenya, banyak waifu yang bisa kita jadikan istri",Wuthering Waves
Nevlin alkhiyar h,5,2026-01-05 15:43:19,thank you so much kuro for give me cartethiya resonance cain 6,Wuthering Waves
TNR frog,5,2026-01-05 15:38:58,size nya wuwa bikin penyimpanan hp menangis 😭,Wuthering Waves
Moh Hendra,1,2026-01-05 15:06:12,tidak ada bahasa indonesia nya,Wuthering Waves
kukuruyuk,4,2026-01-05 14:59:59,dear developer. aku tidak bisa mengerjakan quest tutorial di region terbaru. tiap ngerjain selalu nge crash. aku berfikir mungkin setelah update bisa diselesaikan tapi tetap aja tidak bisa sampai hari ini tertanggal 5 Januari 2026,Wuthering Waves
Aurora Borialize,5,2026-01-05 13:38:56,everything is perfect! but please add Indonesian language and optimize the data size,Wuthering Waves
SSR Protect,4,2026-01-05 10:48:21,makin lag,Wuthering Waves
Chasan NN,1,2026-01-05 07:14:36,sekali lagi ngak bisa di update gw hapus nih game,Wuthering Waves
Code name Davin,1,2026-01-05 01:35:21,"tolong beri kami kesempatan user 6 gb ram/128 rom kami ingin menikmati wuthering waves di versi 3.0 sampai seterusnya, dibutuhkannya 60 gb untuk update selanjutnya sehingga tidak dapat update karena kurang ruang penyimpanan untuk wuthering waves sedangkan memori yang tersisa hanya 30/40 gb 😭😭😭😭😭😭😭😭😭😭😭",Wuthering Waves
Afid2 Bayusetiawan,5,2026-01-05 01:16:11,"game baik, semoga saja kedepannya lebih baik lagi mulai dari optimasi untuk chipset dimensity agar bisa mendapatkan frame generation",Wuthering Waves
Rey Ali,5,2026-01-05 00:13:29,terimakasih atas perbaikanya,Wuthering Waves
Zimmi Fadlizhar,5,2026-01-05 00:11:39,Game baik coooooy,Wuthering Waves
Naufal Zhoryf,5,2026-01-04 23:54:25,indonesian language please,Wuthering Waves
Sadewa Patiselano,5,2026-01-04 22:32:24,"Gw tau sih ga bakal di baca 🗿, tapi kalau Collab sama Frieren saya pull Fern smpe S6 🗿",Wuthering Waves
Rin Rin,1,2026-01-04 22:13:35,"aku udh lama banget main game ini, tpi update 3.0 membuat ku kecewa, karena kejadian 1.0 terulang kembali, sebagus2 nya QoL tpi klo optimasi jelek ya ga bisa dimainkan. semoga di versi terbaru sesuai dgn harapan lah, minimal optimasi nya bagus.",Wuthering Waves
lz media,5,2026-01-04 21:53:33,developer baik,Wuthering Waves
Zakaria _A,3,2026-01-04 20:57:30,tolong kuro tambah kan bahasa Indonesia,Wuthering Waves
Bernadete Meylinda Salim,5,2026-01-04 20:54:29,"The game is really good, it's also fun and the graphics are really good.",Wuthering Waves
Ghulam Niyazi,5,2026-01-04 20:53:30,"terimakasih kuro sudah membuat game yang sangat bagus seperti ini! saya sangat suka visual grafik dan cerita yang diberi oleh game ini, saya selalu merasa tersentuh saat bermain game ini, musik yang dibagikan juga sangat bagus! sekali lagi, terimakasih... saya senang dengan ini.",Wuthering Waves
i komang ada guna artha,5,2026-01-04 20:40:05,"banyak gondal gandul jirr, GILAAAA OJI INIMAH SETARA HENDRA KUN, LANJUTKAN",Wuthering Waves
Ihsan Zidane,5,2026-01-04 20:11:36,"alur cerita bagus ga vacum, perfect lah pokoknya",Wuthering Waves
Desmond Toretto,5,2026-01-04 18:39:59,"keren game nya,,,tapi kadang suka ada bug kayak batu berubah warna jadi ungu pdahal saya gk pake config sama sekali,trs sonance yang gk keliatan,pas relog baru keliatan",Wuthering Waves
Felix Budiman,1,2026-01-04 17:39:38,optimalization for mobile is bad. Storage needed is to big. sorry i have to move another game (WWM) tysm for all until today.,Wuthering Waves
Rohid Mohammad,5,2026-01-04 17:20:53,Keren cihuy,Wuthering Waves
Anaya,5,2026-01-04 16:38:04,30 pity dpt waifu,Wuthering Waves
Elaina Pacar gw,5,2026-01-04 16:06:49,game yg sangat bagus dan keren ini,Wuthering Waves
Nabil•ナビル,5,2026-01-04 15:46:40,kalo bisa tolong di tambah bahasa indonesia plis.,Wuthering Waves
Arvieano Elgiansyah,4,2026-01-04 15:21:53,size nya gede sih ga masalah pokoknya optimalisasi nya bagus tapi kalau masih jelek ya bete juga majnnya,Wuthering Waves
Ridho Rasyid,5,2026-01-04 13:58:26,game bagus. kalau bisa tambahkan bahasa Indonesia karena banyak player yang main game ini berasal dari indonesia❤,Wuthering Waves
Muhammad Zidan ibrahim,5,2026-01-04 13:21:33,best,Wuthering Waves
muh rafly,1,2026-01-04 13:06:59,"optimalisasi untuk mobile jelek, sekian",Wuthering Waves
KhaTeki A_D_I,5,2026-01-04 12:11:39,"game RPG terkeren menurut gue ,hanya saja tidak ada SUBTITLE INDONESIA MOHON DEVELOPER ADAIN SUBTITLE INDONESIA NYA BIAR bisa lebih menikmati game play dan paham story 🙏🙏🙏",Wuthering Waves
Muhammad munawar zaki,5,2026-01-04 11:12:25,mantap,Wuthering Waves
ILHAM WILYA PUTRA,1,2026-01-04 07:14:20,force close mediatek dimensity 9400+,Wuthering Waves
baggas fikrianto,3,2026-01-04 07:06:07,ada bug pas di misi vehicle drive tutorial selalu crash dan force close mulu,Wuthering Waves
MadiatKun,5,2026-01-04 07:02:30,makasih kak,Wuthering Waves
Angga Bintang,4,2026-01-04 06:25:03,semua dalam game ini udah bagus cuma tolong ukuranya kalau bisa di perkecil. sejak update ke 3.0 ukurannya jadi besar banget dan kadang kalau main tuh patah patah banget😭😭,Wuthering Waves
Aurriz,3,2026-01-04 03:07:40,need optimization for mobile devices. because the game size is to big even for flagship phone and frame drop for mid tier phone,Wuthering Waves
Lukman Nurhidayat,3,2026-01-04 02:40:41,data nya besar banget,Wuthering Waves
Lintang Anggareksa,1,2026-01-04 02:21:41,"tolong gamenya lebih dioptimalkan buat hp android, masa maen di hp rog9 pake kipas tetep force close, udh diturunin pake low grafik masih suka force close.",Wuthering Waves
Sans up Sans up,4,2026-01-04 02:13:36,"game nya bagus, tapi perangkat saya gk memadai. jd saya akan kembali nanti saat perangkat sy sudah bagus",Wuthering Waves
Ans Hoshinova,5,2026-01-04 02:07:22,BEST OF THE BEST,Wuthering Waves
Dia juga,5,2026-01-04 01:49:59,👍2024,Wuthering Waves
CMR• ARMOR,5,2026-01-04 01:00:08,maskuro gw kasih aemeath pull ke 50 jangan kasih rate off yak,Wuthering Waves
Neikoss,4,2026-01-04 00:31:20,"Hey Kuro, there is a bug in this story, especially when you are in Galbrena's perspective, the screen will go black if you fall several times or fail to complete the rock climbing mission. I don't know if this is from my phone or from the story...",Wuthering Waves
mfa,5,2026-01-04 00:20:23,please bring back shorekeeper to the story istg i cant do this,Wuthering Waves
Kuhaku,5,2026-01-03 23:51:26,it's great but please add Indonesian language,Wuthering Waves
Alexa,4,2026-01-03 23:30:29,tolong sediakan bahasa Indonesia,Wuthering Waves
Sky Walker,5,2026-01-03 23:01:56,Minimal Device Mumpuni :v Bru Ngeluh,Wuthering Waves
Hi`Luffy,4,2026-01-03 20:11:54,lebih baik untuk update kedepannya fokus optimalisasi,Wuthering Waves
Baby Shark,1,2026-01-03 19:42:08,game jelek penyimpanan besar frame drop dan jaringan tida stabil developer yang buat game gila,Wuthering Waves
Bravoocuy,5,2026-01-03 19:40:48,"gg cik,storylinenya seru,grafiknya bagus,karakter development nya lumayan",Wuthering Waves
Royyan Ardiansyah,5,2026-01-03 19:40:35,game gacha bagus ga kaku banyak hal inovatif semoga next update kedepan banyak hal hal yang baru dan size game semoga ga semakin membengkak,Wuthering Waves
Aditya,1,2026-01-03 19:16:20,ngelag banget,Wuthering Waves
RAIS,2,2026-01-03 18:04:00,ngebag pas Iven bawa motor,Wuthering Waves
Hafidz Rafi,2,2026-01-03 17:35:49,"ini game sekarang ga optimal sekali anjir, percuma ngejar ngejar grafik pc di mobile kalo para user device nya kentank kaya gw, tolong di optimal kan ulang seperti pada versi versi sebelum 3.0, apa lagi di continent barunya, sumpah ngeleg kali anjir",Wuthering Waves
Sugar Ken,5,2026-01-03 17:06:42,good game,Wuthering Waves
ajimas dwi hariyokho,1,2026-01-03 16:27:19,"Update kali ini bikin ponselku sampe ngestuck, udah mau 60gb Top dah, terimkasih tapi cukup sampai disini",Wuthering Waves
Kohaku,1,2026-01-03 16:08:52,optimalisasi sampah,Wuthering Waves
Hansen Saputra,5,2026-01-03 15:14:26,yey,Wuthering Waves
Ifrit kacang,5,2026-01-03 13:09:10,Nice Kuro Game Teams,Wuthering Waves
Alexandrina Sebastiane,4,2026-01-03 12:15:29,"Sebenarnya sih no komen buat game ini, tapi saya mau mengangkat masalah optimalisasi pada patch 3.0 yang terbaru mengingat banyaknya masalah pada update terbaru ini. Yang paling banyak dikeluhkan adalah bug pada tutorial quest driving tutorial dimana ketika melewati cincin emas game nya freeze, juga banyak yang mengeluhkan kalau FPS mereka jadi sangat drop terutama saat battle pasca update, yang mana ini sangat berpengaruh terutama pada konten endgame seperti Whiwa, dan ToA",Wuthering Waves
Agli,5,2026-01-03 12:14:40,gamenya bagus tapi optimalin dong untuk hp kentang,Wuthering Waves
MHD Sukhron Bahari,4,2026-01-03 07:21:01,optimalisasi nya lagi dong biar tambah wah,Wuthering Waves
Lawrens Rey,4,2026-01-03 02:22:19,Wuthering waves tolong lah kasih hadiah F2P susah memainkan nya karena karakter nya susah di dapat,Wuthering Waves
IYUGAMI,5,2026-01-03 01:59:43,"atmin baik hati, 10x kasih my bini😋",Wuthering Waves
Manusia Biasa,5,2026-01-03 01:37:25,game bayik aku dikasih memang rate off low pity dua kali anjayy hahay,Wuthering Waves
azril ganteng,5,2026-01-02 23:44:19,gooooooodddddddddammmm peakkk,Wuthering Waves
Shinoa Chan,5,2026-01-02 23:25:07,game baik,Wuthering Waves
Hairul Naiim,5,2026-01-02 22:32:08,mohon maaf untuk developer kuro saya mau pensi main wuthering waves soalnya hp saya kentang dan gak sanggup lagi main wuthering waves..!!! thank you developer 🙏🙏,Wuthering Waves
Irgi Zelly76,5,2026-01-02 22:10:49,ko mau login kluar Mulu yah? apakah kalian sama,Wuthering Waves
Zhoalic,5,2026-01-02 22:10:08,Peak game thanks kuro for create this masterpiece,Wuthering Waves
Miftahul Ihsan,1,2026-01-02 21:55:12,"Force Close saat Vehicle Driving Tutorial 1 Help For subtitle indonesia, Please .. saat upgrade weapon ataupun lainya saya ingin membaca deskripsi, saya tidak mengerti inggris.. dalam penulisannya saja indonesia.. tidak perlu berbicara / speaking, tidak apa apa... i will revision Star, If Revision Accept",Wuthering Waves
Lyn,5,2026-01-02 21:45:02,please optimal again for mid to low spec device,Wuthering Waves
Andre Aswindani,5,2026-01-02 20:33:42,kumohon ada bahasa Indonesia,Wuthering Waves
H Zaki,5,2026-01-02 19:43:11,"serius, aku pengen banget ngasih ni game bintang 5+ tapi tolong banget buat admin kuro games... performa untuk mobile... bener bener di tingkatin lagi...😭😉",Wuthering Waves
Adelio Athayakaysar,5,2026-01-02 19:06:05,Just found the game is fun.....,Wuthering Waves
Gracella S,5,2026-01-02 18:51:00,game kerennn,Wuthering Waves
Andika Bimantoro,1,2026-01-02 18:09:44,beneran optimalisasi nya kuro,Wuthering Waves
Konco 24,1,2026-01-02 18:05:21,semenjak update yang baru ini sering for close padahal main aman aman aja gak leg gak apa tiba freze sedetik for close hp Realme gt master edition,Wuthering Waves
Rahman Alch,2,2026-01-02 18:02:47,full stuck and bug. please optimalization,Wuthering Waves
ReenRiz Q,1,2026-01-02 17:41:09,"gak friendly banget game ini buat hp Mid ke bawah, terpaksa harus rata kiri di tambah itupun gak lancar alias sering frame drop? emang gw tau grafis bagus tu butuh sistem kuat juga cuman why? tambahin opsi Grafik kentang sekalian biar banyak player atleast masih bertahan/mencoba download game ini, Apa mau yapping device issue? Emang! kebanyakan org indo tu hp nya mid ke bawah jadinya ni game gacocok buat di indo, Apa mau lancar di pc rata kanan? meh buat apa gw punya pc bagus main game ginian..",Wuthering Waves
Yoga Kurnia algifari,5,2026-01-02 15:29:28,"buatkan versi cloud pliss, penyimpanan hp saya sudah penuh😢",Wuthering Waves
Eva Vrellie,5,2026-01-02 15:11:44,optimized your game kuro,Wuthering Waves
Raffa Aqila,5,2026-01-02 14:45:40,"mulai dari grafik, chara, story, world building, sama lain lain nya udahh baguss bangett, ditambah aku dapat carte modal 30x pull win rate off🥰😁😁 tyy kurooo",Wuthering Waves
Vann,3,2026-01-02 14:16:34,"Aku udh main dri awal rilisnya tpi knp semenjak update ini jadi ga optimal lagi ya? Dulu awal rilis ya wajar lah masih blm optimal, lah skrng malah makin lag dari sebelum nya jirlah di Poco X6 Pro di lock 45fps walau sudah pakai cooler + mode performa settingan low atau medium pun masih tetep lock 45fps yg paling parah malah 30fps. Mungkin ini masalah device nya yg otomatis ngelock fpsnya atau emg dari game nya yg kurang optimal aku jg gtw. Ya aku jg main di PC sih hehe.",Wuthering Waves
Hoki hoki,5,2026-01-02 12:11:58,i love this game so muchhh,Wuthering Waves
Jienahkarta,5,2026-01-02 10:09:21,"update kali ini bener bener gila dah,,, dari grafik geloo abiss,,,dari event baguss,,, story meningkat feelnya,, battle juga mana yang gk bagus dari kuro,, fitur dan qol yang benar benar memuaskan,, yang paling gw apresiasi,, ini new mapnya,,, wah bener"" gila dah,,, agak kasian sih yang device kentang,,,banyak yg bilang makin ngelag ...UDAH 2026 MASI KENTANG?🫵🫵🫵UPGRADE LAH.....",Wuthering Waves
Khanis Wirayudha Nata Raharja,5,2026-01-02 09:54:38,Tq Developer udah perhatiin gamenya dengan sangat detail👍👍👍,Wuthering Waves
Grh Shrmn,5,2026-01-02 03:54:40,"untuk pihak kuro tolong lebih dioptimalkan untuk user mobile, lalu keluhan diriku ini di patch 3.0 selalu ada update. diriku tidak mempermasalahkan soal updatenya, hanya saja sangat muak menunggu compiling shadernya. setiap hari update tapi tidak ada pengoptimalan yang membuat kita nyaman saat bermain game ini, tolong ya kepada pihak kuro lebih dimaksimalkan game ini jadi semakin berat untuk user handphone low dan mid range",Wuthering Waves
Junico Ardi S.,5,2026-01-02 02:27:39,"game baik jir aseli, pity nya bagus semua, nguli nya sangat ramah apalagi bansos nya. sehat sehat developer baik",Wuthering Waves
Own Brenzy,5,2026-01-02 01:23:14,optimalisasi nya mantap kan lagi,Wuthering Waves
Zhafi Bima Avichena,1,2026-01-02 00:56:13,Woi diperpanjang lah waktunya misi voidstorm g ngotak cepet banget mana ngebug lagi perpanjangan waktu escape voidstorm,Wuthering Waves
Amantura,5,2026-01-01 22:58:09,game baik,Wuthering Waves
Septian Nurjati,5,2026-01-01 22:56:44,gamenya hebat kuro,Wuthering Waves
Fadhlan Rahman,5,2026-01-01 22:23:39,gilak game ini,Wuthering Waves
Gusti Putu Kartikawati,5,2026-01-01 20:50:23,good,Wuthering Waves
Stenly Almaarif,3,2026-01-01 19:55:48,"game lumayan bagus... andaikan suport bahasa Indonesia pasti lebih mudah dipahami untuk kami yg bahasa Inggris nya pas""an",Wuthering Waves
Amura Vold17,5,2026-01-01 19:51:26,game baik,Wuthering Waves
Fandi mei Santoro,1,2026-01-01 18:06:27,"mengecewakan bikin malas main, gacha ampas setelah kalian kasih chalvaro",Wuthering Waves
Muhammad akbar al pahrukh,2,2026-01-01 17:00:33,kok ak terjebak ya di download resources?,Wuthering Waves
Louis Aureus,1,2026-01-01 16:45:04,"GAME BERAT BUAT HANDPHONE, NGGA USAH BEREKSPETASI TINGGI MASUK NOMINASI BEST GAME MOBILE WKWKWK!!!! 😹",Wuthering Waves
Nobel Valentino,5,2026-01-01 16:30:33,hebat,Wuthering Waves
Andrean,4,2026-01-01 16:07:02,tolong kasih subtitle bahasa Indonesia,Wuthering Waves
JebolGamingYT,1,2026-01-01 15:56:09,tolong di kasih subtitel indonesia nya dong,Wuthering Waves
Fajar Rizky Andika Dwi Putra,4,2026-01-01 15:12:26,Tolong adain bahasa Indonesia min. mines di subtitle doang nih,Wuthering Waves
Praditiyo Kurni,1,2026-01-01 13:23:19,"i cant play vehicle tutorial,the game is stuck when i do this quest",Wuthering Waves
Well Nah,1,2026-01-01 09:13:37,"Very bad graphics on mobile phones And IOS does not support on mobile phones why the graphics are low. very similar to genshin impact how to explore the world? There is no interesting impression when you first play, just bored",Wuthering Waves
dika,5,2026-01-01 08:55:36,game baik dikasih karakter limited terus,Wuthering Waves
Zakaria Rahmat,4,2026-01-01 07:36:14,device kentang ku mulai kewalahan di versi terbaru😭,Wuthering Waves
AndhikaZ,5,2026-01-01 05:13:53,tolong tambahkan terjemahan bahasa Indonesia,Wuthering Waves
Widi Pratama,5,2026-01-01 03:13:37,story ny bagus. animasi battle ny keren.,Wuthering Waves
Kaelzy,5,2026-01-01 02:00:45,"Good game, gacha jarang busuk",Wuthering Waves
Arkan Zain,4,2026-01-01 01:16:59,gamenya lumayan bagus cuman masih banyak bug seperti tanda quest yg posisinya tidak tepat,Wuthering Waves
pipin kurniawan,5,2026-01-01 00:40:50,Jika di perbolehkan bisa di kasih mod untuk yg 18+,Wuthering Waves
ARCHIELLO WISNU,5,2026-01-01 00:39:35,"gacor kang, gacha saya wangy",Wuthering Waves
Abdul Selian,1,2025-12-31 23:55:07,"keseringan aku dapat bug di game ini bikin kecewa, padahal udh lama main game ini bahkan lvl udh 66 rank 7 setelah di apdet mkin byak bug nya,, padahal game nya bgus, hadeh harus pensi lah, kerja misi nyangkut tiba² kluar dari apk, hadeh",Wuthering Waves
Danil Danil,5,2025-12-31 22:14:32,this is the best game of all time,Wuthering Waves
Clown Company,5,2025-12-31 21:44:20,🙏👍,Wuthering Waves
Kurang Turu,5,2025-12-31 20:48:39,saya akan tetap bermain game ini tapi buat developer tolong di fix 3.0 yang sangat berat di mobile ngefreeze dan force close,Wuthering Waves
Muhamad Luthfi,5,2025-12-31 20:34:45,"game terbaik yg bisa melibas genshin, serta mendengarkan keluh para player",Wuthering Waves
mamang,5,2025-12-31 20:29:54,lebih dioptimalkan lagi untuk rendering 3.0 sering mengalami bug bug kecil tapi tidak terlalu pengaruh dan map lahai-roi texture nya terlalu tajam membuat perangkat cepat panas mohon di optimalkan lagi,Wuthering Waves
Rovik Hidayat,5,2025-12-31 19:55:10,game gacorrr,Wuthering Waves
Haziq Abqary,5,2025-12-31 19:43:40,mantap,Wuthering Waves
Ronggot Baru,5,2025-12-31 19:20:47,awalnya saya lihat game ini dari tiktok dan saya mencoba game ini tanggal 24 mei 2025 dan sejak itu saya tidak pernah bosan sampai sekarang (31 Desember 2025) karena sangat bagus walau saya main di hp kentang dan sangat patah saya harap kurogame memberikan saya hp iphone 17pro max,Wuthering Waves
Keano Agha,5,2025-12-31 18:51:13,"wah, gila ini game yang paling bagus menurut gw, battlenya itu lho keren banget. Tapi storynya aja kureng",Wuthering Waves
thesaa Serliana,4,2025-12-31 18:47:14,tolong tambahkan bahasa Indonesia untuk mempermudah orang Indonesia membaca lore atau storynya,Wuthering Waves
Khae Ikhi,1,2025-12-31 17:49:42,update 3.0 banyak bug. hp cepat panas. sering crash.,Wuthering Waves
Yudi Ansyah,5,2025-12-31 17:31:08,"saya cukup puas dengan game ini, dri char, story, qol, npc npc yg tersebar di lahai roi, sampe dev yg terus berkembang, terima kasih kuro",Wuthering Waves
Ahmad Zanky,1,2025-12-31 16:20:17,mohon pihak wuwa gw main nyelesain misi yang worm use the Dodge to attack susah banget gagal terus waktu di awal ini gimana,Wuthering Waves
Attar Rizqullah,5,2025-12-31 15:46:27,makasih carte nya,Wuthering Waves
Adit Adit,1,2025-12-31 15:45:37,banyak bug,Wuthering Waves
Knight,4,2025-12-31 15:09:41,please add language Indonesian,Wuthering Waves
Alvino Betrand yoseanama,4,2025-12-31 14:32:20,untuk update terbaru overall bagus banget tapi tolong untuk di optimalkan lagi kestabilan untuk penguna android sebelum nya gak separah ini tapi setelah update frem nya kerasa banget tolong di perhatikan 👍,Wuthering Waves
Randy Rahmat,5,2025-12-31 14:28:08,optimalisasi? device lu benerin,Wuthering Waves
yassin fadlillah,1,2025-12-31 13:57:14,"Masih Terlalu Berat Untuk Android, Bahkan Dengan GPU Adreno 650 Dan Chipset Snapdragon 885... Belajarlah Dari Game Mobile Seven Knights 2,Grafis Sangat Keren Seperti Game Konsol Namun Sangat Ringan Dan Lancar Di Android,Pengoptimalan Untuk Ponsel Masih Terlalu Payah",Wuthering Waves
Samuel Jeremy,2,2025-12-31 11:41:41,"After the 3.0 update, the game still looks great and plays well, but performance issues remain — lag and crashes can still happen on a mid-range phone. There’s also no Indonesian subtitle support, and storage keeps growing with no proper data-cleanup option. The potential is there, but it urgently needs better optimization, subtitles, and cleaner data management. See you next time!",Wuthering Waves
Dikri anakbaik,5,2025-12-31 11:34:05,game my seru,Wuthering Waves
yustia FH,5,2025-12-31 10:21:30,"untuk papa kuro , plis tambahkan subtitle Indonesia karna sulit memahami bahasa inggris mudahan bahasa indinesia bisa ditambahkan",Wuthering Waves
Raditya Baswara Raharjo,5,2025-12-31 10:14:27,"great game, with a great graphics, great mechanic, and great story too, what a game 😄👍",Wuthering Waves
wie Wiyono,5,2025-12-31 10:13:53,game bagus seret penyimpanan rek😹😹 sisa 9GB punya gw,Wuthering Waves
31_Tristan viijananda Atmaja,5,2025-12-31 09:51:37,"jangan macam"" sama istri gw bg",Wuthering Waves
ryzenhype 5intel,5,2025-12-31 07:51:49,"daveloper kubo gamer is not stingy like in genshin impact, dev mihoyo very stingy, this game is very good and not stingy, I give it a 5 star rating",Wuthering Waves
Revan Aditya,4,2025-12-31 07:44:18,"game nya bagus, saya sangat menyukai combat style nya, apalagi beberapa karakter memiliki combat style nya masing masing, saya sangat menyukainya, namun ada satu hal yang saya tidak suka yaitu optimalisasi game ini di android sangat buruk, saya sering menemukan bug atau frame drop yang menganggu gameplay saya, saya berharap game ini dapat berkembang dengan lebih baik lagi. terima kasih",Wuthering Waves
Tasya Elizayadi,5,2025-12-31 07:40:04,intinya... best lah. game favorit gue. 💯,Wuthering Waves
Gilang Maulana,5,2025-12-31 07:33:10,game baik,Wuthering Waves
Divatha Suryo,2,2025-12-31 06:30:01,"update lahai roi gak optimal, ada bug yg belum di fix.",Wuthering Waves
YT Junior,5,2025-12-31 06:28:33,"akhirnya di perbaiki , jadi bisa Login lagi, Thanks 🌹❤🙏",Wuthering Waves
N V I M,3,2025-12-31 05:41:26,ngecrash terus setiap mau tutorial motor step 1 padahal yang lain aman dan debice mendukung.,Wuthering Waves
Mbeeww,5,2025-12-31 05:36:33,bagus bnget gamenya,Wuthering Waves
Manisha Satriani,5,2025-12-31 05:26:16,tolong adain indonesian language. ini bagus bangetttttt bangetttt,Wuthering Waves
Akmal Rivaldi,3,2025-12-31 03:13:50,please add an kuro account in PlayStation 5,Wuthering Waves
Faza XP,5,2025-12-30 22:47:37,"makasih mas kuro yang udah buatin game sekeren ini, meski gw harus berhenti main nih game karena mau fokus real life (device issue) yah makasih banyak buat nih game🙌",Wuthering Waves
Adet ya,2,2025-12-30 22:11:34,"tolong yang map lahai roi dioptimalkan dong kuro, masa iya waktu dimap lain aman aman aja giliran di lahai roi frame drop parah",Wuthering Waves
HERDI OK,5,2025-12-30 21:18:36,damnnnnnn what a good game,Wuthering Waves
Faruq 02,5,2025-12-30 20:30:25,"malas sistem gachanya, kapan bahasa indonya ga malas english",Wuthering Waves
Adam Rizky,1,2025-12-30 20:29:33,Developer pemalas.... poster jiplak blue archive,Wuthering Waves
Faisal Reza,3,2025-12-30 20:22:59,"Game nya seru mantap, sudah optimal juga di POCO X5 Snapdragon 695 5G. [New Note] Setelah update kenapa jadi berat ya? Tolong dioptimalisasi lagi, thanks.",Wuthering Waves
Raka Muzakkii Jumaedi,3,2025-12-30 19:56:02,sebenarnya seru sih dari gameplaynya dan karakternya cuman tolong banget saya gak bisa menikmati storynya soalnya pake bahasa inggris jika bisa tolong tambah kan bahasa Indonesia ke dalam gamenya agar banyak orang yang dapat menikmati storynya terimakasih 🙏,Wuthering Waves
Taufiq Kurahman,1,2025-12-30 19:52:37,"serius gua nanya, ini bag apa gimana udah berapa kali gua downlod data 200mb kalau mau update sekalian jangan dikit- dikit.",Wuthering Waves
Jeb,5,2025-12-30 19:49:46,"<33 Desain karakter top tier sihh, gameplaynya SERU PAKE ABIS AISSUSJAK, semuanya peak. Story peak, karakter peak, desain peak, map nya juga peak. Yang kurang peak, size nya 🥲 Tapi untuk game yang emang wow ini, ga heran sih. Coba aja aku punya device yang lebih memumpuni ahaha",Wuthering Waves
Unda Hadi,5,2025-12-30 19:33:32,geloooo. 3.0 NPC nya cakep cakep semua.. yang paling sempurna dan istimewa NPC AI I.R.I.S. bisa main gitar dan nyanyi.. trus gerakan petik senar real cuy.,Wuthering Waves
ムハンマド •リズキー,1,2025-12-30 19:22:53,"update tiap hari bukannya dibenerin malah main ngbug, skrg update malah jadi sering mental",Wuthering Waves
Muhammad Moreno sucipto,4,2025-12-30 19:11:46,"tolong dong ini siap update 3.0 asal masuk ke menu event ngefrezz mulu, entah saya aja atau orang lain begini juga",Wuthering Waves
Mlebu Penak,5,2025-12-30 18:38:05,update mulu,Wuthering Waves
Kyu Monz,1,2025-12-30 18:05:04,gada bahasa indo,Wuthering Waves
Ali Nur Hakim,4,2025-12-30 18:03:37,jujur nunggu punya hp yg support buat main game ini🥲,Wuthering Waves
SCP 049,5,2025-12-30 17:10:55,"I dont know how to describe this masterpiece game, every patch we got some improvement and now this game reach AAA level for me",Wuthering Waves
Fania Indriyan,5,2025-12-30 17:09:43,Game baik,Wuthering Waves
Faisal GachaYT,5,2025-12-30 17:08:46,GOOD GAME,Wuthering Waves
Ferry Dwinata,5,2025-12-30 16:38:56,best,Wuthering Waves
Duke Daffa,4,2025-12-30 16:24:27,tolong ditambahkan bahasa Indonesia Dev🙏 banyak kata-kata bahasa inggris yang jarang digunakan sehari-hari menjadi bingung.Masa harus lihat You tube untuk tahu Lore cerita game nya kan g asik banget 😔 MOHON DITAMBAHKAN BAHASA INDONESIA🙏,Wuthering Waves
Pratama Bilal pratama,5,2025-12-30 15:49:31,plisss kuro fix my luck😭😭 give me lynae😭😭😭,Wuthering Waves
Adam Sahrul,5,2025-12-30 14:59:44,aplikasi tolol banyak bkpnya tapi bagus juga hee,Wuthering Waves
Muhammad Arya,5,2025-12-30 14:43:15,"there's a new bug on the new map, Kuro please fix it. i can play the tutorial bike quest.",Wuthering Waves
Resta,5,2025-12-30 13:57:05,good,Wuthering Waves
Super Spica,1,2025-12-30 13:53:20,Game paling busuk optimalisasinya ga di mobile ga di pc sama,Wuthering Waves
Nada Adena,5,2025-12-30 13:05:54,SUKAAA,Wuthering Waves
Doni Setiawan,1,2025-12-30 12:57:05,optimization is too bad,Wuthering Waves
Fajar Alita,1,2025-12-30 12:56:30,ko semejak 3.0 ini gem aneh banyak bug dan cepat panas,Wuthering Waves
당신의 사랑 x 私の愛,5,2025-12-30 12:02:01,amazing,Wuthering Waves
Modesto Oryza,5,2025-12-30 11:26:28,Please add Indonesian subtitles so that we can easily understand the storyline.,Wuthering Waves
Yuki X8,3,2025-12-30 11:22:11,"Please compress the data file size and delete some permanent events, the size exceeds 50GB on Android and it becomes slow/severe frame drops.",Wuthering Waves
djalu catra,5,2025-12-30 10:57:07,absolute cinema,Wuthering Waves
Pitox Ap,5,2025-12-30 10:41:23,"entahlah sudah nggak kuat lagi kemarin septimont sekarang region baru di kota academy malah nambah parah bukannya di berbagus kek gitu kek dioptimalkan biar playernya dengan device yang seadanya masih kuat, septimont kemarin dapetnya cuman 25 fps kalau nggak ada fight scene disana ya kalau ada tau lah drop nya kek mana ini di academy gila bukannya ""video game"" malah jadi ""picture game"" (terima kasih sahabat""",Wuthering Waves
Aby,3,2025-12-30 10:05:48,"jujur saya sebagai mantan player wuthering waves di platform mobile sangat kecewa sekali dengan game ini karena game ini sudah terlalu banyak memakan storage sampai 50>gb dan game ini masih tergolong belum optimal di mobile, walaupun di update terbaru ada udah ada fitur untuk menghapus file-file dalam game yang udah ga terpakai lagi tapi menurut saya itu kurang membantu jadi tolong kepada pihak kuro games agar size game ini lebih diperkecil lagi dan gamenya lebih di optimalkan lagi",Wuthering Waves
Nase Nase,5,2025-12-30 09:30:29,terbaikkk,Wuthering Waves
Fotosintesis,5,2025-12-30 09:03:30,"masterpiece,just that",Wuthering Waves
Fajarr Saja,5,2025-12-30 08:55:23,ABSOLUTE KURO sebagai gamers ini adalah game gacha terbaik menurut ku,Wuthering Waves
Robert Adiputra sanawi,3,2025-12-30 08:51:45,untuk gamenya sudah bagus tapi untuk ukuran game disesuaikan dengan penggunaan hp supaya tidak memberatkan,Wuthering Waves
fall,5,2025-12-30 08:48:57,absolute game🔥🔥,Wuthering Waves
Azzam Alfarisi,5,2025-12-30 08:37:46,game ini sangatttt bagusss,Wuthering Waves
Dayan Iyan,2,2025-12-30 07:50:59,terlalu berat untuk ram 8 snap 700,Wuthering Waves
Ryan Aditya,5,2025-12-30 07:44:04,ok,Wuthering Waves
Marvenda Rizal,5,2025-12-30 02:17:13,New outfit for rover please 😇😇,Wuthering Waves
HNim3 _,2,2025-12-30 02:02:18,"Bagus, cuma perlu optimalisasi lagi untuk update 3.0, ini Berat bet Wak padahal sudah pakai SD 870, minimal lancar 30fps walaupun burik, ini kaga patah banget sampai fors close (cuma terjadi di map baru 3.0)",Wuthering Waves
SAMURAI ID,1,2025-12-30 01:56:11,"udah main satu tahun lebih, kecewa sama grafiknya, padahal udah rata kanan semua masih aja keliatan pecah, udah gitu bayangan objek bentuknya pixel",Wuthering Waves
Rohul Amin,2,2025-12-30 00:46:41,kok qust terbaru banyak bug nya ini saya berulangkali belum selesai,Wuthering Waves
GameML Danibjm02,5,2025-12-30 00:20:22,kagak kikir ty,Wuthering Waves
TEH Lejen,5,2025-12-29 23:53:02,keren coy,Wuthering Waves
arongalangsatria aron,5,2025-12-29 22:22:25,"idk how to say, but very great game brooo gilaaa ga expect sebagus inii",Wuthering Waves
we are tank,4,2025-12-29 21:42:13,size-nya tolong di press lagi 47gb terlalu makan penyimpanan,Wuthering Waves
Rika Ch.,5,2025-12-29 21:30:20,"lumayan puas dengan ceritanya dan model karakter nya.. tapi masih ada beberapa bug yang harus di perbaiki lagi... kuro i want more male Characters 🥺 sekian dari saya, terimakasih",Wuthering Waves
Rehan Choco,5,2025-12-29 20:51:09,"Aduh rek kuro ini baik banget loh cik, dikasih menang rate off 5x...barusan dapet lynae pity 70an makasih banyak kuro, btw boleh kali kasih signature lynae di pity 30an klo bisa dapet Mornye dipity 10😹🔥 #GameBaik #GameDermawan",Wuthering Waves
Nabil Aldhefa,1,2025-12-29 20:22:49,"Tolong buat developer game, setelah update 3.0 bnyk bug, scene nya patah patah dll dan juga ini utk ke sekian kalinya saya disuruh update gk jelas sebanyak 200 mb kalau begini terus habis lah paket saya",Wuthering Waves
mix mix video,5,2025-12-29 20:22:18,ty kuro game i love wuthering waves wuthering waves good game,Wuthering Waves
Muhamad Habil,4,2025-12-29 20:05:26,kapan bahasa indo nya min,Wuthering Waves
Muhamadrijal Rupawan,2,2025-12-29 19:55:22,makin susah sih main di HP harus pake. PC,Wuthering Waves
Muhammad,5,2025-12-29 19:09:57,kerenn,Wuthering Waves
Zurren TheAnimation,5,2025-12-29 18:50:22,"kapanlah aku bisa main game bagus ini, mohon do'akan kebeli leptop spek gahar buat main ni game",Wuthering Waves
Eko Cahyo,5,2025-12-29 18:44:29,kembalikan mode terbang di map terbaru😭,Wuthering Waves
Nurwidhi “PraTomo”,5,2025-12-29 18:43:53,Game Pembaik 😎😎👍👍🔥🔥,Wuthering Waves
Gabriel Ryandika,5,2025-12-29 17:50:39,"Gacha sangat bagus tetapi grafik tetap blur padahal udah di atur paling tinggi, tolong segera diperbaiki",Wuthering Waves
Dani Karya,1,2025-12-29 17:19:29,kena download data ulang 3x,Wuthering Waves
Wildan Athala Rifqi,5,2025-12-29 16:30:44,semenjak lahai roi berattt bgtttttt,Wuthering Waves
EZ Rev,5,2025-12-29 16:29:11,apik,Wuthering Waves
Ridho Mudzaki,5,2025-12-29 16:25:20,tolong dikasih sub indo plis gw bukan elitis english,Wuthering Waves
johan ruth prapaska,1,2025-12-29 15:44:10,"semenjak update 3.0 sering eror, baru main challenge fantasia tiba tiba force close, mau log in ulang Samapi sekarang tidak bisa, force close terus, jadi sayang sudah langganan lunite tapi tidak bisa dibuka gamenya",Wuthering Waves
I gede Vikantara,5,2025-12-29 15:17:27,game bagus cuma gacha gw nya ampas bet,Wuthering Waves
Daniel Febrian,5,2025-12-29 13:15:56,game keren dan banyak bansos😘,Wuthering Waves
Oktavianda,5,2025-12-29 13:12:15,terbaik,Wuthering Waves
Hanzxsarr14,3,2025-12-29 12:54:42,"tolong optimalkan kembali pada perangkat kelas bawah atau low end device, perbaiki masalah ping atau ms yang tinggi, dan perbaiki beberapa bug yang ada di dalam game seperti tekstur yang ber ubah"" bentuk dan agak delay saat bermain, jaringan saya sudah bagus dan lancar namun saat bermain game ini banyak masalah dalam jaringan ""TOLONG OPTIMALKAN!!""/""PLEASE OPTIMIZE GAMEPLAY FOR LOW END DEVICE""",Wuthering Waves
Wan Wan,5,2025-12-29 12:53:07,nice game,Wuthering Waves
Fahriza. M.I,5,2025-12-29 12:27:23,mantaap,Wuthering Waves
Jutha Safura Kirana,1,2025-12-29 10:44:02,"masuk 3.0 knp jadi ampas gini ya jadinya , jaringan bagus memori masih lapang tapi knp jadi suka patah' dan lag ga jelas udh maen dari awal rilis ampe skrg dan ini yang paling parah ngelagnya hadehhh , suka kebiasaan dev nya kalo setiap update jadinya begini tolong dong ini grafik udh sampe di rata kiri in abis masih aja begitu",Wuthering Waves
arya rizki,5,2025-12-29 10:23:30,mantap kali wak pity 40 weapon ny carte😁,Wuthering Waves
Al Zikri Riski,5,2025-12-29 10:07:11,Gacor,Wuthering Waves
Angput 22,5,2025-12-29 09:32:07,game bagus game baik saya rekomendasikan game ini untuk semua kalangan,Wuthering Waves
XO XO,5,2025-12-29 07:57:37,stuck di loding compiling shader habis itu fore close ada yg main di sd 660 masih bisa masuk punyaku aja sd 845 gak bisa,Wuthering Waves
Ulqiorra Shifer,5,2025-12-29 07:15:59,game yang sangat bagus dari segi grafik dan story pokoknya absolute cinema,Wuthering Waves
Mr Dimas,5,2025-12-29 06:38:38,"kenapa gak coba cloud gaming, jd yg spek2 low end bisa main, apalagi kebutuhan spesifik game makin tinggi, pasar handphone kena dampak dari kelangkaan kebutuhan ram dan storage. kayaknya jd solusi yang bijak sih",Wuthering Waves
rival Adi,5,2025-12-29 02:53:38,"TERIMAKASIH DEV BAIK, SANGAT BAIK DAN BAIKK BANGET",Wuthering Waves
Ali Wufron,5,2025-12-29 02:20:47,selamat datang main,Wuthering Waves
Daffa Ferdiansyah,1,2025-12-29 02:12:52,"makin gk ngotak ni game di pc tembus 116GB di hp apalagi yg makan tempat banget, di kompres ireng size nya biar ngotak",Wuthering Waves
Samsung S24ultra,5,2025-12-29 01:04:55,"Game bagus banget,meski game berat gpp penting aku suka🤭",Wuthering Waves
Wong Batang,3,2025-12-28 23:27:05,size mengalahkan GTA V🤓🤓,Wuthering Waves
Farel Pratama,1,2025-12-28 22:35:39,"woy game ngebug bisa bisa nya lagi misi tiba"" bug mana ga bisa di keluarkan dari misi story",Wuthering Waves
Dhing 's,5,2025-12-28 22:33:45,"I've been playing for a long time, but when will there be an Indonesian version?",Wuthering Waves
kirisaki jack,4,2025-12-28 22:31:21,next patch please make more optimize for new region lahai roi,Wuthering Waves
Bintang Gumilang,5,2025-12-28 21:50:43,mungkin untuk mobile bisa lebih di tambah kan grafik latar nya,Wuthering Waves
rheynaldy kalalo,1,2025-12-28 21:44:59,"please, i have bug in vehicle tutorial.. always force close.. my device samsung a56 5g, then ill give 5 star again 🙏🙏🙏",Wuthering Waves
restu gaming,1,2025-12-28 21:39:41,map barunya tolong ngelag banget GK gerak hp ku GK bisa log in aku main gensin aja rata kanan bisa loh dapat 40 fps ini ngelag,Wuthering Waves
Oktagaram Oktagaram,5,2025-12-28 21:21:45,game play nya bagus cuman ada berapah bug pas region Laha roi pas cehgellan coba motorbike nya kelura sendiri semoga kuro game bisa perbaiki bug tersebut.. sejauh inih game bagus 👌,Wuthering Waves
Jurig Sawah,5,2025-12-28 21:07:33,Mantap dan puas di mainkan. kata kata nya : mamam tuh hp kentang,Wuthering Waves
Clyde Spencer,5,2025-12-28 20:38:13,"untuk game ini secara keseluruhan sudah sangat baik baik secara gameplay, grapich, dan combatnya. gamenya sudah bagus tapi kurasa untuk storynya masih kurang. itu saja sih",Wuthering Waves
Dennis imasuly,5,2025-12-28 20:20:00,keren parah,Wuthering Waves
ORANG GABUT,5,2025-12-28 20:00:48,beri saya senjata Agusta,Wuthering Waves
muhamad yosha,2,2025-12-28 19:55:25,update nya berapa GB sampe 5gb blom bisa maen,Wuthering Waves
Wahyuning Jagat Sukmo Jati,1,2025-12-28 19:13:55,Perbaikan dievent dimana langsung diem sendiri,Wuthering Waves
Ammar Thoqna,5,2025-12-28 19:11:18,yg ngide bikin fitur motor GOAT 🔥 main berjam-jam pun ku gas kan walaupun jadi rada lag si (sebenernya agak parah si lag nya kalo udah 1 jam lebih 🗿),Wuthering Waves
Yokura,5,2025-12-28 18:59:50,"update nya ga pernah mengecewakan, game berkualitas emang ini, sehat sehat developer haha",Wuthering Waves
Aye Ricky,5,2025-12-28 18:48:18,Soalnya Dapet Carte 2 kali,Wuthering Waves
ADIB BIL ANUFA,4,2025-12-28 18:36:22,"aku cuman bilang aja ini game bagus banget dan betulan absolute cinema, Tapi... kalian kalau mau main game seperti ini lebih baik main di PC ketimbang di hp. karena di hp beda banget sama di PC dan juga adrenaline nya jauh berbeda. tapi ya minus nya 1 aja yaitu game ini gak bisa kompetible dengan hp jikalau main game ini kelamaan... itu aja sih selebihnya bagus banget. tolong kuro klo setiap update jangan bikin semua hp orang jadi potato gegara game elu..",Wuthering Waves
Juan Juan,5,2025-12-28 18:32:40,"anjim padet nya ga ngotak sampe gw APUS,mau nyaingi GTA kah😹tapi ceweknya mantep banget apalagi shorekepwr sama cangli😹",Wuthering Waves
Sgamers,4,2025-12-28 18:17:05,tolong masukan bahasa Indonesia,Wuthering Waves
ArYume,5,2025-12-28 18:05:50,My login is invalid fix this bro,Wuthering Waves
Nur Rofiko,3,2025-12-28 18:02:51,"IQOO NEO 10, Update 3.0 rata kiri 30fps. Woilah, baru balik main udah 50GB aja udh paling bener gk comeback ini mah. Apaan ini Fly nya Rinascita gk bisa dipakai di region baru. Ganti motor cuma susah di hp buat control nya pakai auto mode kelamaan rute nya pada kejauhan, tak tinggal bikin mi instan pun blm sampai 😟. Map Lahai-Roi nya pun jelek, letak antar tempat kejauhan cuma buat bikin jalan tol kebanyakan spot kosong -masih bagusan Jinzhou jadi males buat eksplor 😒",Wuthering Waves
Nanda Dwi,5,2025-12-28 18:00:14,game seru banget asli. no fake fake,Wuthering Waves
Ilham Febri,5,2025-12-28 17:52:30,WHAT A GAMEEE!!! PERFECT GAME!!,Wuthering Waves
Wang Lin,2,2025-12-28 17:51:48,game nya bagus tapi ga ada bahasa Indonesia nya 😔,Wuthering Waves
Baskoro Radhitya Firdaus,2,2025-12-28 17:06:07,"game nya bagus, gw download karna mau tau alur cerita nya tapi ada keterbatasan karna gw g terlalu bisa bhs Inggris, tolong adain bhs Indonesia",Wuthering Waves
Nadeo Afandi,5,2025-12-28 16:35:34,menul menull cowoknya,Wuthering Waves
akmal izzanul,5,2025-12-28 16:19:01,Ditunggu Bahasa Indonesianya,Wuthering Waves
Eman KingKarbit,5,2025-12-28 15:21:44,good game,Wuthering Waves
Hanzz Keren,5,2025-12-28 14:13:22,mantap,Wuthering Waves
tonton Wae,5,2025-12-28 13:58:15,pelis buat gem ini kuragi gb ya hp kentang ku udh gak kuat kaya di genshin 25,Wuthering Waves
Dimas Dewa,5,2025-12-28 13:46:51,gamenya bagus,Wuthering Waves
Bambang Berjuang,5,2025-12-28 13:21:30,😋,Wuthering Waves
Arcan Zateky,4,2025-12-28 13:04:57,"Aku pemain baru di Wuthering Waves dan baru sebulan aku main game ini (sudah masuk season kedua : Rinascita), namun setelah update Laha Roi aku hampir tidak sanggup main lagi karena gamenya yang makin berat sehingga mengalami lag dan frame ketika battle di Rinascita, mungkin tidak ada yang salah dengan gamenya mungkin memang saya yang terlambat memainkan game ini karena baru bulan lalu saya ganti HP dan langsung mencoba game Wuthering Waves sebelum update besar",Wuthering Waves
Shin ZX,5,2025-12-28 12:45:17,masih di tunggu sub indo nya 😊,Wuthering Waves
Andreas Felix Christianto,5,2025-12-28 12:27:01,"Tbh its the best rpg game I've ever played, from the graphic and the physic it is like everything is good. BUT there's one critic from me, dont forget to create more 4 star characters, cuz it will make more fun the game AND we have a lot combination team that can make game even enjoy able and flexible. that's all from me i hope this massage can be heard. thank you Kuro Games",Wuthering Waves
Fakhri Noor,4,2025-12-28 11:59:19,"please there are some bugs in the quest, i cant play it",Wuthering Waves
Fortnite Elite,1,2025-12-28 11:53:23,"update 3.0 where not being able to use wings of envoy really makes exploration difficult, vehicles in Lahai ROI can't climb and so on. 1 star exploration experience!!!",Wuthering Waves
Muhammad Farrel,5,2025-12-28 11:31:48,I have a suggestion to delete the old story data to make this game run smoother,Wuthering Waves
Serem24,1,2025-12-28 10:35:10,gacha terlalu ampas,Wuthering Waves
Ilham Dzikru Ramadhan,5,2025-12-28 10:32:02,Bagus,Wuthering Waves
INGAT! OKE?,4,2025-12-28 10:11:48,gamenya bagusss bangett cumn masalahnya hp ku udh ga support,Wuthering Waves
Anjas gaming,5,2025-12-28 09:56:33,Gamenya Sebenarnya seru cuma hp gw nya yang gak kuat lagi buat mainin ini game,Wuthering Waves
Ridho,5,2025-12-28 09:40:47,Game baik,Wuthering Waves
Dclouze Dmas,5,2025-12-28 09:40:23,"dev, vihicle driving tutorial error, tolong diperbaiki di Xiaomi pad 6",Wuthering Waves
Rizki Galang,5,2025-12-28 09:32:46,keren,Wuthering Waves
Reginald Pradana,3,2025-12-28 09:15:56,hapus lah event yang sudah lewat itu Menuhin memori,Wuthering Waves
Estomihi Rotama,5,2025-12-28 08:32:42,"game nya seru gk ngebosenin banyak banget fitur fitur nya dan ramah terhadap player baru,dan animasi nya keren dan di buat niat banget bagus dah",Wuthering Waves
ubai dillah,1,2025-12-28 07:57:14,"update versi 3.0 ini gak tau,bug atau apa setiap kali login dalam game malah black screen dan ketika hp di mulai ulang game nya kehapus sendiri dan harus install ulang tolong di perbaiki bugnya kuro,terimakasih.",Wuthering Waves
Mochamad Asep,2,2025-12-28 06:32:23,bang game nya ngebug. dari tadi ngestuck di story itu Mulu. mohon untuk diperbaiki,Wuthering Waves
Unaa,5,2025-12-28 05:57:12,gem baik lop yu kuroo,Wuthering Waves
Flyy,1,2025-12-28 05:50:34,"Optimalisasi Update 3.0 jelek, Force Close setiap di Map Baru",Wuthering Waves
Didik Pratama,5,2025-12-28 03:56:32,terbaik,Wuthering Waves
Maz Gombalz,5,2025-12-28 03:25:38,habis update kenapa malah stuck waktu tutorial berkendara,Wuthering Waves
Arifin Rahqel,5,2025-12-28 02:46:17,wuwa..kenapa hard banget gachaa nya udah hampir 150 kali gacha lynae ga pulang² gw belom gacha signature nya pliss lah kuroo..akun lama ini😭😭,Wuthering Waves
Wiwit Wahyudi,5,2025-12-28 02:16:14,"ni game bagus banget,,ga pelit seru juga mohon lh Dev agak di ringanin dikit buat hp yg speknya minim lh hehehe terlalu berat ni game",Wuthering Waves
Agus Hardiyan S.E,3,2025-12-28 01:54:27,"setelah update Lahai Roi, entah mengpa banyak bug di map baru ini, mulai dari joystick yg stuck, fps fluktuasi parah, hingga force close, meskipun setting di performance. padahal di map lainnya lancar meski di setting max dan 60 fps. tolong diperbaiki. device saya Xiaomi pad 7",Wuthering Waves
ᴛᴀᴜғɪᴋ,5,2025-12-28 01:48:33,Why every time I download when I enter the game it force closes?,Wuthering Waves
12. Esa Rhenaldi V2 -XTOC,4,2025-12-28 01:31:17,bansos tambahin bos,Wuthering Waves
Rayhando Ardiansyah,3,2025-12-28 00:34:24,"tolong untuk tingkatin optimasi terutama pada android 16, gw pakai spec Snapdragon 8 gen 3 force close karena file shader nya belum optimal",Wuthering Waves
Muhammad Isma,4,2025-12-27 23:39:56,"semenjak update v3.0 Game WuWa menjadi lebih berat. saya menggunakan Helio G99 Ulti pas versi2 sebelumnya lancar2 aja di setingan rata kiri, skrng walau udah setting rata kiri tetep berat.",Wuthering Waves
Arif Maulana,4,2025-12-27 23:36:14,gg 100% dapet weapon,Wuthering Waves
Nabil Makarim Martadiredja,3,2025-12-27 23:28:14,"game terbaik tapi sayangnya kurang lancar karena grafik game nya, saran saya mending grafik nya diubah jadi 3D kartunis ala anime maksudku saranku grafik gamenya diubah menjadi seperti game guilty gear strive",Wuthering Waves
Tedwin,5,2025-12-27 22:35:19,updet baru jadi patah patah tolong,Wuthering Waves
Rosdiana Pangestu,5,2025-12-27 21:40:49,"game gacha paling peak menurutku. fitur banyak banget bejibun, utility ngga pelit. cuma sayang memory nya tiap update kegedean. nggak cukup di hp ku yg cuma 128 GB. nanti kalo udah pindah device bakal download lagi",Wuthering Waves
Adithia AL,1,2025-12-27 21:30:56,Game wuthering waves sangat berat di perangkat poco x3 pro saya benar-benar tidak layak untuk di mainkan di perangkat saya,Wuthering Waves
M Zufar,5,2025-12-27 21:05:07,gacor reek,Wuthering Waves
Mohammad Afif,1,2025-12-27 21:00:04,game hama,Wuthering Waves
Nanan,4,2025-12-27 19:17:26,"ada bug salah satu quest dan bug nya itu lumayan ganggu, yg pertama game bakal nge freeze dan yg kedua bakal force close, tolong di perbaiki kuro",Wuthering Waves
Loopy Lopez,1,2025-12-27 18:29:44,"in the new update 3.0 there are lots of problems such as lag, crashes and I have never experienced this since the game was released, so this is the first time I have experienced this problem, can the developer fix this problem as soon as possible??? this is very annoying for me",Wuthering Waves
Dika Pratama,5,2025-12-27 18:19:48,game baik,Wuthering Waves
Nizar Nizar,4,2025-12-27 18:14:17,baik :),Wuthering Waves
AMDH 1996,1,2025-12-27 16:52:05,"Makin berat aja buat ponsel, tolonglah jangan cuma PC yang didengerin, ponsel juga diperhatikan",Wuthering Waves
Eko Arifianto,2,2025-12-27 16:32:43,gila semenjak update Region baru Lahai doi saya merasakan frame drop dimana mana mungkin karena device saya yg sudah gak kuat atau game ini harus perlu improve lagi,Wuthering Waves
Mohammad Annan Makruf Mustofa,3,2025-12-27 16:31:32,"Story terlalu fokus romance, ga seru",Wuthering Waves
indra irawan,1,2025-12-27 16:28:32,Kurang banyak gachanya kalau bisa di bikin 1000kali gacha baru dapat,Wuthering Waves
Rifki Wahyudin,2,2025-12-27 16:25:09,tambahkan subtitle Indonesiaan,Wuthering Waves
coc psmall,3,2025-12-27 16:12:05,"after update, the game is getting lagger",Wuthering Waves
Muhammad Ridha,5,2025-12-27 15:30:38,Ada masalah waktu di dalam startorch academy pingnya merah sedangkan waktu di luar kotanya normal saja pingnya,Wuthering Waves
Ikram Nour Wahid,5,2025-12-27 15:12:05,kuro tolong lah kalo update jangan gede banget atuh gk kuat penyimpanan gw,Wuthering Waves
mistergatah,5,2025-12-27 15:09:03,plis kasi gacha saya low pity,Wuthering Waves
Anime Chuy,5,2025-12-27 15:06:33,beautiful and maybe you can add Indonesian language,Wuthering Waves
Nova Refca Saputri,5,2025-12-27 14:52:10,bagus,Wuthering Waves
Herrscher,1,2025-12-27 14:38:36,Game gak bagus buat user android banyak bug developer malas memperbaiki,Wuthering Waves
Cid Kageno,5,2025-12-27 14:26:33,peak game rpg,Wuthering Waves
Muhammad Farhan,5,2025-12-27 14:11:53,"Dari segi battle dan desain bagus, tapi kedepannya tolong di optimasikan untuk hp mid-range agar tidak terlalu lag (walaupun rata kiri) dan tolong diberikan subtitle Indonesia.",Wuthering Waves
Adisutisna,3,2025-12-27 14:01:32,"ini yg komen komen bagus tentang game ini , player atau developer player",Wuthering Waves
Gian,1,2025-12-27 13:44:00,size gamenya dipikir mas,Wuthering Waves
Ezekiel E.S,5,2025-12-27 12:38:02,TERIMAKASIH KURO,Wuthering Waves
Znovier,4,2025-12-27 12:35:07,"Pada mekanik combatnya mungkin ini adalah salah satu game terbaik pada bidangnya,tetapi pada grafisnya mungkin harus ditingkatkan lagi texture renderingnya dan ketajaman texturnya,karena meskipun saya bermain di settingan grafis tertinggi masih terdapat banyak sekali texture yang flat dan hanya texture di dekat karakter saja yang terender,itupun masih terlihat flat dan kurang enak dipandang.Jadi,mungkin di next update bisa di pertajam lagi texture worldnya dan diperluas lagi texture renderingnya",Wuthering Waves
Aditya Rafka,2,2025-12-27 12:23:20,banyak bug,Wuthering Waves
Master Opang,5,2025-12-27 12:14:41,TOLONG KURANGI UKURAN DATA GAMENYA!!!!!!!!!!,Wuthering Waves
Nizar Fahd,4,2025-12-27 12:11:34,"please kuro games, add Indonesian language (bahasa) because all my friends wants to play with me too, but they dont understand english overall the game is good",Wuthering Waves
Muh Nursyam Makmun,5,2025-12-27 12:03:10,"please fix the problem i think version 3.0 to heavy, i always got force closed when playing on rog 7, makes the gem not enjoyable",Wuthering Waves
Dodol,5,2025-12-27 11:28:34,bagus banget ni gameeeeee,Wuthering Waves
Fakhri Rafif Favian,3,2025-12-27 11:07:14,kuro pleasee.. give me that cartethiya😔,Wuthering Waves
Muhamad fiqqri Hidayat,5,2025-12-27 11:07:11,gacha nya wangi,Wuthering Waves
Christopher Rafael,5,2025-12-27 11:00:05,"tolong kepada developer untuk memperbaiki optimasi pada perangkat mobile setelah update 3.0, karena di kondisi ke-2 hp saya terdapat bug dimana karakter tidak bisa digerakkan, namun fitur lainnya masih bisa digunakan dan dipencet. 🙏",Wuthering Waves
Adistyo Nugroho,5,2025-12-27 10:54:53,"Gamenya bagus keren explorasi bebas dan juga ada tambahan pinjaman character banyak games semenjak update makin ok sedikit saran tambahan fraksi jahat baru tidak soal menyangkut seputar Threnodian, Leviathan, Fenomena, lamen, Fractsidus dan imperator saja supaya story makin terkejut dan tidak tertebak ada beberapa bos fight yang double seperti melawan Threnodian, Sovereign, dan Fractsidus, dan beberapa villain karakter yang masih menjadi misteri itu saja",Wuthering Waves
Daeng Muhammad Zamzami,3,2025-12-27 10:14:18,mohon di perbaiki rekomendasi penyimpanan hp pas tiap mau update patch padahal cuman perlu 17gb tapi di minta kosongkan penyimpanan Sampai 51 GB padahal tidak perlu penyimpanan sampai segitu,Wuthering Waves
Dhiya Naufarizq,4,2025-12-27 09:50:36,berat banget sumpah min padahal di genshin g gitu 😮‍💨 tapi game nya baguss,Wuthering Waves
Firdi Muhammad,5,2025-12-27 09:34:23,"game bagus ramah player F2P tapi sayang nya udh GK bisa main setelah update ini di karenakan ram hp ku sudah tidak cukup, agak kaget patch 3.0 ini sangat besar storage nya🥲",Wuthering Waves
Sulthan Rahmatullah,5,2025-12-27 09:04:47,Crowless nya ber aura,Wuthering Waves
RK21 21RK,4,2025-12-27 09:03:42,"Menantikan cerita yang lebih menarik Selama mas Rover mencari istri kembali ke la,hei,roi,",Wuthering Waves
Erdhawisnupratama Pratama,5,2025-12-27 08:54:04,mantap,Wuthering Waves
Taupik H,5,2025-12-27 08:14:51,"kemarin kan ada pre download 4gb, kok malah download lagi 4gb ya?",Wuthering Waves
hari hari,1,2025-12-27 08:08:01,game tai,Wuthering Waves
Nabil Harizon,5,2025-12-27 07:39:32,terima kasih kuro karena rate gacha ku sangat wangi saking wanginya dapet verina terus🥰,Wuthering Waves
Sandi ???,5,2025-12-27 06:18:10,"defnya baik hati, tidak kikir😋😋",Wuthering Waves
Muhammad Raafi Gustyan,5,2025-12-27 05:32:37,"devnya baik atau gw yang kelewat hoki, tapi yang jelas setiap banner karakter baru ratenya kayak di tinggiin, gak sampe 50x pull udah di pastikan 89% dapet dan gak pernah di atas 80x pull gak dapet.",Wuthering Waves
Bima AkunReal,5,2025-12-27 05:13:02,mntap min dpat carte+sign sering2 kasi menang yaa,Wuthering Waves
Fadzil Rabbi,5,2025-12-27 04:50:14,semoga update wuthering waves berikutnya ada bahasa indonesia,Wuthering Waves
Shadow,5,2025-12-27 04:01:28,mantap,Wuthering Waves
Tama yulkhoas Y,5,2025-12-27 03:30:22,game ini sangatp baik dan keren,Wuthering Waves
Sai Akuto,5,2025-12-27 03:07:50,keep going,Wuthering Waves
Raffa Hd,5,2025-12-27 02:19:13,PEAK!!! 👑,Wuthering Waves
tri hadianto,5,2025-12-27 01:43:08,good game,Wuthering Waves
Zenith AW,1,2025-12-27 01:36:41,why no indonesian laguange??,Wuthering Waves
Myesha Sumargo,4,2025-12-27 01:22:00,Force close 😭😭😭,Wuthering Waves
Rahmat hidayat Rahmat,5,2025-12-27 01:06:09,Hello creator I really like this game but this time the improvement is so amazing that my phone storage is not enough anymore maybe if you(the creator) read this (thank you),Wuthering Waves
Tri Bintang Akbar Putra,5,2025-12-27 00:36:22,game yang benar benar luar Biasa,Wuthering Waves
Fachri Febrian Mujadi Ahmad,2,2025-12-27 00:34:12,sumpah malah makin berat gamenya,Wuthering Waves
Kerina Priscilia,4,2025-12-27 00:31:29,Please fix the network because it often shows red and yellow.,Wuthering Waves
Kevin Richardo,1,2025-12-26 23:34:19,Woy botak game loh kenapa sih haaa kok loading kok lama banget sumpah tolong lah di perbaiki lagi dong game yg game pelit GACHA GAK DAPET² GG,Wuthering Waves
Sey Salehudin,2,2025-12-26 23:10:08,ga ngerti bahasa Inggris,Wuthering Waves
Andika Putra,3,2025-12-26 23:04:33,"Tolong segera untuk dioptimalisasi game nya karena ukuran nya sudah mencapai ± 50gb di mobile, dan kalau bisa fitur hapus resource harus bisa menghapus lebih banyak resource yang tidak dipakai.",Wuthering Waves
Muhammad Jefri,5,2025-12-26 22:59:55,game santai gak kompe,Wuthering Waves
Muhammad Devano,5,2025-12-26 22:43:13,"Karakternya bagus dan menarik saya sangat suka, tapi mungkin tampilan gamenya bisa dipisahkan antara buat PC dan smartphone karena di smartphone kelas medium gamenya suka berat gak seringan kompetitor. Hanya sekedar saran",Wuthering Waves
video games,5,2025-12-26 22:38:47,"game bagus dan baik dan kasi bansos banyak lagi aku cinta wuwa, dan aku menyukai mu wahai developer terimakasih sudah membuat game dan aku sangat bersyukur sudah ada game ini membuat hati gembira, dan hemat uang",Wuthering Waves
Hatsune Miku,5,2025-12-26 22:31:01,setiap update pasti ad yang baru gk cuma story aj . jadi gk pernah bosen setiap next update . mantap bgt kuro game . semoga next update beneran dpt skin rover .,Wuthering Waves
Faridz Bembi Permana,1,2025-12-26 21:16:56,optimalisasi mobile sangat SAMPAH kalo mau nyaingin genshin MOHON BENARKAN OPTIMALISASI NYA sehabis update 3.0 force close terus menerus!!!,Wuthering Waves
DIAN ANSYAH,3,2025-12-26 20:55:16,"ada kendala sedikit mengenai game ini jadi saya masih pemula game ini karena saya kemari karena teman saya, saya liat dia main game ini dan saya bilang bro lu main Wuthering Waves? nah setelah itu saya ikut juga main dan Doawnlod/instal ini game gejala nya disini! saya mau login tapi keluar dari permainan?) kenapa ya bisa gitu.... tolongin jelasin admin/ developer",Wuthering Waves
Haruko Miyuki,5,2025-12-26 20:50:55,makasih bnyk papa kuro,Wuthering Waves
Kondang Korniawan,1,2025-12-26 20:48:23,ALWAYS LOSING 50/50 IN HARD PITY. I don't bothering to buy and play this game anymore,Wuthering Waves
King Jiyan,5,2025-12-26 20:35:12,Peak,Wuthering Waves
Badriah Aah,1,2025-12-26 20:11:15,pas login malah keluar Mulu gak bisa login,Wuthering Waves
lucky cristiyanto,5,2025-12-26 19:24:15,game open world yang sangat seru dan game play nya berbeda dengan game open world lain,Wuthering Waves
aska Gemilang,5,2025-12-26 19:06:16,makasih udah buat game sebaik ini,Wuthering Waves
Manga Ku,5,2025-12-26 17:54:48,"sangat menyenangkan main suka, grafis bagus, karakter cantik""",Wuthering Waves
rsya watcha gonna do,5,2025-12-26 17:06:57,"As for the rating, this game is excellent, 5/5 from me because I've been playing it since version 1.3. But I'm not here to judge solely, I just don't want any of the ""power-creep"" that happened to previous characters. I've wanted Yinlin for a long time but i lose, even after 120 pulls. The release of Lynae has made Yinlin even more miserable. I hope Kuro Games listen it. kek gimana ya, gw pengen bgt yinlin karena udh hafal ama xiangli yao, malah yinlinya tenggelam duluan.",Wuthering Waves
Sevin Pn,3,2025-12-26 16:51:04,tolong kasih opsi bahasa indo.mau pakai aplikasi pihak ketiga buat nerjemahin takut ke ban,Wuthering Waves
Riswan Anggara,5,2025-12-26 16:45:50,"bikin versi cloudnya dong kayak genshin impact,biar yang device nya kurang memadai bisa main juga 😁",Wuthering Waves
Haerul Kusuma,5,2025-12-26 16:40:12,"setelah update 3.0 ada tutorial quest baru yg gk bisa saya clear malah keluar sendiri terus berkali-kali, tolong di fix, saya sangat menyukai gamenya, semoga tidak berhenti karena bug dari device yang kurang",Wuthering Waves
Toni,1,2025-12-26 16:11:28,"berat banget woi patch baru, udah gk playable di mobile ini mah 🥲",Wuthering Waves
Muhamad Zhafran zufar,4,2025-12-26 16:01:58,"Bro, please... I feel sorry for my inadequate phone, I also think that everyone wants to try your game but because of the limitations of their phones they are using, they are not able to play it. I hope you will listen to my suggestion to reduce the device specifications so that more people can play this game. My friend also seems to be having trouble...",Wuthering Waves
Muhammad Husnan,5,2025-12-26 16:01:38,LUARBIASA BANGET,Wuthering Waves
Akhdan Hasbi,5,2025-12-26 15:31:03,"game nya nyaman, grafik Hd, karakternya cantik cantik lagi, pengen deh nikahin Robin imut soalnya",Wuthering Waves
Iwantz,2,2025-12-26 15:25:38,50gb untuk mobile di patch terakhir ini? ayolah... 🙃,Wuthering Waves
Luqman Al Hakim,1,2025-12-26 15:07:22,udh 3 kali ngeframe pas lgi battle,Wuthering Waves
Sholichul Hadi,5,2025-12-26 15:02:05,sasuga goldenboy... ini sebenernya developer segabut apa coba? hampir semua permintaan player(bahkan yang aneh-aneh pun) satu persatu diturutin bjir... aga laen emang kuro bikin ini game🗿,Wuthering Waves
Wulangsya JotaRangga,2,2025-12-26 14:25:38,"tolong kenapa pas mau quest selalu nge stuck, kadamg ngebug dan ga bisa mulai dari awal, tolong perbaiki, saya ga bisa ekplor kalau questnya belum selesai",Wuthering Waves
Yuhaa,4,2025-12-26 14:21:20,"cool.. and i'm from Indonesian..it's just that there are no Indonesian subtitles, but I still like the plot and gameplay..I hope there will be Indonesian subtitles in the future, thanks!!",Wuthering Waves
Aziz Firmansyah,5,2025-12-26 14:08:41,"Game nya seru, komunitas nya ramah, setiap patch selalu improve, selalu mendengarkan keluh kesah player wuthering waves is the best game 2025. tapi apakah kuro berkenan untuk menambahkan Bahasa Indonesia ke dalam game nya? Saya sangat terbantu bila kuro menerapkan bahasa Indonesia pada game nya, dan juga saya ingin berkenan jika ada player yg memakai config untuk membuat game nya jadi lebih lancar, jangan mem blokir/ban akun player tersebut. Sekian dari saya terimakasih ☺️ 🙏",Wuthering Waves
Muhamad Faris Effendi,2,2025-12-26 13:56:47,"Habis update game jadi ga optimal, lag dan crash terus",Wuthering Waves
Takumi Khun,5,2025-12-26 13:52:01,BETTER,Wuthering Waves
Satria Fu,5,2025-12-26 13:49:11,game nya dah bagus tapi pas mau selesaikan misi tutorial Quest yang baru tiba tiba frezee gak mau gerak tolong segera di perbaiki,Wuthering Waves
Muhammad Agil Masruri,4,2025-12-26 13:39:46,"ada bug di update acara terbaru saat mengerjakan quest menaiki motor. saat dimainkan pada sesi tersebut, game ngefreeze",Wuthering Waves
Fadil voldigoad,1,2025-12-26 13:22:54,mohon untuk developer nya kok saya patah patah yah padahl ram tersisa 310 gb dan jaringan lancar mohon diperbaiki,Wuthering Waves
Mbok Ririn,1,2025-12-26 13:06:57,FRAME DROP 👍,Wuthering Waves
Ubi cilembu,5,2025-12-26 12:43:30,SERUUU,Wuthering Waves
Anas Sholikhin,5,2025-12-26 12:15:57,coba ah,Wuthering Waves
Ndra Irawan,3,2025-12-26 12:11:32,"semenjak update 3.0 banyak terjadi crash pada permainan,",Wuthering Waves
Dare desu ka,3,2025-12-26 12:05:46,"I hope the developer adds Indonesian subtitles, I would give 2 more stars if that happened",Wuthering Waves
Itsu Fuby,5,2025-12-26 11:59:20,"game ini sangat baik,bagus bijakk,dan sangat baik,saya sangat suka game ini",Wuthering Waves
M.Ainur Ridho,5,2025-12-26 11:49:34,Good game,Wuthering Waves
ALBY FERDIANSYAH HAERUDIN,4,2025-12-26 11:25:18,ini kok kenapa ya ruang penyimpanan masih banyak tapi pas download update terbaru ga bisa download padahal udah klik continue minta di perbaiki kuro,Wuthering Waves
botolnya Nrealt,1,2025-12-26 11:11:32,optimalisasi sangat buruk,Wuthering Waves
Refan Flf,3,2025-12-26 11:05:47,"Pas update 3.0 ini, saya lanjutin story saya di bagian cartethyia lawan echo Lupa, trs pas lgi story sering nge-crash keluar sendiri pas mke skill terbaru tune break,mungkin karna itu skill baru yg ditambahkan dan saya lgi main story 2.4 jdi blum ke trigger skill nya di story lama, pdahal klo lgi tdk main story bisa bisa saja mke skill tune break, tolong kuro games benerin bug ini 🙏🏼, sama tolong kecilkan sedikit ukuran game nya saya main pke HP redmi note 13 pro ram 12 masih sdikit lag 😅",Wuthering Waves
Baka Vann,1,2025-12-26 11:04:34,"Astaghfirullah, hei bung, updatenya kalo bisa jangan seperti download ulang, ringankan lah versi mobile, itu saja saran kritik dariku bung",Wuthering Waves
Aldo Aldo,5,2025-12-26 10:35:23,game seru wak rugi ga download,Wuthering Waves
Shiraishi Urara,4,2025-12-26 10:08:46,seteh update lah parah ..,Wuthering Waves
Nawaf Nabilah,5,2025-12-26 09:55:25,"sejak update lahai roi jadi makin parah, sering nge frame, sering force close padahal settingan udah low masih aja susah padahal sebelum update grafik high masih aman-aman aja",Wuthering Waves
Debi Pranatania,2,2025-12-26 09:48:56,"please fix your storage issue kuro, as a mobile player i can't play ur game anymore.",Wuthering Waves
Randa Randa,5,2025-12-26 09:39:21,"untung developer,jinshi mana Mulu dah.gua mau gacha jinshi",Wuthering Waves
Muh Yusril,5,2025-12-26 09:32:05,"game nya bagus. tapi kok setelah di update apk nya keluar paksa terus, itu kita2 kenapa ya?",Wuthering Waves
Ahwan Syah,5,2025-12-26 09:11:03,"buat wuwa untuk sementara gua uninstall dulu makasih buat kuro udah bikin game sebagus ini... tapi gua janji kalo gua dah ada device yg mumpuni gua pasti balik maen, buat sekarang sampai jumpa dulu🙂",Wuthering Waves
Ega Reyking,5,2025-12-26 08:58:00,hahah aku harus pensiun main game nya karena device ku sudah tidak mampu buat update game nya 😭,Wuthering Waves
Rizky Rama,5,2025-12-26 08:56:49,storage hp bengkak musti pake PC biar aman tapi ok sih,Wuthering Waves
Pecinta Alam,4,2025-12-26 08:46:31,sizenya gede bngttt anjirr 46 gb full data gemenya,Wuthering Waves
Ferdynand Adinata,5,2025-12-26 08:26:40,"gacor bet sebagai game mobile, sayang banget kalah tga 2025, semoga next dapet",Wuthering Waves
lmao ngap,5,2025-12-26 08:14:49,"3.0 force close saat download resource! tidak ada app background yang berjalan, tapi tetap saja force close setiap sekian menit! but it's alright, game-nya berjalan smooth tanpa force close setelah berhasil download resource👍",Wuthering Waves
Hirohito,5,2025-12-26 07:46:07,gw main dari awal rilis sampe sekarang... tetep enjoy aja nikmatin alur nya.. walaupun sekali update makan banyak ruang penyimpanan,Wuthering Waves
Nawawi Polo,1,2025-12-26 07:38:14,pity nya dikondisikan pler,Wuthering Waves
Wolter And Wilti,3,2025-12-26 07:25:22,"Suka sih design nya, Tapi Lore nya Gak ada, Kalau ini mah Yang suka Combat nya Cepat dan Story telling nya juga. rekomendasi Jika ada yang suka itu, Tapi bagi saya sebagai penyuka Lore, Saya gak rekomendasi karena setiap update gak ada Koneksi untuk semua region nya. seperti mereka bisa ubah Lore nya sesuka mereka. Tapi beneran rekomendasi kalau suka story telling bukan Lore.",Wuthering Waves
Arba Safwan,5,2025-12-26 07:12:22,kenyang bansos,Wuthering Waves
Ghaza Al Ghifari,3,2025-12-26 07:00:29,"tolong saya main di samsung S24 FE kenapa suka out sendiri gamenya, bahkan tiap main 5 menit tbtb out, padahal jaringan lancar. tolong diperbaiki",Wuthering Waves
Ramadhan Al qadri,5,2025-12-26 06:55:15,"Tak bosan bosan, aku menyebut game PEAK!",Wuthering Waves
Skylla,4,2025-12-26 06:19:22,"sedikit saran -tambahin bahasa Indonesia, karna gk semua orng Indonesia ngerti bahasa Inggris -banyakin karakter cwo jangan cwe trs -adain apk wuthering waves cloud biar yg hpnya kentang tpi pengen main bisa main di wuwa cloud itu (kan klo ada top-up nya juga kalian yg untung) jdi tolong adain ya karna kami butuh banget oke, kami tunggu",Wuthering Waves
Muhammad Fiqran Din Nur Taslim,5,2025-12-26 06:15:32,Keren banget. Terutama gameplay dan grafiknya. Serta Fitur explorasinya yang sudah bervariasi tiap wilayah. Nggak nyesel gua main dari rilis pertama. walaupun sempat bug di awal banyak. Tapi tim Kuro berusaha improve. 👏🏻👏🏻👏🏻😤,Wuthering Waves
Bylusky,5,2025-12-26 04:27:52,terbaik 👍,Wuthering Waves
Alal Kahfi,2,2025-12-26 03:53:10,"gila baru juga main kemaren habis download 24,7 G sekarang mau maen langsung di sodorin update 0,94 G Terus disuruh download lagi 25,3 G (GILA GILA 🤬🤬🤬🤬🤬🤬🤬)",Wuthering Waves
Septiyo dotCom,3,2025-12-26 03:29:09,"I have no problem with the game itself. As a Genshin veteran, this is like playing another similar model. The problem is the updates. The game itself is 39 GB The update is 58 GB What does this mean? Am I not allowed to install other games on my phone? If this isn't addressed, I'll clearly switch to another game. Because the storage is only 128 GB, please reconsider the update process. Not all phones have 512 GB of storage.",Wuthering Waves
TOMI SANJAYA,5,2025-12-26 02:57:35,game baik😁,Wuthering Waves
Hery Armansyah,5,2025-12-26 02:25:04,the beeesststttt,Wuthering Waves
Maros Adi,1,2025-12-26 01:55:40,"mulai jadi game pembunuh storage,,space udh memadai masih disuruh hapus lagi",Wuthering Waves
Ahmad Ridha,5,2025-12-26 01:51:44,Absolutely Cinema 👏🏻👏🏻👏🏻 tiap update makin improve gamenya Terimakasih Kurogames telah membuat game terbaik Wuthering Waves 👍🏻👍🏻👍🏻,Wuthering Waves
Ryze,1,2025-12-26 01:04:48,"Game tolol , optimasi game nya makin busuk , tolong lebih niat lagi optimasi game nya, gw ga peduli mau engine lu apa tapi kalau ga bisa optimasi dengan baik ya tetap aja ampas, makin ke sinih makin parah game nya dah masalah optimasi game nya makin tidak di pedulikan. gw bukan buzzer hoyo ya, game yg gw mainin cuman dari kurogames doang jujur gw kecewa banget nih developer makin ga becus untuk optimalisasi game nya, Rendering nya aja buruk banget,ga usah nyalahin hp kentang,game nya aja busuk",Wuthering Waves
Chairil Rusdy Official (Chairil rusdy),5,2025-12-26 00:29:25,seru,Wuthering Waves
Muhammad Fadhil adyaksa,5,2025-12-26 00:24:56,"update client yang sekarang KOK GEDE BANGET OIII! HP GUA UDH KEBANYAKAN GAME MASSA HRS GUA HAPUS SIHH.. perasaan genshin update client kecil,zzz juga,LAH INI KOK GEDE BUENER KURO TULUNGLAH CLIENT DOANG LOOO...",Wuthering Waves
Zyon,5,2025-12-26 00:17:21,Sub Indonesia,Wuthering Waves
Virda Annisa,5,2025-12-26 00:11:46,bagus,Wuthering Waves
Reyhan Isyraf Yasid,5,2025-12-26 00:02:00,terimakasih kuro 😭😭🙏🏿,Wuthering Waves
Ahmad fauzy Zulkarnaen,1,2025-12-25 23:09:51,maaf banget ya pihak kuro game semenjak update 3.0 ini optimalisasi nya makin jelek dan parah🙏 kalo bisa optimalisasi nya di buat lebih bagus lagi ya🙏,Wuthering Waves
Fachri Alzufri,1,2025-12-25 23:07:48,sekalinya update langsung melebihi genshin impact,Wuthering Waves
Tommywilliam Lim,5,2025-12-25 22:56:08,keren,Wuthering Waves
Irvan,5,2025-12-25 22:20:55,"game open world mobile terbaik the real genshin killer.gacha nya juga udh pasti dapet seperti di banner nya, bansos nya banyak udh gak bakal bingung lagi event nya seru².optimalisasi udh lancar tapi di ping nya agak ngaruh kalo tiba² ping nya merah lag.update terbaru ngambil storage 86,6GB wah untuk game mobile sih",Wuthering Waves
Zerovallen CH Indonesian,5,2025-12-25 22:18:42,Good,Wuthering Waves
Chelsea _Imanuella,5,2025-12-25 22:13:46,CINTA DEH SAMA KUROO,Wuthering Waves
Ridwan Smith,5,2025-12-25 21:53:56,tiap kali upgrade gede bget 17 GB.. yg di perkampungan sinyal ngempot wkwkwk,Wuthering Waves
Muhammad Ramadhan,5,2025-12-25 21:45:52,"I really enjoy this game, because the world is built so amazingly, and the story is so cool and interesting, as well as the design of each character which is designed very beautifully,and I really hope that whutering waves has a cloud version",Wuthering Waves
Raka Atha Dipa,5,2025-12-25 21:44:53,main dari awal rilis terus tinggalin sekarang main lagi dan cukup seru sih,Wuthering Waves
Um Da,5,2025-12-25 21:35:49,"bagus si game nya tapi update 3.0 perlu 70 gb device ku ga bisa handle,jadi ya bye² wuwa ak udh pensi,makasih pengalamnnya selama 2 tahun 🫡",Wuthering Waves
Pangeran Sabun,5,2025-12-25 21:33:29,the best,Wuthering Waves
hanif idham,5,2025-12-25 21:20:37,mantap,Wuthering Waves
Lizar Samtidar,5,2025-12-25 21:05:51,Game terbaik,Wuthering Waves
hanase sotaa,5,2025-12-25 20:56:41,gem terbail sepanjang masa semoga diberi b5 limited low pull,Wuthering Waves
deodatusrevitoaryasena,5,2025-12-25 20:54:30,game baik :^),Wuthering Waves
Ibam Gamer,3,2025-12-25 20:44:03,tolonglah kuro... aku cuman mau download data dalam wuwa aja selalu force close mulu dah... Tolong pikirkan komunitas gaming mobile juga,Wuthering Waves
Rifaldi3 Prayogi,5,2025-12-25 20:37:57,game keren!!!!,Wuthering Waves
Rey suka isekai,5,2025-12-25 20:37:54,absolute cinema 🙌😐,Wuthering Waves
Gar,5,2025-12-25 20:27:58,peak,Wuthering Waves
Hazu _kun,5,2025-12-25 20:22:26,Best Game 👍,Wuthering Waves
KYO KUSANAGI,3,2025-12-25 20:12:00,game ini bagus tapi memori terlalu banyak sekitar 90 GB saat mendownload data tersebut nanti 3.1 diusahakan untuk mengecilkan memori seperti 31 GB perangkat saat download game tersebut agar pemain dengan perangkat memori rendah agar bisa bermain lebih berpengalaman dan mudah tidak patah atau bisa ada fitur penghapusan data saat story sudah selesai agar bisa memori jadi lebih berkurang,Wuthering Waves
Master X,5,2025-12-25 19:52:17,nice game,Wuthering Waves
NotFound Gmail,1,2025-12-25 19:47:26,"content end game lu yang baru susah konbaik, kurang kurangin dah kyk gitu game konbaik.",Wuthering Waves
Baalダニ,5,2025-12-25 19:41:42,gacor kang🤑🤑🤑🤑🤑🤑,Wuthering Waves
bunga,5,2025-12-25 18:57:03,"developer, tolong ini kenapa yaa setiap mau download data wuwanya selalu error, yang ngecrash, tiba-tiba keluar sendiri, kadang ad notif sistem download gagal. padahal device yang saya gunain masih aman. udah saya coba restart, unistal, instal lagi tapi masih tetep aja gagal buat download data. apakah ada solusi buat perbaikinnya?",Wuthering Waves
Yogi Nata,1,2025-12-25 18:35:21,"The game is very beautiful, but there is no Indonesian language 😭, if there was I would download it immediately",Wuthering Waves
Agung,5,2025-12-25 18:30:23,gak kikir,Wuthering Waves
Somad Keluarga,5,2025-12-25 18:30:22,Saat mengunduh bagian dalam saya sering force close atau aplikasi suka tertutup sendiri. Hal ini mengakibatkan saya tidak bisa melanjutkan download kira-kira kenpa ya??,Wuthering Waves
Ratna Kurnia,5,2025-12-25 18:17:29,seru..... ceuk aku mah teuing mun ceuk batur,Wuthering Waves
Yt Agus Official,1,2025-12-25 18:09:52,game qmpas gacha ampas,Wuthering Waves
Zhao Muxi,5,2025-12-25 17:51:05,gue suka kasih bintang full udah itu aja gak perlu komen banyak capek ngetik wkwkwk,Wuthering Waves
Maharaja Saipul,5,2025-12-25 17:46:48,sehat² game baik,Wuthering Waves
Muhammad Habibie,5,2025-12-25 17:34:12,game ini sudah semakin bagus aku juga pindah game sebelah ke game ini kalian juga wajib download klo ga kata gw nyesel makasih,Wuthering Waves
Yon Always here,5,2025-12-25 17:31:23,"OMG, tbh in my opinion this game is super ultra peak",Wuthering Waves
RIFKISME,4,2025-12-25 17:26:50,"Game nya udah bagus banget, tapi optimalisasi baik gameplay-nya, grafik, bug, sama jaringan yang menurut saya lebih baik di optimalkan lagi, selebihnya udah bagus kok. pls kalo update 3.0 atau 4.0 jangan besar besar amat",Wuthering Waves
Fazli,4,2025-12-25 17:24:50,"This game is very popular in Indonesia, so I ask the developers to add Indonesian to this game🙏",Wuthering Waves
Eclair29,1,2025-12-25 17:22:37,"Bad game, always losing to 50/50 👎👎👎",Wuthering Waves
Heru Ismanto,3,2025-12-25 16:42:12,versi 3.0 gameplay tidak ramah ke pengguna mobile👎,Wuthering Waves
Doni Outro,1,2025-12-25 16:39:58,habis update 3.0 main forced close mulu.mau di android atau di iPhone .parah bgt.,Wuthering Waves
Hilal Alexandra,5,2025-12-25 16:34:06,good,Wuthering Waves
IKVV PUNK,5,2025-12-25 16:31:02,bagus berkualitas tinggi,Wuthering Waves
Sifak Yuli Anggara,5,2025-12-25 16:09:41,Best games and developers 😍,Wuthering Waves
zia ulhaq,1,2025-12-25 16:08:37,game pelit player baru gacha aj udh langsung kalah di banner limited parah banget gini harusny menang untuk pertama kali main gimana mau dapat kesenangan ketika gacha dapat warna emas eh dapat chalcaro apaan dah game pelit kikir gk beda jauh sma gensin sma sama pelit udh kecewa bngt sma ni game gk nyangka orng baru main aj diginiin apalagi udh lama main.,Wuthering Waves
pelangi zk,1,2025-12-25 16:06:43,pensi pensi setelah update ngeleg parah,Wuthering Waves
Savrel,5,2025-12-25 16:05:24,makasih game baik gak seperti sebelah dev budeg,Wuthering Waves
Rayhan Rahmadhani,5,2025-12-25 16:00:26,sangat keren tapi tolong kalau update jangan besar betul ukurannya kalo bisa dikompres sekecilnya dari saya awal main selalu pra unduh serasa download baru,Wuthering Waves
Frida Mutria Defi,5,2025-12-25 15:55:46,"story bagus. event juga bagus, cara bertarung nya juga seru, tapi sayang device gak kuat lagi di uptade sekarang dan terpaksa pensi, kapan kapan main lagi kalo udh beli device baru.",Wuthering Waves
Yuanqi,5,2025-12-25 15:51:13,Sebelumnya ak udah main PGR dan ternyata setelah lama hiatus dari dunia game dan ketemu berita Wuwa bakal rilis itu bener bener udah excited karena menurutku gameplay mereka unik. Walau awal perilisan memang agak kacau tapi Developer bener-bener berusaha keras buat optimal game mereka.. dan sampai sekarang aku main ini game makin hari makin terkesima sama proyek game ini..,Wuthering Waves
Wan Muhammad Reyhandika,3,2025-12-25 15:47:28,"Secara teknis ini game PC yang di port ke android, tentu untuk pengalaman terbaik yaitu bermain di PC. Belum lagi system requirements minimumnya juga berat. Susah untuk memainkannya jika mengandalkan device rendah, perlu device besar dan mahal. Mau kamu mengakalinya juga tidak bisa. Intinya ini game mahal bro😅, bukan harga game tetapi harga device.",Wuthering Waves
Rian AL Fathin,5,2025-12-25 15:29:43,Best Action Openworld RPG.,Wuthering Waves
V-RUS,5,2025-12-25 15:23:24,walaupun tiap update gede nya gak ngotak tapi sepadan ama isi nya. makasih kuro ireng 👍,Wuthering Waves
Yola Wijaya,5,2025-12-25 15:18:56,BEST GAMEEEEEE,Wuthering Waves
Fauzi Fauzi,5,2025-12-25 15:11:30,"tapi permasalahannya setiap update selalu memiliki penyimpanan yg cukup besar, mohon segera didengar. walaupun scr gameplay cukup bagus tapi secara penyimpanan di mobile terlalu besar, ini menjadi kendala yg cukup penting. soalnya jika terus terjadi akan banyak seiring waktu para pemain akan tidak ingin bermain lagi. soalnya banyak pengguna HP mobile tidak cukup memiliki penyimpanan yg cukup tolong dijawab development.",Wuthering Waves
Felix Budiman,1,2025-12-25 15:03:38,"New Update space is joke. the Optimization for Mobile is bad. U must learn form Where Winds Meet. Just stop play, move to WWM. thx for everything.",Wuthering Waves
oyip Prabowo,5,2025-12-25 14:55:55,best game ever,Wuthering Waves
RBP,5,2025-12-25 14:51:43,tengkyuu,Wuthering Waves
fajri akatsuki,5,2025-12-25 14:47:20,keren,Wuthering Waves
Muhammad Yanto,5,2025-12-25 14:39:08,Keren sih...,Wuthering Waves
teguh Rahmad,3,2025-12-25 14:32:07,"game ini ngelaaag, sering close program, padahal device ku udah standar loh, tapi masih aja kenak close program",Wuthering Waves
Rama Satria,5,2025-12-25 14:29:32,GILA F2P PARAH,Wuthering Waves
School Rider,5,2025-12-25 13:41:31,sangat susah bagi pemula. terutama Ascension Phase dan Battle Boss. Dogde sangat susah. Game harusnya bikin rileks malah stres.,Wuthering Waves
Zatvia aulia mustakim,5,2025-12-25 13:28:31,please provide an Indonesian translation,Wuthering Waves
Wildan Al hafidz,5,2025-12-25 13:22:37,muantep,Wuthering Waves
SAIREN,5,2025-12-25 13:18:08,"nice a game,i like",Wuthering Waves
yu-otosaka and ToMoRi,4,2025-12-25 13:12:55,KURO SIZE NYA TURUNIN Gw mau main ga bisa 😭,Wuthering Waves
Abdurrahman Bakhid,5,2025-12-25 13:08:38,i love you makasih semoga rate on jangan rate off. hoki bet gweh,Wuthering Waves
Adzka Samha saufa,5,2025-12-25 13:08:13,game dengan developer yang mencintai game nya,Wuthering Waves
Dicky rio,5,2025-12-25 13:06:45,bagus bbgt woy tpi hp gua sesak napas 🙂,Wuthering Waves
Liant Tegar,5,2025-12-25 12:58:50,lambat dalam pengerjaan laporan,Wuthering Waves
Valda Khalisha,5,2025-12-25 12:51:18,"gameplay cakep, developer perhatian dan pengertian, event seru, minim bug, cmn design karakter aja yg memang terbuka. tapi sejauh ini masih favorit dan tersayang. Tapi plis Kuro tolong dibenerin penyimpanan nya. ini kalo menyentuh 100gb di mobile, bisa aja mengeliminasi player mobile karena device nya ga kuat",Wuthering Waves
APRIL 4413,5,2025-12-25 12:51:06,game baik,Wuthering Waves
Iyar Lokiarsih,1,2025-12-25 12:43:45,terlalu big sizenya untuk update versi 3. gak merhatiin keinginan player yg sebenernya lebih sederhana. dan selamat. versi 3 jadi versi pembuat beberapa player harus pensiun dini.,Wuthering Waves
komia aja,5,2025-12-25 12:42:50,good,Wuthering Waves
Mhd Adittia,5,2025-12-25 12:36:40,"akhirnya kedownload juga🥹🥹,waktu awal rilis cuma bisa liat aja,gara2 hp kentang",Wuthering Waves
Kalinggabintangpertiwi13,5,2025-12-25 12:32:19,gacor 🔥🔥 grafiknya mantep apalagi desain karakternya juga keren keren 🥹🥹🤘,Wuthering Waves
Al Rizky,5,2025-12-25 12:31:16,handphone ga kuat aja masih enak look-nya.,Wuthering Waves
Heldy Mardinata,5,2025-12-25 12:20:45,best game ever,Wuthering Waves
Elysia,5,2025-12-25 12:19:25,"I really like this game, The graphics are very good as is the gameplay, it's just that sometimes I feel sad because every time I do a limited character gacha I always lose the rate off or always in high pity, just because I really like this game, so I should be able to keep playing it hahaha;)",Wuthering Waves
Ian Iswara,3,2025-12-25 12:19:18,Please do something with the actual game size. It's concerning from mobile players' side.,Wuthering Waves
Arya Kusuma,5,2025-12-25 12:11:05,nice udh grafik bagus visual mantap wifulible nice lah pokoknyaa,Wuthering Waves
Yudho Anggoro,5,2025-12-25 12:09:22,tidak banyak waktu untuk memainkannya,Wuthering Waves
ARA NAMI,3,2025-12-25 12:06:24,bangke gacha di spam char standar,Wuthering Waves
ZandX,5,2025-12-25 12:04:00,"datanya newasin 3 generasi. 32gb,64gb,128gb",Wuthering Waves
Straicy,5,2025-12-25 12:02:24,well this is a peak masterpiece game bro,Wuthering Waves
Mahiru Shiina,5,2025-12-25 11:52:29,"Kuro Game, Update Game Sudah Sangat Bagus, Tapi Kalau Boleh Tolong Jangan Duplikat Resource Pack Update Yang Baru Dengan Data Yang Dulu, Sebab Storage Saya Kecil, Dan Harus Berulang Balik, Untuk Memadam Data Ketika Update, Please Respon Ulasan Saya Kuro Game!",Wuthering Waves
Agah Yana,5,2025-12-25 11:51:09,game baik,Wuthering Waves
Ming Zhuuuq,5,2025-12-25 11:43:04,bagussss bangettt,Wuthering Waves
Sujang huntu,5,2025-12-25 11:42:57,makin keren aja ni game,Wuthering Waves
Faisal Adji Prasetyo,5,2025-12-25 11:37:48,i love kuro,Wuthering Waves
IraOne,5,2025-12-25 11:32:19,"grafiknya, musin, gamplay karakter dandesain karakter keren abis",Wuthering Waves
Kenn Shiki,5,2025-12-25 11:24:02,"bagus banget game nya mulai dari grafik, karakter, story dll. pokonya perfect dah bansos nya juga melimpah",Wuthering Waves
Farras Abiyyu,5,2025-12-25 11:19:45,mantap kali wak,Wuthering Waves
Mang Rizky,5,2025-12-25 11:17:53,game terbaik kuro anak solehh,Wuthering Waves
Hanz The Honored One,5,2025-12-25 11:17:07,"game baik banyak bansos, i love Kuro mwah mwah mwahhh",Wuthering Waves
Azmi Muhammad,5,2025-12-25 11:01:46,"Terimakasih game baik, dev baik , cinta sama wuthering waves, semoga sukses wuwa,",Wuthering Waves
Sakti,5,2025-12-25 10:54:35,"Kuro, Lu kalau nambahin bahasa Indonesia pasti mantep si game nya. Cuma selebih nya emang bagus game ini, Dari grafik juga mantep walau kadang fps turun parah banget serta panas hp, Dan end game konten yang lumayan bervariasi ya, Serta Eksplor nya seru dan gampang, Event yang menarik, Dan reward nya ga pelit si kuro. The Best deh, Cuma kuro akalin gimana cara nya biar device yang low bisa main juga kaya saya karena pengen banget grafik rata kanan, tapi ini rata kiri aja masih pnas dan fps low",Wuthering Waves
Bayu Rianto,5,2025-12-25 10:54:30,good game,Wuthering Waves
Albara Dhafir,5,2025-12-25 10:48:42,"NO KIKIR KIKIR, BANYAK BANSOSNYA OMG",Wuthering Waves
Khefin Firmansah,5,2025-12-25 10:47:13,"Terimakasih kuro sudah membuat game sebagus ini sumpah, udahlah banyak bansos, jalan ceritanya unik, character nya keren semua, pokoknya semuanya 10/10, wajib banget sih semuanya buat main game Wuthering waves ini, keren deh pokoknya",Wuthering Waves
Rifaldi bintang Bramanthio,5,2025-12-25 10:45:05,TERIMAKASIH UNTUK C1 LYNAE NYA KURO....,Wuthering Waves
Y- BOT,5,2025-12-25 10:44:14,Design setiap karakter sangat menawannnn✨,Wuthering Waves
Bias Bagaskara,5,2025-12-25 10:40:52,"Game yang selalu berkembang dan selalu mencoba untuk berikan yang terbaik, selalu ingin memperbaiki kesalahan. Big Respect untuk Developer ✨",Wuthering Waves
Riza Fahlani,5,2025-12-25 10:36:18,mantap,Wuthering Waves
Adam Latif,5,2025-12-25 10:32:25,walau ngentod tapi ok👍,Wuthering Waves
Agung HS,5,2025-12-25 10:25:05,good bye wuwa 👋,Wuthering Waves
sesa sesi,5,2025-12-25 10:22:34,"Absolute Cinema. hp saya kentang tapi kuat grafik rata kanan, mana karakter Ama gameplay nya cakep semua. GG sih nih gane",Wuthering Waves
Nouval Arif,5,2025-12-25 10:19:05,"ini game jujur aja bagus banget.. cuman masalah utama game ini adalah game nya yg size-nya guedeeee banget,gw aja Ampe rela hapus roblox,data YouTube,data tiktok,data yg lain demi bisa lanjut main",Wuthering Waves
Umarr.lsm23,5,2025-12-25 10:18:17,gamenya gak kikir kek game sebelah,Wuthering Waves
hlman rwna,5,2025-12-25 10:15:35,nice game👍...,Wuthering Waves
mardha tillah,3,2025-12-25 10:15:01,"sering force close pas lagi update, padahal dari dulu ga pernah bahkan pas lagi main, baru update ini aja, internal masih banyak ruang",Wuthering Waves
Fariz Surya Jaya,5,2025-12-25 10:08:41,setelah update pada hari ini (3 juni) wuwa force close dari smartphone infinix zero 5g 2023. sehingga saya tidak bisa bermain lagi.,Wuthering Waves
Abdur Rozaq,5,2025-12-25 10:07:30,"kuro listened,game yang selalu setiap update pasti di tingkatkan kearah kenyaman player dari awal-awal 1.0 yang waduh sampe sekarang 3.0 yang wow",Wuthering Waves
Aljatul Rohib,5,2025-12-25 10:01:39,"game nya seru, grafiknya juga bagus",Wuthering Waves
Ridho Hafidz,5,2025-12-25 10:00:06,I LOVE CARLOTTA,Wuthering Waves
Matthew Adley,5,2025-12-25 09:54:36,bagus bgt game nya story nya bagus bgt apalagi cutscene nya owah sangat absolute cinema dan juga bisa kete phibi my my dan juga setiap gacha di game ini hoki terus:D,Wuthering Waves
Rizky Hady,5,2025-12-25 09:53:53,"Game nya ga kikir,gak kek game sebelah",Wuthering Waves
Galaksi J7,5,2025-12-25 09:52:49,game baik,Wuthering Waves
vynrequiem010,5,2025-12-25 09:52:44,"game favorit gw jir, story yang semakin kesini semakin bagus, terus combat style yang asik dan gak nggak ngebosenin, sama reward untuk F2P juga melimpah, gak sia sia investasi di game ini, itu aja ratingnya semoga ni game terus berkembang dan menjadi lebih baik kedepannya",Wuthering Waves
ETRY's Funrey28,5,2025-12-25 09:48:23,ini kenapa dah pas lgi download data update ke force close mulu.,Wuthering Waves
Satrio Ramadan,4,2025-12-25 09:47:55,"gamenya sudah bagus dan grafik nya yang sangat keren tapi apa bisa data untuk pengguna android sedikit dikurangi,aku Masih nak main tapi memo ga kuat resolusinya kurangjn dong untuk pengguna android",Wuthering Waves
Almas Eka,5,2025-12-25 09:44:52,pretty shore,Wuthering Waves
Pencilgon,5,2025-12-25 09:44:25,🤩🤩🤩,Wuthering Waves
Dian Rembul,5,2025-12-25 09:41:23,game baik saya sukaa😋,Wuthering Waves
Rajisidik1,5,2025-12-25 09:41:23,The game is cool but I want more prizes from the game I always get rate off and hard putty 💔💔💔,Wuthering Waves
sofian gonzales,5,2025-12-25 09:39:19,"aku dah mulai suka, tinggal menunggu bahasa indonesia",Wuthering Waves
Rino Nugroho satriya,5,2025-12-25 09:34:17,"hebat,tidak kikir grafik bagus walaupun berat",Wuthering Waves
Frans dika Aqilah,5,2025-12-25 09:17:58,good game,Wuthering Waves
Tauvik_37,5,2025-12-25 09:02:22,absolute cinema,Wuthering Waves
Irwan Arizki,5,2025-12-25 08:58:13,untuk gemplay sangan menarik grafik sangan bagus karna bisa pake config HDR tampa berbayar cuma satu yang kurang gada bahasa indonesia t,Wuthering Waves
Cici Mochici,4,2025-12-25 08:56:43,ku kasi bintang 5 kalo menang rate of,Wuthering Waves
Oyit Story,5,2025-12-25 08:56:38,suka si tapi makin lama penyimpanan membengkak sekarang dah nyentuh 96GB desember 2025,Wuthering Waves
ryuu,5,2025-12-25 08:56:19,"seru sih ni game, grafiknya mantap banget, charnya juga bagus, nice bansos, game baik",Wuthering Waves
MA gimang,5,2025-12-25 08:54:11,mantap dev baik,Wuthering Waves
Rizqi Maulana,5,2025-12-25 08:50:59,Best Game Anime Adventure Yang pernah Gw mainin,Wuthering Waves
Rico Brian,1,2025-12-25 08:42:29,53 gb storage request to update is insane kuro. probably this is my last patch playing wuthering wave on my device. so bye-bye.,Wuthering Waves
Kiki Setiawan,5,2025-12-25 08:30:35,that's good,Wuthering Waves
La Tiful,1,2025-12-25 08:27:16,"kuro tolong kasih bahasa indonesia, aku balik lagi kasih b5 kalo dah ada sub indo",Wuthering Waves
herry wanto,5,2025-12-25 08:17:15,cerita lumayan bagus,Wuthering Waves
Lazmov.,5,2025-12-25 08:01:46,"main dari hari pertama rilis, dulu masih belum optimal, banyak bug. Sekarang sih gokill improve abiss. GG kuro",Wuthering Waves
rofi aulaulia,5,2025-12-25 08:00:41,keren,Wuthering Waves
Andy Santoso,5,2025-12-25 08:00:30,"game terbaik! game anti kikir, memuaskan!",Wuthering Waves
Arif Haidar,5,2025-12-25 07:58:36,nice game,Wuthering Waves
Cece Game,5,2025-12-25 07:47:26,"main dari awal rilis yang banyak bug, update tiap hari, banyak yg caci maki tp makin kesini sudah banyak improve dan ngasih experience yg beda dr game lain salut buat tim Dev yg kerja keras. please kuro kasih domain buat farming seal tube sendiri jgn jadi satu sama echo udh penuh nih tas dan kasih opsi bhasa indonesia ya.",Wuthering Waves
Mahito,5,2025-12-25 07:43:56,please next patch give free B5 char i hope i got free Xy,Wuthering Waves
wahyuhidayath4433,5,2025-12-25 07:35:14,"jauh improve & optimalisasi makin ok, cuma ga ada sub Indonesia aja",Wuthering Waves
Andre,4,2025-12-25 07:32:08,bagus banget tapi gk ada bahasa Indonesia dan gampang lag tapi okelah -min kasih bahasa Indonesia dong min pils🙏,Wuthering Waves
White Gatto,5,2025-12-25 07:30:47,"mobile game with the best graphics and storytelling I've ever played, an incredible masterpiece kurogame!.",Wuthering Waves
Hikaru. Jr,5,2025-12-25 07:18:39,gamenya sangat bagus hanya saja minim story nya. gak kayak game sebelah... saran juga : berikan subtitle bahasa indonesia,Wuthering Waves
Moka Suminoe,1,2025-12-25 07:17:43,"you need to do something about the game size,, I can't even update my game anymore,, you'll lose a lot of players if you aren't trying to make it small",Wuthering Waves
Nicholas Ndahawali,1,2025-12-25 07:12:59,apa ini update di mobile 43GB,Wuthering Waves
Ai,5,2025-12-25 07:05:08,good,Wuthering Waves
Nanda Jakaria,5,2025-12-25 07:03:32,best,Wuthering Waves
Hamzah Game,5,2025-12-25 06:46:03,"tolong untuk kuro game, tambahin translate bahasa indonesia dong, kami yg bhs inggrisnya kurang atau bahkan gk bisa bahasa inggris sulit untuk memahami, dan bingung juga dengan alur story nya, saya pun juga sulit untuk paham sama jalan cerita wuthering waves, dan untuk mengerjakan quest2 juga sangat bingung arahnya kemana, tolong yaa plis kuro baik tambahin bahasa indonesia🙏🙏",Wuthering Waves
CK INDO,5,2025-12-25 06:27:53,TOLONG ukuran game diperkecil karena untuk sebagian stroge ini terlalu besar untuk 1 game,Wuthering Waves
Muhammad Ridho,5,2025-12-25 06:24:29,bagus tapii hp ku ga kuat lagi memorinya wkwk gede banget memorib128 siap siap aja kalau ada update mau ga mau harus hapus wawa terus instal ulang,Wuthering Waves
HIAYN,5,2025-12-25 06:17:42,"everything is good, but the update size is too heavy, I had to delete the other game",Wuthering Waves
sonu kim,5,2025-12-25 06:08:49,"thank you, i love this game so far",Wuthering Waves
Venry Cloryn,5,2025-12-25 06:03:19,game open world terbagus yang pernah saya mainkan,Wuthering Waves
camellya69,5,2025-12-25 05:55:56,Tap tap tap mantap,Wuthering Waves
Ridhoreynaldi Reynaldi,1,2025-12-25 05:55:38,"kenapa update harus ngosongin 50gb padahal updatenya cuma 15gb?, terus setiap update seperti download ulang, data update terlalu besar.",Wuthering Waves
Fxaa-A,5,2025-12-25 05:45:59,always impressive,Wuthering Waves
Muhammad Firmansyah,5,2025-12-25 05:41:57,Gacor,Wuthering Waves
Smoky Boy,5,2025-12-25 05:39:25,comeback karena ada event bebas pilih char b 5 pas aniv sampe skrg msh main tanks kuro,Wuthering Waves
Kynee Xd,5,2025-12-25 05:37:30,da best,Wuthering Waves
Muh. Sukri,5,2025-12-25 05:35:43,terbaik!! 👍👍👍,Wuthering Waves
Santri Rau,5,2025-12-25 05:22:33,pliss tambah kan artinya ke bahasa indonesia . mohon dukungan nnya,Wuthering Waves
AZHAR,5,2025-12-25 05:18:09,"mas kuro carthe 3.0 Rerun nanti , menang 50/50 lah.",Wuthering Waves
DHiKA NATION67,5,2025-12-25 05:18:09,Game Baik,Wuthering Waves
alyashakila Irawan,5,2025-12-25 05:06:28,"gamenya baguss apalagi make ue4 jadi kerasa realistis dev nya juga ngasih qol yang mudah bgt mekaniknya agak susah , design karakter sudah semakin bagus sesuai dengan tema region, story juga bagus, saran aku lebih ke penyimpanan sih agar stabil dan engga terlalu las waktu mainin di hp thanks kuro",Wuthering Waves
Kuriri,5,2025-12-25 05:05:29,Lebih berkembang lagi game baik,Wuthering Waves
Rafi Arif Wardoyo,4,2025-12-25 05:00:37,sebenernya bagus bbrp char lagi complete tapi berat bet memori gak kuat kuro 🥲,Wuthering Waves
Alfaldy Ektyas,5,2025-12-25 04:55:30,"Emang mantep banget wuwa, main dari patch 2.0 walaupun gacha ampas diawal tpi overall amazing nih game combat nya satisfying",Wuthering Waves
achmad daffi,5,2025-12-25 04:54:15,"yang bilang game nya banyak bug, hp nya kentank 🗿",Wuthering Waves
I putu aciyutha Adiputra aryawan,4,2025-12-25 04:53:42,damn 90gb,Wuthering Waves
Natsuno Kirihime,5,2025-12-25 04:52:35,kapan ada fitur hapus data ?,Wuthering Waves
Bad Privacy,5,2025-12-25 04:41:16,"game mantap, mekanik nya selalu improve ga pernah ngebosenin,world building nya bagus bgt,VA mc jepang nya aku suka banget, music nya bintang 5, untuk cerita relatif kadang mid kadang bagus,goodjob lah.",Wuthering Waves
Thoriq Alkhadler,5,2025-12-25 04:35:20,game yang sangat bagus 👍👍,Wuthering Waves
Seblak geprek,5,2025-12-25 04:30:48,game yang bikin gue top up sampe 2 digit,Wuthering Waves
Bagus Niam,5,2025-12-25 04:25:25,"gamenya bagus, story nya juga oke tapi hp saya ga kuat wkwkw untuk kuro mohon penyimpanannya jangan kegedean dipatch 3.0 terlalu memakan data😭😭🗿",Wuthering Waves
Paul jenkins,5,2025-12-25 04:22:42,最高,Wuthering Waves
Andres,4,2025-12-25 04:21:54,"game bagus, tapi tidak ada bahasa Indonesia🥲. tolong lah Dev tambahkan bahasa Indonesia supaya kita orang bisa mengerti😀",Wuthering Waves
EF CAL,5,2025-12-25 04:18:50,game terbaik di tahun 2025!!!!!!!! tolong tambahin bahasa indonesiaaaaa,Wuthering Waves
Rain Tery,5,2025-12-25 04:12:27,peak game oml fr,Wuthering Waves
Jeremy Lesmana,4,2025-12-25 03:49:20,optimalisasi mungkin bisa lebih baik lagi aja sih,Wuthering Waves
Ahmad Doank,5,2025-12-25 03:06:57,"This is the best game I've ever played. I absolutely love it. Usually I get bored quickly when I play games, but not with this game. This game makes me very happy; this game is my home of all games. Thank you very much kuro games!",Wuthering Waves
Gheriya Cahya Pramudita,4,2025-12-25 02:40:49,"gamenya bagus, story absolute, karakter menarik, tapi sizenya ga main-main",Wuthering Waves
Nafas Nurani,5,2025-12-24 23:59:10,game baik,Wuthering Waves
GuanYu,5,2025-12-24 23:14:06,"Best Mobile Game Ngl, Better than Genshin and other gacha game",Wuthering Waves
EDIT VIDEO MUHLIS,5,2025-12-24 21:12:21,perlu optimalkan grafik nya untuk mobile,Wuthering Waves
Adhy Shergil,5,2025-12-24 19:58:40,"Bagus banget sih, cuman game ini yang buat aku bertahan main sampe sekarang.",Wuthering Waves
Bima Pratama M,5,2025-12-24 18:59:25,dapet char b5 first try wkwk,Wuthering Waves
ハディくん,5,2025-12-24 17:05:23,aku sukaaaaaaaaaaaaaaaa sama game ini semoga main nya lancar dan membaga berkah bagi si pemain nya🥰🥰🥰,Wuthering Waves
Islan Bintang,5,2025-12-24 15:39:03,Game baik,Wuthering Waves
Mars Venus,5,2025-12-24 14:56:46,"Overall, game nya sangat bagus Kuro, terutama pada mekanik combat dan grafiknya, tapi kenapa global filter yg sudah di setting tidak masuk kedalam scene dialog, ya? namun, yg digunakan malah yang default. Karena saya kurang puas dengan pewarnaan dalam filter default. Jadi, semoga update selanjutnya global filter bisa masuk scene dialog, agar saya bisa lebih menikmatinya. Thanks Kuro.",Wuthering Waves
Mister Han,5,2025-12-24 13:47:44,"dear develover, kalo update jangan membutuhkan storage gede lah ini mah update nya cuma 15GB ruang penyimpanan kosong nya harus ada 50GB hp gw penuh memorinya kasian harus unistal aplikasi lain dulu. ok terimakasih",Wuthering Waves
Rio Zcoandi,5,2025-12-24 13:22:28,"CINTA BGTTT SAMA NI GAMEE💓💓,bansos nya banyak,setiap aku gacha karakter selalu dapet apa yang ku mauuu💖💖 trus buat grafik nya cakepp gilaa,ramah di player f2p dan ramah bagi pengguna HP makasih kuro udh ciptain game sebaguss iniii💗💗🤩",Wuthering Waves
MobChazz,5,2025-12-24 12:54:46,game nya bagus tetapi jika ditambahkan bahasa Indonesia sepertinya bakal bagus,Wuthering Waves
edi kelbek,5,2025-12-24 12:46:43,tolong bansosnya buat 3.0 di banyakin hhe,Wuthering Waves
ǻźmآ,5,2025-12-24 11:59:33,"game nya udah bagus, dari segi kombat, grafik,dll, tapi sayang nya, kami dari Indonesia kurang bisa bahasa inggris, Kalau sempet, kasih subtitle Indonesia, supaya bisa di nikmati oleh player dari Indonesia",Wuthering Waves
147_Ferry Ardi Kurniawan,5,2025-12-24 11:27:37,good game,Wuthering Waves
Danang adji 1,5,2025-12-24 11:19:16,"This is a good game but the longer it goes on the bigger the size and finally for the next update I probably won't play it anymore, I hope you guys can make a system that can make the size smaller",Wuthering Waves
M Teguh S,4,2025-12-24 09:51:40,"tolong dong developer size nya kurangi, data quest yang sudah beres bisa di hapus biar size penyimpanan gak bengkak.",Wuthering Waves
Lann Sptra,5,2025-12-24 07:54:00,"Menurut ku Dari segi Grafik,Story,dan lainya sudah bagus,cuman 1 yang agak kurang,yakni Manajemen Data dari game nya,Tolong Pihak Dev Kuro Tambakan Manajemen data Seperti Hapus data yang terdahulu supaya Pas Update atau Pra Unduh Tidak Membengkak,Di Pra Unduh 3.0 ini Storage ny udah Hampir memakan 70% penyimpanan saya Yang di 256 GB Yang sudah hampir 100 GB,Itu saja sih semoga di dengar:).",Wuthering Waves
Sai Akuto,1,2025-12-24 06:46:25,"Anj update apaan 17 GB jembot,bagus sih tapi ,banyak bansos.",Wuthering Waves
tomvel,5,2025-12-24 06:16:38,"GAME BAIKKKKKK, BEST GAME GACHA FOR TODAY",Wuthering Waves
Evan,1,2025-12-24 05:56:23,storynya sangat jelek,Wuthering Waves
I Nyoman Sukayasa,5,2025-12-24 05:31:08,perfect gacha game,Wuthering Waves
Razan Pratama,5,2025-12-24 04:19:15,tolong adakan sub indo,Wuthering Waves
Afdal Barokah,5,2025-12-24 04:12:39,mantab,Wuthering Waves
berlybrtn,5,2025-12-24 02:03:39,bye bye wuwa,Wuthering Waves
Muhammad Nursim,5,2025-12-24 01:02:23,game bagus,Wuthering Waves
Ijal Asli,5,2025-12-24 00:24:00,nice,Wuthering Waves
daffa erfano,5,2025-12-24 00:11:28,hadirin bahasa Indonesia biar gampang main nya,Wuthering Waves
Arga,5,2025-12-23 22:26:40,game nya oke,Wuthering Waves
Muhammad Hafidh Ma'ruf,4,2025-12-23 21:37:44,"Jujur saya suka dengan semuanya, Tetapi ada satu yang saya tidak suka, yaitu Size Memori nya sangat besar. Sepertinya di Version 3.0 Saya akan pensi karena Size Memori sangat besar sekali. Mohon Pertimbangan dan Semoga KuroGames bisa mencari solusinya. Saya tunggu Kabar baiknya. agar saya main lagi. Ini Alasan saya memberikan Star 4. Terima kasih KuroGames.",Wuthering Waves
Zee Always,5,2025-12-23 19:00:09,game bagus gak kikir/pelit cerita sangat keren,Wuthering Waves
Harinaldo Himawan,3,2025-12-23 18:57:33,"This game should be 16+ in the future, my god rinascita is such a cinema... i really love 2.8",Wuthering Waves
Anggi Nugraha,5,2025-12-23 15:18:35,"good game, i request indonesian language for this game",Wuthering Waves
Christina Novania,5,2025-12-23 13:23:55,"Perbaiki bug nya oii nanti kasih bintang 5 kalo dah fix, bismillah menang rate off selalu aamiin.",Wuthering Waves
Mhammad Aidil,5,2025-12-23 12:38:56,nice,Wuthering Waves
Akun,5,2025-12-23 12:12:55,game bagus,Wuthering Waves
Kakarotto Kakarotto07,5,2025-12-23 12:03:41,mantap banget,Wuthering Waves
Focalors Del Fontaine,1,2025-12-23 11:16:09,"wuthering waves adalah game yang sangat kusukai setara dengan genshin impact, Namun karena ini game udah kelewat batas tentang the goon alhasil aku jadi malas buat login, takutnya nanti ada perasaan yang mengganjal ketika bermain dan jadi g terlalu fokus nikmatin game nya.",Wuthering Waves
Al ZIKRI,5,2025-12-23 10:52:45,"mantap sih tapi gachanya mohon di perbaiki ,dan kualitas skill bertarungnya mohom di tingkatkan juga",Wuthering Waves
Kepin,5,2025-12-23 10:30:35,LOVE THE GAME!!,Wuthering Waves
disxto,5,2025-12-23 10:03:19,banyak waifu,Wuthering Waves
Aki Muhamad,5,2025-12-23 08:43:52,nice game,Wuthering Waves
Accel aleinster,4,2025-12-23 08:39:40,"i gone gift 5star if dev makes new Fiture, likes edit/modified sub stat echo",Wuthering Waves
Muhammad ansyari,5,2025-12-23 07:50:37,mantap,Wuthering Waves
MagerU GabutO malesU,1,2025-12-23 06:15:51,game gk bisa di buka. hadehh,Wuthering Waves
Muhammad daffa raihan Daffa,5,2025-12-22 21:29:46,geme nya bagus tapi gak ada translate Indonesia,Wuthering Waves
Freeg Gg44,1,2025-12-22 19:27:55,gada bahasa indo mending genshin😏😏😏,Wuthering Waves
Ramaj Rill,5,2025-12-22 17:37:41,"GAME MANTAP GW DAPAT KARAKTER BINTANG 5 PADAHAL PLAYER NEW, KARAKTERNYA MANTAP"" SEMOK"" GA KIKIR AWWW",Wuthering Waves
Jimly A.,5,2025-12-22 16:29:18,Good story and graphic,Wuthering Waves
Yoga Gunawan,5,2025-12-22 15:05:07,Game baik.,Wuthering Waves
Akmal Ranan,4,2025-12-22 14:07:18,"seru banget dari karakter,map, gameplay yang menyenangkan dan apalagi update mendatang bisa naik motor beh gimana rasanya nya ya",Wuthering Waves
Kevin S.,5,2025-12-22 13:47:48,"Peak game. Dari segi manapun game ini benar-benar bagus, gameplay seru, event nya juga asik, developer nya bisa dibilang sangat mendengarkan pemain nya. Lore nya menarik, apalagi dengan world building dan storytelling yang diberikan, bisa di bilang wuthering waves merupakan salah satu atau bahkan yang terbaik di antara game sejenis nya.",Wuthering Waves
Fendy V,5,2025-12-22 13:43:17,pretty as hell,Wuthering Waves
Have You,5,2025-12-22 10:56:58,oke mantap dapet 2 biji,Wuthering Waves
Arsandya Wirasena,5,2025-12-22 10:34:08,"Luar biasa, game ini benar-benar bisa membuat saya betah bermain dalam waktu lama. Gameplay-nya seru, mekaniknya menarik, dan tidak terasa membosankan meskipun dimainkan berulang kali. Visualnya juga enak dipandang serta didukung dengan performa yang cukup stabil. Secara keseluruhan, game ini sangat menghibur dan layak untuk terus dimainkan😆👌",Wuthering Waves
Marpiana Marpiana,5,2025-12-22 05:23:17,Nice,Wuthering Waves
Dewa rahma Dani,5,2025-12-21 23:52:11,"I really like the game, but there is no cloud like genshin, please kuro game make a wuwa cloud apk because many people who play on mobile can't stand it, I hope Kuro Game goes smoothly and always has success, I will continue to support behind the scenes🫡",Wuthering Waves
Firman Ramadhan,5,2025-12-21 22:30:13,mantap tidak kikir,Wuthering Waves
Mukhammad Khoirul Amin,1,2025-12-21 21:02:27,"comeback again just to found this game has really bad server. Yellow to red ping everytime. Only show green each time i relog, and it'll be back to yellow - red again within minutes",Wuthering Waves
Fachri,5,2025-12-21 20:53:55,kuroo game baik tidak kikir🥳🥳🥳,Wuthering Waves
STRohma Rizky,5,2025-12-21 20:23:58,"Tolong dong gamenya agar di optimalkan lagi, masih terasa berat di snapdragon 8 gen 3",Wuthering Waves
Diyy y,5,2025-12-21 20:23:16,sangat bagus,Wuthering Waves
Haris Praja,2,2025-12-21 20:20:24,"overall bagus, minus di sinyal, ping kuning merah terus",Wuthering Waves
Fahri Al-luthfi.S,5,2025-12-21 20:11:32,bagus dan tidak pelit hadiah,Wuthering Waves
Saiful Malik,5,2025-12-21 19:49:01,game nya bagus bgt. trs banyak cewe cantiknya. mweheheheh,Wuthering Waves
Jumayati Sikui,4,2025-12-21 19:45:32,bagus mohon hadiah hadiah gratisannya bisa diperbanyak lagi dan mohon sediakan bahasa khususnya indonesia,Wuthering Waves
B1_ Ayb,5,2025-12-21 18:23:38,"As a player, I can't demand too much, especially since I'm a F2P player. So far, Wuthering Wave has delivered a much better game performance in terms of story, combat, world building, and other features. But I hope the developer will make a data deletion feature so that this game will be much more comfortable to play again.",Wuthering Waves
Roudhoh Fouzi,5,2025-12-21 17:54:34,mohon tambahkan opsi bahasa indonesia,Wuthering Waves
Arkana Tsaqib anaqi,5,2025-12-21 16:56:54,good,Wuthering Waves
Dafa Dafa,5,2025-12-21 15:01:52,"sumpah game seru banget game baik, love developer",Wuthering Waves
Lauren Monikasari,5,2025-12-21 13:22:12,cantarella cantik bgt woy,Wuthering Waves
Zefan,5,2025-12-21 11:57:11,SERUUUUU SEKALEHH,Wuthering Waves
Naufal Aja,5,2025-12-21 10:20:29,bags banget,Wuthering Waves
Mryn AlDnzz,5,2025-12-21 08:41:06,"gweee suka banget ama ni game, gw udh main 1 tahun lebih, dan experience nya bener bener memukau, mulai dari grafis, story, lore, map, eksplorasi mechanic combat developer, gacha sistem, semuanya udh perfect, dan respect banget developer selalu mendengarkan para player nya akan QOL yang mereka pgn ada di game, dan sedikit demi sedikit di kabulin, salut juga ama dev, nge improve game nya ga main², dari 1.0 terus berkembang sampai sekarang, I LOVE KURO GAME💯♥️",Wuthering Waves
Khadafi Rabbani,4,2025-12-21 06:17:08,jir lah 40gb,Wuthering Waves
Syafara Fairyshel,5,2025-12-21 05:05:31,bagus banget tolong kasih sub Indonesia di hp,Wuthering Waves
Ra Ma,5,2025-12-20 23:15:56,mantap banget sayangggg🥰🥰🥰🥰😘,Wuthering Waves
Septia Aye,1,2025-12-20 21:51:53,mau update atau mau download versi baru tapi tiba-tiba ada notif memori penuh sedangkan udah hapus hampir semua aplikasi engga dipakai dan juga hapus data² juga masih ada ada notif memori membutuhkan ruang tolong dong dikasih keringanan buat masalah ini,Wuthering Waves
Aditya Sastratama,5,2025-12-20 21:17:01,Absolute Cinema 🙌,Wuthering Waves
Maho hernawan,5,2025-12-20 18:01:05,seruu,Wuthering Waves
Aisyah Salsabilla,5,2025-12-20 17:50:14,akuu pertama kali mainin ini eehh taunya malahh ketagihan baguss bangett🤍,Wuthering Waves
Azikri Ramdani,5,2025-12-20 17:34:02,bagus gerafik nya hd udah ituh aja,Wuthering Waves
wibi sendiri,5,2025-12-20 17:07:46,"bintang 5 lama jadi ga guna bintang 4 S6 ga guna kec sanhua n mortefi perlu balance damage dan revamp Hero bintang 4 n 5, F2P jadi males main,asal daily sdh lanjut mlbb saja",Wuthering Waves
Dava Muhammad Aprizal,5,2025-12-20 16:10:48,Game bagus,Wuthering Waves
Legi Riyatmi,5,2025-12-20 14:55:46,keren,Wuthering Waves
Eko Purwanto,5,2025-12-20 13:30:31,"Overall suka banget, tapi tolong tambahkan bahasa Indonesia agar bisa lebih mudah menikmati storynya",Wuthering Waves
Sandy Rencakaprawa,1,2025-12-20 07:54:23,game nya lag bgt,Wuthering Waves
Robby Abdul aziz,4,2025-12-20 07:52:08,"yap,gw download lagi karna ada char cantik🗿 secara keseluruhan game ini bagus dan yg paling bisa ku banggakan dari game ini adalah gameplay nya yg menarik,latar dunia yg bagus,kuntuk cerita menurut gw mid 8,5/10,terlalu mimpi basahhh,btw,bahasa Indonesia nya mana woi dasar developer hitam🗿",Wuthering Waves
Ighuyf Lhhgui,5,2025-12-20 06:16:44,best,Wuthering Waves
Iqbal Kazuto,5,2025-12-20 00:32:54,suka gua harus epic cinema terus,Wuthering Waves
RAM chan,5,2025-12-19 22:35:20,mungkin anda sekalian harus memperbaiki bagian visual di mobile,Wuthering Waves
Vinnn,5,2025-12-19 21:32:10,"Kuro saya sangat kecewa!!!. Sistem gacha rate on tidak menjamin bakal rate on, setiap saya mau sign my istri saya, sangat susah sllu dpt barongsai sm psht, istri saya banyak yg tidak dpt di sign in karena sllu klh rate off 🥀",Wuthering Waves
arya sumargo,5,2025-12-19 19:02:56,"MAKASIIHH MIIIINNNN, AKU HOKII",Wuthering Waves
Syarief J,5,2025-12-19 18:35:28,mantap king,Wuthering Waves
Rajasaid,5,2025-12-19 17:40:26,GAME BAIK,Wuthering Waves
Adrian Maulana,5,2025-12-19 16:44:51,keren,Wuthering Waves
M Arief Budi Rijaldy,5,2025-12-19 14:40:32,"Seru story nya, story telling nya juga bagus",Wuthering Waves
Jati Astungkoro,5,2025-12-19 14:26:27,"Hello Kuro Games, thank you for the update and the hard work of the development team in bringing Wuthering Waves to life. This game is truly amazing in terms of graphics, gameplay, combat system, and music. I thoroughly enjoyed the experience of playing it on my smartphone. However, I and many players from Indonesia 🇮🇩 really hope that an Indonesian language option will be added in the future. With Indonesian, players will have an easier time understanding the story, lore, quests, tutorial.",Wuthering Waves
Dikyynr,4,2025-12-19 14:20:18,tolong tambahin bahasa Indonesia 😁,Wuthering Waves
Stevan,5,2025-12-19 07:13:57,damn Its to good,Wuthering Waves
Gerardus Sitinjak,5,2025-12-19 00:09:49,keren gamenya mekaniknya juga ok. namun kalau mau dioptimalin bisa di buat lebih simple dalam bagian event dan chart lainnya,Wuthering Waves
Deniy Pantek,5,2025-12-18 20:36:55,"Buat lu pada yang sering fc, rata kiriin grafik nya jngn maksa hd/ganti hp 😹, dan klo jringn didalem game ny leg ganti server ke sea (klo tinggal di indo)",Wuthering Waves
Amalia Lovers Squad,5,2025-12-18 20:13:18,"dari segi grafik dan story ny bener² ga main-main, tapi kalo boleh request tolong subtitle Indonesia nya",Wuthering Waves
Wahyu Meilandri,5,2025-12-18 19:19:07,"Untuk peforma di mobile masih kasar, untuk peforma di PC sudah perfect. Tapi aku lebih sering memegang hp dibandingkan PC, saya harap kedepannya untuk mobile bisa lebih baik lagi dari segi peforma",Wuthering Waves
Dimas Setiawan,5,2025-12-18 19:07:14,game baik,Wuthering Waves
Valn3,5,2025-12-18 19:01:18,"kepada developer, tolong buat aplikasi cloud khusus untuk wuwa, karena dari waktu ke waktu ukuran aplikasi ini sangat besar untuk game android",Wuthering Waves
Danny Pranata,5,2025-12-18 18:41:14,gacorrrr game ini,Wuthering Waves
Ridwan MA,5,2025-12-18 18:27:01,"Still one of the best game i've ever play. Nggak cuma fokus ke gacha tapi storytelling, lore, plot, gameplay, grafik nya pun bagus parah. oh iya ini game nggak pelit, full 100% kebahagiaan buat player. Thank you Kuro, always be yourself.",Wuthering Waves
Hyper Geko,4,2025-12-18 17:52:39,Ok,Wuthering Waves
Adib Elek,5,2025-12-18 15:07:20,absolute cinema,Wuthering Waves
Akbar Ramdhan,4,2025-12-18 14:49:52,"Dari segi gameplay bagus, cuma agak disayangkan ga ada bahasa Indonesianya",Wuthering Waves
Ryukaa,5,2025-12-18 14:47:46,game nya bagus mulai dari grafik dan gameplay tapi kenapa di server sean kalo soal gcaha pelit banget sedang server lain pada hoki semua,Wuthering Waves
Dan Ish,5,2025-12-18 13:02:55,peak,Wuthering Waves
Gii Crimson,5,2025-12-18 12:58:28,ga kikir kayak sebelah,Wuthering Waves
Bangkit 432,5,2025-12-18 12:29:30,good,Wuthering Waves
rizky ard,5,2025-12-18 12:13:03,bang kuro!! tolong permudah bagi player indonesia. saya jamin game anda akan semakin ramai pemainya kalau ada sub indonesia nya (terjemahan bahasa indonesia(,Wuthering Waves
Tiandra Sapta n,5,2025-12-18 11:59:11,nice game,Wuthering Waves
Samsi,5,2025-12-18 11:57:59,terimakasih telah menciptakan game yang sangat bagus dan terimakasih telah membuat karakter secantik Phoebe,Wuthering Waves
Ferdiansyah ClimbV,5,2025-12-18 11:31:39,kapan ada bahasa indo,Wuthering Waves
Rifqi blora Nurul fajri,5,2025-12-18 11:17:58,Keren,Wuthering Waves
Firza Hadi,5,2025-12-18 09:52:00,"ini game bagus, cuma please bikin cloud game biar saya bisa daily login di hp kentang saya",Wuthering Waves
edwin febrian,1,2025-12-18 08:28:37,"I took a break from playing Wuthering Waves for almost 5 months. I want to start playing again, but why is my account starting from scratch? Seriously, KURO?",Wuthering Waves
Adit Irawan,5,2025-12-18 07:28:14,5 akun hoki semua cik 😁 makasih kuro karakterku rata rata r1 sama signaturenya,Wuthering Waves
dodi Apriadi,5,2025-12-18 06:29:51,mntap,Wuthering Waves
Ali Aljufri,5,2025-12-17 23:30:57,bagusssssss banget,Wuthering Waves
Dzakwan Akifi Ishmat,5,2025-12-17 22:06:25,yes yes yes banyakin lagi hadiah gacha nya,Wuthering Waves
Bayu Aprilio,5,2025-12-17 21:59:38,Semoga bagus bisa kembali melanjutkan progress,Wuthering Waves
Azriel Anwar,4,2025-12-17 21:26:22,"The game is very good, but what it lacks is a strong story. The story could be much better if the Rover didn’t constantly have romantic relationships or unnecessary romantic elements,I like romantic stories but there are too many of them.i hope 3.0 there is no suck think like romantic relationship again,please kuro",Wuthering Waves
Muhammad Nur adnan,5,2025-12-17 20:29:53,"ahh aku berharap hoyo itu terhapus genshinnya dan kalian kuro games bisa menciptakan genshin versi kalian😞😞.hoyo udah jelas lebih pentingkan ketenaran dan kekayaannya hingga rela mengabaikan saran pemain karena menganggap gamenya udah terkenal.moga moga jika terjadi sesuatu pada genshin seperti terhapusnya game itu secara tidak terduga,kuharap kalian kuro games bisa ciptakan ulang game itu agar hoyo itu bisa kapok akan tindakannya karena membuat pemain gak rela sarannya ditolak gitu saja🗿🗿.",Wuthering Waves
Mana Naga,5,2025-12-17 19:52:06,nice game n nice developer,Wuthering Waves
hafiz muhrizah,5,2025-12-17 19:47:30,"gameplay mantap,storynya bagus sama grafiknya cuman kurang optimal di prangkat mid kebawah,jadi mohon optimalisasi kan lagi dong gamenyas supaya bisa banyak orang yang main dengan enak🙏",Wuthering Waves
Rafdav Noana,5,2025-12-17 19:06:23,saya kasih bintang lima soalnya habis gacha dapet bintang lima... terimakasih developer baik,Wuthering Waves
Oky Pandu,5,2025-12-17 18:48:23,ok good tolong developer for berikan bahasa Indonesia subtitle nya tolong di segera,Wuthering Waves
Arsyila Farzana,5,2025-12-17 16:13:51,"gamenya keren, saran aja sih kalau bisa ditambah bahasa indonesianya supaya bisa menikmati alur ceritanya.",Wuthering Waves
Subanu Rizal,5,2025-12-17 14:49:47,mantap,Wuthering Waves
Ardi Fahreza,5,2025-12-17 14:22:24,Gathering Wives,Wuthering Waves
Zephyros,5,2025-12-17 14:20:08,Triple A game in disguises,Wuthering Waves
ardi 86,5,2025-12-17 11:59:09,redwar melimpah,Wuthering Waves
Ryan gunawan,5,2025-12-17 09:51:11,"overall si bagus yak, makin hari makin di updet dari segi kualitas graphicnya, meski tambahannya jadi agak berat si, tapi ttp good, w suka dari ceritanya, pembawaan narasi per karakter, scene pas battle semuanya kerasa hidup, segi combatnya juga, meski w suka nge frame perkara ni game emang berat, tapi ttp overall is gud 9/10 dari w ni gem 👍 (perbanyakin event end gem dong biar gmpang farming asteritenya w cok 😭)",Wuthering Waves
Aydin Nugroho,5,2025-12-17 07:53:28,Terima kasih wuwa sudah memenangkan pity ku memang game terbaik 💯💯💯💯💯💯💯,Wuthering Waves
Irfan Latif Muazzam,5,2025-12-17 06:43:43,game bagus dan seruu,Wuthering Waves
Rahmat Reja,5,2025-12-17 06:16:47,good game,Wuthering Waves
PhiLia 5086,5,2025-12-17 00:47:48,gamenya bagus banget karakter nya juga cantik cantik😋tapi saya punya saran yaitu buat bikin fitur hapus quest story lama soalnya itu fitur berguna banget buat ngekompres size gamenya yang udah gede jadi bisa lebih kecil lagi🙏🏻,Wuthering Waves
Renjin Jin,5,2025-12-16 22:38:22,baguss banget ga kikir,Wuthering Waves
Fatihuddin,5,2025-12-16 21:21:27,peak,Wuthering Waves
Wisnu,5,2025-12-16 21:13:50,menurutku ini game yang bagus banget,Wuthering Waves
Vipnix,5,2025-12-16 21:11:12,"overall game nya bagus walaupun kayak full serius alurnya tapi okelah, sistem gacha nya juga agak ramah untuk dana pelajar , gak kikir dan harapan nya gak bakal kikir, kalau gacha nya sulit banyak player yang males main pasti nya dan begitu juga sebaliknya, tapi tolong lah kasih bahasa Indonesia, main nih game kebanyakan isinya nge translate dialog doang.....",Wuthering Waves
Melki Sianturi,5,2025-12-16 20:42:36,"Bagus si, cuman kenapa aku sering force closed ya? Tolong donk.",Wuthering Waves
Puji Handayani,5,2025-12-16 20:23:39,"Gamenya bagus, dimulai dari grafik, cutscene, story, karakter, pokoknya semuanya bagus dah makasih game baik🗿",Wuthering Waves
Novas,5,2025-12-16 20:19:31,story nya epic cuman gk ada bahasa Indonesianya,Wuthering Waves
DivioArs DV,5,2025-12-16 20:01:39,Hoki coy,Wuthering Waves
Jusril Madjid,5,2025-12-16 18:46:54,i love This game A Lot,Wuthering Waves
Mozal Zaki vikiano,5,2025-12-16 18:29:39,"keren banget, terus mekaniknya juga menarik, alur cerita mantap, pokok nya terbaik👍",Wuthering Waves
Cacha Salsabila,3,2025-12-16 18:28:03,"Please developer, please provide Indonesian dialogue text because it is very difficult for people who don't speak English to understand the story",Wuthering Waves
Aqueena Kencana,3,2025-12-16 17:51:04,"tiap login suka disuruh retry terus jadinya gabisa masuk buat main, sinyal nya padahal bagus lohh",Wuthering Waves
Sir Imron,5,2025-12-16 16:20:51,game ini menyajikan pertarungan yang seru dan gameplay open world yang gampang buat di ekplorasi,Wuthering Waves
Spider-Man,5,2025-12-16 14:17:06,"Game-nya seru dan gameplay-nya bagus. Namun sayangnya belum ada terjemahan Bahasa Indonesia, jadi agak sulit dipahami bagi pemain yang belum lancar Bahasa Inggris. Semoga ke depannya bisa ditambahkan opsi Bahasa Indonesia. Terima kasih.",Wuthering Waves
opik sakaleak,1,2025-12-16 12:53:20,gk bisa login malas unistalll aj,Wuthering Waves
Egiyy Praditiya,5,2025-12-16 10:05:40,Bagus banget game nya dari segi combat dan story tapi tolong dong di optimasinya untuk hp mid kebawah fps sering drop parah kalo ke kota besar.selain itu bagus aja si,Wuthering Waves
Yasmine Cahaya meidi,5,2025-12-16 09:54:25,game baik banyak bansos ga kaya sebelah,Wuthering Waves
GeneCorp Entertaiment,5,2025-12-16 09:50:05,i hope this game has Cloud game version because my device issue cant play this game. Kuro Game please...,Wuthering Waves
TotallyThe NotNhat,5,2025-12-16 08:43:43,best game 😎😎✌️✌️,Wuthering Waves
Shakeela Kyanara,4,2025-12-16 07:18:08,game nya bagus sih karakter jugs bagus tapi masalah nya aku main bentar tiba² keluar sendiri gak tau kenapa,Wuthering Waves
11. MUHAMMAD REYHAN IBNU SEDAYU,5,2025-12-16 06:51:01,"game nya bagus keren, doakan aku dapat sk🙏🤭",Wuthering Waves
Lia Dulcea,5,2025-12-16 02:59:06,ROVER GANTENG BANGETTTTTTT 😍😍😍😍😍🥰🥰🥰🥰🥰😘😘😘😘😘😘😘😘,Wuthering Waves
Ratna Wulandari Rahman,5,2025-12-16 00:21:55,bagus min aku suka,Wuthering Waves
Rizal Fajar,5,2025-12-16 00:20:56,the best game,Wuthering Waves
Inda Aja,4,2025-12-15 23:48:26,"aku suka game nya karna ada cowok nya aja, trus ada tombol skip, wleekkkkkk",Wuthering Waves
AlFian,5,2025-12-15 22:17:21,bagus cuman ga support hp kentang 🗿,Wuthering Waves
The Mighty God Killer,5,2025-12-15 20:45:26,"ramah f2p, grafis bagus banget, gameplay ngak bikin ngantuk, the best pokoknya",Wuthering Waves
Rifki Yuwanda,5,2025-12-15 20:21:29,absolut peak!!,Wuthering Waves
Raito Gamma,5,2025-12-15 20:08:05,👍👍,Wuthering Waves
GTS REALME,5,2025-12-15 18:09:10,"Satu satu nya game open world terbaik yang pernah saya mainkan,di banding dengan genshin atau tower of fantasi,game ini jauh lebih baik dan jauh lebih ramah f2p,yah namanya juga kuro ya kan thanks kuro 😘 rekomendasi buat kalian bre sumpah gua ga bohong game ini jauh lebih baik dr pada game open world lainnya...",Wuthering Waves
YouRiee`,5,2025-12-15 17:50:00,"game ny jujur udh BAGUSS BNGTT cmn plss bngt kuro tambahin cloud game buat wuwa, soalny klo pke apk lain kbnyakan mahal² aku yng susah buat kumpulin duit klo mau beli hp baruu, jdi harapan ku moga aja bisa ada cloud game dehh buat wuwa nihh😭😻💕",Wuthering Waves
Eko Susanto,1,2025-12-15 17:47:50,"baru juga main malah di kasih karakter b5 yg bukan di baner, setidaknya kasih lah karakter b5 limited buat pemula. payah",Wuthering Waves
Acap NT,4,2025-12-15 16:54:06,WHERE IS MY 93 FREE PULL????,Wuthering Waves
Rednavii,5,2025-12-15 14:50:55,KURO GAMEEE THANKSSSS,Wuthering Waves
Murfid 1,5,2025-12-15 13:38:57,"Terimakasih Kuro karena telah membuat masterpiece ini, meski puzzle buatanmu itu terkadang sangat menjengkelkan tapi semua itu kalah dengan visual yang bagus cerita yang sangat menarik dan suara setiap karakter yang memiliki aksen dan karakteristiknya yang berbeda. Luar biasa! 💯",Wuthering Waves
Isaac Einstein,5,2025-12-15 12:34:50,"Game bagus, story ya bagus banget, grafik jangan ditanya rata kanan grafik juga tidak terlalu berat, event ya mantap,",Wuthering Waves
Akunmlbbb Jual,1,2025-12-15 10:50:13,"kok gw gak dapat bansos ya, udah lama Lo aku setia main game ini, akun kawan ku juga gak dapat bansos ini game apa sih pelit beneh gitu aku hapus aja lah alasan buff KAh apa kok gini",Wuthering Waves
Aestrick,5,2025-12-15 10:25:36,rekomendasi buat yang nyari game mobile dari voice actor goty xixixixi,Wuthering Waves
Kayzen monarch,5,2025-12-15 10:21:29,game nya dari segi music/story bagus cuma saya ingin kedepan nya ada bahasa indonesia terimakasih.,Wuthering Waves
ahmad zaky,5,2025-12-15 09:59:36,❤️,Wuthering Waves
Jidan Al Fatih,5,2025-12-15 07:56:17,"Good graphic, Good gameplay, and So much farmable for gacha the character and the weapon. Perfect",Wuthering Waves
Afandi Ndy,5,2025-12-15 01:11:27,semoga bisa s6 cartethya 🥰,Wuthering Waves
Audy Trifena,5,2025-12-15 00:24:59,Developer paling gacor karena mendengarkan keluhan dan saran player! grafiknya characternya tuh semua bagus banget. setiap ada character yang keluar selalu ingin pull gabisa skip!,Wuthering Waves
naisha,5,2025-12-15 00:09:05,GIM BAIK SAYANG KUROO MWAH MWAH,Wuthering Waves
Muhammad Zadda aufa,5,2025-12-14 23:52:34,seru karna aku tampan,Wuthering Waves
Rafel maulana Raharja Raharja,5,2025-12-14 23:11:57,berat dikit,Wuthering Waves
Imron M,5,2025-12-14 23:04:11,mntap,Wuthering Waves
Gunawan Firmansyah,5,2025-12-14 22:08:22,Mantap banget gameplay-nya,Wuthering Waves
Imam Faruq,1,2025-12-14 21:34:38,"your endgame contents both ToA and WhiWa are trash and getting worst every patch, the buffs & debuffs are extremely shilled and horrible while providing minimal f2p options of those shilled mechanics, it's basically the worst version of hsr's endgame contents",Wuthering Waves
Nurhugo Rulistio,5,2025-12-14 21:33:21,game anime open world paling keren gabisa berkata kata 🙌.. anyway pitynya digampangin dikit dong min buat yg f2p,Wuthering Waves
Repertoire,4,2025-12-14 21:17:43,By adding indonesian localization you'll get more indonesian and malaysian players BOOM two birds in one shot,Wuthering Waves
Halimi Akbar,5,2025-12-14 19:56:59,aku suka wuwa mantap coy,Wuthering Waves
Michael Owen,4,2025-12-14 18:51:09,game baik dan tidak pelit,Wuthering Waves
Arkanatara Priatna,5,2025-12-14 17:37:24,gelo keren cuy,Wuthering Waves
18. Alka Tatsuyoshi,5,2025-12-14 16:45:56,Keren,Wuthering Waves
Wisnu,5,2025-12-14 16:41:16,mantap min keren,Wuthering Waves
Yo What,1,2025-12-14 15:31:01,gk bisa dowload datanya padahal awal awal bisa,Wuthering Waves
Mikhail Bintang,3,2025-12-14 14:35:17,fps nya naik turun,Wuthering Waves
Natra Khania,5,2025-12-14 14:33:55,best game,Wuthering Waves
Nikeisha Anindya,5,2025-12-14 11:50:28,"GRAFIKNYA CAKEPP, story nya jga keren, design karakter mantepp, gila sih. cmn kurg sub indo aja wkwkw",Wuthering Waves
Rivan,5,2025-12-14 09:48:23,semoga ada bahasa Indonesia,Wuthering Waves
xxx,5,2025-12-14 08:56:37,"Game gratis untuk dimainkan namun memberi pengalaman bermain yang sangat baik serta bansos yang tidak kikir, wajib download.",Wuthering Waves
Senja Sore,5,2025-12-14 06:12:43,good game,Wuthering Waves
Elka Lenka,5,2025-12-14 05:41:12,please provide a feature to delete old quest data,Wuthering Waves
G e m i n i 002,5,2025-12-14 02:35:50,Tidak kikir,Wuthering Waves
M Rizky,5,2025-12-13 23:17:09,mantap lah pokoknya walaupun gacha gua ampas banget :V,Wuthering Waves
TENEBRIS : RULER OF UNDERWORLD,5,2025-12-13 22:18:03,best,Wuthering Waves
Lugi Dwi Silva Giopani,1,2025-12-13 22:13:18,"Goblog too much fanservice, stop gathering wifes, we need male char too",Wuthering Waves
Danu Angga Kusuma,5,2025-12-13 22:01:33,absolute cinema,Wuthering Waves
Muhammad Royan,5,2025-12-13 20:47:06,biarkan bintang yang bicara,Wuthering Waves
Azka Mandala008,5,2025-12-13 20:33:11,bagus bet ni game sampe gw donlot di pc,Wuthering Waves
Pengguna Google,5,2025-12-13 19:34:45,good game,Wuthering Waves
Yoshikazu Fiipik,5,2025-12-13 19:33:22,🥰🥰,Wuthering Waves
Abdul Syahputra,5,2025-12-13 18:42:10,👍👍👍👍,Wuthering Waves
William Yonathan,5,2025-12-13 17:32:21,best game.. thanks kuro,Wuthering Waves
Rency Nino,5,2025-12-13 15:49:13,terima kasih game baik😁,Wuthering Waves
Rizky Naufal,5,2025-12-13 13:19:39,"cerita nya bagus, tapi kalo karakter nya ngomong lama banget biasa nya",Wuthering Waves
Jelita Putri,5,2025-12-13 12:40:13,"Sejauh ini saya main dari awal rilis hingga sekarang terasa sekali perbedaannya. Semakin kesini, story di dalam game semakin seru dan menantang, grafik yang dapat dicustom agar menambah estetika, Combat yang semakin seru dari setiap karakter. Saya sangat suka dengan story dimana relationship antara karakter yang lain itu ada seperti persahabatan yang akhir² ini ditambahkan. [Terimakasih untuk kerja kerasmu, Developer 👍]",Wuthering Waves
The Predator,5,2025-12-13 12:26:34,"Kuro Tolong Buat Fitur Penghapusan Data Quest Dll Yang udah Di kerjain Dong,Makin Lama Sizenya Membengkak Storage Ga Mencukupi game Play Jadi Keganggu Karna Size yang terus membengkak. Terimakasih",Wuthering Waves
Felix Robertson,5,2025-12-13 12:17:45,mantep,Wuthering Waves
Fauzan Nugraha Kaisyinda,1,2025-12-13 11:34:14,crying after lose at 2025 The Game of year due Umasume pretty derby win? yeah that why Fantasy Anime RPG can't winner|Fantasy Anime RPG Isekai=🗑️,Wuthering Waves
Lav,5,2025-12-13 11:30:43,"baru bisa Main di update 2.8 , absolutely amazing 😍",Wuthering Waves
Rahma dandi ersah putra,5,2025-12-13 08:30:30,aku suka gane suka karena banyak susu sedap😋,Wuthering Waves
Na'vi Ahmad,5,2025-12-13 07:35:27,SELAMAT ATAS AWARD YANG TELAH DI MENANGKAN OLEH GAME WUTHERING WAVE... SEMOGA KEDEPANNYA BISA TERUS MAJU DAN TERUS MENJADI YANG TERBAIK 😆👍,Wuthering Waves
Farel Eddy,5,2025-12-13 04:18:49,Karna ada fitur skip jadi kukasih *5,Wuthering Waves
Romi Irawan,5,2025-12-13 02:22:54,terimakasih pak bagus,Wuthering Waves
Kelvin Decapion,5,2025-12-13 00:11:19,good game,Wuthering Waves
Zuhri Clip id,5,2025-12-12 23:51:24,"Pas 1.0 emang kurang, tapi 2.0 banyak perubahan jadi gak nyesel comeback",Wuthering Waves
Diankuhaku Ryu,5,2025-12-12 23:32:51,i don't know man,Wuthering Waves
Risfi Rahman,5,2025-12-12 23:19:18,game awards terbaik,Wuthering Waves
NICHOLAS VALENTINO,5,2025-12-12 22:39:12,gem baik,Wuthering Waves
Mohammad Ridho,5,2025-12-12 22:28:18,"I like the game, but the lack of a tutorial at the beginning of the game makes it difficult for some players to understand the game play mechanics, and don't forget the language. Why doesn't this game use other languages besides English?",Wuthering Waves
Bajil Ke Links,5,2025-12-12 22:05:07,best,Wuthering Waves
RAPIER COOL,5,2025-12-12 21:59:15,Conratulation 😆,Wuthering Waves
Radi Radiansyah,5,2025-12-12 21:46:12,sangat bagus,Wuthering Waves
Sandika P,5,2025-12-12 21:24:17,sehat sehat game baik,Wuthering Waves
Eko Riyanto,5,2025-12-12 20:40:06,please add in the game Indonesian language,Wuthering Waves
Ilham Maulana Yusuf,5,2025-12-12 20:38:52,bagus rekomen,Wuthering Waves
MCBI128,5,2025-12-12 20:31:22,makasih kurooo,Wuthering Waves
Proyek Pribadi,3,2025-12-12 20:08:35,game nya bagus sayang G suport subtitle Indonesia,Wuthering Waves
RIO Nicolas,5,2025-12-12 19:11:59,"semua nya bagus, tapi lebihh optimalin lagi yaaa",Wuthering Waves
Abel Akbar,5,2025-12-12 18:53:14,keren bro grafiknya,Wuthering Waves
HENGKER TZY,5,2025-12-12 18:34:42,tolong untuk alur cerita di buat agak banyak terus tambahin scene dan romance dikit gpp lah,Wuthering Waves
Moch. Majid D,5,2025-12-12 18:21:38,mantap,Wuthering Waves
Naufal H,5,2025-12-12 17:21:14,bagus game nya,Wuthering Waves
Ilusstroous,5,2025-12-12 17:09:24,"Absolute Cinema, you deserve it Kuro that award",Wuthering Waves
hijau RIZ,5,2025-12-12 16:01:42,"love the game and developer so much, keep It up Kuro, many thnks for your giving to community... 💪💪💪",Wuthering Waves
Adrian Lewi,5,2025-12-12 15:35:32,Absolute Cinema👋👋👋👋,Wuthering Waves
PSPD_Dafi Fawaz Dzakiamir Fachrudin,5,2025-12-12 14:10:39,"Saya ga bisa banyak komen di game ini, umurnya masih 1 tahun dan masih bisa banget berkembang. bahkan melebihi ekspetasi para playernya sendiri. perlu ditingkatkan lagi fitur co-op nya, terlalu terbatas dan sedikit yang bisa dilakukan ketika co-op.",Wuthering Waves
seicchi - god,5,2025-12-12 12:51:49,Tolong Kuro Karakter Laki Lakinya Di Tambah Biar Balance,Wuthering Waves
Isawa Shizue Shizuee,5,2025-12-12 11:47:31,👍👍👍,Wuthering Waves
Asepp No Limit,5,2025-12-12 11:18:05,Frame rate gacha semoga lebih mudah,Wuthering Waves
alzira gagam,5,2025-12-12 10:55:10,Nice kuro,Wuthering Waves
Herry v,1,2025-12-12 10:53:41,weh sistem gacanya selang seling dapet B5 rate off .terus dapet lagi ree off lagi apa lah deflover. mau ngejar s1 aja susah.,Wuthering Waves
Muhammad Sudais,4,2025-12-12 10:14:20,sub Indonesia please😭🙏,Wuthering Waves
Semarang Semarang,5,2025-12-12 04:55:23,nice game,Wuthering Waves
Akane Punyaku,5,2025-12-12 04:42:16,tidak sepelit genshin,Wuthering Waves
Bintang Bk,5,2025-12-12 02:12:33,Dev baik,Wuthering Waves
Omenthoud,5,2025-12-12 01:37:53,"I love so much this game, keep it up my dear KUROGAMES😻",Wuthering Waves
BABATAN TOMBOW,4,2025-12-12 01:03:54,sangat cocok untuk f2p,Wuthering Waves
Akbar 7,5,2025-12-12 00:32:08,very very good,Wuthering Waves
Ilham al Hafidz,5,2025-12-12 00:30:18,🥰🥰,Wuthering Waves
Guntur Adi Pratama Guntur,5,2025-12-12 00:27:19,grafik bagus dan alur cerita nya seru,Wuthering Waves
Korup Si,1,2025-12-11 23:26:51,"Hadeh game pembuat frustasi dan tidak ada bahasa Indonesianya, tolong ditambahkan fitur bahasa",Wuthering Waves
KeyCat,5,2025-12-11 23:24:47,my beloved Cartethya,Wuthering Waves
Muhammad Azim,5,2025-12-11 22:05:15,"untuk ni game, dari grafik, dan Beatle ok banget gak kaku, tapi hanya saja untuk char nya kebanyakan cewek, tambahin lah kuro char cowok nya. dan juga story nya terlalu monoton my kisah semua. PR nya hanya di story nya. kebanyak cewek semua",Wuthering Waves
Hp Bagus,5,2025-12-11 21:04:33,keren,Wuthering Waves
HandIxxa,5,2025-12-11 20:43:57,"update 1.3 pengoptimalannya semakin bagus untuk android juga semakin optimal tapi untuk yang masih ngeluh drop, lag, coba pake cooler atau cek device kalian deh",Wuthering Waves
Irfan Kumis,1,2025-12-11 20:19:46,good,Wuthering Waves
Deden Abdurohman,5,2025-12-11 20:12:41,"One of the best gacha games fr with huge open world map, great lore, beautiful visual and character, amazing battle experience, etc. but please kuro, janganlah pelit pelit, apes mulu gw kalo gacha. meski gw F2P tapi wajarkan sekali-kali ngeluh? 😹",Wuthering Waves
Tri Aji Wijanarko,5,2025-12-11 19:38:24,jaringannya di perbaiki lagi biar stabil,Wuthering Waves
Azsyifa Restiana,5,2025-12-11 19:01:27,game nya bagus grafiknya juga memuaskan dan untuk karakternya juga beragam pokoknya bagusss polll deh,Wuthering Waves
Vayr,5,2025-12-11 18:03:04,mantapp,Wuthering Waves
Rizki Subagja,5,2025-12-11 17:28:02,Ta masuk akal udh di kasih prolova di kasih janda 🥰,Wuthering Waves
sandy,5,2025-12-11 15:58:35,bagus,Wuthering Waves
Algifari Abadi,1,2025-12-11 14:55:06,sistem echo sampah,Wuthering Waves
Dika Dwi,5,2025-12-11 13:21:50,Game baik,Wuthering Waves
Rafly Febriansyah,5,2025-12-11 13:08:13,Hidup KuroGame😹,Wuthering Waves
Andre bagas Saputra,1,2025-12-11 12:08:12,Game kikir dontol 20k astrite gak dapat,Wuthering Waves
darren stanley,1,2025-12-11 11:34:12,dptkan astrite susah kali cok wthh,Wuthering Waves
Tempe Mendoan,5,2025-12-11 10:49:55,"Game paling oke sejauh ini, developer sering kasih bansos, f2p pun masih bisa namatin ini game",Wuthering Waves
Devano Puji,5,2025-12-11 10:16:10,kerennn woyyy,Wuthering Waves
Bamz Harz,5,2025-12-11 09:54:45,mantap,Wuthering Waves
Youko Ichimokuren,5,2025-12-11 09:49:23,best game ever,Wuthering Waves
Felix Detmet C1,5,2025-12-11 09:35:00,gim baik,Wuthering Waves
A',5,2025-12-11 09:02:19,THANKS FOR PHROLOVA I WISH I WIN 50/50 FOREVER <3,Wuthering Waves
ZIO ??,5,2025-12-11 06:56:31,gem seru saya suka sama ini gem,Wuthering Waves
Muhammad Wildan,5,2025-12-11 05:47:04,peak game,Wuthering Waves
Muhammad Rifki,5,2025-12-11 05:17:34,Bisamah lebih lebih di optimalkan panasnya,Wuthering Waves
IrisDeMontelli,1,2025-12-11 02:02:25,bad cs,Wuthering Waves
Rizki Wijaya,4,2025-12-10 21:30:11,game nya bagus cuma sayang gak ada bahasa indo nya kalau ada pasti banyak yang suka,Wuthering Waves
Billza D,5,2025-12-10 18:34:11,i want to be lucky too :'),Wuthering Waves
Nadia Fitri,5,2025-12-10 18:20:07,keren,Wuthering Waves
Rahmat Bagus,5,2025-12-10 17:58:33,"gamenya bagus, perbanyak lagi char ceweknya, aku mau jadi lord karbiter😎",Wuthering Waves
Muhamad Zaenal Afif,5,2025-12-10 15:53:44,baru 10 kali pull di kasih 5 star hoki jirrr,Wuthering Waves
Klein Khaslana,5,2025-12-10 11:34:03,GAME BAGUS,Wuthering Waves
Nydiva,4,2025-12-10 10:05:30,rada kikir,Wuthering Waves
Akmal Arriza,5,2025-12-10 07:04:55,"nice, bagus semua dari segi grafis, story, gameplay, character..",Wuthering Waves
Yoo Jihwan,4,2025-12-10 05:49:11,gamenya udah bagus keburu berat malah lebih ringan genshin,Wuthering Waves
Dhila,5,2025-12-10 03:00:00,"BAGUS BGTT, gamee ini bener bener beda samaa game RPG lain yang pernah aku mainin fyi aku awalnya main ini karna fomo, tapii setelah tau va jp nya M! rover itu Masuda toshiki jadii aku mainin sampe hampir endgame- dann banyakk va jp terkenal lainnya, kaya ono yuki, hanae Natsuki dll nyaa. pokoknya aku suka banget juga gachanya engga ampas, cocok buat aku yang suka game gacha hehe, tapii tolong perbanyak character cowo yang bisaa digachaa dong~ soalnya chara cowo nya bener bener bisa diitung jari",Wuthering Waves
Chiyo,5,2025-12-10 00:06:09,gg bang game nya☕🗿,Wuthering Waves
Blood of the conqueror,5,2025-12-09 22:51:04,minusnya di optimalisasi game nya kayak masalah jaringan dll kalau untuk in game kayak story gaca dll good dev juga sering banget bagi bagi bansos,Wuthering Waves
Asriyanto Rizky,1,2025-12-09 22:40:02,"lagi main crash 2 kali semenjak update, device saya iqoo 13 jadi harusnya aman device, Kecewa banget sumpah padahal dari awal release gak pernah crash, mulai jadi game sampah!!!",Wuthering Waves
s revan,1,2025-12-09 20:41:41,game tolol gua kaga bisa masuk malah keluar keluar sendiri,Wuthering Waves
Jefferson Crisde,5,2025-12-09 20:38:16,"gamenya udh bagus, cuman tambahin bahasa indonesia nya",Wuthering Waves
Muammar Alfurqan,5,2025-12-09 19:47:35,"game nya sangat bagus,tapi mohon kasih bahasa indonesianya",Wuthering Waves
Ady GAMING,4,2025-12-09 19:04:40,Game nya bagus grafik nya jugak oke Tapi knp pas mau login di game nya download data 200mb terus pas login game nya apa emang kayak gituh kah gituh aja mksh. tolong di tambahin bahasa Indonesia dong,Wuthering Waves
Muhammad Farhan,5,2025-12-09 15:51:55,my fav game gacha,Wuthering Waves
Rizk Wayne,5,2025-12-09 14:48:44,chisa,Wuthering Waves
Yil Yula,5,2025-12-09 13:05:48,menyenangkan,Wuthering Waves
Fitzyt,5,2025-12-09 11:56:23,BAIK BANGET NI GAME,Wuthering Waves
Arya Ardiansyah D.S,5,2025-12-09 10:33:28,"Kuro dev baik, dapet my bini Chisa + Signature nyaa",Wuthering Waves
Aziz Aziiz,5,2025-12-09 10:15:05,Perfect Game,Wuthering Waves
Akashi Seijuro,4,2025-12-09 09:24:02,akhir-akhir ini saya main kan gamenya sering force close,Wuthering Waves
Zhoo,2,2025-12-09 09:04:29,saya baru pertama kali mendownload nya tapi pas saya baru buka aplikasi ini saya kira bahasa Indonesia eh ternyata bahasa lain mana nggak bisa di atur lagi bahasa nya saya mencoba memainkan kan namun yg ada hanya layar gambar nya saja dan tidak bisa main kan padahal saya ingin sekali mencoba memainkan nya karna saya penasaran namun sayangnya tidak bisa masuk..apa mungkin harus di tunggu dulu buat download data nya.?tolong jawab🙏 nanti kalau bagus saya bakal balik lagi kesini buat kasih bintang,Wuthering Waves
Morugami,5,2025-12-09 07:24:19,Truly magnificent!,Wuthering Waves
M Andra F F,5,2025-12-08 22:16:36,mantap game baik,Wuthering Waves
HAKKA Adzimah,5,2025-12-08 22:06:50,bagus banget min sumpah bisa kali kasi saya char b5,Wuthering Waves
Wave Games,5,2025-12-08 21:14:54,THANKS KURO♪ (〃∇〃),Wuthering Waves
MELANCOLIS,5,2025-12-08 21:14:10,sering FC mau d setting grafik mid bah kn low,Wuthering Waves
Iqbal Ramadhan,4,2025-12-08 20:55:16,"tolonggg!! masukan bahasa indonesia ke dalam game ini, game ini sangat seru untuk di mainkan. tapi tolong add indonesia language",Wuthering Waves
Mamang Alfian,5,2025-12-08 20:50:41,"game ini sangat bagus sekali, dari grafiknya yang bikin hp kalian cepat panas, paling masukan aja dari saya untuk kuro yaitu kurangin size wuwa atau ada fitur hapus data story di hp biar tidak berat"" amat. udah itu aja sih dari saya",Wuthering Waves
Kevin Saputra,5,2025-12-08 19:59:11,game yg bagus dan menarik,Wuthering Waves
Ryux Shina,5,2025-12-08 19:35:27,mantap min cuman semoga update selanjutnya ada tambahan bahasa Indonesia ya min sejauh ini sih bagus bgt,Wuthering Waves
Fuukinoru Ken,1,2025-12-08 17:50:11,game ribet mau ganti email aja banyak persyaratan nya ga lagi lagi main game dari developer ini cuihhh,Wuthering Waves
MUHAMMAD Iqbal A.E,5,2025-12-08 16:32:13,i need geshulin,Wuthering Waves
Xian Yi,4,2025-12-08 15:58:34,"gak ada bahasa Indonesia males main, aku hapus",Wuthering Waves
Melati Tulip,5,2025-12-08 15:47:28,game yang bagus sekali cocok untuk semua kalangan,Wuthering Waves
STOCKHOLM,5,2025-12-08 14:22:55,tolong aktif kan frame gen untuk snapdragon 8s gen 3,Wuthering Waves
Amin Udin,5,2025-12-08 13:28:42,tambah bahasa Indonesia nya,Wuthering Waves
Hendri,5,2025-12-08 09:23:02,tolong berikan bahasa Indonesia,Wuthering Waves
Big Brother,4,2025-12-08 03:21:14,"gamenya bagus,tapi di hp gw kok force close jam 3.00 pagi ya? mohon di perbaiki",Wuthering Waves
Abdullah Faries,1,2025-12-07 23:36:16,"saya adalah player sejak BETA, sudah lama main sampai saat ini tapi semakin lama setelah bermain quest Augusta, saya sangat miris dengan cara kuro menyajikan cerita self insert nya, saya pikir ini adalah game dengan potensi AAA+ namun malah di rusak dengan cerita yg flat dan dipenuhi fans servis, mungkin saya rasa mc terbaik tetap caelus dari HSR kalau segi cerita yang menarik dan tidak monoton",Wuthering Waves
Asc Arsid,5,2025-12-07 22:45:35,Please provide Indonesian subtitles so that Indonesian players who aren't fluent in the game's language can better and more thoroughly understand the content. Indonesian subtitles not only facilitate language comprehension but also allow Indonesian players to enjoy the story and information presented without any issues.,Wuthering Waves
FANO,5,2025-12-07 21:26:08,absolut cinema,Wuthering Waves
Theofilus 22,5,2025-12-07 20:18:49,game sama ceritanya seru,Wuthering Waves
vazar aja,5,2025-12-07 16:26:13,game terseru yang pernah aku mainkan bikin betah juga alur cerita nya apalagi tokoh nya bikin betah,Wuthering Waves
UZU,5,2025-12-07 15:42:30,balasan karna sering kasih gw low pity,Wuthering Waves
Mus Sirx77,5,2025-12-07 12:57:23,"Dari gameplay udah bagus , story dan CG nya juga udah mantap. Cuma masih sering banget framedrop nya . Dan berharap kedepannya bisa di tambahin subtitle bahasa Indonesia (soalnya player Indonesia banyak ini)",Wuthering Waves
Sahlan,5,2025-12-07 11:18:19,gelooooo bagus kali alur nya fight nya behhhh.....hp aj yg ngedukung🥲🥲,Wuthering Waves
Henny Adhari,5,2025-12-07 10:38:37,keren,Wuthering Waves
arjuna domas,5,2025-12-07 09:13:03,Please provide Indonesian text in this game to make the conversation and story easier.,Wuthering Waves
Ariel permana Putra,5,2025-12-07 08:40:48,terbaik,Wuthering Waves
Fakhri A.b,5,2025-12-07 07:31:23,selalu tambahkan optimasi setiap update,Wuthering Waves
Pengguna Google,5,2025-12-07 07:05:30,"untuk kuro games,game ini sudah bagus dari segi grafik,story,adventure,gacha tapi saran saya gini...pada next update di harapkan untuk lebih mengoptimalkan UE4 karena hp saya sudah kurang kuat🙏🥲",Wuthering Waves
Maria Adawia,5,2025-12-07 01:58:02,keren,Wuthering Waves
Fauzi Tolani,5,2025-12-07 01:35:11,game terbaik,Wuthering Waves
Agung Fadillah,4,2025-12-06 23:26:26,Hard pity Mulu anjir!,Wuthering Waves
Dimas Prayoga,5,2025-12-06 23:25:14,keren,Wuthering Waves
Aulia Izana182,5,2025-12-06 23:04:23,game nya sangat Bagus sekali dan ketika saya main juga lumayan lancar,Wuthering Waves
Ahmad Bintang A,5,2025-12-06 22:59:54,10 kali gacha langsung dapet. mantap banget,Wuthering Waves
Cahyo PrasGun,5,2025-12-06 22:20:09,kasih Bahasa Indonesia,Wuthering Waves
Rosi Rosi,5,2025-12-06 22:09:50,game santai seru full my kisah,Wuthering Waves
Jaen Jaenudin,1,2025-12-06 21:57:40,tambahin bahasa Indonesia lah oi,Wuthering Waves
Andhika Putra,5,2025-12-06 20:42:41,best gamee!!!!,Wuthering Waves
Nukar Uyah,5,2025-12-06 19:56:37,keren,Wuthering Waves
Lita iramawati,5,2025-12-06 19:25:45,"bukan wuthering waves ini mah, tapi gathering wife 🥰",Wuthering Waves
Hanifa Aulia,5,2025-12-06 19:15:19,"Overall is good, but please when playing with friends, let all the effects come out, and can fight the boss with friends, I hope you listen to this review kuro... 🥀💔",Wuthering Waves
Fito Pratama,1,2025-12-06 18:58:37,gacha ampas player baru tersiksa,Wuthering Waves
Maple RK,5,2025-12-06 18:41:11,Ohhh wuwa.... kenapa kamu berat sekali untuk aku mainkan😭 akun aku jadi sia sia karena gamenya makin berat🥲 berikan aku kesempatan untuk memainkannya lagi wahai kurogame😂,Wuthering Waves
Beny Saja,5,2025-12-06 18:27:54,makasih game baik,Wuthering Waves
susilo habibi,5,2025-12-06 18:06:33,bagus,Wuthering Waves
FAJAR FAJAR,4,2025-12-06 16:32:03,bagus,Wuthering Waves
Akun Buyer,5,2025-12-06 16:16:26,gacor game gam kikir,Wuthering Waves
scarfang,5,2025-12-06 12:48:03,mantap akun saya hoki trus,Wuthering Waves
Ahmad,5,2025-12-06 12:08:31,mantappp jir,Wuthering Waves
Zoro Von Earlsheids,5,2025-12-06 12:01:43,Game RPG terbaik sih ini dimobile asli the best lah pokoknya Wuthering Waves,Wuthering Waves
Farrel Rajendra,5,2025-12-06 11:35:16,"keren, tapi pensi dulu gara2 kendala hp kentang",Wuthering Waves
MT1.29. Farel Prakoso,5,2025-12-06 07:40:27,"game secara cerita, combat, event sudah bagus di atas rata rata, mungkin sistem yang aku saran kan jaminan rate on/sistem gacha yang lebih dipermudah untuk limit karakter, karna tidak menutup kemungkinan player bakal kalah rate off berturut-turut. kemudian dan tingkat kan kapasitas penyimpanan waveplate cadangan nya, karena ga semua player bisa main secara terus menerus",Wuthering Waves
Bernkastel,5,2025-12-06 06:48:08,"Game ini sangat seru, aku benar2 enjoy memainkan game ini, keep it up Kuro games!",Wuthering Waves
Tio Kartika,5,2025-12-06 04:52:37,lag,Wuthering Waves
Rian Ramdhani,5,2025-12-06 02:49:03,peak absolute cinema,Wuthering Waves
Alter Ego,5,2025-12-06 00:57:39,Thank you for giving me a birthday present. It makes me sad. Thank you,Wuthering Waves
B Lingga,5,2025-12-06 00:52:29,"Game dengan karakter dan grafik yang cakep. skill tiap karakter yang unik dan gameplay-nya yang beda2 makin membuat combat di game ini makin menarik. ditambah ada mekanik parry, dodge, dan counter. Belum lagi soal story. Keliatan jelas peningkatan kualitasnya. mantap memang Kurogames",Wuthering Waves
BLACK GOAT,5,2025-12-06 00:45:09,"good game. but, where my chisaaaa",Wuthering Waves
Muhammad Farel Buana,5,2025-12-06 00:17:27,peak,Wuthering Waves
Akhmad Rizal Kamil,5,2025-12-05 22:40:03,aku hoki,Wuthering Waves
Dhuss alwi,5,2025-12-05 21:20:40,free game spek AAA inimah😭,Wuthering Waves
Askar Jaeger,4,2025-12-05 20:40:49,"sangad bagus, cuma update kemarin kok suara Hero di Saya hilang ya??, animasi suara waktu basik attack atau ulti nggak ada, tolong diperbaiki",Wuthering Waves
Erza Machrufla,5,2025-12-05 20:36:47,good game!!!!,Wuthering Waves
aditya roni,5,2025-12-05 19:55:47,peak,Wuthering Waves
alfhrs1_,5,2025-12-05 19:12:19,PEAK GAMEE,Wuthering Waves
Yoruka Kirihime,1,2025-12-05 17:27:47,game sampah dr awal main sampe sekarang gk pernah menang rate off udh gitu hard pity,Wuthering Waves
Damar Panuluh,5,2025-12-05 14:32:11,"?/?/2024 : UNTUK GRAFIK SUDAH SANGAT SANGAT HD 🔥🔥🔥 || 5/12/2025 : Sudah satu tahun lebih saya memainkan game ini. Namun, saya masih berharap agar Kuro Games menambahkan Bahasa Indonesia agar para player dari Indonesia bisa lebih memahami alur dan pembicaraan dalam game.",Wuthering Waves
久世Masachika,5,2025-12-05 11:46:04,"Nice game, I'm Plyr F2P Avip, Feeling a little satisfied with this game",Wuthering Waves
•Shiraishi Desuka,5,2025-12-05 11:24:21,game terbaik,Wuthering Waves
Almira aulia Syifa,4,2025-12-05 11:02:57,mana optimalisasi apus stori biar tak numpuk,Wuthering Waves
Ocha Salud Adianto (オチャです),5,2025-12-05 10:21:27,"grafiknya bagus! main selalu pake cooler biar fpsnya stabil digrafik ratakanan, sekedar saran tolong tambahkan subtitle bahasa Indonesia. kdang klo lgi main suka males buat mikir terjemahannya😅",Wuthering Waves
Adrian Dwiki p.,5,2025-12-05 10:03:03,AMAZINGGG,Wuthering Waves
Yandak Tw,2,2025-12-05 07:32:45,udahmah rate off high pity lagi dev ireng dev ireng,Wuthering Waves
REZKY LEMBAH,5,2025-12-05 07:24:26,"gamenya bagus cuma hp gw aja yg g mendukung. udah main dari pertama rilis sampe sekarang, mungkin update kedepan hp udh g mendukung. semoga ada pengoptimalan yg bagus👐",Wuthering Waves
夜刀神十香,5,2025-12-05 05:44:23,"sempurna, ide nya selalu di luar ekspetasi, tinggal bagaimana mereka menghadapi bug yang melanda ini...",Wuthering Waves
Fadhli Rizqi,4,2025-12-05 02:19:57,tolong tambah kan optimalisasi file agar bisa menghapus file yang sudah tidak di perlukan soalnya ini game sudah tembus 40 gb buat mobile 🙏🙏🙏🙏,Wuthering Waves
Glenツ,5,2025-12-05 01:43:35,"absolute cinema masterpiece gak nyesel download, ramah f2 p, grafik sangat memuaskan. 💘💘❤‍🩹❤‍🩹💯💯💯💯👅👅👅",Wuthering Waves
Ariief,5,2025-12-04 23:51:37,Semua nya bagus dari grafik combat dan semuanya mines cmn 1 gk ada subtitle Indonesia susah untuk menikmati alur ceritanya,Wuthering Waves
Rakha IM,5,2025-12-04 23:39:15,gamenya sudah berkembang dari awal saya main. walaupun sempat rehat tapi ketika kembali bermain lagi sudah banyak hal yang dioptimalkan. semoga fps di mobile bisa diperhalus agar dapat memainkan gamenya dengan fps tinggi.,Wuthering Waves
Sid De Vann's,5,2025-12-04 23:34:34,"overall udah bagus banget, saran tambahin emote waktu chatan sama temen biar lebih ekspresif aja",Wuthering Waves
Abdul Aziz,5,2025-12-04 23:22:20,absolute Cinema,Wuthering Waves
Raditya Yudistira,5,2025-12-04 22:47:10,makasih buat kuro games udah buat game sebagus ini,Wuthering Waves
Muafra Gamers,5,2025-12-04 22:14:26,"Game nya cukup bagus overall, grafik dan design character nya bagus, dari segi music pendalaman karakter sangat memuaskan",Wuthering Waves
Putu Serli,5,2025-12-04 21:56:23,"Dari awal main sampai skrg pun tetep konsisten, Terimakasih Kuro Games ❤️❤️❤️ tetep improve dan upgrade game nya setiap update ya dan tetap konsisten mendengarkan keluhan player",Wuthering Waves
Nata rasengiyanto,5,2025-12-04 21:45:13,"crazy update,bisa pake vulkan coyy👍👍",Wuthering Waves
Yue Chan,5,2025-12-04 21:40:22,"Keren, Tolong tambahin bahasa Indonesia, Buat saya yang kurang bisa berbahasa Inggris:)",Wuthering Waves
Ibrahim hamid,5,2025-12-04 21:26:00,mantap,Wuthering Waves
Dante S,5,2025-12-04 21:14:41,Srkarang frame nya dah normal.....gak force close lagi dan suhu kembali normal,Wuthering Waves
Idea zech,3,2025-12-04 20:41:21,plis ada bahasa Indonesia🇮🇩🇮🇩🇮🇩🇮🇩,Wuthering Waves
zahra humairo,5,2025-12-04 20:36:56,Tolong tambahkan bahasa Indonesia,Wuthering Waves
Tom Cjpng,5,2025-12-04 20:30:51,"game nya bagus sangat bagus, teruskan dan banyak kan astrite nya biar gak bosen bosen maen game wuthering waves nya, dan kasih bahasa Indonesia biar paham jalan ceritanya,sekian dari saya",Wuthering Waves
Hasan Duke,5,2025-12-04 20:28:23,it's so exciting oh my gosh.... I really like Kuro making this game. Love it as much as I can,Wuthering Waves
Jamal udin,5,2025-12-04 20:17:49,ok,Wuthering Waves
ken taro 02,5,2025-12-04 20:04:39,"Tolong tambahkan bahasa Indonesia, karena pemain mayorotitas di Indonesia juga banyak",Wuthering Waves
Muhammad Khaliq hidayah,5,2025-12-04 19:48:18,"Why don't you, Mr. Developer, listen to our opinions in this review column? Can't you accept our opinions?",Wuthering Waves
Iyan,5,2025-12-04 19:47:51,"tolong untuk grafis rendah itu animasi rumput nya bisa di matiin biar makin lancar atau sekalian aja rumput nya di hapus di grafis rendah, soalnya aku gak butuh grafis bagus karena masih pake HP low end jadi untuk update kedepannya tolong optimalkan grafisnya.",Wuthering Waves
Lily Flore (Lily),5,2025-12-04 19:41:38,Gamenya sangat canciii dan saya suka muehehe,Wuthering Waves
Ahmad Iqbal,3,2025-12-04 19:15:18,"Absolute cinema, gw terkagum-kagum liat grafis dan buildingnya benar-benar wah bgt. Ceritanya gak terlalu gw notis, tapi fighting scenenya KEREN bgt njir gk salah gw main ni game edited: ceritanya mid njir, apa coba romance bait mulu",Wuthering Waves
ANTONIUS MB,5,2025-12-04 19:05:25,game bagus ngalahin game sebelah 😎🤟,Wuthering Waves
Sabrina Chya,5,2025-12-04 18:44:31,i love this game,Wuthering Waves
Fais Raur,5,2025-12-04 18:40:46,absolut cinema🔥,Wuthering Waves
Indra,5,2025-12-04 17:26:10,sehat² game baik,Wuthering Waves
A BAYU NURALIM,5,2025-12-04 16:03:52,w game!,Wuthering Waves
putra bareti bareti,5,2025-12-04 15:41:48,Plis bru... Optimalisasi bad:(,Wuthering Waves
Light,5,2025-12-04 15:31:13,baguss bet,Wuthering Waves
Lineage Mobile,5,2025-12-04 15:29:19,langsung dapet b5 maksih bang,Wuthering Waves
haris Haxo,5,2025-12-04 14:41:28,pelase add league bahasa indonesia ... biar bnyak peminat nya lgi,Wuthering Waves
Dhafa Ramadhan,5,2025-12-04 14:27:19,good game,Wuthering Waves
Aris Good,5,2025-12-04 11:51:43,masterpiece,Wuthering Waves
Fajar Nur Saputra,5,2025-12-04 09:02:49,rinascita is absolute cinema,Wuthering Waves
Samuel Silalahi,5,2025-12-04 08:04:22,Absoluteet Cinemaaa Genshino Impacto Could Never Haill Kuroo,Wuthering Waves
Ihsan_ Kamal,5,2025-12-04 07:48:30,"Mohon Tolong untuk developer agar mempermudah gacha, untuk player gratisan/miskin. itu saja yang aku harapkan, Soalnya aku setiap nge-gacha pasti dapet zonk/nihil😭🙏",Wuthering Waves
Agus Wijaya,5,2025-12-04 07:45:57,bagus,Wuthering Waves
fajar junior,4,2025-12-04 06:37:22,"saya kasih 4 ⭐ lah Dev, game nya bagus, cuma kendala nya bahasa nya, gak semua orang ngerti bahasa Inggris, kalo udah ada bahasa Indonesia saya kasih 5 ⭐ deh 👌",Wuthering Waves
Qxy1,5,2025-12-04 05:15:32,the best game love you wuwa thanks you,Wuthering Waves
Andreas Jonathan,5,2025-12-04 04:41:27,Best Game RPG tidak kikir dan story nya mantap,Wuthering Waves
Always DamZzz,1,2025-12-04 03:41:17,"I don't know what to do anymore, I've been downloading for more than 12 hours just to see the loading of ""completing shader"" which doesn't work and is stuck. My phone's storage is really enough to download this game's full data.",Wuthering Waves
DMY YT,5,2025-12-04 00:46:15,"terimakasih, developernya sangat baik",Wuthering Waves
Marcello Emanuel,5,2025-12-04 00:15:03,mantap banget lek,Wuthering Waves
Ditt Frizz,2,2025-12-03 23:24:34,bug force close device Infinix GT 30 pro mohon diperbaiki,Wuthering Waves
Abay Ali,5,2025-12-03 19:48:51,mantap,Wuthering Waves
Raffi Pratama aprilio,5,2025-12-03 19:36:31,MASTERPIECE,Wuthering Waves
derly,5,2025-12-03 17:29:48,makin berat woilah,Wuthering Waves
Morax,5,2025-12-03 17:10:13,lu baik gacha nya,Wuthering Waves
Kamael Exwp,5,2025-12-03 15:15:22,gachaku wangi,Wuthering Waves
Alfin Kurrahman,5,2025-12-03 13:56:08,"game nya bagus, tapi kurang fitur, yaitu fitur hapus data story, yg udah lama di selesai kan cuma itu sih semoga gams terus berkembang dan nurutin kemauan player lain",Wuthering Waves
David Satria,5,2025-12-03 13:22:15,bagus ini tetapi grafis kurang high tinggi kedua kurang bahasa indonesia belum baru.mohon buat .,Wuthering Waves
Has Bi,5,2025-12-03 11:12:39,kalian perbedaan sama gi sama wuwa jelas banget lah kalau gi udah duluan dari pada wuwa terus gi itu lebih ringan dari pada wuwa plis jangan perbandingan sama gi komentar ya asli udah muak full size ya 40gb an kalau dah hapus data lama jadi 29gb an,Wuthering Waves
Am HS,5,2025-12-03 09:32:03,WHAT A GREAT GAMEE🔥🔥,Wuthering Waves
Changli Lord,5,2025-12-03 09:24:07,bagus,Wuthering Waves
Mas_ren,5,2025-12-03 09:19:27,plis kasihh bahasa lain,Wuthering Waves
Fahriln137 Fahrilk317,5,2025-12-03 06:51:15,memberi like 👍,Wuthering Waves
Ashenn,5,2025-12-03 05:03:46,wajib donlot,Wuthering Waves
Muhammad Arafat,5,2025-12-03 03:23:01,bagus bg kuro lain kali sering² kasi yak,Wuthering Waves
Pengguna Google,1,2025-12-03 03:03:29,stress jirs baru login suruh download 34 gb🤘🗿🥶🤚,Wuthering Waves
Awangga Koswara,5,2025-12-03 00:59:43,"Saya sangat suka game ini, memiliki story yang bagus dan semua character keren-keren. Tapi memiliki 1 kekurangan yaitu tidak adanya bahasa Indonesia, saya harap kedepannya di adakan bahasa Indonesia pada game wuthering waves.",Wuthering Waves
Na Dina,5,2025-12-03 00:01:01,mantap,Wuthering Waves
Aldi firmansah Firmansah,5,2025-12-02 21:08:13,please kuro game add an Indonesian language option,Wuthering Waves
Arise,5,2025-12-02 20:50:52,"oke secara gameplay dan grafik bagus semuanya, tapi kenapa akun saya yang lama hilang??? saya coba login kembali dengan akun yang sama tapi semua data lama sudah hilang.",Wuthering Waves
Aditiya Firmansyah,1,2025-12-02 20:08:43,gede amat ni size nya di Hp,Wuthering Waves
Surya Damar Lintang,5,2025-12-02 19:41:20,asik lebih asik dari game sebelah,Wuthering Waves
M. Adifro Yurfadho,5,2025-12-02 16:17:06,2 kata Sangat bagus 👍👍,Wuthering Waves
Fatah Njay,5,2025-12-02 15:47:06,"ceritanya mantap abiezzz, dan juga fanservice nya🤭😋",Wuthering Waves
Habib Alfaroqi Ikhsan Ridwan,3,2025-12-02 15:44:32,size gamenya terlalu besar buat HP sy kalo bisa di optimalkan lagi dari segi size sama performance Kalo dari experience bermain game ini absolute cinema,Wuthering Waves
Nixxya _CRA,5,2025-12-02 15:39:52,THE BEST GAMES🌟🌟🌟🌟🌟,Wuthering Waves
Kuu Rarz,5,2025-12-02 15:29:49,Nice Game!,Wuthering Waves
Cosans,5,2025-12-02 14:12:05,Makasih game baik,Wuthering Waves
mrgokzz gt,1,2025-12-02 13:35:28,iklan mulu pler,Wuthering Waves
CrustGang,5,2025-12-02 13:21:13,good,Wuthering Waves
Dimas R Pratomo,4,2025-12-02 13:00:08,masih bener bener pemula,Wuthering Waves
Lmt limit,5,2025-12-02 12:05:32,ayo kita coba!! dan bagus!!,Wuthering Waves
Fardi 123,1,2025-12-02 11:46:13,pas mau download data dalem malah stuck gabisa pencet continue tolong di perbaiki,Wuthering Waves
[Dark Fire] Official,5,2025-12-02 03:27:35,GAME BAIK! SOFT PITY DI BANNER SENJATA! DAN MENANG RATE OFF CHISA!,Wuthering Waves
Luis Arung,5,2025-12-01 23:52:02,"gameplay nya bagus , tidak kikir seperti sebelah.",Wuthering Waves
Ariq Pratama,5,2025-12-01 22:36:11,"Kurang lebih gameplay bagus,cuma butuh pengoptimalan aja.Keep Enjoying this game everyone",Wuthering Waves
muhammad hasbi salamah 7_29,5,2025-12-01 19:57:05,keren,Wuthering Waves
Wirat Maje,5,2025-12-01 19:52:20,game bagus mudahan dapat character banyak,Wuthering Waves
Dio Ooo,5,2025-12-01 19:23:31,peak,Wuthering Waves
fajzzz Mengkeceh,5,2025-12-01 18:06:39,nice game,Wuthering Waves
Sw Sh hehe,5,2025-12-01 18:01:52,gamenya bagus dari cerita dan gameplay,Wuthering Waves
Baihaqi,5,2025-12-01 14:45:05,baru main langsung dapat char b5 baru,Wuthering Waves
fahrul rozi,5,2025-12-01 09:50:00,ayo dong kuro tambahkan bahasa Indonesia 🙏,Wuthering Waves
Khazari Shouri,5,2025-12-01 08:03:57,admin baik tiap minggu kasih 10x gacha gratis,Wuthering Waves
SeekorKAyy,5,2025-12-01 06:05:35,Game mantap tidak kikir kek sebelah🫶🥰,Wuthering Waves
Faith Santoso,5,2025-12-01 01:49:09,peak game,Wuthering Waves
Arya Puguh Nur,5,2025-12-01 01:19:40,thankyou this beautiful game,Wuthering Waves
Ajisaputra Kurnia,3,2025-12-01 00:55:14,minimal ada bahasa indo lah pening gua nerjemahin nya klo maen lama,Wuthering Waves
Rahmat Krisman,5,2025-11-30 23:16:06,"This game is great, but it still frequently force closes on the Xiaomi 13T even though the device is powerful. Crashes often happen during battles, when moving between areas, or when heavy visual effects appear. Performance sometimes drops with stutters and FPS dips. I hope the developers improve optimization, fix stability issues, and enhance device compatibility for a smoother gameplay experience.",Wuthering Waves
Mochamad Rafa,5,2025-11-30 22:35:01,tolong di kasih subtitle bahasa indonesia biar mudah di pahami sama kasian yg gak bisa bahasa Inggris mau main nya susah tolong di respon ulasan saya,Wuthering Waves
Pengguna Google,5,2025-11-30 22:25:26,Pensi jir,Wuthering Waves
Riyandra Rahmansyah,5,2025-11-30 22:11:21,i love it,Wuthering Waves
Bayu Allingga,5,2025-11-30 20:08:29,"Is it okay to modify the file to reduce lag by lowering the graphics beyond the ""lowest standard"" in the game? Or is it okay to modify the file to increase the better graph beyond the maximum limit on the current Wuthering Waves graph settings? otherwise I won't do it and if I may, I might be able to help players who are having issues with the current graphics by modifying the files so that the graphics are very low, or modify it to make it look better than it is now? answer this question good d",Wuthering Waves
Alif Defsa,5,2025-11-30 19:30:34,please kuro game added Indonesian language subtitle,Wuthering Waves
Isyou Seaa,5,2025-11-30 19:16:01,game nya overall keren banget segi ceritanya and skill effect nyaa keren BGTT asli,Wuthering Waves
Gean Pradito,1,2025-11-30 18:38:46,udah mulai kikir,Wuthering Waves
Rian Corleone,5,2025-11-30 17:01:09,pas awal awal main gamenya berat bet tapi pas kelamaan lumayan nurun beratnya,Wuthering Waves
Wi Jay,2,2025-11-30 16:44:16,"sangat susah mencari suply, gacha juga sulit banget, sebagai player gratisan kecewa berat saya",Wuthering Waves
Hadri Ansyah,1,2025-11-30 16:17:18,update ya makin gede aj sekarang aj udh 34 koma... lbih Gb gila benar ...udah stuck game nggk mau download,Wuthering Waves
Anggi 10969,1,2025-11-30 14:59:09,"Banyak Notifikasi Gk Jelas, Padahal Tidak Membuka Wuthering Waves",Wuthering Waves
Rusmen Maragen,1,2025-11-30 14:10:29,"musuhnya masuk kedalam tanah, gimana cara mau kawannya, tolong perbaiki",Wuthering Waves
ROYAN,5,2025-11-30 12:15:16,game yang sangat bagus rekomen buat yg ga ada kegiatan main ni game aja☕🗿,Wuthering Waves
Lobang Puki,5,2025-11-30 10:36:52,susuai perkiraan tapi tambah lah mas kuro senyum nya,Wuthering Waves
Asyu Lahh,5,2025-11-30 10:02:50,aku harap ada subtitel indonesia nya,Wuthering Waves
Ziro 03,5,2025-11-30 06:21:51,gg geming,Wuthering Waves
Dodi ermantan putro Putro,5,2025-11-30 05:37:48,kekurangan nya bahasa indonesia nya gk ada,Wuthering Waves
Iqooz9x Ini,1,2025-11-30 03:07:31,game busuk sistemnya,Wuthering Waves
Karina,5,2025-11-30 01:48:23,game terbaik,Wuthering Waves
FAIZI YT,5,2025-11-30 00:54:04,nice game🔥,Wuthering Waves
Randal Aldifah,1,2025-11-29 22:30:49,"Gaca tidak fifti"",",Wuthering Waves
Auryn,5,2025-11-29 21:22:50,good game,Wuthering Waves
Marvell Saja,5,2025-11-29 18:29:16,GAME BAIKKKKKKK,Wuthering Waves
Lord Xazuma,5,2025-11-29 16:04:08,"please buff qiyuan, i already have qiyuan s6 and it cost me a lot of money, but why does my qiyuan seem to be losing to other sub dps, which are even only s0 please kuro make him strong like in wuthering waves lore!🙏",Wuthering Waves
Cid Kagenou,5,2025-11-29 15:21:33,"Segi grafik, dan story Keren",Wuthering Waves
Syahrul Hidayat,4,2025-11-29 14:03:27,kalau bisa terjemahan nya ada bahasa Indonesia nya GK sih soalnya aku udh jauh ikutin alur cerita nya TPI GK ada bahasa Indonesia nya jadi kebanyakan skip alur nya,Wuthering Waves
Eupho мαʝoυ,5,2025-11-29 09:14:13,"sangat menarik, sangat seru, sempurna",Wuthering Waves
Zhair Rog,5,2025-11-28 19:12:12,I love cartethiya,Wuthering Waves
Foxyx Ez,5,2025-11-28 18:06:32,"di buat lebih berat lagi game nya, ni hp gw belum ngos ngos San😛",Wuthering Waves
Aan Kiyotaka,5,2025-11-28 17:49:12,"bagus secara menyeluruh, tetapi untuk saya kurang bisa bhs inggris jadi kadang kesusahan saat menjalankan misi, untuk kedepannya bisa berharap ada bahasa indonesia nya",Wuthering Waves
Widodo_ kun,5,2025-11-28 16:23:02,absolutely cinema,Wuthering Waves
Annisa,5,2025-11-28 15:57:00,"The afterall game is very good, the graphics, the gameplay, the story I love it sooo much. But I just deleted it a week ago, Because of the FAN SERVICE is too much. I can accept Cantarela, but after Charlotta summer skin I can't handle it anymore.",Wuthering Waves
Saran,5,2025-11-28 15:48:19,make my account rate on please... 😭😭😭 I want to get Chisa 🥺,Wuthering Waves
Riziq Avansyah,5,2025-11-28 12:11:43,mantap boskuu,Wuthering Waves
Raditya Abyakta,4,2025-11-28 11:41:17,This game is very good and the world is calming but once updated it takes a lot of storage space so I can't play this game anymore😭😭😭...I want to be able to play this game again...,Wuthering Waves
Derry Palevi,1,2025-11-28 06:17:38,Gada bahasa Indonesia nya jadi kalo yang ngak ngerti bahasa Inggris jadi gapaham game nya alur ceritanya quest nya,Wuthering Waves
Ahmad Ariq,5,2025-11-27 22:58:11,best,Wuthering Waves
imam syaiful,5,2025-11-27 22:45:49,i love wuwa yg loyal sama playernya 😘,Wuthering Waves
Mac Gibson,5,2025-11-27 22:27:36,Kuro Ngga kikir,Wuthering Waves
Rivay Vanny,1,2025-11-27 22:15:51,baru aja mau masuk udh suruh dowload 34GB . gila benar game ini. langsung aja uninstall dsr game bngsattttt,Wuthering Waves
Galih Rio,3,2025-11-27 20:48:25,"apasih compling shader mulu hampir tiap hari anjir, udah loding lama coo",Wuthering Waves
Fachry Fajar Destian,5,2025-11-27 20:32:38,game baik dapet low pity terus🥰🥰,Wuthering Waves
Muhammad Riski sumajid,5,2025-11-27 20:18:20,game baik,Wuthering Waves
Rudolf MaHa,5,2025-11-27 20:07:01,game baik,Wuthering Waves
Muhammad Ghaza Asyadda,5,2025-11-27 17:20:00,Alhamdulillah chisa lengkap,Wuthering Waves
Vincent Nagata21,5,2025-11-27 15:24:25,This is a fun game. All of the characters design is pretty good. I love it!,Wuthering Waves
Adhi Putraa,5,2025-11-27 15:11:07,tambahkan bahasa Indonesia,Wuthering Waves
Aidil Muhammad Hafidz,5,2025-11-27 14:05:30,nice,Wuthering Waves
Lnz Tersakiti,5,2025-11-27 13:32:09,gacha nya hoki bgt,Wuthering Waves
Noval Naftar,5,2025-11-27 13:07:20,terimakasih atas b5 nya dapet 3 nih game gacor bet wajib download,Wuthering Waves
key,2,2025-11-27 13:01:12,"this game used to be really fun, but lately i kinda get why people say it’s turning into a dating game for dudes. please add more male characters. ur player base isn’t just men, women play this game too. and this isn’t supposed to be a dating sim, right? if you guys keep going like this, you’re probably gonna lose your female players little by little. but, if your target audience is only guys, then sure… just ignore what i said.",Wuthering Waves
Anonim Cuan5,1,2025-11-27 11:35:30,terlalu besar size game nya,Wuthering Waves
Brian Valmores,5,2025-11-27 06:24:51,ABSOLUTE CINEMA,Wuthering Waves
Jeremias Siagian,5,2025-11-27 00:20:33,game baik,Wuthering Waves
fakes Chanel,5,2025-11-26 23:15:30,good story,Wuthering Waves
surya scarlet,3,2025-11-26 22:33:14,masa bisa force close sendiri,Wuthering Waves
Palladin Edmonia,4,2025-11-26 21:13:26,"saya kasih rating bintang 4 dulu karena masalah download. kalau bisa, tolong tambahkan download di latar belakang lagi. masa saya harus menunggu sampai selesai apalagi internet saya lemot. tolong lah tambahin download latar belakang lagi. tapi sisanya aman, cerita bagus, gameplay ga membosankan, dan sebagainya",Wuthering Waves
v Secre,5,2025-11-26 21:09:44,"so far, so good",Wuthering Waves
Riadus Solikhin,5,2025-11-26 20:46:59,Joss gandoss,Wuthering Waves
Doni Ardiansyah,1,2025-11-26 19:52:10,please add indonesian!!!,Wuthering Waves
muhammad Ripki,1,2025-11-26 18:44:07,perbaki sistem updatenya kuro apan suruh update fulgame ulang ke gensin lah pra unduhnya filenya ga di copy semua,Wuthering Waves
Valensia Tanera,1,2025-11-26 18:31:44,"banyakin karakter cowo woy, cewe stylenya pasaran/sama kebanyakan. bosann",Wuthering Waves
Freddy Baru,5,2025-11-26 16:40:21,GOOD GAME ITS BESTT GAME,Wuthering Waves
Carl Porter,5,2025-11-26 15:42:32,"kurogame please add Indonesian subtitles, I understand English. But English in this game is very difficult to understand. So please add Indonesian subtitles. Thank you sir",Wuthering Waves
Badal Yk,5,2025-11-26 15:13:59,bgus,Wuthering Waves
Resky Anggara,5,2025-11-26 15:00:01,gamenya bagus,Wuthering Waves
Lord K,1,2025-11-26 12:36:53,"Kecewa bangett... udah pelit ngeluarin char cowok, eh tetep aja kalah di banner Qiuyuan. Kedepannya plis lah keluarin lebih banyak char cowoknya lagi, dikira yang main cuma cowo doang",Wuthering Waves
Eren Yeager,5,2025-11-26 12:09:41,bagus banget char nya detail dan gameplay menarik,Wuthering Waves
Naya U,5,2025-11-26 12:08:24,"secara keseluruhan udah bagus (BANGET) apalagi grafiknya dan combat yg wadidaw keren sekali, farming gampang, gacha meskipun bau tp dapet astrite gampang so ia bagus anjay mabar. jujur Dev nya sering dengerin player, mungkin next time adain bahasa Indonesia meskipun bisa bhs Inggris tp ini masih bnyak pakai bahasa kiasan, klasik lama yg kurang dimengerti, Terima kasih kuro.",Wuthering Waves
wibu emperor,5,2025-11-26 11:54:45,untuk game yang dimainkan ini sebenarnya sudah sangat bagus yah. mungkin dimasa depan yang bisa ditambahkan adalah mengenai bahasa pada game nya. mungkin bahasa Inggris sudah cukup untuk dipahami seluruh player. akan tetapi juga jangan lupa untuk membuat penyesuaian seperti misalnya menambahkan bahasa Indonesia untuk para player Indonesia yang memainkan game ini.,Wuthering Waves
ชื่อของฉัน nano_,2,2025-11-26 09:33:26,pelit bet char cowok,Wuthering Waves
Yobi Tama,5,2025-11-26 08:33:51,w game,Wuthering Waves
ilham eMeRTe,3,2025-11-26 07:23:45,"Satisfactory enough, there's just a problem because of my lack of English knowledge so there are many words I don't understand, hopefully there will be Indonesian subtitles in the future 🙏🙏",Wuthering Waves
mochammad anwar abdul jabbar,5,2025-11-26 07:18:34,"bagus banget first time main game dengan grafik yang sangat memanjakan mata dan juga gameplay yang ga terlalu sulit,keren abis pokoknya. note : tolong tambahkan bahasa indonesia ke dalam gamenya,soalnya saya ingin menikmati storynya 🫡",Wuthering Waves
Hoshino Yozora,5,2025-11-26 07:06:13,baru main lagi dikasih double gold,Wuthering Waves
Mas Mikail,5,2025-11-26 06:08:38,Teruslah berkembang dan berkarya kurogames semoga sukses kedepannya 🙏,Wuthering Waves
Aeje Ijee,5,2025-11-26 04:57:14,"game nya seru banget, apalagi kalo bisa grafik rata kanan 🙂😭😭😭👍👍👍 ini kalo bisa ngasih bintang 1000 udah gw kasih 🗿",Wuthering Waves
ANSH 1007,1,2025-11-26 04:56:41,why you realy hate me Kuro? i never win 50/50 in this game and why?,Wuthering Waves
Febri,5,2025-11-26 03:44:08,"game ini sangat baik hati , 我爱kuro game",Wuthering Waves
Rei Sorean,1,2025-11-26 00:53:10,"Gamenya bagus saya sangat menyukainya, namun saya sudah mengumpulkan banyak astrite untuk gacha chisa, sayangnya aku tidak mendapatkan character ya namanya juga game gacha, saya sekarang ingin berhenti dan mengunistall nya, sungguh sangat kecewa 🥲🥲",Wuthering Waves
TAUFIQ HIDAYAT,5,2025-11-26 00:05:27,so cool,Wuthering Waves
ICE C,5,2025-11-26 00:00:38,"GG bgt ini game, grafiknya ,alurnya gacorrrr bgt, tp klo ada sub indonya lbih gacorrr lagii",Wuthering Waves
jakson kristoper,5,2025-11-25 23:36:51,"game paling the best mobile yang membuat aku terjun ke dunia gacha, W kuro🙏",Wuthering Waves
BAD MOOD,5,2025-11-25 22:28:14,"absolut cinema, dan paling penting tidak kikir",Wuthering Waves
Muhammad Haiqal,5,2025-11-25 20:36:24,games yang menarik saya susak semangat buat pengembang dari awal rilis masih ngelek ngelek sampek sekarany bisa lancar cukup memuaskan dari pengembangannya,Wuthering Waves
Muhammad Zahir Zain,5,2025-11-25 20:23:13,MANNTAPPPP,Wuthering Waves
Saya,5,2025-11-25 19:35:29,"suka banget design karakternya, visual story juga menarik mata animasinya apalagi waktu tarung.. sayang hp gw kentang buat game ini jadi rata kiri itupun masih stuttering 😅",Wuthering Waves
Fantasy Movie,5,2025-11-25 19:27:38,game bagus mines GK ad bahasa Indonesia,Wuthering Waves
Klan Sakai,5,2025-11-25 19:17:10,geme nya bagus yah pertama kali saya nyoba geme ini very absolute cinema walaupun berat di hp kentang Saya chipset hp saya dimansty 6300 rasanya lagi di panggang hp semoga kedepannya makin bagus geme nya good job kuro gemes,Wuthering Waves
Hyur Chun,5,2025-11-25 18:27:47,go go i liket this game so much 😍😍,Wuthering Waves
Berserker Armor,5,2025-11-25 18:13:49,bagus,Wuthering Waves
Vulcano,5,2025-11-25 18:01:22,terbaik,Wuthering Waves
Adhi,3,2025-11-25 17:55:51,"semenjak update 2.8, FC mulu di device imfinix GT30 pro sama poco f7",Wuthering Waves
Nuzulul Furqan,5,2025-11-25 17:48:47,mantap,Wuthering Waves
Yani Daryas,5,2025-11-25 17:40:29,bagus njirr ceritanya,Wuthering Waves
Hydan1,5,2025-11-25 16:24:47,Nice game🤩,Wuthering Waves
19 M Irzha R R N,5,2025-11-25 15:14:40,Lupakan tentang blackscreen karena mungkin sinyalku yang lag😅 terimakasih sudah selalu mengoptimalkan game ini supaya bisa dimainkan diperangkat spesifikasi rendah🙏🏼 akhirnya saya bisa merasakan my kisah😋,Wuthering Waves
DIAM KAU MOJO,2,2025-11-25 15:12:21,freeze lag please change UI controler and fixs camera angle it's always error zoom automatic,Wuthering Waves
Bayu Pramana,5,2025-11-25 14:53:21,the best game ever,Wuthering Waves
Silalahiii AiMSTAR,5,2025-11-25 13:08:47,nice,Wuthering Waves
Al Ambi Muli,5,2025-11-25 12:59:08,"2.8 Chisa story... Beautiful! gak nyangka bisa seindah itu visualnya, banyak referensi anime yg di masukkan juga. Walau singkat dan filler patch tapi... effort yg di berikan luar biasa!",Wuthering Waves
Muhammad Safaraz Sulaiman,5,2025-11-25 12:32:04,Very good just sometimes too laggy on phone,Wuthering Waves
Nish X SoL,5,2025-11-25 11:03:44,Chisa❤🥰🥰🥰🥰❤,Wuthering Waves
Muhamad Rizki,5,2025-11-25 10:24:02,saya mendapatkan dua karakter b5 dua kali berturut turut pertama 10x pull ke dua 1x jadi saya kasih bintang 5,Wuthering Waves
Khairul Lutfi,5,2025-11-25 10:04:30,"Makin Bagus Makin Berat... Mobile Device Makin Panas... Story Selalu Ada Unsur Romansa, setidaknya kurangi di setiap story...",Wuthering Waves
khosyem syim,5,2025-11-25 07:43:27,mantap,Wuthering Waves
MALAIKAT EVIL,1,2025-11-25 06:56:16,udah kikir gamenya,Wuthering Waves
Shunkaa 6661,5,2025-11-25 06:52:06,TERIMAKASIH SUDAH MEMBERI EXO CHISA MUACH*,Wuthering Waves
Ami Ami,5,2025-11-25 06:46:29,"Main story bagus, Combat nya bagus, visualnya bagus POKOK NYA BAGUS DAH VERY RECOMENDED",Wuthering Waves
frmnptrhmn,1,2025-11-25 05:34:45,"tolong dong ko dapet bintang 5 di game ini susah banget!!,masa harus pity 70 ke atas terus",Wuthering Waves
Nakano Miku,5,2025-11-25 04:32:00,good game,Wuthering Waves
dandi pratama,1,2025-11-25 02:35:31,cuih.... update kecil 12GB,Wuthering Waves
Al,5,2025-11-24 21:58:43,ini bagus keren,Wuthering Waves
Muhammad salman,4,2025-11-24 21:56:13,"bagus, cmn setelah update terbaru ini, kenapa setiap login harus compiling shader terus, bahkan setelah dihapus data nya trs download ulang masih aja kyk gitu, tolong dong ini saya yang salah atau emang ada kesalahan dari game nya ya",Wuthering Waves
Ardhitya Derbian,2,2025-11-24 21:49:46,"hard pity on 70 not cool man, be better",Wuthering Waves
Aldi winata,5,2025-11-24 21:34:20,game bagus,Wuthering Waves
Yanuar Gilang,5,2025-11-24 21:31:33,best gacha game ever,Wuthering Waves
25_I Made Bagus Adhiguna Wibhawa,5,2025-11-24 20:48:54,"good game, peak story,peak character, peak grafic and peak game",Wuthering Waves
"Ahmad Raihan dkv,absen 4",5,2025-11-24 20:34:31,keren banget loh ya dapat ayank phoebe🥰,Wuthering Waves
Putri Chans,1,2025-11-24 20:29:08,"mengapa saya selalu kalah rate off, saya tidak pernah menang rate off😔😔",Wuthering Waves
Nur Arafat,5,2025-11-24 20:13:37,selalu force close,Wuthering Waves
dalton Junius,5,2025-11-24 20:09:16,makasih wuwa,Wuthering Waves
eurofora Radithya,5,2025-11-24 19:52:49,game yang bagus bagi saya,Wuthering Waves
Moz Kara,5,2025-11-24 19:33:27,"grafik bagus, seru dan eksplorasi nya asik dan luas, gratis lagi 😁",Wuthering Waves
ahmad zihron,5,2025-11-24 19:12:35,yoi,Wuthering Waves
Albert Emerson,5,2025-11-24 18:27:47,"pokoknya bagus deh, semangat developer",Wuthering Waves
Rasyid fajarudin,5,2025-11-24 17:27:38,NC game,Wuthering Waves
King Kylle,5,2025-11-24 17:25:53,GOOD DEV LISTEN,Wuthering Waves
Muhammad Sultan Salahuddin Alayubby,5,2025-11-24 13:27:55,Salah Satu Game Gacha Terbaik,Wuthering Waves
Muhammad Ridho Firdaus,5,2025-11-24 12:23:26,"untuk perkembangan game nya sudah sangat bagus dari alur cerita awal sampai akhir patch sekarang, tapi yang membuat saya merasa tidak puas banget itu karena hadiah astrite yang diperoleh dari harian nya itu kurang memuaskan untuk player F2p yang hanya mendapatkan 60 astrite, sedangkan waktu yang diberikan event-event seperti banner char baru dan char Rerun itu sangat memiliki waktu yg sangat sedikit, jadi kuro pertimbangkan dan kasih kemudahan bagi player F2p untuk mendapatkan char yg kita mau.",Wuthering Waves
Sayid Agyl,5,2025-11-24 11:46:08,tiap habis update sering compiling shader mulu,Wuthering Waves
Atta Bintang,5,2025-11-24 11:23:33,gacha wangi yey,Wuthering Waves
Aisha R.A,1,2025-11-24 10:16:49,"Saya agak merasa kecewa pada update terbaru, karena pada update ini memerlukan storage kosong yang sangat besar, dan saat download data lama sekali padahal saya sudah menggunakan wifi yang kencang, saat saya test di game lain baik baik saja tapi saat di game ini malah loading. mohon di perbaiki 🙏",Wuthering Waves
Ajun Shing,1,2025-11-24 09:33:59,Game Ampas Bab! Sistem GACA berat jelek.. Jdi kasih Bintang 1 aja...,Wuthering Waves
Jackson Ruff,2,2025-11-24 09:07:06,Menunggu bahasa indonesia,Wuthering Waves
lιяιк ⃢ мυѕιк,5,2025-11-24 08:15:55,my chisa😋😋😋,Wuthering Waves
Kon K,1,2025-11-24 07:56:34,kecewa card chisa jelek banget gak sesuai ekspetasi,Wuthering Waves
Huro,3,2025-11-24 05:26:50,ini seriusan bg gw baru download di playstore 800 an mb terus didalam game download lagi 34gb ? besarr nyoo,Wuthering Waves
ゼロツー,5,2025-11-24 02:12:06,One of the best games I've ever played.,Wuthering Waves
Mythical Craftt,5,2025-11-24 00:30:04,wow this game is so comfortable,Wuthering Waves
Zulfikri Zukfikri,5,2025-11-23 23:39:29,mantap wuwa bagus banget story nya plus perhatian ke player best game for me kuro (:,Wuthering Waves
Nimbus Wraith,5,2025-11-23 23:27:06,buff qiuyuan he is weak,Wuthering Waves
Dhia Raditya,5,2025-11-23 23:00:07,First times got lucky in gacha games(usually hard pity and mostly rate off but this game diff) ty:),Wuthering Waves
M ihsanul hakim,4,2025-11-23 22:47:33,"Dear developer team, I am a mobile player of Wuthering Waves experiencing storage issues caused by accumulated quest data. Please consider adding a “delete quest data” feature in future updates for Android/iOS, so players can manage storage more easily. This would greatly help those of us using low storage devices. Thank you for your attention.",Wuthering Waves
M Fidar Qurobi,5,2025-11-23 22:27:20,mantap,Wuthering Waves
Muhamad fahri al falah,5,2025-11-23 22:21:14,gamenya bagus ceritanya bagus grafiknya bagus tapi satu hal yang harus di perbaiki lagi di optimalisasinya jujur ni game optimalisasi buruk kalo di bandingkan dengan genshin jadi mohon untuk optimalisasinya,Wuthering Waves
Korek_ Api,5,2025-11-23 22:06:19,peak story,Wuthering Waves
Candra Ainun Alfi,5,2025-11-23 21:13:27,"I'm using this device but I can't play it, please help",Wuthering Waves
Daniel HottuaS,5,2025-11-23 20:42:34,Game ini beneran keren dari story sampai character nya,Wuthering Waves
Felofi,1,2025-11-23 20:41:23,"patch kemarin aku dapet singa. kuro tolong. nanti kalo udah dapet b5 lagi di banner event, aku update jadi rating 5 lagi. tolong.",Wuthering Waves
12_Dzaky Adisa,5,2025-11-23 20:25:40,absolut cinema,Wuthering Waves
AnDika AnFir,1,2025-11-23 20:22:46,GK ada bahasa Indonesia nya,Wuthering Waves
Fazil Nanda,5,2025-11-23 19:41:59,gamenya sigma bangat 🙏,Wuthering Waves
Muhammad Rafi Putra Setiawan,5,2025-11-23 19:41:35,"karakternya cantik2, ayah syukaaaaakk",Wuthering Waves
Andi Suramana,5,2025-11-23 19:31:13,bagus,Wuthering Waves
Jengkol loverss,5,2025-11-23 16:49:25,SERU! semoga tidak kikir yah...,Wuthering Waves
ファリクデス,5,2025-11-23 15:37:31,Absolut cinema,Wuthering Waves
kenzho bryan imanuel,5,2025-11-23 15:35:45,MANTAP HOKI GACHA DI GAME INI,Wuthering Waves
Hazhbi Arrauf,5,2025-11-23 14:26:22,"Cinta banget sama game ini asli, charanya cantik"" sama ganteng 😛😛 tapi jujur aja untuk hp mid/low range agar patah"" kurang smooth tapi masih playable lah, semoga updatenya ngefix beberapa isu optimalisasi sama banyakin dong chara cowo bosen cewe mulu 🥲🥲",Wuthering Waves
Curse Of Aros,5,2025-11-23 13:54:42,coba tambahin ini pendapatan astrite perbulan dan pengeluarannya perbulan,Wuthering Waves
Kageri,5,2025-11-23 13:38:43,"MANTAP, kalau bisa kasih gw changli gratis lah wowkwokw",Wuthering Waves
VanzX,5,2025-11-23 13:26:47,keren!,Wuthering Waves
Arr Arr,3,2025-11-23 13:06:33,di xiaomi 13T update terbaru 2.8 jadi sering force close,Wuthering Waves
Faiz asyam,5,2025-11-23 13:01:26,lop yu kuro,Wuthering Waves
Muhammad Arya Firman,4,2025-11-23 11:12:19,mantab,Wuthering Waves
Alif Hartoyo,5,2025-11-23 10:48:31,ok,Wuthering Waves
Aris Setiawan,5,2025-11-23 08:59:58,"game yg sangat bagus dan keren tapi tolong dong Dev nya bikinin tempat buat farming echo tube, masalahnya sudah banget naikin level echo nya dan exp echo nya terbatas,itu saja kekurangan ini game menurut ku.tolong ya🙏",Wuthering Waves
Ooldo Affy,5,2025-11-23 08:35:53,good game,Wuthering Waves
Meme Skw,5,2025-11-23 08:33:53,bagus,Wuthering Waves
Sulthan R.m.a,5,2025-11-23 08:01:20,"i played this game since May 2025 and somehow havent rate it, Personally this is the best game I Ever played and maybe for many people, About the game the story cinematic is peak, the character design all of them is amazing its not a gooner game unless you are a gooner at the first place, The Dev are amazing i hope they keep growing and well, the community is amazing too unlike the other one. I just fell in love with this game.",Wuthering Waves
Ahmad Luthvi,5,2025-11-23 05:47:55,lumayan,Wuthering Waves
•XjboodzX•,1,2025-11-23 03:51:19,Gacha Zonk semua cuy!,Wuthering Waves
Muhammad Fauzi,5,2025-11-23 03:41:44,game yang sangat bagus dan cocok untuk saya yg pemuja grafik🗿🗿,Wuthering Waves
Faris Ari romadhon,5,2025-11-23 03:18:26,Tolong optimalisasi lagi game nya,Wuthering Waves
Reza Lubis,5,2025-11-23 03:02:02,"game nya sangat oke , kalau boleh sih kasih Hero gratis nya dong",Wuthering Waves
qrzfta,5,2025-11-23 00:35:36,SUKA BANGET,Wuthering Waves
chitanda eru,5,2025-11-23 00:09:11,"overall bagus, grafik mengagumkan, story tidak boring, absolute cinema🔥🗣",Wuthering Waves
Reyhan Pw,5,2025-11-22 23:27:13,gamenya sangat bagus dan keren!!! no minus lah pokoknya!!!,Wuthering Waves
Suriya nonton oy,5,2025-11-22 22:41:38,keren abis,Wuthering Waves
Ikhsan Araaffli MV,5,2025-11-22 22:34:18,"Baru kasih Rating sekarang, padahal main mah dari awal Rilis 😂 , dulu banyak bug , sekarang okelah , developer juga sangat mendengarkan playernya , ga kaya sebelah 🗿 , dan paling buat setiap map baru aja yg belum terlalu stabil , seiring berjalannya waktu makin stabil.. , game baik juga suka bagi bagi bansos 😂",Wuthering Waves
SHAH-RI Al Rosyid,5,2025-11-22 22:25:38,"kak aku farming echo kadang nggak ada di lokasi, kadang ngebug masuk dalem tanah mohon diperbaiki ya🙏😇",Wuthering Waves
Aldi Aldi,5,2025-11-22 22:18:30,"game absolut cinema game yg bgs bgt dri segi apapun gua Puas betul,, saran dikit aj mas kuro gacha gua dri banner agusta merah mulu coo mana kalah rate off lagi tolongin dong mas @kuro jgn kejam banget gachanya😭😭",Wuthering Waves
Toge Bobon,5,2025-11-22 21:18:31,game baik,Wuthering Waves
Saa Yaa,5,2025-11-22 21:17:43,aku suka gamenya,Wuthering Waves
evellyn evellyn,3,2025-11-22 21:12:57,"gud, kapan sub indo p",Wuthering Waves
Raihan Rasyad,5,2025-11-22 20:18:31,game baik,Wuthering Waves
PakGuru Dwis,5,2025-11-22 20:16:31,gatchanya mohon di permudah donk. 🙏,Wuthering Waves
Rasyid Anugrah,5,2025-11-22 20:14:24,"one of the best if not the best game i've played and probably the best gacha game, keep on doing great stuff Kuro we're really proud, satisfied and excited for whatever is coming up next",Wuthering Waves
Adryan Zidan,5,2025-11-22 20:07:04,Game Baik,Wuthering Waves
Krish Yuddianto,2,2025-11-22 19:20:50,"butuh optimasi lagi😝hehe, plz D7300u g kuat walaupun lowest, tolong optimalkan lagi game nya untuk device yang kurang bagus. kaya pgr lahh, masa pgr bisa lancar ini g bisa, beda engine sih :v ywdh lah gitu aja, tolong optimalkan lagi. dan perbanyak bansos, saya mau 10x langsung dapat char banner.",Wuthering Waves
Rizki Rahma,5,2025-11-22 19:04:55,game baik panjang' umur,Wuthering Waves
Saiful Anwar,5,2025-11-22 18:53:25,mantap,Wuthering Waves
Syibran Murtadha,5,2025-11-22 18:23:09,mantap,Wuthering Waves
Firman Maulana,5,2025-11-22 16:47:42,"bagus sama kayak pgr,tapi tolong kasih subtitle Indonesia karena ga bisa bahasa inggris 😹",Wuthering Waves
Muhammad yadi,1,2025-11-22 16:18:49,"tolong perbaiki lagi bagian jaringan, terlalu sering merah Mulu berasa jadi malas main. satu lagi tolong tambahkan fitur data lama di hapus aja. karna udah nyelesaikan quest.",Wuthering Waves
E L,1,2025-11-22 16:07:32,game ta1 mau download data aja malah setak di situ Mulu,Wuthering Waves
TF Lotus Gaming,5,2025-11-22 15:51:25,game bagus story tidak membosankan tapi terlalu berat tolong di ringankan lagi,Wuthering Waves
Sapatro,5,2025-11-22 15:49:36,tolong tambahan kan bahasa Indonesia biar player indo menikmati ceritanya,Wuthering Waves
MUHAMAD FAUZAN,4,2025-11-22 15:33:05,Lumayan,Wuthering Waves
Riski Prayana,5,2025-11-22 15:07:37,habis update kok lama loginya,Wuthering Waves
Giarto Prayogo,5,2025-11-22 14:46:25,game baik sehat selalu,Wuthering Waves
Feinta Mei Atma,5,2025-11-22 12:29:36,Game baik saya harus upgrade hp kalo gini terus,Wuthering Waves
Vitage Dhiaz,5,2025-11-22 12:20:52,tolong tuan kuro terhormat tambahkan bahasa indonesia,Wuthering Waves
Rifkyaldi Zx,5,2025-11-22 12:12:12,game nya bagus,Wuthering Waves
Zenn,5,2025-11-22 11:29:56,game nya seru bgt puas bgt sama segi grafik,Wuthering Waves
Miyuu,5,2025-11-22 11:20:13,mantap ini dah peak banget story: solid grafik: solid bgm: solid gameplay: solid gw tidak menyesal sebagai player wuwa,Wuthering Waves
Vorpal Kiryu,5,2025-11-22 11:16:53,Nice Game By Kuro,Wuthering Waves
Arkana,4,2025-11-22 10:52:13,"gamenya cukup bagus, juga dapat dimainkan di hp midrange, sayangnya belum ada subtitle indo, tapi overall sudah bagus",Wuthering Waves
Muhammad Rayhan,5,2025-11-22 10:23:13,"perfect, cuman kurang bahasa Indonesia saja",Wuthering Waves
Sri Mutia,5,2025-11-22 10:19:50,trimakasih baik bett,Wuthering Waves
Dimas Azhar Risqy (Dimas),4,2025-11-22 10:09:33,lebih di optimalkan lagi biar makin lancar performanya,Wuthering Waves
Rizqy Nabil Ramadhan,5,2025-11-22 09:56:46,makasih yah kuro,Wuthering Waves
Fahmi Azmi,5,2025-11-22 08:03:08,Gameplay & story nya mantapp,Wuthering Waves
Ani Rpg,1,2025-11-22 08:00:21,Sementara bintang 1 kenapa karena saya sudah 50 kali pull tidak dapat B5 1 saja tidak dapat jika di 80 pull saya kalah rate off thanks ya saya akan hapus game ini sebagai game kikir saya sudah granding seluruh map sampai semua teleportasi kebuka dan misi sampai level tinggi jika ini kalah Rate off saya hapus gamenya !!!,Wuthering Waves
Ahmad Syahroni Jangan sarik ulun sugih,5,2025-11-22 07:51:57,"i got chisa, thx",Wuthering Waves
Khun Note,5,2025-11-22 06:49:45,aduhai,Wuthering Waves
Shdqi Rizwannail,5,2025-11-22 06:23:52,pliss naikin dmg chisa,Wuthering Waves
andi azman64,4,2025-11-22 05:41:25,game nya bagus cuma lebih bagus kalau ada terjemahan Indonesia nya,Wuthering Waves
Riski Angga,5,2025-11-22 05:30:20,Absolute cinema ✋😬🤚,Wuthering Waves
Andre,1,2025-11-22 04:59:48,hp udah gak ngangkat SD 7+Gen2 udah patah patah terpaksa harus keluar dari game ini,Wuthering Waves
Coy Skak,1,2025-11-22 03:34:29,nice wuwa 3 akun tak satupun menang rate off lanjutkan,Wuthering Waves
KAIZUMI Ryuen,4,2025-11-22 00:27:21,"Developer baik, selalu respon keluh kesah player dan langsung berbenah jika ada yang kritik.",Wuthering Waves
Mas Rusdi,5,2025-11-21 23:49:11,good,Wuthering Waves
Gilang Sopiyan,5,2025-11-21 23:13:24,nice game,Wuthering Waves
Akmal Najid,5,2025-11-21 23:06:36,"absolute cinema, admin baik salute for kuro game stay success dude",Wuthering Waves
Nazwa Aulia,5,2025-11-21 22:39:33,luvvv this game❤️,Wuthering Waves
Raka Part II,2,2025-11-21 21:39:02,Please provide the Indonesian language.,Wuthering Waves
Budi Nurdianto,3,2025-11-21 21:34:27,"patch baru 2.8 Masi belum optimal, tolong kuro!! di optimalkan performance gamenya , sebelum update permainan sangat lancar tanpa lag dan patah patah, namun setelah update terbaru game jadi terasa sangat berat dan sering patah patah Framenya... device cukup high padahal SD8+ gen 1 👌",Wuthering Waves
Nyunyuku ku,1,2025-11-21 20:55:09,"Wife-finding game, too many female characters and the story is always the same. Change the patch, meet a romantic woman and repeat. I'm bored.",Wuthering Waves
Arkan Some,5,2025-11-21 20:43:21,"game ini sangat bagus karena ada my wife, my love",Wuthering Waves
Fani Nindya,5,2025-11-21 20:02:23,"the best game ever, the story, the character, the design of everything, combat style, environment,top tierrrr,game of the year",Wuthering Waves
Deni Ario,1,2025-11-21 19:44:29,"Banyak bug, loading stuck di angkat 75%",Wuthering Waves
ZANZ SENSEI,5,2025-11-21 18:26:00,grafik mantap,Wuthering Waves
Ariendra,5,2025-11-21 17:23:01,tolong tambahkan bahasa Indonesia,Wuthering Waves
Una Marshup,1,2025-11-21 17:01:22,gacha zonk mulu,Wuthering Waves
Hendika ainur rokhim (Hendika ainur rokhim),5,2025-11-21 16:59:05,"apdet kali ini terasa lumayan berat gk tau kenapa, klo bisa di bikin sistem yg di mana bisa menghapus data menunpuk,dan pas di permainan sebelum apdet saya bi memainkan tampa ada lag sedikitpun tapi kenapa sejak apdet ini rasanya lumayan berat untuk di mainkan,saya tidak tau ini bug apa gimana,dan harap segera di perbaikin 🙏🙏🙏",Wuthering Waves
The Nexus,5,2025-11-21 16:24:57,keren terbaik,Wuthering Waves
Gojo,5,2025-11-21 16:11:01,"overall everything is perfect, just the VA sounds a bit off",Wuthering Waves
Alfatih Barkah,5,2025-11-21 15:48:21,game baru ini bagus sekali,Wuthering Waves
Latif Tabayun,5,2025-11-21 15:01:42,"I apologize in advance to Kuro Game, because it seems like my journey playing Wuthering Wave might be enough to stop here, it's not a big problem, it's just that my device has reached its limit.In the future, I hope Kuro will pay more attention to players with mid-range devices, whether in terms of game size or optimization in the game. It was a pleasure to play Wuthering.even though it's only temporary... Thank you, Kuro Game",Wuthering Waves
Anton Hilarius29,1,2025-11-21 14:26:18,game jelek berat nya doang,Wuthering Waves
dzikra ahmad ad dzikrie,5,2025-11-21 13:26:42,"Salah satu game mobile gratis terbaik yg pernah saya mainkan gameplay asik, kualitas story selalu meningkat, building karakter yg sangat mudah dan memanjakan player, grafis yg sangat memukau. kekurangannya hanya belum ada lokalisasi bahasa indonesianya saja karna saya ingin lebih memahami storynya ❤️ kurogame",Wuthering Waves
Alvin Prassojo,1,2025-11-21 12:16:22,"game berat.,ya walau bisa berjalan lancar di gw tapi ga logis aja musuh lebel 56 sampah 60 ge di level 50 kurang itu bukan level boss nya.,gw bunuhnya gimana",Wuthering Waves
RATTAE YUDHA PAMUNGKAS,5,2025-11-21 11:09:05,lu udah Gilak kuro abis selesai arc 1 ini absolute cinema. wajib download game ini bagus beneran dan ga terlalu berat,Wuthering Waves
Yasir Abdilah,2,2025-11-21 11:05:14,kok sehabis update 2.8 malah gk bisa di buka gamenya. Tolong perbaiki sesegera mungkin,Wuthering Waves
Sahrus Syawali,4,2025-11-21 10:53:31,game nya sudah bagus dari segi gameplay dan grafik tapi sayang belum ada bahasa Indonesianya,Wuthering Waves
Dimas Anggara,5,2025-11-21 10:39:01,"tolong di buatin subtitel bahasa indonesia nya, terimakasih.",Wuthering Waves
Sky Blue,2,2025-11-21 10:19:50,tolong untuk quest atau event lama kasih fitur hapus data. ini game mau 40gb sudah. game baru aja ada fitur hapus data lama,Wuthering Waves
Unknow Error,3,2025-11-21 09:52:02,"pakai poco x6 pro terasa pakai hp kentang saat mainin game ini (mungkin emang kentang😂), grafik sudah rata kanan masih burik framerate tidak stabil lagi kadang tinggi kadang nyendat2 di settingan medium sama saja, kelebihannya mungkin cuman di fightnya . mending main game sebelah🥱 lebih lancar grafik juga lebih bagus",Wuthering Waves
Dadan Ramdhani,5,2025-11-21 08:58:39,"game bagus, grafik bagus banget, story juga bagus",Wuthering Waves
Sonya Amelia,5,2025-11-21 08:16:03,baguss tapi gede jg buat penyimpanan😭,Wuthering Waves
musa lubis,5,2025-11-21 08:06:03,gacanya di saya hoki Mulu jarang kalah dan gameplaynya mantap,Wuthering Waves
Muhammad Wafa,5,2025-11-21 07:31:04,CS nya asik ga terlalu kaku respon mereka👍,Wuthering Waves
CARTENZ,5,2025-11-21 06:45:14,Game Absolute Cinema,Wuthering Waves
Raviano Dunggio,5,2025-11-21 06:35:36,was so fun,Wuthering Waves
Ilham muhammad,1,2025-11-21 05:54:38,kenapa semua akun saya hilang capek capek saya ngebangun itu akun tapi malah hilang malah jadi mulai dari awal lagi,Wuthering Waves
jojooo,5,2025-11-21 03:15:47,Nice,Wuthering Waves
Carl John,1,2025-11-21 02:51:03,uma musume ez win,Wuthering Waves
Good Day,2,2025-11-21 02:41:30,"the longer I play this game the more I see the Dev of this game starting to make the character gacha more difficult (always hard Pity) every i gacha character i always got it on hard Pity 70-75. So annoying and not fair, If we lose at a high pity, we should win at a low pity like in Genshin Impact, but in this game not like that. I still need hard pitty even when i already lose rate off, Is my account cursed? i also very rarely win rate off",Wuthering Waves
Hasanuddin Sedunia,5,2025-11-21 02:03:05,sangat keren,Wuthering Waves
Faizal Sofyan,5,2025-11-21 01:45:44,"setelah bosen genshin ini jadi pelarian terbaik sih, soalnya dari game play hampir sama kaya genshin.. the best lahh pokonya, paling terjemahan deskripsi nya kalo ada bahasa Indonesia pasti the best banget dahhh",Wuthering Waves
Fawwaz Rsj,1,2025-11-21 00:57:30,"di deskripsi gacha dijamin di 80 pull dapat resonator yg ada di banner, nyatanya malah dapat resonator standard, kemaren pas banner iuno sama galbrena juga gitu, aneh",Wuthering Waves
Rhazel Khaliank,5,2025-11-21 00:42:53,"makin improve aja ini kuro , btw quest 2.8 mantap , kayak nonton anime aja",Wuthering Waves
Ichan Oxyde,5,2025-11-21 00:37:52,i very like this game. good job Kuro 🙏,Wuthering Waves
Puji Rizky,5,2025-11-21 00:28:18,absolute cinema,Wuthering Waves
Herdhiy,5,2025-11-20 23:14:44,good game,Wuthering Waves
Sky Yarsz,5,2025-11-20 23:02:27,"dari segi grafik game ini udah bagus bgt, lorenya juga bagus, grafiknya gilaa. minusnya gd sub indo, tolong dong kuro lirik market indo dong. terima kasih",Wuthering Waves
Zx Vierr,5,2025-11-20 22:49:47,"semakin update semakin bagus dan stabil, aku berharap untuk update selanjutnya seperti ini atau lebih.aku tidak bisa berkata-kata lagi.nih game gacor parah njir.",Wuthering Waves
FangFang,5,2025-11-20 22:48:00,sukak banget jirlah,Wuthering Waves
Padrian Hidayat,5,2025-11-20 22:27:58,Udah bagus banget ini game gua kasih rating 5,Wuthering Waves
AFS_ Firman,2,2025-11-20 21:47:20,"habis pembaruan mau buka misi malah keluar senidiri,, event film malah bikin account gk bsa di buka",Wuthering Waves
wendi patra,5,2025-11-20 21:40:55,"saya suka gamenya,history sama grafik gk ad tandingannya,",Wuthering Waves
Vicky Ramadhan,5,2025-11-20 21:26:34,BEST GAME EVER,Wuthering Waves
Yales Novianto,5,2025-11-20 21:18:57,game bagus :),Wuthering Waves
Muhammad Farel,5,2025-11-20 21:00:54,2.8 Absolute cinemaa,Wuthering Waves
Ivander Riski,5,2025-11-20 20:34:20,game nya seru dan grafiks. nya oke la,Wuthering Waves
Rc Joox,5,2025-11-20 20:32:00,terimakasih,Wuthering Waves
Rendy Jawai,5,2025-11-20 20:15:13,dev gacor,Wuthering Waves
Kitsunee,5,2025-11-20 20:11:50,kuro sangat baik,Wuthering Waves
Wibu Biasa,5,2025-11-20 20:06:48,udah bagus sihh ni game tapi saya belum dapet si my bini 😔😔,Wuthering Waves
qi h,5,2025-11-20 19:54:53,mantap,Wuthering Waves
Ahmad,3,2025-11-20 18:57:04,Ga ada fitur bahasa Indonesia nya😔 Jadi ga paham story nya,Wuthering Waves
Malki Alvaro,5,2025-11-20 18:45:46,absolute game✋😐🤚,Wuthering Waves
milasruM Mdl,5,2025-11-20 18:00:21,"Tetap konsisten Kuro and Team dalam memberikan pengalaman bermain yg The Best, dan Good Joob..",Wuthering Waves
Arif Santoso,5,2025-11-20 17:52:39,impressive,Wuthering Waves
Mana saya Tau,5,2025-11-20 17:45:11,"Yg ngasih rate jeleq paling haters tuh, padahal Wuwa kurangnya dari segi apa?, jujur main wuwa itu seru, apalagi sekarang banyak detailnya 🥰",Wuthering Waves
Yusmar Kamaruddin,5,2025-11-20 17:22:39,bagus,Wuthering Waves
Marchel,5,2025-11-20 17:19:49,Terimakasih,Wuthering Waves
Hudzaifa atsaqif,5,2025-11-20 17:08:05,"aku dapat char bintang 5 dan weapon bintang lima nya juga, love love buat kuroo",Wuthering Waves
Khairul Ikhwan,5,2025-11-20 16:40:16,wuwa jgn bikin kaget ya tadi hampir sedih saya gara dpt rate off yg bukan inginkan tapi untung nybdpt yg ku ingin kan,Wuthering Waves
Hadyan AP,5,2025-11-20 16:27:43,sippp lop u kuro,Wuthering Waves
Iputu Bramanstya,2,2025-11-20 16:22:20,"Dikit dikit force close! fix bug dong, dimensity 8300 kurang kah?",Wuthering Waves
Asep P Fachrurrozi,1,2025-11-20 16:21:35,ga ngotak 12 gb update,Wuthering Waves
Triwandy Simbolon,5,2025-11-20 16:10:34,"grafik bagus, alur cerita lumayan menarik tapi untuk sistem gacha nya, saran saya tolong dipermudah kesempatannya supaya player lebih semangat main nya terimakasih",Wuthering Waves
Sharul Khancill,5,2025-11-20 16:07:33,"Apa cuman gw yak dikit dikit download, kalo sekali doang sih gpp, tapi ini tiap hari anjirrr download 200mb",Wuthering Waves
Ushio Noa,5,2025-11-20 16:03:10,game rpg gacha paling absolute cinema 🖐️😂🖐️,Wuthering Waves
Sidiqnurhdyt 286,5,2025-11-20 15:55:24,arigatougozaimasu,Wuthering Waves
Muhammad Kamil Ihtiroz,5,2025-11-20 15:53:10,Gamenya bagus sekali,Wuthering Waves
Berto Alam B,5,2025-11-20 15:53:07,"saya sangat merekomendasikan game ini, karena mengisi waktu luang saya dan tentunya tidak boring game yg bagus",Wuthering Waves
Masayu Akmalia A.P,5,2025-11-20 15:50:44,"game ter oke, dev juga baik poll, 10/10",Wuthering Waves
Tom Obento,1,2025-11-20 15:36:10,INSTALL MULU GAME FILE GEDE GA JELAS UDA IKUTAN KEK GENSHIN IMPACT AMA HONKAI GAMEPLAYNYA KASI BINTANG KARENA KEBANYAKAN UPDATE,Wuthering Waves
AUTUMNSPY,1,2025-11-20 15:28:51,"Bad Customer Service, hacker's google account linked with my wuwa acc and I've been playin this game since 1.2, they can't even help me to unlink the hacker's google account from my wuwa. dissapointment. do better customer service.",Wuthering Waves
Aditya Lorand,5,2025-11-20 15:19:46,baik banepget,Wuthering Waves
Dendy Fuadin,5,2025-11-20 15:18:03,ok,Wuthering Waves
Maul22,1,2025-11-20 15:16:50,"game busuk, kalah terus pity tinggi, tiap update suruh download puluhan gigabyte",Wuthering Waves
Vadya Dewi fortuna,5,2025-11-20 15:03:49,GA PELITT💗,Wuthering Waves
Athoil,3,2025-11-20 14:54:34,"Update patch kayak install ulang nggak di compress, masa 30 gb lebih buat update beda kayak di pc. tolong lah kuro",Wuthering Waves
AFSAH SUBARI,1,2025-11-20 14:44:57,"saya sudah download data lebih dari 30 gb, dan bisa di bilang saya memakai handphone dengan chipset yang lumayan bagus dimensity 8350 ultimate (infinix gt 30 pro) , memang indikator HP sudah menunjukkan 60 fps tapi gambar tidak mulus,sudah rata kanan tapi masih jelek kualitas gambar nya, tolong untuk di perbaiki dan saya lihat juga memang untuk device lainnya sudah tidak memiliki kendala, tolong untuk mengatasi bug ini",Wuthering Waves
Demon FANS,5,2025-11-20 14:39:59,good game gg,Wuthering Waves
Raja Aditia,5,2025-11-20 14:34:15,semoga makin improve kuroo,Wuthering Waves
gua bill plenger banget wok,5,2025-11-20 14:32:49,mantap dikasi menang rete off,Wuthering Waves
Axelle,5,2025-11-20 14:26:43,"Wow, terimakasih Wuwa :)",Wuthering Waves
Icaad,5,2025-11-20 14:23:55,pity kecil coyyy baikknyaa,Wuthering Waves
Danish Rifqi,5,2025-11-20 14:21:35,VICTORYYYYYYYYY 😋😋,Wuthering Waves
Rendy Alvent,1,2025-11-20 14:14:45,The gacha system is worse than genshin impact even if you spend the money,Wuthering Waves
Vinnn R,5,2025-11-20 13:58:23,thankyou,Wuthering Waves
satria gilsen,5,2025-11-20 13:57:50,mantap game nya,Wuthering Waves
Muhammad Akhdiat Irroki,2,2025-11-20 13:55:30,"setiap kali update harus banget kosongin storage 35GB? update nya padahal ga ada setengah nya, tapi HARUS BANGET kosongin 35GB? ngebikin tiap update patch harus hapus file file yg udah di back-up di cloud dan download lagi file nya. Fix you're damn system.",Wuthering Waves
Aziiz Nur R. R.,5,2025-11-20 13:36:50,nasib main game bagus kalau sdh update 13gb anjir dah.,Wuthering Waves
Toy aa,4,2025-11-20 13:32:07,"Minimal Jan kalah rate of terus lah, akun baru ini,kalo menang rate of di bener chisa gwe kasi b 5",Wuthering Waves
Muhammad Azka kamal f,5,2025-11-20 13:23:57,game bamgus,Wuthering Waves
Sihgura aja,2,2025-11-20 13:00:34,"aneh, pas saya mau update malah stuck dan gak bisa di update",Wuthering Waves
Muhammad Fathan Raqilla,5,2025-11-20 12:59:54,asik banget ini game sumpah grafik bagus banget cuman ya ga semua device bisa main karena emang berar,Wuthering Waves
Hekal,5,2025-11-20 12:55:34,"I'm so speechless, this is goat! THE GOAT",Wuthering Waves
Rian,5,2025-11-20 12:46:10,"Hello Kuro, please provide a feature to delete completed quest data so that the size on mobile is not too big, the others are already good.",Wuthering Waves
Devito Hafizh Radestya,5,2025-11-20 12:42:23,I <3 Chisaaa,Wuthering Waves
Zani R,5,2025-11-20 12:29:49,"cuman satu sih,tambahin bahasa Indonesia bahasanya biar ngerti",Wuthering Waves
nailah nur A.,5,2025-11-20 12:28:30,"keren, good job Kuro",Wuthering Waves
Alwi Alamsyah,1,2025-11-20 12:25:29,"34GB for mobile update 2.8 .. Hahahaa, thnks. thisn't game mobile.",Wuthering Waves
rahmad firman,5,2025-11-20 12:10:28,Better than..... :v i really like this game,Wuthering Waves
Haris Hardiansyah,5,2025-11-20 12:02:37,"tolong saya kuro, setiap update masa iya harus download 30 GB",Wuthering Waves
Deo Tgar,5,2025-11-20 11:59:32,awww suka banget😍,Wuthering Waves
Nahar Nugraha,5,2025-11-20 11:43:33,kapan sih keluar versi bahasa indonesianya ?,Wuthering Waves
Yohannes Ronald,1,2025-11-20 11:35:54,Why must download extra 35gb just for every next version update? can't kurogames make smaller update patch?,Wuthering Waves
Eiqoo Game,1,2025-11-20 11:19:10,setiap update harus ada storage kosong setara size asli aplikasi sangat tidak efesien itu membutuhkan 2x lipat ukuran data aplikasi seharuanya hanya perlu sebesar data baru saja,Wuthering Waves
Tiara Sandi Z S,5,2025-11-20 11:16:04,"Bagus banget dev nya baik deh, sehat2 game baik. main story asik, story yg ga penting bisa di skip. grafiknya beuhhh mantap. musik smkin oke. pity bisa dimaklumi. animasi keren abis. lingkungannya juga hidup. building nya cakepp",Wuthering Waves
Muhammad Shadam,4,2025-11-20 11:15:09,"bug nya tolong diperbaiki, masa udah tinggal finishing boss nya ngebug ga bisa dihit",Wuthering Waves
Slayer,1,2025-11-20 11:10:38,"lu yang bener aja kalo ngasih chance gachanya lek, minimal kasih double B5 lah, atau ga kasih low pity kek, pelit amat kaya GI",Wuthering Waves
Endri Gunawan,5,2025-11-20 10:58:04,love you,Wuthering Waves
Rizky Leonaldy,5,2025-11-20 10:50:29,"Gak bisa maen Geshin? main ini aja.. lebih ringan di dan cocok untuk yang pengen belajar ""Tangan Wangi""",Wuthering Waves
achil Gaming,5,2025-11-20 10:48:32,bagusss,Wuthering Waves
Mang Nce,5,2025-11-20 10:38:42,"orang ngeluh game nya berat,pahami dulu ini engine nya beda,game lain rata kanan jelas game nya ringan walaupun begiga2,semoga orang yg ngeluh baca.",Wuthering Waves
Fajri Asidik,4,2025-11-20 10:33:23,mantap,Wuthering Waves
Muhamad Faizal,5,2025-11-20 10:32:12,PEAK,Wuthering Waves
Snow,5,2025-11-20 10:25:29,gacha ku wangi chisa wangy wangy,Wuthering Waves
Vega Punk,5,2025-11-20 10:17:06,"combat nya mahal euy, animasi. quest hampir absolute cinema Minus masalah tuning echo, force close, delay summon konten (whimpering) itu doang sisa nya good. oiya tambahin skin camellya hehehe",Wuthering Waves
Dimas Ragil,4,2025-11-20 10:13:49,"-1 , tolong size ny di kompres",Wuthering Waves
Fadhil Ilman Zuhriy,5,2025-11-20 10:07:39,ini game PEAK,Wuthering Waves
AV STORE,5,2025-11-20 10:06:18,Story dan gambarnya bagus cuma perlu tambahan bahasa Indonesia biar lebih mantap lagi terimakasih,Wuthering Waves
Andy Setiawan,5,2025-11-20 10:02:43,nice,Wuthering Waves
Furqon Machmud yunus,5,2025-11-20 09:58:29,terimakasih atas kemenangan nya,Wuthering Waves
ArafX Studio,5,2025-11-20 09:58:19,absolute cinema,Wuthering Waves
Dayanu Ikhsanuddin,5,2025-11-20 09:53:33,semoga dah rating b5 gak rate off lagi,Wuthering Waves
Irsan Dani Pratama,4,2025-11-20 09:52:42,masik sering force close,Wuthering Waves
Ahmad Musholih,5,2025-11-20 09:47:14,Nice Game Kuro ... :),Wuthering Waves
Zero Z,5,2025-11-20 09:46:16,the best,Wuthering Waves
Muhammad Rijal,5,2025-11-20 09:36:59,"Game kikir gacha hard pitty mulu dan sering kalah rate off, bansos seret...",Wuthering Waves
bomberman gaming,5,2025-11-20 09:23:52,game bagus ..story sangat bagus..semuanya bagus.. tapi sayang gak ada sub indonesia nya.. yg bikin bingung untuk yg kurang bisa bahasa inggris jdi story gk ngerti..jalan cerita gk ngerti .dan hasilnya kaya game baku hantam biasa ..kalo gk ada sub untuk semua negara dan untuk device yg mid ..sangat di sayangkan sulit untuk main game ini...saya aja sampai upgred device baru untuk bisa main,Wuthering Waves
Alexsandro,5,2025-11-20 09:23:18,The best Gacha Game ever.,Wuthering Waves
Kadek Dhanes,5,2025-11-20 09:20:35,The best lah pokoknya...,Wuthering Waves
Alfarisi Faris,3,2025-11-20 09:12:06,kenapa gw kasi b3 sebetulnya pengen kasi b5 cuman gara klo buka Region atau ngebuild kaeater baru jadi susah harus story sebetulnya bukan males story tapi ctok cadangan buat asterids klo lagi sered,Wuthering Waves
Prast,3,2025-11-20 09:03:40,"gamenya lumayan berat untuk device menengah kebawah, tolong kuro buat fitur supaya kita bisa atur grafik serendah mungkin, karna banyak yang mau main tapi kehalang device, kalau di buatin pasti tambah banyak yang download lagi",Wuthering Waves
Atilla Maulana Sapari,5,2025-11-20 09:02:21,"Gw perbarui ulasan gw yang lama, buat sekarang gila event nya seru seru , free gift nya lumayan lahh apalagi sekarang update 2.8 beuhh gila makin seru deh yakin gw, dan seneng nya cantarella rerun dan gw bisa dapet signwep nya hehehe thanks once again KuroGames❤🔥",Wuthering Waves
Bintang Maulana,5,2025-11-20 08:58:16,"bagus, tapi segi cerita munurutku rada kureng gmn gitu",Wuthering Waves
Ahda Rayyan,1,2025-11-20 08:56:52,kenapa setiap update minta 30gb+ untuk dikosongkan??!!?,Wuthering Waves
Bilal Abdullah,5,2025-11-20 08:53:21,Not bad👍,Wuthering Waves
Bintang Pamungkas,5,2025-11-20 08:53:08,"good game with good visual, but please kuro optimize more for the mobile. also changli number 1",Wuthering Waves
Kanoja Okarishimasu,5,2025-11-20 08:08:50,I really like this game,Wuthering Waves
Ex Vishap,5,2025-11-20 07:57:33,good game,Wuthering Waves
Faqih Dr,5,2025-11-20 07:55:35,seru bgt sumpah dha,Wuthering Waves
Septian Hady,5,2025-11-20 07:54:43,sudah bagus cuma keluhan di mobile ngerender map nya agak telat selebihnya itu absolute cinema,Wuthering Waves
Rᴇᴀʟ Kʜᴀɪʀɪɴ Nᴏᴏʀ,5,2025-11-20 07:52:43,"Terus Tingkatkan, Saya Senang Dengan Game ini.",Wuthering Waves
Zura Katsura,5,2025-11-20 07:43:49,"game bagus, untuk yang bilang sering force close, tolong upgrade perangkatmu 🤣🤣🤣🤣",Wuthering Waves
Arif Efendi Yulianto,1,2025-11-20 07:40:59,setiap update selalu download ulang,Wuthering Waves
Yukii von Dragneel,5,2025-11-20 07:36:41,Absolute ですわー,Wuthering Waves
Ibnu maulana malik,5,2025-11-20 07:36:16,semakin berkembang tidak mengecewakan,Wuthering Waves
Vir007 (V),5,2025-11-20 07:30:22,"Terimakasih untuk karna sudah mendengar keluh kesah para player. jujur kerasa banget banyak perubahan yang bagus, semoga Dev tetap ramah kepada playernya",Wuthering Waves
Adi Saja,5,2025-11-20 07:28:36,"mantap, saking mntapnya sampe cape nyelesain 1 quest sangat pnjang story keren 😅😎",Wuthering Waves
Faqih,5,2025-11-20 07:16:14,"Gim baik + sekarang udah optimal jadi makin gacor, efek ny jga gak main main🥶",Wuthering Waves
sdys sqys,5,2025-11-20 07:08:07,zani is soo fineee,Wuthering Waves
Samsul.,5,2025-11-20 06:55:20,"Game nya sangat bagus dari segi grafik, story, dan karakternya sangat beragam dan bagus² tapi lebih baik untuk segi gameplay lebih di optimalkan lagi supaya bisa dimainkan dengan nyaman.",Wuthering Waves
rama 900,5,2025-11-20 06:46:37,semoga menang nominasi game mobile terbaik👍,Wuthering Waves
putra wawan,5,2025-11-20 06:46:36,game keren pokoknya,Wuthering Waves
Gilang Regiza,5,2025-11-20 06:45:32,goodjob kuro,Wuthering Waves
Maung Bodas,5,2025-11-20 06:19:39,kasih aku phoebe ya kuro baik,Wuthering Waves
Lum Ey,5,2025-11-20 06:07:10,I love this,Wuthering Waves
Harley Effendi,5,2025-11-20 06:01:04,"Grafik nya Mantap, Gameplay Joss.",Wuthering Waves
Jauharotun Naqiah,5,2025-11-20 05:58:37,"KERENNN PLISS, cuma karena ak pake mobile dan device ak kurang mendukung, aga lag dan ga begitu hd, cuma okeee kokk",Wuthering Waves
Muhammad Ismail,5,2025-11-20 05:58:17,seru,Wuthering Waves
mass rudd,5,2025-11-20 05:56:26,"keren"" cerita nya, gameplay nya ga terlalu sulit tapi kalau bisa lebih banyakin gratisannya kalo setelah update",Wuthering Waves
Asri Assura,5,2025-11-20 05:40:19,"Saat pertama kali saya memainkan permainan ini... saya merasa kurang tertarik. namun, setelah beberapa selang waktu. ternyata berapa menariknya game ini. dengan, pembawaan cerita yang menarik juga karakter yang menarik hati... kurang apasih? UI yang mudah dipahami... udah sih segitu aja.",Wuthering Waves
Habib Ngeng_ngeng,5,2025-11-20 05:39:23,"pokoknya the best, tetaplah konsisten dengan semua bansosnya",Wuthering Waves
Nino de Ajax Deddy Firmansyah,5,2025-11-20 05:31:49,udah punya anak sama si changli (changli dewasa dan changli kecil),Wuthering Waves
Muhammad Haris,5,2025-11-20 05:21:53,Mantap👍🏻,Wuthering Waves
Achmad Miftah Farid,5,2025-11-20 05:21:41,Luar biasa,Wuthering Waves
ZianRaa Varka,5,2025-11-20 05:19:12,"kualitas oke,more better dari genshin 🤭 saya harap tetap utamakan kualitas min",Wuthering Waves
Mazz Sam,3,2025-11-20 04:55:43,SEMAKIN SERING FRAME DROP... TERLALU BANYAK BUG SEKARANG... APAKAH DEVELOPER KURO TIDAK MENDENGARKAN FEEDBACK DARI PLAYER MOBILE????? DAN HANYA MENGUTAMAKAN PENGGUNA PC????? LAMA-LAMA BISA MELEDAK HP PUNYA SEMUA PLAYER..,Wuthering Waves
Wibawa Wiryanta,5,2025-11-20 04:36:45,"game dengan grafik yg bagus dan gameplay yg seru, best lah pokok nya",Wuthering Waves
alvan aditya,5,2025-11-20 04:36:01,best f2p games,Wuthering Waves
Flynn,5,2025-11-20 04:18:34,bagus banget tinggal tambahin bahasa Indonesia aja udah deh jadi perfect👍👍👍💯💯💯,Wuthering Waves
Arky Karepouwan1,4,2025-11-20 03:59:54,"suka dengan game nya, selaingrafiknya bagus... banyak plot twist nya... alur cerita nya juga keren yang nyusun.. gila memang yang buat ide game ini",Wuthering Waves
Febby Arisandi Setia Bakti (Febby),3,2025-11-20 03:56:55,tambahan bahasa indo plss😭😭,Wuthering Waves
i Zak,5,2025-11-20 03:55:29,good developers make great masterpieces.,Wuthering Waves
Choky Mahendra,2,2025-11-20 03:54:00,pengoptimalannya masih kirang untuk beberapa device,Wuthering Waves
Rahmat Wahyu Hidayat,5,2025-11-20 03:51:14,nice,Wuthering Waves
Aris Setiawan,5,2025-11-20 03:41:10,"game baik, sehat selalu game baik🥰. semoga tambah lebih baik lagi dan juga tambahin fitur buat penstabil fps dan sebagainya, oh ya buat tablet pengubah stat echo tolong di update lagi biar bisa ubah sub stat bukan main stat saja👍 , ni game paling best gua gacha selalu di bawah pity merah semua 🤩🥰 + chisa sudah rilis!! Akhirnya",Wuthering Waves
Prince Piersilvio,5,2025-11-20 03:14:31,"Awal main dari pertama kali rilis gamenya, banyak bug, grafik masih kurang, tapi lama kelamaan makin improve ni game keren parah sumpah, masih nyaman gua main wuwa sampai sekarang, absolut cinema game ✋🏼😖🤚🏼",Wuthering Waves
Zxu,5,2025-11-20 03:11:51,gamenya genshin kiler abis,Wuthering Waves
07 Arlo Jack Braviano,5,2025-11-20 02:28:14,"Ini game terlalu bagus,mulai dari cerita, visual grafis, tata letak bangunan(8/10), karakter, animasi,animasi efek, dll. Tapi minus dari semua game gacha cuma 1 yaitu terlalu banyak karakter cewek. Please dong tolong banyakin karakter cowo karena 1 kita juga pengen bagaimana kalian mendesain karakter cowo seperti apa, 2 supaya GK bosen bosen amat ama gachanya, 3 biar keliatan makin hidup ni game. Jangan yg terlalu bagus juga rupanya supaya kalo main player GK terlalu lebay ama wajahnya.",Wuthering Waves
Dhe,5,2025-11-20 00:00:33,"Saya harap ada perbaikan mengenai re-login, padahal hanya ingin keluar dari aplikasi untuk sementara waktu",Wuthering Waves
Ikky Koi,5,2025-11-19 23:18:55,"Story 5* Battle 5* music 5* scene 5* animated 5* gestures dialogue 5* freebies 5* graphics 5* map 5* characters 5* no power creep issues 5* community 5* art 5*. yg ngeluh size/spek, pindah PC/ganti hp. setiap aplikasi setiap game ngeluh berat spek/ ga muat. setting mentok kanan hp mentok kiri isi kantong miris gara gara otak kena inflasi.",Wuthering Waves
Crish Jerycho,5,2025-11-19 22:22:28,"gdak kata yang pantas selain the best untuk game ini, sumpah ni game terlalu bagus dan sangat sangat sangat sangat baikkkkk, BIG RESPECT FOR YOU KURO",Wuthering Waves
Sahrul Gunawan,5,2025-11-19 21:49:41,"wau game yang saaangat memuaskan dari segi apappun, semuanya sempurna dan lengkap serta sang king kuro tiap updet pasti ada perbaikan dan kemudahan untuk pemaennya,, semangat king kuro.. dan sub Indonesia nya dong ada in..",Wuthering Waves
Muhammadabdi Abdi,5,2025-11-19 21:45:16,Good Game,Wuthering Waves
Aldhimas Kurniadi,5,2025-11-19 21:36:22,game gratis bagus banget,Wuthering Waves
Rafly Fiipik,5,2025-11-19 21:11:59,"Thank you Kuro Games for making this Wuthering Waves game, I really enjoyed playing this game, good luck to the developer Kuro Games and its staff, see you again when I change my game devices😌 I like Kuro games Good luck to everyone who developed this game especially Punishing: Gray Raven and the next game. I'm very happy and sad at the same time, so far the two games you made have left me speechless. Goodbye Wuthering Waves, see you again when I change devices🥲 Aku Suka Kuro Games! SEMANGAT!!",Wuthering Waves
haris ramadhan03,5,2025-11-19 20:43:47,mantap kerasa masuk issekai,Wuthering Waves
Zikky Zaychik,5,2025-11-19 20:08:13,Best gacha game ever created,Wuthering Waves
Houta,5,2025-11-19 19:54:02,Changli❤️,Wuthering Waves
Loli Killer,5,2025-11-19 19:13:05,cukup puas,Wuthering Waves
ahdan gendut,5,2025-11-19 18:58:21,semoga dpt chisa,Wuthering Waves
Excel Liuzzi,5,2025-11-19 18:48:45,"makin ke sini makin bagus, nice one kuro",Wuthering Waves
Abdillah Fathurahman,4,2025-11-19 17:58:48,"sudah lumayan stabil, tapi eventnya kurang dan tingkat kesulitas event yang mungkin berat buat diselesaikan, tolong tingkat kesulitannya sedikit di permudah sesuai dengan tingkat pemain. teirma kasih",Wuthering Waves
Yasmin Mumtaz,5,2025-11-19 17:52:43,"game yg keliatan khusus bgt buat PC eh gk taunya kaum android bisa main juga, untuk grafik nya sendiri udh realistik buat sekelas handphone, story juga fav bgt..walau minim char cowk... :)",Wuthering Waves
R4mmunee,5,2025-11-19 17:42:52,"secara gameplay sudah bagus dengan Parry Dodge nya, dan story saat Jinzhou sampai dngn blackshores agak biasa aja sih tapi mulai masuk rinascita udah absolute cinema, dan sekarang game nya udah lumayan optimal dihandphone, untuk masalah gacha gak ada yang dipermasalahkan, overall udah bagus nih game dengan grafik dan story nya, semoga bisa terus berkembang",Wuthering Waves
Myster X,5,2025-11-19 17:14:46,"udh bagus dalam semua aspek, dan selalu membuat event yang meriah dan tidak membosan kan. jujur ini yang bagus dari game sebelah, jujur saja saya main game sebelah itu saya baru menyadari dalam aspek karakter itu selalu sama dan membosan kan para pemain. sedangkan game ini selalu membuat karakter yang selalu berbeda dan tidak membosan kan para pemain, bahkan setiap karakter itu memiliki animasi dalam ultimate nya dan tidak Rasis dari pada game sebelah 😌. sekian review dari saya.",Wuthering Waves
Like & Love,5,2025-11-19 16:55:47,"mantap cuy cakep cakep charnya, efeknya juga bagus, suka banget main karena dah ada laptop jadi lebih enak mainnya",Wuthering Waves
Zen Null,4,2025-11-19 16:24:35,"Game nya udh bagus bgt walaupun di hp saya agak patah patah kalok main, but, tolong banget kenapa saya kalok gacha setiap update tidak dapat dan susah banget dapetinnya, tolong banget",Wuthering Waves
Rayhan Christian mulyana,5,2025-11-19 15:38:10,"dari segi grafik visual, alur, dan aksi nya sangat keren, dan kalau lebih bagus di permudah lagi^^ pakai bahasa indonesia.",Wuthering Waves
Only daffa,5,2025-11-19 15:22:46,bansos nya banyak,Wuthering Waves
Yamada Hazuki,5,2025-11-19 15:00:44,"My favorite game, female characters is waifuable😋 I love Zani, my sugar mommy",Wuthering Waves
Andhika Fathurrahman,5,2025-11-19 14:46:39,"Hello Kuro Team, thank you for releasing this amazing game. I really enjoyed every second exploring the world in this game. Also, the music and story are really great. And what I love most is your concern for the players. You listen to every player's suggestion very well, even though it's not as popular as other games. *note: but is there really one? a game with high revenue but doesn't listen to its players' complaints :v",Wuthering Waves
MUHAMMAD RIZKY ARDIAN,5,2025-11-19 14:43:37,keren,Wuthering Waves
Maden,5,2025-11-19 14:38:33,"gamenya bagus banget, cuma sayangnya karena gak ada bahasa Indonesia jadi agak sulit untuk memahami storynya😅, tapi tetep bagus pake banget gamenya😁",Wuthering Waves
Iadra,5,2025-11-19 13:56:54,okay fair enough,Wuthering Waves
NAU12,5,2025-11-19 13:32:34,One of the Best Game I've played,Wuthering Waves
Naufal Hakim,5,2025-11-19 12:51:00,best RPG mobile no doubt,Wuthering Waves
Wan,4,2025-11-19 12:46:25,"gamenya bagus cm agak aneh snapdragon 8s gen 4 ga bs stabil main nya, walah udh grafik medium ga bs dpt 60 malah sering 45 an fps",Wuthering Waves
Official Yuu,2,2025-11-19 12:28:42,ngebag kocak masa mau instal aj g bisa lama banget nungguin nya anj,Wuthering Waves
Refan Nayaka Satria,4,2025-11-19 10:11:52,"Game bagus, hanya kurang optimal pada map terbaru semoga Dev akan cepat memberikan optimalisasi agar dapat bermain lebih halus dan lancar.... semoga juga Dev memperbanyak event beserta Collab dengan game maupun anime ternama",Wuthering Waves
Ibnu Samir,4,2025-11-19 09:48:57,"Gamenya sih sudah bagus dan seru, apalagi gameplay combat nya. Tapi tolong dong tambahin bahasa Indonesia di game nya. Biar bisa lebih menikmati story nya",Wuthering Waves
Raka Andias,4,2025-11-19 09:21:40,"boleh lah, devnya dah improve banyak di tiap update, moga aja jih game ga nerapin sistem powercreep",Wuthering Waves
Muhammad Rizwanaditya,5,2025-11-19 09:16:59,mantapp chisa my bini,Wuthering Waves
ade julian syah,5,2025-11-19 09:13:01,give me signature weapooon pleeaassse,Wuthering Waves
E Hidayatul S,5,2025-11-19 08:36:32,"Semua hal didalam gamenya bagus. Saran aja buat developer pasar indonesia juga bagus, semoga kalian menambahkan bahasa kami didalam gamenya😁.",Wuthering Waves
Vidil Alhaqi Addry,5,2025-11-19 07:04:03,"*changed my mind. this game is really good, and also congratulations for winning best mobile game, just one thing from me, I ran out of astrite, the map is over, the event is over, and everything else is over, and there will be new characters and character reruns, where else can I get the astrite. argggghhh, I hope there are many updates that provide lots of astrite. well... that's all, but the point is this game is absolute cinema",Wuthering Waves
Toni,5,2025-11-19 06:20:51,bismillah chisa,Wuthering Waves
MUHAMMAD ANSHARY,2,2025-11-19 04:49:18,"udah download , disuruh nunggu shadernya lama bener",Wuthering Waves
Revanska Riady,5,2025-11-19 04:44:58,"saat ini game yg cukup bagus buat ku, baik dari segi grafik, gacha, story yg udh improve brutal, karakter cakep² ditambah battle nya yg keren menurutku. meski sdh bagus tpi saran gw, lebih ditingkatkan lagi.",Wuthering Waves
Mute.,5,2025-11-19 00:37:32,"pembaruan ulasan, saya harap pihak dari kuro dapat menambahkankan subtitle Indonesia kedalam game ini, karna saya sangat menyukainya",Wuthering Waves
Angga Lesmana,5,2025-11-18 23:39:50,awesome game,Wuthering Waves
Damar San,5,2025-11-18 22:32:33,Tolong sediakan teks bahasa Indonesia,Wuthering Waves
Titi tutu,5,2025-11-18 22:29:31,"selamat atas game mobile yang paling bagus, dan permintaan saya hanya tolong gachanya dipermudahkan dan tunning echonya juga dipermudah",Wuthering Waves
jakaarek ndopo351,5,2025-11-18 21:54:07,alur gg,Wuthering Waves
Evan Van,5,2025-11-18 20:17:49,"gamee mantaf,,panen Waifu tiap ganti region😋",Wuthering Waves
Ahmad Fauzi,5,2025-11-18 20:12:15,dear kuro development tolong bikin sistem kencan dan event date plissssss di update nanti 🙏🙏🙏🙏🙏🙏🙏🙏🙏🙏,Wuthering Waves
niell.,5,2025-11-18 18:33:07,game asik,Wuthering Waves
Putu Bayu,5,2025-11-18 18:03:12,Terbaik ini mah,Wuthering Waves
Firza Andi,1,2025-11-18 17:32:37,size is bigger you cant erase old data,Wuthering Waves
kenn tut,5,2025-11-18 15:47:42,gamenya bagus ga kaya game sebelah kikir parah🤙😜,Wuthering Waves
fadlann,5,2025-11-18 15:20:45,"Absolute Cinema ! main di hp midrange pun masih terbilang enak, untuk bug masih jarang ditemuin dan lapor ke CS pun langsung direspon. Mungkin untuk koneksi jaringan yang kadang suka jumping jumping padahal di apk yg lain biasa saja dan tambahin ladang astrite woi 👊 coba bikin fitur reset explore biar bisa diulang lagi hehehe",Wuthering Waves
Nezz Zyxn,5,2025-11-18 14:12:32,My absolute favorite game🔥,Wuthering Waves
Haw,4,2025-11-18 14:10:15,exchange item resetnya terlalu lama,Wuthering Waves
Mu'ad Mulyadi,5,2025-11-18 12:17:16,Good gamee very good,Wuthering Waves
Muhammad Iqra,5,2025-11-18 10:16:32,quest story 2.5 buat saya menangis,Wuthering Waves
AMURA SUKUMA,4,2025-11-18 10:09:38,Please add Indonesian language support to make the gaming experience more interactive and enjoyable when playing missions.,Wuthering Waves
Farhan Ganteng,5,2025-11-18 09:13:55,game nya sangat bagus alur cerita nya udah diperbaiki dan semuanya telah diperbaiki semua keinginan pemain langsung dikabulkan walaupun butuh yang lama kan wajar membuat game seperti ini butuh pembuatan yang sangat lama sesuai keinginan player,Wuthering Waves
Muhammad Ravi,5,2025-11-18 08:17:59,"game baik, QOL berlimpah, game seru, sangat rewarding, pokonya terbaik lah",Wuthering Waves
イクバルプラヨギムハッマド,5,2025-11-18 08:05:40,better than genshin !,Wuthering Waves
Wahyu,5,2025-11-18 07:50:21,Perfect,Wuthering Waves
Tonthio Ragesty,5,2025-11-18 07:32:29,nice game,Wuthering Waves
Abdul,5,2025-11-18 07:25:31,"game nya gak kikir, tolong masukan beberapa bahasa, seperti bahasa Indonesia, China, jepang, dll",Wuthering Waves
Candra Nurrohman,5,2025-11-18 07:09:24,"Game bagus,perfect game good",Wuthering Waves
Dho Tzy,5,2025-11-18 05:14:50,"mau comeback tapi hp udah gak mendukung cik,dulu gw download pas update 2.1 masih enjoy soalnya hp masih baru , langsung aja gw download bisa gak sih kuro size nya dikecilkan,haduhh nyesel nyo gw hapus😭😭",Wuthering Waves
Johnny Okray,1,2025-11-18 02:47:29,pity merah Mulu cape doang....,Wuthering Waves
Out SIDER,5,2025-11-18 02:41:47,good,Wuthering Waves
Adi Saepul rahman,3,2025-11-18 02:02:21,berikan kami subtitle Indonesia KURO😭,Wuthering Waves
M.syarif Arif,5,2025-11-17 23:44:24,"This is the best story game I have ever played in my life, starting from the gameplay, the characters and the atmosphere, it really feels like it continues to develop. Good game.",Wuthering Waves
Raffi Fazar,5,2025-11-17 22:41:34,i like,Wuthering Waves
Faizun,5,2025-11-17 21:36:25,👍,Wuthering Waves
Yang Senz,5,2025-11-17 20:51:42,"The Story Good, The Views Good. But The Graphics Optimization Need To Fix It. And, BTW I Think Encore & Roccia Is Adorable & Cute. I Want To Adopt Them!",Wuthering Waves
Val Kyrie,5,2025-11-17 19:04:57,keren,Wuthering Waves
Harwalis Deslow,5,2025-11-17 17:39:28,gak tau kenapa mekaniknya walau susah tapi seru jadi ada tantangan,Wuthering Waves
Ibankkk12,5,2025-11-17 15:59:05,"benar benar menakjubkan jir game ni, aseli keren bat. tapi gw belum nyobain sih, soalnya masih download data hhe👉😛",Wuthering Waves
Hendra Saputra,5,2025-11-17 14:48:14,"Tolong di masukkan bahasa Indonesia nya,biar lebih di pahami alur ceritanya,grafik game sudah bagus .",Wuthering Waves
Jhoni Syaputra,5,2025-11-17 13:30:23,Makasih udah buat game sebagus ini,Wuthering Waves
Nekkozil,5,2025-11-17 12:33:06,mantapp,Wuthering Waves
Jhody Adhitya p,4,2025-11-17 11:15:15,"game nya cukup bagus untuk dimainkan,tapi tolong minimal main game ini, chipset Helio g99 bisa 30 fps stabil,kalau ini bisa, kemungkinan yang pakai Helio g99 pasti tambah banyak Player main dengan nyaman, terimakasih admin, semoga di balas sama adminnya,salam dari Player indonesia",Wuthering Waves
Aly_ kazeriho,5,2025-11-17 10:37:07,Hopefully I can take Phoebe home with the wepon . Five stars for you Kuro,Wuthering Waves
Azry Fachrizi,5,2025-11-17 10:22:16,mantap,Wuthering Waves
Deswendi Saputra,1,2025-11-17 09:11:18,"game nya jelek secara keseluruhan, kecuali untuk orang yang suka lihat booba.. karena karakter nya hampir 100% menjual booba.. susu, susu, susu..",Wuthering Waves
Marta deviana,5,2025-11-17 06:54:03,Sangat bagus,Wuthering Waves
Rihan Doko,4,2025-11-16 23:56:35,bintang 5 untuk sediakan bahasa Indonesia hehe,Wuthering Waves
M FIKRI PRASTYA,5,2025-11-16 22:44:58,keren aw,Wuthering Waves
ferdi bae,5,2025-11-16 22:44:11,game baik,Wuthering Waves
Mustafa Ismail,3,2025-11-16 21:26:41,saya minta tolong kepada developer agar di buatkan bahasa Indonesia nya,Wuthering Waves
Iskhak,5,2025-11-16 18:50:06,sangat bagus 🤩,Wuthering Waves
Nur Iman,5,2025-11-16 18:14:27,dah maen dari awal rilis sekarang dah mantap semoga spesifik tidak terlalu tinggi ketika sudah di versi kedepannya good job 👍,Wuthering Waves
Ahmad Shofiudin,5,2025-11-16 16:15:18,"Geloo bagus baget game play nya,story gacor parah, perfek dah ni game",Wuthering Waves
Akbar Nur Arifin,5,2025-11-16 15:55:49,"cerita nya seru banget, love it so much!",Wuthering Waves
Yogi Nur,5,2025-11-16 10:50:45,terbaikk,Wuthering Waves
Rafa Tri Maulana,5,2025-11-16 10:08:08,bagus,Wuthering Waves
Cheriel Tata,5,2025-11-16 06:05:23,ini game membuat saya kembali ke 2 tahun yang lalu,Wuthering Waves
Moch Margi Winata,2,2025-11-16 05:23:13,Game wuwa semakin hari semakin tidak playable di perangkat mobile. Sering mendadak force close dan terasa sangat berat saat dimainkan. (Device poco F3),Wuthering Waves
Shadow Kagenou,5,2025-11-16 00:23:41,sangat keren,Wuthering Waves
Frekurnia Advan,5,2025-11-15 21:35:21,ini game yg gw paling the best rekomendasi petualangan game ini solusinya,Wuthering Waves
naufal taqiy arkaan,5,2025-11-15 21:14:33,obsulute story,Wuthering Waves
Brian Wu'i,5,2025-11-15 21:05:53,i love this game so much❤,Wuthering Waves
Farid M.z,3,2025-11-15 19:43:29,ini bagus banget game nya cmn tolong di beri bahasa indonesianya🙏,Wuthering Waves
Faith551,4,2025-11-15 19:43:20,ga seru 😹🗿,Wuthering Waves
Raffael,5,2025-11-15 19:18:09,game nya bagus tapi boleh tolong perbaiki bug nya di login suka keluar sendiri,Wuthering Waves
Arya Wicaksana,5,2025-11-15 17:16:18,master piece,Wuthering Waves
Codename Ra,5,2025-11-15 13:17:54,wow amazing.. beautiful,Wuthering Waves
Dream Machine,5,2025-11-15 13:09:04,Sering frame drop tolong di perbaikk,Wuthering Waves
Mohamad Rizki anggara,5,2025-11-15 12:19:43,"Crazyyyyy, I love it",Wuthering Waves
Nishikawa Sensho,5,2025-11-15 12:06:29,game bagus 👍,Wuthering Waves
YT Zyrex17,5,2025-11-15 08:02:20,"game nya bagus ,cuma ini kan saya main di ps5 tolong dong developer nya stabilin fps di ps5 nya jangan fokus naikin grafik aja ,",Wuthering Waves
SeanRoc 12,5,2025-11-15 05:05:51,"the fact that i'm addicted is not good, but UL 45 in 6 days was Crazy, just wait for Phoebe's rerun and my Zani will be happy.",Wuthering Waves
devil 021,5,2025-11-15 00:36:48,mantappp,Wuthering Waves
Wolfy,5,2025-11-14 22:10:24,"game nya sangat bagus,",Wuthering Waves
Made Rangger,1,2025-11-14 18:56:48,buatkan versi cloud kuro please aku ingin memainkan nya,Wuthering Waves
Irwan Aja,5,2025-11-14 15:55:59,Tolong Rilis Bahasa Indonesia 😁,Wuthering Waves
Ali mercon,5,2025-11-14 14:42:16,helio g99 ngeframe parah euy,Wuthering Waves
Aziz Sauvage,4,2025-11-14 11:54:49,optimal kan lagi,Wuthering Waves
Lingleng Tawardi,5,2025-11-14 09:21:02,games terbaikkkkkkkkk. tapi tolong tambahkan sub Indonesia nya,Wuthering Waves
Adit Tio saputra,1,2025-11-13 22:30:12,"game ampas masah gacha nya jelek banget gacha 130 kali cuman dapat yinglang 2 itu aja,mana parming untuk gacha udah 5 hari nonstop malah di kasih ampas gini gacha mana gak sakit hati game ampas kasih bansos nya lumayan banyak tapi gacha nya kayak ngtod, game gak jelas😡😮‍💨",Wuthering Waves
Qieqizie e,2,2025-11-13 20:51:39,"gamenya bagus banget, tapi setelah update entah kenapa HP saya jadi ga sanggup mainin. Padahal main dari awal patch yg seminggu sekali ada update, sekarang setiap 5 menit force close, semoga ada perbaikan dari pihak kuro",Wuthering Waves
Akmal Nur Fauzie,5,2025-11-13 20:41:53,mntp Dev hytam,Wuthering Waves
Chaaa,5,2025-11-13 18:07:43,Nice game,Wuthering Waves
开 フ 开 セ,5,2025-11-13 14:01:36,Dev Listened,Wuthering Waves
Z GAMING Kifli,5,2025-11-13 13:39:52,good game,Wuthering Waves
Iyan Firli,2,2025-11-13 11:55:21,"To the developers. We players are a bit bored with the gacha system and the rubbish echo tuning system. If it's not fixed soon, it's possible this game will be a bit quieter, while new games will have even crazier competition.",Wuthering Waves
Red Edge,1,2025-11-13 11:37:04,"Too many female characters, why male characters get shafted so hard in this game",Wuthering Waves
Asbiq Ubayu01,5,2025-11-13 08:35:07,asik,Wuthering Waves
C B M Official,5,2025-11-13 01:49:23,"aku sedang nabung untuk membeli hp yg bagus untuk lanjut bermain wuwa lagi, semoga aku konsisten agar bisa bermain lagi💪 jadi aku kasih bintang 5, larna game ini kesukaanku🌹",Wuthering Waves
OoZoKen Sama,5,2025-11-12 21:55:18,Good waifu,Wuthering Waves
Embong gaming,5,2025-11-12 21:50:50,keren game nya,Wuthering Waves
Arya Vwr,5,2025-11-12 19:41:36,waw,Wuthering Waves
nowadays62,5,2025-11-12 19:13:56,"Terimakasih kurogames, berhasil membujuk saya menjadi kurobot nomer kesekian, tambahan aja sih untuk optimisasi di hp tolong ditingkatkan ya, semoga area lama dan area khusus untuk story kedepannya bisa dihapus secara opsional. supaya tidak memberatkan penyimpanan internal hp 😅",Wuthering Waves
Need For Speed Mobile,5,2025-11-12 15:50:45,bagus minus ga ada teks indo semoga ada kedepan nya,Wuthering Waves
Onix City,5,2025-11-12 15:21:00,"The service is not satisfactory, it's clear that my cellphone was reset, I forgot my password and Gmail number, and I can't even change it to a new Gmail😡",Wuthering Waves
Teliv Rigen,5,2025-11-12 10:37:39,"Wah makin lama makin bagus gamenya, semua nya dah perfect, cuma kadang hp saya sering force close karena kurang kuat😅, saya harap untuk map map setelah nya gak begitu berat, sekalau bisa juga ringankan lagi gamenya",Wuthering Waves
annisa salsabila,4,2025-11-12 08:38:13,bagus banget gameplay nya. tapi sayang ga ada sub Indonesia. jadi agak susah ngerti lorenya. tolong tambahkan subtitle Indonesia,Wuthering Waves
Yodi,1,2025-11-12 07:19:36,it's all same over genshin again,Wuthering Waves
Game,5,2025-11-12 04:12:21,Add indonesia,Wuthering Waves
Lukman Khakim,1,2025-11-12 01:36:24,saat membuka game terjadi force close padahal main game berat lainnya lancar seperti genshin dan efootball,Wuthering Waves
SPNM Modern Warship 96,5,2025-11-12 00:58:59,Tolong update kedepannya tambahkan bahasa Indonesia... ..,Wuthering Waves
RIDHO GM 70,5,2025-11-11 23:26:22,mantap,Wuthering Waves
KyyUW Epep,5,2025-11-11 23:25:58,game yg sangat bagus dan admin nya baik sekali,Wuthering Waves
LS_minerva,1,2025-11-11 23:21:56,"93 free pull taee , kudu grind sampe mid game baru dapet , gw download kata nya game ramah ke new player ,",Wuthering Waves
Rahmat Hadira,5,2025-11-11 23:01:33,niceeeee i got what i want,Wuthering Waves
Xiao Bai,5,2025-11-11 22:48:52,"Game ini sangat bagus sekali,tapi tolong tambah kan bahasa Indonesia untuk game ini",Wuthering Waves
Aditya Ndutz,5,2025-11-11 22:47:06,"Awalnya Suka bgt sm game WuWa, tp belakangan sering FC ga jelas...",Wuthering Waves
Darrel Dimas Zikri,5,2025-11-11 22:40:23,Absolute Cinema,Wuthering Waves
TOMAS,5,2025-11-11 21:03:55,"terimakasih atas 2 banner ini,saya menang rate off semua game baik👍🏻👍🏻😎😎🙏🏻🤏🏻",Wuthering Waves
Dika Andrian,5,2025-11-11 18:25:52,we wish have Indonesian subtitle soon,Wuthering Waves
Ade Agung,5,2025-11-11 17:31:05,"mantap, Genshin killer buat kaum gabiss beli hp gaming mahal",Wuthering Waves
KARBITERS,5,2025-11-11 17:02:47,"Bagus gamenya walaupun sering frame drop di Redmi Note 13 Pro, semoga di optimalkan lagi kedepannya, Dan tambahkan bahasa Indonesia",Wuthering Waves
Aditiya Nugraha,5,2025-11-11 16:31:16,gamenya ga pelit,Wuthering Waves
YAGaming,2,2025-11-11 13:13:58,Login stuck ngebug ajg,Wuthering Waves
Gala Galaksi,5,2025-11-11 06:54:21,Uwoe,Wuthering Waves
Kevin Maulana,5,2025-11-11 01:37:11,"Best open world gacha game, more than GI and better than that",Wuthering Waves
Hapis,5,2025-11-10 21:56:18,GOKILLL,Wuthering Waves
santoon tv,4,2025-11-10 21:26:45,berikan bahasa yang lebih banyak lagi,Wuthering Waves
Ahmad Purkan,5,2025-11-10 20:52:25,good game,Wuthering Waves
Manzz,5,2025-11-10 20:07:03,Tolong lah tambahin bahasa Indonesia biar gk pusing🗿,Wuthering Waves
Cadis etrama Di raizel,5,2025-11-10 18:41:11,gameplay keren,Wuthering Waves
Yuri Chan,5,2025-11-10 18:29:39,"Gacha lumayan gampang dan ngga pelit juga, serius gw main nih game +-1thn dah punya 10 limit+sign 😭 Kurang dermawan apa coba nih game dari kuro 👌 Kalo ada yang bilang gacha ampas ya gw cuman bisa bilang, selamat datang di dunia gacha 😁 gw punya 4 akun juga 1 akun doang yang hoki gachanya",Wuthering Waves
Flayyy,2,2025-11-10 17:26:02,gada bhasa indonya,Wuthering Waves
Rakha Jati,5,2025-11-10 16:39:53,game nya mantap banyak epic moment nya,Wuthering Waves
William,5,2025-11-10 12:28:10,mantap karakter,Wuthering Waves
Mr. No name,5,2025-11-10 10:36:06,This game is GOAT (for mobile),Wuthering Waves
Mo Beixu,5,2025-11-10 08:06:24,"no comment, soalnya bagus bgt dri segi grafik dll",Wuthering Waves
L1t0 H3mm,5,2025-11-10 07:16:53,👍,Wuthering Waves
devil shiina,4,2025-11-10 06:16:35,berat cuyyy,Wuthering Waves
Ange Lus,5,2025-11-09 21:13:16,👍,Wuthering Waves
Hisui Ernesta,3,2025-11-09 18:45:01,"Game nya bagus dari story sampai sistem combatnya sangat enjoyable dan berbagai event seru yang sangat disayangkan bila dilewatkan, tapi ini game sangat berat di perangkat SOC Dimensity 7025-Ultra kebawah dan file size dari game ini yang terbilang cukup gila besarnya.",Wuthering Waves
Devid Maulana,1,2025-11-09 18:23:18,game ampas gacha kalah mulu udah gitu dapetnya selalu nyaris mentok pity,Wuthering Waves
Yui,5,2025-11-09 17:46:53,keren..,Wuthering Waves
Randy Putra pratama,5,2025-11-09 16:10:19,gacor kang,Wuthering Waves
Rendy,5,2025-11-09 12:32:02,Absolut Cinema,Wuthering Waves
Pann,1,2025-11-09 12:01:35,makin kesini makin buruk size semakin membengkak tidak ramah untuk HP kelas menengah ke bawah,Wuthering Waves
Suzy Kim,5,2025-11-09 08:06:50,Game bagus banget. Game baik. Royal. Ga pelit. Grafik bagus cut scene keren,Wuthering Waves
Synx,5,2025-11-09 01:09:03,"absolute galbrena ✋️😮‍💨🤚, semoga genshulin playable, udah lumutan ini nungguinnya",Wuthering Waves
Akun Asli,5,2025-11-08 23:27:30,cuma bisa bilang WOW untuk game gratis ini kembangkan lagi agar bermain di android spek mid lebih lancar,Wuthering Waves
Tanaka Ch,1,2025-11-08 22:56:44,tambahkan bahasa Indonesia!,Wuthering Waves
Kadek Sura,5,2025-11-08 22:31:07,mantapppp,Wuthering Waves
•,5,2025-11-08 22:27:11,Yay,Wuthering Waves
Zednii Satoru,5,2025-11-08 21:54:48,"guamen epic cuk, story awal bagus apalagi selanjutnya",Wuthering Waves
Fish Kecil,5,2025-11-08 21:04:42,absolut cinema🙌,Wuthering Waves
Ravindra Arsyaq,5,2025-11-08 20:04:51,adain widget pemberitahuan min,Wuthering Waves
Khusus,5,2025-11-08 13:26:54,"this game is actually very good, but please add Indonesian leangue on this game, I want to enjoy the story in the game but my English is not very good",Wuthering Waves
Held Oct,5,2025-11-08 12:49:16,game baik,Wuthering Waves
Athaya,5,2025-11-08 11:49:57,ok,Wuthering Waves
Fata Aditya Prayoga,5,2025-11-08 09:55:49,Bagus gamenya gk kikir bansosnya,Wuthering Waves
Arga Lukya Yan Pratama,5,2025-11-08 09:06:43,lesklgooo subtitle bahasa indonesia,Wuthering Waves
Waguri Kaoroko,5,2025-11-08 07:19:35,i like that,Wuthering Waves
Galang Pratama,5,2025-11-07 22:52:42,PEAK GAME,Wuthering Waves
Iwak Ikan,5,2025-11-07 20:53:35,sama kayak pgr,Wuthering Waves
I Putu Giri Nathan Agastya,5,2025-11-07 20:27:47,"bagus storynya, semoga kedepanya ada b indo",Wuthering Waves
Meigina Phan,5,2025-11-07 19:49:58,Peak,Wuthering Waves
_ fazzy,5,2025-11-07 14:45:09,absolute game 🙌🏻,Wuthering Waves
Eartz Zx,5,2025-11-07 14:25:09,"tolong untuk developernya, bisa tambahin teks, BAHASA INDONESIA GA ? soal nya masih kurang inggris ku nya.",Wuthering Waves
Supyan Hady,2,2025-11-07 12:37:31,gamenya ga bisa di buka aku mau buka tapi keluar trs tolong di perbaiki updatenya🙏,Wuthering Waves
alif alamzyan,5,2025-11-07 11:23:19,keren game terbaik,Wuthering Waves
fathan 2493,5,2025-11-07 10:51:10,game baik aku suka🥰,Wuthering Waves
M.khairul Zain,5,2025-11-07 10:32:45,sangat mantapppp,Wuthering Waves
Rold Siforg,5,2025-11-07 09:08:48,"gameplay so good, many varieties of game event, and I got 5 stars weapon early. good job developer",Wuthering Waves
Doni Orlando,5,2025-11-07 08:29:05,"Terbaik, tingkatkan lagi kualitas suara dan grafis ke efisiensi. Untuk grafik bagus memiliki ciri khas sendiri, untuk suara seperti di compress jadi terasa kering dan ada noise perbaiki itu. Terimakasih",Wuthering Waves
FerilForReal,5,2025-11-07 06:46:01,"overall best gaming company menurutku, baik dan tidak kikir seperti game sebelah, lopyu kuroo sering sering kasih bansos yaa sama banyakin char cowo, saya sebagai player cewe ingin punya banyak suami virtual",Wuthering Waves
Zeex4,5,2025-11-07 01:34:10,keren,Wuthering Waves
Pandu Pramana,5,2025-11-06 22:35:01,Luar biasa,Wuthering Waves
Lia Dwi Atiqah,5,2025-11-06 21:22:54,"game nya bagus, cuma di optimalkan lagi ya🙏🙏",Wuthering Waves
Fira Livia,1,2025-11-06 20:50:26,pas update akunku malah hilang woi >:[,Wuthering Waves
Azzam Tegar Deandra,5,2025-11-06 19:37:56,damn amazing bro u to create this game from story skill heroes monster and anything i'll give u 5 star for make this game approved,Wuthering Waves
David Perdana K.p,5,2025-11-06 19:12:23,"Ping bermasalah, force close",Wuthering Waves
irgi Andriandi,5,2025-11-06 18:58:57,Gamenya Bagus Story Mantap Cuma Dari Segi Subtitle Itu Nggak ada Indonesia Kalo Ada Sub Indonya Lebih Mantap Lagi Kenapa Mas Di Karenakan Yang Nggak Terlalu Paham Pasti Skip Skip Story Karena Nggak Paham Subnya,Wuthering Waves
Finixs 27,5,2025-11-06 17:07:46,"pleaseee kasih bahasa indonesianya dong, game bagus tapi gua gak ngerti apa yang mereka omongin..",Wuthering Waves
沙耶崎,5,2025-11-06 16:48:12,GIM BAIK BANGET MAKASIH ZANI NYA WOSNFIS CJE,Wuthering Waves
Pujangga Mafianus Argi,5,2025-11-06 15:26:53,"Seluruhnya bagus, aku menyelesaikan seluruh konten dalam 4 bulan saja, tapi versi mobile sering hilang music background jika bermain lama, tolong diperbaiki",Wuthering Waves
S Seee,1,2025-11-06 13:50:07,berat banget grafix nya,Wuthering Waves
Ijo Cell,1,2025-11-06 13:37:57,game download data nya banyakkkkkkkkkkkkkk banget jadi aku kasih rating 1,Wuthering Waves
Fathur Rahim,5,2025-11-06 13:31:31,game ini sangat bagus dan seru tapi kasih bahasa Indonesia nya dong 😊,Wuthering Waves
"C,ROW %",5,2025-11-06 12:22:58,untuk game naya Uda bagus tapi saran lebih di optimalkan lagi di Poco f6 Snapdragon 8s gen 3 kadang 60 fps terus di map baru malah drop 30 Sampek 20 fps,Wuthering Waves
Wahyu Alimukti,4,2025-11-06 11:53:03,"game bagus, pity busuk",Wuthering Waves
belajar 12 1234,5,2025-11-06 07:17:24,"gamenya rekomen banget, bagi yang suka Explorasi dengan grafik yang sangat bagus",Wuthering Waves
Miqbal Wahyudi,1,2025-11-06 06:41:07,"GAME AMPAS, TIAP MAU DAPAT CHARACTER HARUS RATE OFF DULU",Wuthering Waves
Lucior Full of imagination,5,2025-11-06 06:01:22,lebih bagus dari pada genshin bansos jg lancar👍,Wuthering Waves
Vrince Gremory,5,2025-11-05 23:55:39,Game Absolute Cinema 🖐😐🖐. Dulu dihina karna waktu perilisan banyak bug dan semenjak itu WuWa berubah menjadi lebih baik. Namun apalah daya terpaksa pensi karna laptop rusak dan HP tidak mendukung 😔☝.,Wuthering Waves
Ikyturu 243,1,2025-11-05 21:49:47,game 50/50 aku baru maen langsung kalah rate off,Wuthering Waves
Loriek S,5,2025-11-05 21:42:05,gamenya bagus sekali,Wuthering Waves
Ren “Khaizernxs” P,2,2025-11-05 21:35:03,"bagus sih bagus, tapiiiii tolonggg bangettttttt, aku sering ngelag terus tbtb keluar. Padahal lancar lancar aja, grafik rata kiri, ringan. hp juga gak panas.",Wuthering Waves
Muhammad arif Arif,5,2025-11-05 20:48:53,"mantap gacha""nya gacor",Wuthering Waves
Rouf fidura,5,2025-11-05 20:27:06,tambahkan bahasa Indonesia yaa,Wuthering Waves
Athawalruz,5,2025-11-05 19:59:11,kuro baik,Wuthering Waves
Zarif,5,2025-11-05 18:52:38,"developernya baik,banyak memberikan bansos,banyak fanservicenya,#kurosayangplayer",Wuthering Waves
OwwDinn,5,2025-11-05 18:42:32,"Gak kikir, story bagus, animasi bagus, grafik bagus game gratis spek berbayar",Wuthering Waves
Jhesta Mahayekti,3,2025-11-05 18:21:18,keseringan compiling shader bikin males login,Wuthering Waves
Silhan Alfiansyah,5,2025-11-05 17:51:36,"game ini sangat bagus sekali cuman sayang semakin ganti pacth semakin besar buat size gamenya, paling upgrade memori HP sih kalau mau bertahan.",Wuthering Waves
Andreas Andreas,4,2025-11-05 15:17:53,bagus banget mulai dari gameplay nya bagus tapi kalo bisa jangan terlalu berat karena HP gw kentang (kalo bisa 🙏),Wuthering Waves
Warung Ainun Alamanda,5,2025-11-05 14:13:32,PEAK,Wuthering Waves
Dimm,5,2025-11-05 12:43:51,bagus,Wuthering Waves
Anilluthfi Tuzla,4,2025-11-05 12:27:53,bahasa Indonesia mana?,Wuthering Waves
wesi downgrade,5,2025-11-05 12:20:25,best,Wuthering Waves
Lucky Luck,5,2025-11-05 12:09:28,nice game,Wuthering Waves
Agung Suryo,1,2025-11-05 10:31:44,"Qiuyuan bug: • His S3 not working properly resulting in massive damage loses, like that it doesn't give your forte heavies the +600% damage multiplier if you cast his normal res skill AFTER casting Straw Cape in Drizzly Rain. • His heavy attack dealing basic attack damage •Quietude cool-down not working properly in toa •His S6 Quietude has bugged cooldown. Normal Quietude cooldown is 22s. That cooldown resets if he re-enters Inksplash of Mind state before Quietude is ready (22s to 30s)",Wuthering Waves
Roxann Art,5,2025-11-05 07:45:33,"Add Indonesia language please, I wanted to enjoy the story in depth but didn't really understand it. thanks for masterpiece cutscene so hype🔥🔥 and also when designing female characters, don't be too vulgar and lack clothes, that can make their charisma disappear",Wuthering Waves
Kiwirgeming Wir,5,2025-11-04 22:51:12,best game ever!! tetap optimalkan untuk perangkat mobile.,Wuthering Waves
Rehan andriano,5,2025-11-04 22:13:25,Game gacor,Wuthering Waves
Faisal Afandi,5,2025-11-04 22:03:25,"bagus dan Tidak begitu Paytowins, intinya fokus grinding, fokus misi² kecil untuk mengumpulkan bahan².",Wuthering Waves
Mihyaeru Kaiza,2,2025-11-04 20:56:28,Saya mohon tambahkan fitur bahasa Indonesia karena saya tidak terlalu bisa membaca bahasa inggris,Wuthering Waves
Arya,5,2025-11-04 19:20:53,tolong untuk game nya tambah kan translate ke Indonesia saya sering pakai translate untuk menerjemahkan ke Indonesia 😁,Wuthering Waves
NYOTERz_,5,2025-11-04 17:57:38,mantap gatcha gak hard pity kaya game sebelah 🗿,Wuthering Waves
Hafis Z,5,2025-11-04 16:17:07,game keren gameplay smoth tergantung chipset event banyak dn menarik Terima kasih buat developer gak tau mananya lupa(:,Wuthering Waves
Asa Bhacena,5,2025-11-04 14:42:30,👍👍,Wuthering Waves
Zan Versi jp,5,2025-11-04 11:57:46,game bagus g kayak game..,Wuthering Waves
Verover Lee,5,2025-11-04 11:05:33,"Makin bagus dan sudah tidak ada bug lagi. keren tpi panas sih di HP, makin optimal di main kan, signal bagus lancar kalo signal jelek nge lag, tapi cerita utamanya bagus gk bosenin",Wuthering Waves
Ahmad Ridho,1,2025-11-04 05:46:21,"pleaseee, kasih bahasa indonesia😭😭",Wuthering Waves
Rizky Ardiansyah 2996,5,2025-11-04 04:31:17,game masterpiece dari segi pertarungan sama story🥶🤯,Wuthering Waves
Mauou Lumira,4,2025-11-03 22:52:29,"bagus,hanya saja kurang di optimisasi",Wuthering Waves
reza fauzian,5,2025-11-03 17:44:18,Mantap banyak tobrut,Wuthering Waves
Pengguna Google,5,2025-11-03 17:32:42,tolong min sediain domain untuk farming exp echo🗿,Wuthering Waves
Eric Iswanto,5,2025-11-03 14:02:48,i wish lucky,Wuthering Waves
Josafat Limbong,5,2025-11-03 13:36:09,Absolute Cinema ✋️🙂‍↕️✋️,Wuthering Waves
muhammad aris,5,2025-11-03 13:32:45,Semoga event photo sekarang jadi permanen!!! harus permanent,Wuthering Waves
Thad Deus,5,2025-11-03 13:16:04,"Buat di HP cukup oke sih walau kalo segi grafik di bandingin sama PC agak jauh walaupun udah rata kanan. tapi ya overall bagus fps stabil gak terlalu ada kendala. banyak yang bilang ini kenapa gak stabil knp suka fc dll mngkin itu kndala di HP nya aj kli gausah maksa main di rata kanan sih masih bagus kok grafik nya kecuali klo emg HP ny memumpuni. dlu gua jg gitu ko HP kurang memumpuni paksa main grafik bagus emg suka fc sama ngfrezee sih karna emg HP biasa. skrg udah ganti HP lancar"" aja ah",Wuthering Waves
Lara Santika Liinresti94,1,2025-11-03 09:14:10,kenapa sinyalnya sangat buruk setelah update kali ini?,Wuthering Waves
Exchel G Claudhio,1,2025-11-03 02:58:49,SAMPAH KEBANYAKAN COMPILING SHADER,Wuthering Waves
Andhika Aulia,5,2025-11-03 02:02:22,"semua bagus tapi, add subtitle bahasa Indonesia",Wuthering Waves
mako moka,5,2025-11-03 00:54:36,best gacha game ever,Wuthering Waves
モック・デリ・フィルダウス,5,2025-11-02 23:37:42,ABSOLUTE CINEMA ✋😎🤚,Wuthering Waves
ikhal ibrah,5,2025-11-02 22:41:06,bagus,Wuthering Waves
S.G.M,5,2025-11-02 22:36:53,very good game I've been with you from the start where the lag happened and the story kinda blehh but I'm impressed how kuro improve soo much from huanglonh to rinascita and optimizing the game anyway keep going loving this game more and more,Wuthering Waves
Zero Two,5,2025-11-02 22:33:53,another genshin but not quite genshin,Wuthering Waves
Alfin ADAMIN,5,2025-11-02 20:21:23,Masterpiece,Wuthering Waves
Sen10 919streetA,5,2025-11-02 19:25:05,gamenya bagus 😄,Wuthering Waves
Afbners,1,2025-11-02 17:16:50,absolute cinema,Wuthering Waves
AS BUN,1,2025-11-02 16:52:34,mohon tambahkan bahasa Indonesia...,Wuthering Waves
Lintang Septian Rasya,5,2025-11-02 16:05:27,Aku akui game ini cukup bagus dan kasih rating 5 tapi aku minta 1 hal yang ku inginkan. jika anda mendengarkan kami maka aku ingin anda melakukan kolaborasi Dengan Jojo setelah Cyberpunk Edgerunners. karena aku melihat banyak referensi JoJo di Game anda. maka harusnya anda juga Berani Collab dengan JoJo terlepas dari apa yang terjadi Collab dengan JoJo akan memberikan keuntungan besar dan aku akan menghabiskan uangku untuk Gacha semua Karakter Collab itu terima kasih dan semoga anda mendengar🙏,Wuthering Waves
madbrin kutan,5,2025-11-02 14:41:20,Tambah Bahasa Indonesia,Wuthering Waves
Gadyss,5,2025-11-02 11:29:02,"i really enjoy playing this game, i would like more if the dev add more male playable character",Wuthering Waves
Dimas Adi Wibowo,5,2025-11-02 11:17:12,ABSOLUTE CINEMA🤚🧒✋,Wuthering Waves
Muhammad Dio Pratama,5,2025-11-02 11:15:04,bestt,Wuthering Waves
ABIL,5,2025-11-02 10:21:41,the real genshin killer no gimmick gimmick,Wuthering Waves
Abidzard Store,5,2025-11-02 10:13:13,STORY NYA SERUUU BANGET,Wuthering Waves
Kamu Nanya,5,2025-11-02 10:09:19,Can you add the cloud gaming application? I want to play but my cellphone can't handle it.,Wuthering Waves
Rafi Maulana,5,2025-11-02 09:58:59,amazing story and cool mechanism,Wuthering Waves
Siantan Favor,1,2025-11-02 09:55:41,gacha saya selalu ampass rate on/rate off hard pity semua... saya gatau salah saya apa. tapi saya di benci sama game ini. semoga berkah karena udah saya mainin. sekarang saya hapus dulu game nya.,Wuthering Waves
Rey Zan,5,2025-11-02 08:46:21,wow,Wuthering Waves
Rass,5,2025-11-02 08:25:28,"Gamenya udah bagus,ad beberapa kekurangan tapi kuyakin pihak kuro pasti bisa nyari solusinya,dan ad sedikit permintaan kepada pihak kuro,mohon tambahkan lebih banyak subtitlenya,karena saya sebagai pemain dari indo yg lumayan b inggrisnya,agak kesusahan juga untuk memahami semua jalan ceritanya.",Wuthering Waves
Arif Rahmatullah,1,2025-11-02 05:13:51,BABI FORCE CLOSE MULU,Wuthering Waves
Kenzo ID,5,2025-11-02 03:57:58,Nice,Wuthering Waves
Luck999,1,2025-11-02 02:57:06,makin update kesini-sini makin banyak yg butuh di optimalisasi untuk device mobile.. salah satunya render nya yg lama gak sama seperti sebelum update,Wuthering Waves
M.Reza Saputra,5,2025-11-02 02:06:04,"aku suka kuro terima kasih kuro game,game baik,banyak istri banyak rezeki",Wuthering Waves
Ezi Sung,5,2025-11-01 23:13:34,aku tidak banyak kata atau pendapat buat ini game yaitu sangat bagusss sekali itu aja👍 sangat rekomendasi buat coba ini game,Wuthering Waves
don don,5,2025-11-01 22:32:38,"Overall it's good but there should be more male characters in the future or important male NPCs so they can relate to the story, it feels like the world is only led by feminine people if there are many female characters in the story. and also add Indonesian subtitles because the Wuthering Wave fandom in Indonesia is quite large, even Content Creators who discuss Wuwa are quite numerous here. and one more thing, more optimization in on mid-range mobile or other devices to run more optimally",Wuthering Waves
Septi Uji Lestari,5,2025-11-01 22:19:12,Puas banget buat closing di Rinachita,Wuthering Waves
Reski Triyandi,5,2025-11-01 21:59:02,Thanks for the qiuyuan😭,Wuthering Waves
raka Agsandri,5,2025-11-01 21:10:49,sangat bagus,Wuthering Waves
alek wahyu,5,2025-11-01 21:06:43,i really enjoy this game that make me spend a lot of time playing this game but i hope you can add indonesian language so we can enjoy the story more,Wuthering Waves
Jeremi Jeremi,5,2025-11-01 20:35:35,cantiknya!!,Wuthering Waves
LUTHFI HIKMAWAN,4,2025-11-01 19:13:29,gamenya bagus tp size nya terlalu gede 33GB,Wuthering Waves
Riziq Pradityo,5,2025-11-01 18:25:00,please add Indonesia language in game,Wuthering Waves
Naufal Alhtaf Faeyza,5,2025-11-01 17:34:56,"gacor,anti kikir🔥",Wuthering Waves
Dhoom Dhoom,5,2025-11-01 16:54:37,games bagus tapi yang sulit teka teki buat ambil kotak sulit banget. kalau semua permainan nya bagus cukup keren. terimakasih,Wuthering Waves
Jasmine Alliya,5,2025-11-01 16:42:20,"gamenya bgus ga kikir kek game sebelah, gw gacha selalu low pity mulu di 40× pull + signnya juga",Wuthering Waves
Pasha Almer,5,2025-11-01 14:17:50,kasih aku low pity seumur hidup plisss,Wuthering Waves
Ixbal Irwan,5,2025-11-01 13:37:36,"Dev baik, gameplay asik, bansos banyak, story okey, ini game gacha animek pertama yang gw coba dan gak ngecewain 👍",Wuthering Waves
Febru Putra Perdana,5,2025-11-01 11:28:37,"satu kata untuk game ini ""terbaik""",Wuthering Waves
Zulfajriannur (F A J R I E),5,2025-11-01 09:44:30,good game,Wuthering Waves
Abdul Azis,4,2025-11-01 09:43:57,game bagus story bagus pemandangan ok,Wuthering Waves
fajar jr?,5,2025-11-01 08:20:35,terbaik lah kau man,Wuthering Waves
miftahul ulum,5,2025-11-01 07:39:02,nice,Wuthering Waves
syandu syan,5,2025-11-01 04:42:23,good game,Wuthering Waves
i4n sama,5,2025-11-01 03:16:31,ok,Wuthering Waves
Muhammad Rabbani Abbas,5,2025-11-01 01:14:05,me forum Indonesia. good game i love u,Wuthering Waves
Langit Biru,5,2025-11-01 00:39:56,"Buat ponsel Helio G200 aja gak nyangka bakal lancar meskipun pakai 90% setting grafis rata kanan dan serba ON, berbagai konten yang ada di game juga sangat menyenangkan. Jadi intinya, terus kembangkan dan terus lakukan optimalisasi game anda ini Kuro, gak usah dengarkan itu para pelontar komentar buruk yang gak membangun, anggap aja angin lewat yang cukup diabaikan aja, karena sering kali mereka gak sadar asal muasal permasalahan mereka sendiri, dan justru malah memberi komplain yang gak mutu.",Wuthering Waves
Muhammad Firmansyah,5,2025-10-31 23:24:01,karna ada chisa,Wuthering Waves
Refky Akto,5,2025-10-31 22:54:31,suka gamenya.. kalau bisa mediatek 8300 ultra peforma nya sampai 120 fps,Wuthering Waves
Eka,5,2025-10-31 21:36:51,mantap,Wuthering Waves
Prasetya Agustian,1,2025-10-31 21:30:52,"gacha karakter ampas, masa selalu kalah 50/50 mana selalu di pity 70 keatas.",Wuthering Waves
Mahdi Mahdi,1,2025-10-31 21:23:54,akan saya kasi B5 jika developer memberikan saya karakter B5 qiuyuan rarrr,Wuthering Waves
Aji Shoka,5,2025-10-31 20:34:07,absolute cinema,Wuthering Waves
Fhry Rmdhn,5,2025-10-31 20:23:56,ga kikir kayak sebelah,Wuthering Waves
RATU ALLTHEM SUMIGAR,5,2025-10-31 19:58:17,Sangat ramah F2P,Wuthering Waves
Gaiagaib,5,2025-10-31 19:55:31,game baik hati,Wuthering Waves
Lawrence Pulo,5,2025-10-31 17:45:28,BEGINNER LUCK GUA DAPAT LIMITED 5* LANGSUNG AMA SENJATA NYA GELOOOO,Wuthering Waves
Aston,5,2025-10-31 15:16:46,game baik,Wuthering Waves
Ecel Sius,5,2025-10-31 13:23:43,THE BEST GAME,Wuthering Waves
Roby Awal,5,2025-10-31 13:17:50,"gamenya keren, cumn tidak ada bhaas indo, padhal dari storynya bagus bnagt, jadi kurng maksimal menikmati storynya, tapi over all, bagus sekali gamenya",Wuthering Waves
Jon Key,5,2025-10-31 13:01:24,mantap,Wuthering Waves
Dea Ipan,5,2025-10-31 11:43:07,good,Wuthering Waves
Ndruru JHP,5,2025-10-31 10:44:27,"Update, I want Geshulin",Wuthering Waves
Sera Ranasisca,3,2025-10-31 06:16:48,Please fix whiwa performance on mobile and make waves spawn not dependent on ping. Padahal main toa sama event lain lancar-lancar aja :((,Wuthering Waves
Bgs APS,2,2025-10-31 05:55:40,"i'm having a problem getting into the game, i can't login, keep force closing, if not force close stuck in loading screen",Wuthering Waves
ijol e,5,2025-10-31 00:07:24,"Rata-rata 10/10, game baik😁,kalo bisa aku juga mau dapet Dup 3 kayak orang lain😅.",Wuthering Waves
Muhammad Rizky Ananda Putra,4,2025-10-30 21:48:06,"makasih grafiknya, gamenya bagus, alhamdulillah",Wuthering Waves
FIN YZ,5,2025-10-30 20:00:51,🔥🔥,Wuthering Waves
Bara,5,2025-10-30 19:58:15,luve you WuWa,Wuthering Waves
이지 금IU,5,2025-10-30 19:57:16,"game lancar gak kaya sebelah, walaupun makan memori sama banyaknya tapi enteng dan lancar, semoga kedepannya begitu",Wuthering Waves
Kazuto Zayn (urfinesgentleman.),5,2025-10-30 18:38:59,AMAZING,Wuthering Waves
Aulya Ph,5,2025-10-30 17:41:42,Gua akan comeback wuwa demi Qiuyuan.,Wuthering Waves
Mamang Kait,1,2025-10-30 17:07:48,"ukuran full nya GK main2 186 GB, 👎",Wuthering Waves
Alief Fahriyadi,1,2025-10-30 16:58:45,"woi apa ni wuwa, gak bisa login aku",Wuthering Waves
Muhammad Ridho Gumawan,2,2025-10-30 15:46:17,benerin lah bug nya kiro masa gua gak bisa main pake jaringan wifi sih,Wuthering Waves
Yosia pm,2,2025-10-30 14:43:18,"sorry. Its personal, 2 stars from me. i play this game from the first time its release. and never win a single Rate on, always got rate off. it just really disappointed.",Wuthering Waves
Wahyu Ramadan,5,2025-10-30 14:19:45,good game,Wuthering Waves
ZIDANE,5,2025-10-30 13:51:06,gim bagus,Wuthering Waves
Mahadana Mahadana arkha pratama,5,2025-10-30 12:09:35,story nya bangus banget tapi saya benci sama phrolova,Wuthering Waves
Nico Abiyanto,5,2025-10-30 11:24:52,mantap,Wuthering Waves
Ikbal Muhamad,5,2025-10-30 10:49:06,good game,Wuthering Waves
Silverqueen channel,4,2025-10-30 10:36:31,"pernah main game ini pertama kali rilis,2 atau 3 hari main,aku stop karena gak ada bahasa Indonesianya",Wuthering Waves
CroNine,1,2025-10-30 10:22:09,"bad, don't waste your time. ZZZ much more fun if u want some gacha games",Wuthering Waves
Muhammad Syahputra,5,2025-10-30 10:12:00,hoki,Wuthering Waves
Kurniawan Mega Santoso,1,2025-10-30 09:57:53,hahaha,Wuthering Waves
Ratna Azizah,5,2025-10-30 09:17:43,nice game,Wuthering Waves
Aidil Legend,5,2025-10-30 08:34:36,nice game,Wuthering Waves
R- Gaming,5,2025-10-30 05:22:07,saran min tambahin bahasa indonesia,Wuthering Waves
Nestelis DampNation NoNation,1,2025-10-30 04:10:54,gim 4no gim pedofil,Wuthering Waves
Oalah Tod,1,2025-10-30 01:23:42,bahasa Indonesia tambahin kurontol,Wuthering Waves
Shinn,5,2025-10-30 01:01:26,"Game gratis yang absolute cinema, sering sering denger masukan dari player ya kuro games, Masterpiece",Wuthering Waves
Norin,5,2025-10-29 22:05:29,Cartethiya banner rerun please,Wuthering Waves
Ahmad fegy Dinanta,5,2025-10-29 21:40:05,tolong subtitle bahasa nya buat yang versi Indonesia. tambah seru lagi dah kalau ada bahasa Indonesia nya,Wuthering Waves
Syifa Keyzia,2,2025-10-29 20:29:43,hard pity terus gw wkwkwk,Wuthering Waves
Isa Curup,4,2025-10-29 20:16:33,saya berharap diadakan subtitle Indonesia agar dapat memahami cerita yang dibawa dan dapat menikmati nya,Wuthering Waves
Galang Dwi,5,2025-10-29 20:05:41,BETTER THAN GENSHIN,Wuthering Waves
Moch Clavino,5,2025-10-29 19:32:50,absolute cinema,Wuthering Waves
Monndey,5,2025-10-29 19:12:54,bagus bang bisa perang,Wuthering Waves
Putra Puspanegoro,5,2025-10-29 18:08:24,keren parah,Wuthering Waves
Mhd Raihan,1,2025-10-29 17:26:54,"kecewa gua, akun lama gua hilang padahal UID nya 9000 Halah jadi males lamain lagi",Wuthering Waves
Verixa,1,2025-10-29 16:14:52,"game jelek pelit bansos, story ngantuk, powercreep per patch, event boring reward kikir, kalo kek gini mulu 3.0 ini game bakal EOS",Wuthering Waves
Basklik,4,2025-10-29 14:45:20,"gamenya sangat bagus dan memukau sekalu yh, when yh bisa punya semua karakternya, dan pelis jangan kikir event wok dan jangan lupa optimalisasi",Wuthering Waves
A.L.W.D,5,2025-10-29 13:13:56,anjay,Wuthering Waves
Alfath -san,1,2025-10-29 10:51:34,gooner game 👎,Wuthering Waves
Fadil dil,5,2025-10-29 08:38:37,keren 👏👍👍👍,Wuthering Waves
Aji Kusumayadi,5,2025-10-29 02:00:03,TOLONG PERCEPAT UPDATE PATCH 2.8 NYAA KUROO,Wuthering Waves
Orang Biasa,5,2025-10-29 01:28:29,Terima kasih dan semangat,Wuthering Waves
Nangelina,5,2025-10-28 22:46:42,keren bngtttt pas singkron havoc kyk dark² gitu keren,Wuthering Waves
Saykal Wayan Akbar,5,2025-10-28 22:43:14,bagus,Wuthering Waves
Keqing Keqing,5,2025-10-28 21:25:53,best,Wuthering Waves
Alfarezi Muhamad Baihaqi (Alll),5,2025-10-28 21:03:26,sekali login dan gacha langsung dapat coyy,Wuthering Waves
Zeta,5,2025-10-28 18:03:07,manatapp,Wuthering Waves
Wortel GAMES,5,2025-10-28 17:58:28,mantap,Wuthering Waves
Dendika ip,5,2025-10-28 16:36:53,"Game Paling Bagus buat game gacha saat ini..Terus Tingkatkan.Semoga kedepannya bakal ada bahasa Indonesianya , karena game ini bisa dikatakan cukup rame dimainkan di Indonesia.itu saja Terimakasih Developer Semoga saran ini didengarkan.Dan Sampai Jumpa di ulasan selanjutnya",Wuthering Waves
Eizen _Gin,5,2025-10-28 15:56:58,"Panjang""game baik developer kuro emang best 🔥😊🔥semoga makin sukses yg masih Ngelag coba pakek config auto smooth",Wuthering Waves
Sri Yusnani,5,2025-10-28 11:48:16,no comment,Wuthering Waves
Forgetful Winds,5,2025-10-28 11:21:26,game bagus sangat menyenangkan.. tolong tambah karakter cowoknya thanks,Wuthering Waves
Albara Mujahid Munib,4,2025-10-27 23:13:08,tes game,Wuthering Waves
Wahyu Prayitno,1,2025-10-27 21:44:39,kenapa jadi begini framedrop parah banget,Wuthering Waves
Wawan Wabararta,5,2025-10-27 20:33:43,absolute peak cinema ✋😐🤚,Wuthering Waves
Aldi Firmansyah,5,2025-10-27 19:52:45,hold wuthering waves cloud,Wuthering Waves
Zaruf,5,2025-10-27 19:52:20,game nya bagus cuy,Wuthering Waves
MLH M416,5,2025-10-27 19:15:26,PEAK GAME,Wuthering Waves
Ferdinand Atmaja,5,2025-10-27 19:14:12,"game nya udah bagus dari story dan musik bagus banget malah pengen minta tambah satu lagi, pliss gachaku jangan ampas 🥲",Wuthering Waves
Luttfi Amalia,5,2025-10-27 18:29:32,hehe luplup,Wuthering Waves
Nodkrai 26,5,2025-10-27 17:11:45,"The game is very good, the story quest is also good, please add Indonesian language, admin dellover kuro games 🙏🙏🙏",Wuthering Waves
Suqron Al hakim,5,2025-10-27 15:37:32,"Overall game nya udah bagus banget story nya, fight nya sampai puzzle pun juga asik. semoga bisa terus berkembang ya. ohh iya semoga cepat Collab ditunggu ya",Wuthering Waves
Bang Kit,5,2025-10-27 15:31:43,interesting,Wuthering Waves
Rizky Fadhilla,5,2025-10-27 14:54:48,bagus,Wuthering Waves
II Capitano,5,2025-10-27 13:37:43,Game baik,Wuthering Waves
AMIR HADI,1,2025-10-27 12:45:33,"2.7 update terparah, patah"" frame",Wuthering Waves
Santo Nico,5,2025-10-27 10:26:40,tolong la untuk developer buatkan subtitle Indonesia nya sayang sekali ceritannya bagus tapi gak bisa di baca,Wuthering Waves
Reza Arif,5,2025-10-27 07:41:57,can u give us some hairstyle? quest or spend its ok,Wuthering Waves
wahdan julian,4,2025-10-27 06:41:18,bansos nyanbanyak ga kikir,Wuthering Waves
Honey Moon,5,2025-10-27 05:51:21,"game nya gachor bang solon, pokoknya bagus banget lah dari segi mana pun juga okay banget, tapi saya pribadi maaf uninstall dulu ya cape kalah rate off terus, masa udah kalah 4x berturut-turut di kasih menang sekali di kasih lagi kalah 3x berturut-turut lagi 😞 kalkulator dan bocil pink menghantui 😞 dah segitu aja makasih",Wuthering Waves
Bimo Anggawi Sadikin,2,2025-10-27 01:30:07,pelit gacha.,Wuthering Waves
Firman Firdaus,5,2025-10-27 00:46:43,keren pokonya,Wuthering Waves
RAγHAN,5,2025-10-27 00:24:01,dear kuro...makasih udah bikin game sebagus ini 🥰,Wuthering Waves
Bil Nab,5,2025-10-26 22:50:20,kuro game tolong banget yah game wuthering wavesnya di optimalkan lagi untuk versi mobilenya karna untuk sekarang sebenernya udah mendingan tapi tetep aja kerasa crash dan lag nya mungkin karna size semakin lama semakin besar tapi overall sangat bagus dan love this game tapi cuman 1 tolong yah di optimalkan lagi biar tambah lancar lagi mainya🙏🔥,Wuthering Waves
Deris Susanto,5,2025-10-26 22:41:05,"Gamenya bagus banget, tapi lbh bagus lagi kalo ada bahasa indonesianya biar lbh faham sama storynya",Wuthering Waves
Hazu Tempest,5,2025-10-26 22:38:20,"Saya Yang baru bermain game ini cukup merasa pusing karena game ini cukup berat dan mengalami frame drop saya tau hp saya mungkin tidak kuat, tapi Terimakasih Sudah membuat game ini Saya akan mencoba tetap bermain walaupun hp saya mengalami frame drop yang cukup parah",Wuthering Waves
Ezra Bilal,5,2025-10-26 19:28:29,sangat baguss,Wuthering Waves
Ahmad Aufa,4,2025-10-26 19:13:35,"bagus semuanya untuk sekedar game hp, no debat, hp kentang kayak saya? tetap tancap gas main, tapi kenapa b4 bukan b5, karena gak dapat cartethyia T_T",Wuthering Waves
ꦫ꧀꧉ꦧꦸꦢꦶ ꦮꦶꦢꦶꦪꦤꦠꦺꦴ,1,2025-10-26 19:02:23,"maaf saya hapus,karena tiba2 akun saya log out sendiri dan begitu coba masuk pakai akun yang biasa di gunakan,harus mulai dari awal,hilang semua pencapaian saya,terimakasih untuk pengalamannya,dan maaf karena saya tidak bisa lagi login dan menggunakan akun lama saya,game ini terpaksa saya hapus,terimakasih",Wuthering Waves
Shodiq .Q,5,2025-10-26 18:29:17,puas,Wuthering Waves
Alghifari athallah,5,2025-10-26 17:40:11,keren,Wuthering Waves
Angga Ameo,5,2025-10-26 17:31:49,"game ini sangat terasa emosi nya, sangat cocok untuk dimainkan, dari alur beserta lainnya terasa hidup, sungguh game yang menakjubkan",Wuthering Waves
Ryu Kha,4,2025-10-26 15:49:25,"This game is old and has been downloaded by many people, right? Please provide Indonesian so it's easier to read the story because my English is bad.",Wuthering Waves
Ibnu 321,4,2025-10-26 15:40:12,mana tombol skipnya suka ilang,Wuthering Waves
Ariezki Jatiroto,2,2025-10-26 14:22:21,"halo pihak developer game, kenapa makin lama game ini makin kikir ya. dulu sebelum chang li rilis 10x pull langsung rate off, sekarang 50x pull gak dapat apa2, rating saya beri 2,biasanya saya luas dengan game ini. habis uang saya buat top up.",Wuthering Waves
Irwans,1,2025-10-26 13:01:49,tambahin fitur hapus data quest terdahulu 😡...makin kesini size-nya makin gede,Wuthering Waves
Iwansaputra Muhammad,5,2025-10-26 12:04:49,good,Wuthering Waves
Buat GI Tersayang,5,2025-10-26 10:19:26,mantep brek tapi lain kali bansosnya banyakin lagi ya hehe,Wuthering Waves
Raka Destara,5,2025-10-26 09:56:49,frickin gnarly,Wuthering Waves
Zainuri Fadly (Fadly2nd),5,2025-10-26 09:06:27,keren asli,Wuthering Waves
Manusia Biasa,1,2025-10-26 06:29:27,nyesel gua main game ini.. akun lama sekarang jadi hilang,Wuthering Waves
Galang Dwi A.B,1,2025-10-26 05:18:34,bad tactical hologram,Wuthering Waves
Restu Alfatih,5,2025-10-26 04:49:48,"SUKSES SELALU KING MAKASIH SUDAH DIKASIH MENANG RATE OFF 6 KALI DAN LOW PITY😋😎, JANGAN KIKIR KEK GAME SEBELAH🤓👌",Wuthering Waves
Aliy Muhammad,5,2025-10-26 03:20:32,"good, ad more male characters",Wuthering Waves
dimas nett01,1,2025-10-26 01:36:53,"apa apaan ini di mobile kk compiling shader mulu pas mau buka game,mana lama lagi 15 menit an padahal sebelumnya udah masuk ke in game tapi relog in compiling shader lagi",Wuthering Waves
Ryoo,1,2025-10-26 01:28:57,"Terlalu frame drop karena PING yang begitu TINGGI, tolong di PERBAIKI agar membuat pengalaman bermain menjadi lebih baik, terimakasih",Wuthering Waves
Siri “Lunryl”,5,2025-10-26 00:40:00,best game of my life,Wuthering Waves
