Nama Pengguna,Rating,Tanggal,Game,Ulasan,Ulasan_Clean,Sentimen
Asfar Nafis,5,2026-02-22 10:13:46,Wuthering Waves,bagus tapi tetap kikir,bagus tapi tetap pelit,Negatif
Gafan Gafan,5,2026-02-22 06:51:31,Wuthering Waves,"saya mengalami bug pada saat login. ntah karena apa, padahal biasanya kalau login ancar jaya. tolong perbaiki🙏 reply: sekarang dah aman nih😹",aku mengalami masalah teknis pada saat masuk entah karena apa padahal biasanya kalau masuk ancar jaya tolong perbaiki melipat tangan balas sekarang sudah aman ini wajah kucing gembira berurai air mata,Positif
Novex Art,5,2026-02-22 06:25:23,Wuthering Waves,Bjirrr,bjirrr,Positif
Risqi Rofif,5,2026-02-22 05:36:12,Wuthering Waves,kuroooo tolong kasih teks indo,kuroooo tolong kasih teks indonesia,Negatif
Aoikuro,5,2026-02-22 00:54:55,Wuthering Waves,PLISS RERUN CHANGLIIII KUROOOO,tolong rilis ulang changliiii kuroooo,Positif
Ridhwan Aqiilah,5,2026-02-21 23:55:46,Wuthering Waves,mantap,mantap,Positif
kurumi,5,2026-02-21 23:02:41,Wuthering Waves,"tolong developer tambahkan versi lite atau settings grafik teringan ,dan kalau bisa filenya lebih di kompres karena terlalu besar ,dan semoga semakin ramah f2p",tolong developer tambahkan versi lite atau settings grafik teringan dan kalau bisa filenya lebih di kompres karena terlalu besar dan semoga semakin ramah fp,Negatif
nena novitasari,4,2026-02-21 22:47:58,Wuthering Waves,"game bagus, lahan roi masi jd region terberat, lag pdhl device bagus, kebanyakan char cewe, story bagus, memori berat nyentuh 62 gb",game bagus lahan roi masih jadi region terberat patah patah padahal perangkat bagus kebanyakan karakter gadis cerita bagus penyimpanan berat nyentuh gb,Negatif
MM H'fizh,1,2026-02-21 22:15:33,Wuthering Waves,"memory terlalu banyak, saya sarankan memperkecil efek",penyimpanan terlalu banyak aku sarankan memperkecil efek,Negatif
Abdul Azis Salim,5,2026-02-21 15:11:21,Wuthering Waves,mantap,mantap,Positif
zexa aldian,5,2026-02-21 14:53:38,Wuthering Waves,niceee ooooo,niceee ooooo,Positif
RISKI FITRIADI,3,2026-02-21 13:33:34,Wuthering Waves,"tolong dong kuro sedia in bahasa indonesia, saya capek mau translate terus, saya suka sama storynya cuman saya gak mahir bebahasa inggris somoga kuro baca, tolong yaa kuroo🙏",tolong dong kuro games sedia di bahasa indonesia aku kesal mau translate terus aku suka sama storynya cuma aku tidak mahir bebahasa inggris somoga kuro games baca tolong yaa kuroo melipat tangan,Negatif
Red Blue,5,2026-02-21 10:48:37,Wuthering Waves,semuanya bagus dan masterpiece. paling tinggal di performa,semuanya bagus dan mahakarya paling tinggal di performa,Positif
enrico sdp,5,2026-02-21 10:35:17,Wuthering Waves,gokil,gokil,Positif
Kenzen Revano gunawan,5,2026-02-21 08:18:18,Wuthering Waves,Gacha wangi tidak kikir (Walau sering kalah Rate off) 😋,undian wangi tidak pelit walau sering kalah rate mati wajah menikmati,Positif
Ian Yusryadi,5,2026-02-21 07:36:58,Wuthering Waves,tolong subtitle bahasa Indonesia di tambah dong. capek main bahasa English nya harus translate terus,tolong subtitle bahasa indonesia di tambah dong kesal main bahasa english nya harus translate terus,Negatif
Andraya Putra,5,2026-02-21 06:31:42,Wuthering Waves,bagus tapi hp gua gak kuat,bagus tapi handphone saya tidak kuat,Negatif
Angregou,1,2026-02-21 06:22:54,Wuthering Waves,"makin berat aja sumpah,main game genshin aja bisa tuh rata kanan 60 fps ini wuwa saking beratnya hpku ngelag gabisa dimainin ga nyaman beneran dah,,mohon diperbaiki agar ga ngelag fps nyah",makin berat saja sumpah main game genshin saja bisa itu rata kanan frame per detik ini wuthering waves sampai beratnya hpku patah patah gabisa dimainin tidak nyaman beneran sudah mohon diperbaiki agar tidak patah patah frame per detik nyah,Negatif
Khuza Pku,5,2026-02-21 05:25:47,Wuthering Waves,"salah satu game RPG terbaik yang pernah saya mainkan, terus kan Kuro, jangan berhenti memasak 🔥🔥",salah satu game rpg terbaik yang pernah aku mainkan terus kan kuro games jangan berhenti memasak api api,Positif
Hamidi Sj,5,2026-02-21 05:01:18,Wuthering Waves,kerennnnnnnnnn,kerennnnnnnnnn,Positif
Dell,5,2026-02-21 04:01:10,Wuthering Waves,seruu,seruu,Positif
Faiz Jepara,3,2026-02-21 03:37:23,Wuthering Waves,"Jujur game wuwa ini adalah game sangat saya sukai tapi ada beberapa hal yang membuat saya kecewa: 1. Masalah penyimpanan, Penyimpanan game ini sudah sangat bengkak sampai 50 GB dulu saya sempat main dan filenya hanya 20 GB, Untuk device low-mid yang ruang penyimpanan nya 128 GB ini sudah terlalu besar. 2. Masalah optimisasi, Mungkin karena unreal engine membuat game ini sangat berat, game ini terlalu berat untuk device low-mid fps sering drop, saya menyarankan untuk melakukan optimasi lagi.",jujur game wuthering waves ini adalah game sangat aku sukai tapi ada beberapa hal yang membuat aku kecewa masalah penyimpanan penyimpanan game ini sudah sangat bengkak sampai gb dulu aku sempat main dan filenya hanya gb untuk perangkat low uts yang ruang penyimpanan nya gb ini sudah terlalu besar masalah optimisasi mungkin karena unreal engine membuat game ini sangat berat game ini terlalu berat untuk perangkat low uts frame per detik sering turun aku menyarankan untuk melakukan optimasi lagi,Negatif
Rafa Suryaarafa,5,2026-02-21 02:57:34,Wuthering Waves,"gak ada subtitle Indonesia, jika ada aku bisa memahami si ceritany",tidak ada subtitle indonesia jika ada aku bisa memahami si ceritany,Negatif
Dimas Arya,5,2026-02-21 02:07:19,Wuthering Waves,"First impression main wuwa di 2026. Suka building ceritanya, Dev nya generous kasih gacha gratis, kalo event ingame gw blm bisa review karna masih garap main sama side quest dlu aja. Mekanik gk rumit banyak waifu juga. Design ciwi ciwinya dari outfit, karakter, voice over, top notch dah 😍. Yang yang punyaku 😋 Main di redmi note 15 pro masih oke lah rata kiri, blm pernah drop pas battle paling pas render open worldnya sama pas baru login.",pertama impression main wuthering waves di suka building ceritanya dev nya generous kasih undian gratis kalau acara ingame saya blm bisa review karena masih garap main sama side misi dulu saja mekanik tidak rumit banyak karakter wanita juga design ciwi ciwinya dari pakaian karakter suara over top notch sudah wajah tersenyum lebar bermata hati yang yang punyaku wajah menikmati main di redmi note pro masih oke lah rata kiri blm pernah turun saat battle paling saat render buka worldnya sama saat baru masuk,Positif
Arya renata,5,2026-02-21 01:30:13,Wuthering Waves,aku berharap kalu update selanjutnya tidak ada event kartu bosen soalnya,aku berharap kalu pembaruan selanjutnya tidak ada acara kartu bosan soalnya,Negatif
Ajis Aryanto,5,2026-02-20 21:36:29,Wuthering Waves,bagus anjay,bagus anjay,Positif
Alfiansyah Rizky P,5,2026-02-20 21:23:12,Wuthering Waves,asik kali rek walau HP panas,asyik kali teman walau handphone panas,Negatif
Evan Evan,4,2026-02-20 16:02:11,Wuthering Waves,harusnya sih bisa bintang 5 tapi aku punya keluhan di gamenya tolong optimalisasi jangan trus trusan meng optimalkan gempalaynya ini game bagus tapi tiap updet makin berat serius ni gua KURO,harusnya sih bisa bintang tapi aku punya keluhan di gamenya tolong optimalisasi jangan terus trusan meng optimalkan gempalaynya ini game bagus tapi tiap updet makin berat serius ini saya kuro games,Negatif
Nubia Max,5,2026-02-20 14:29:47,Wuthering Waves,keren game nya cocok juga di hpku hikhikhik...,keren game nya cocok juga di hpku hikhikhik,Positif
Fatih Abdullah,5,2026-02-20 13:54:16,Wuthering Waves,tolong berikan gitu hapus data misi lama biar gak berat berat amat,tolong berikan begitu hapus data misi lama supaya tidak berat berat sekali,Negatif
Rasya Cy,1,2026-02-20 12:10:39,Wuthering Waves,"kecewa dengan game ini.karna saya terpaksa pensi karna ukuran game yang jujur ini paling besar yang ada di ponsel saya , saya berharap game ini bisa di optimalkan dari size datanya.",kecewa dengan game ini karena aku terpaksa berhenti main karena ukuran game yang jujur ini paling besar yang ada di ponsel aku aku berharap game ini bisa di optimalkan dari ukuran datanya,Negatif
Narendra,3,2026-02-20 12:09:47,Wuthering Waves,"Performa game ini sangat kurang, saran saya berikan opsi bagi pemain yang tidak mempunyai device yang memadai untuk menonaktifkan animasi-animasi yang tidak diperlukan, seperti animasi resonator di menu ganti team. Gameplay udah bagus, f2p friendly-ness juga udah oke, saya bermain sebagai f2p setahun masih bisa menyelesaikan mode-mode endgame. Tapi akhir akhir ini perfoma gamenya yang menurun drastis membuat saya kesulitan bahkan tidak bisa untuk menyelesaikan mode-mode endgame.",performa game ini sangat kurang saran aku berikan pilihan bagi pemain yang tidak mempunyai perangkat yang memadai untuk menonaktifkan animasi animasi yang tidak diperlukan seperti animasi resonator di menu ganti grup permainan sudah bagus fp friendly ness juga sudah oke aku bermain sebagai fp setahun masih bisa menyelesaikan mode mode endgame tapi akhir akhir ini perfoma gamenya yang menurun drastis membuat aku kesulitan bahkan tidak bisa untuk menyelesaikan mode mode endgame,Negatif
Ikbal Junior,5,2026-02-20 10:52:47,Wuthering Waves,game ya bagus banget tapi tolong buatkan wuthering waves cloud untuk untuk hp yang device ya 🥔,game ya bagus sekali tapi tolong buatkan wuthering waves cloud untuk untuk handphone yang perangkat ya spesifikasi rendah,Positif
Master Official,1,2026-02-20 08:38:02,Wuthering Waves,"tolong dioptimalkan lagi, sekarang gamenya terlalu berat",tolong dioptimalkan lagi sekarang gamenya terlalu berat,Negatif
aiyam,1,2026-02-20 07:43:29,Wuthering Waves,"setelah update lahai-roi optimisasi untuk mobile sangat buruk, force close dan lag parah. padahal sebelum update lahai-roi lancar saja. saya pikir ini tidak berhubungan dengan device, karena saat saya mengunjungi region lain seperti septimont, permainan berlangsung lancar, tidak seperti di lahai-roi. mohon di pertimbangkan optimisasi yang lebih baik.",setelah pembaruan lahai roi optimisasi untuk mobile sangat buruk force close dan patah patah parah padahal sebelum pembaruan lahai roi lancar saja aku pikir ini tidak berhubungan dengan perangkat karena saat aku mengunjungi region lain seperti septimont permainan berlangsung lancar tidak seperti di lahai roi mohon di pertimbangkan optimisasi yang lebih baik,Negatif
Elsa Esteria,1,2026-02-20 07:00:55,Wuthering Waves,"kecewa ke game ini sekarang dah penyimpanan makin gede, ASTERIT makin dikit dapetnya,punya banyak chat 5 tapi event makin susah kaya percuma karena metanya harus pake chat baru terus,raptune atau apalah ngehambat pertarungan dan di Map baru tuh Motor tuh kurang guna yaa kalau banyak tebing tinggi walau ada jalan yaa NGOTAK dikit lah kalau bikin map,dan rate of terus lah Asen dah ni game,dulu game baik sekarang jadi busuk karena game itu sendiri",kecewa ke game ini sekarang sudah penyimpanan makin besar asterit makin sedikit dapetnya punya banyak chat tapi acara makin susah seperti percuma karena metanya harus pakai chat baru terus raptune atau apalah ngehambat pertarungan dan di peta baru itu motor itu kurang guna yaa kalau banyak tebing tinggi walau ada jalan yaa ngotak sedikit lah kalau membuat peta dan rate of terus lah asen sudah ini game dulu game baik sekarang jadi busuk karena game itu sendiri,Negatif
ahmad rajib,3,2026-02-20 06:44:48,Wuthering Waves,"wuthering bug, banyak bug",wuthering masalah teknis banyak masalah teknis,Negatif
Yuli Nicha,2,2026-02-20 06:22:36,Wuthering Waves,"game ini bagus. aku cuman punya banyak masalah sama storagenya. and grafisnya, udh mentok semuanya ke kiri masih patah-patah. tapi storynya bagus sih, aku punya feedback utk storynya, jangan bikin semua karakter fokus ke si Rover. dan juga lebih baik nge-feature karakter dari misi lalu deh, jadi supaya kita bisa lihat karakter-karakter lain, oh iya, itu eventnya agak dikit,.mungkin bisa nambahin atau bikin event baru yang interaktif?",game ini bagus aku cuma punya banyak masalah sama storagenya dan grafisnya sudah mentok semuanya ke kiri masih patah patah tapi storynya bagus sih aku punya feedback untuk storynya jangan membuat semua karakter fokus ke si rover dan juga lebih baik nge feature karakter dari misi lalu deh jadi supaya kita bisa lihat karakter karakter lain oh iya itu eventnya agak sedikit mungkin bisa nambahin atau membuat acara baru yang interaktif,Negatif
Lucian,3,2026-02-20 05:37:39,Wuthering Waves,butuh bahasa Indonesia,butuh bahasa indonesia,Negatif
Labibun Labib,1,2026-02-20 05:32:35,Wuthering Waves,kalah 50/50 tok,kalah tok,Negatif
Balungtutul,1,2026-02-20 03:56:43,Wuthering Waves,cara longi ke gamenya susah banget harus dowload datanya tapi masi gk bisa bisa tolong jangan di persulit longinya,cara longi ke gamenya susah sekali harus dowload datanya tapi masih tidak bisa bisa tolong jangan di persulit longinya,Negatif
Jibran Zakky,5,2026-02-20 02:26:13,Wuthering Waves,bagus pokoknya grafiknya bagus tapi ceritanya lumayan tapi gamenya nggak kikir enggak kayak di sebelah dicicil,bagus pokoknya grafiknya bagus tapi ceritanya lumayan tapi gamenya tidak pelit tidak seperti di sebelah dicicil,Positif
Laswardi Nasution,1,2026-02-20 02:22:02,Wuthering Waves,"Game nya bagus sekali. Tapi kenapa ngelag banget? Patah patah seperti game berat banget padahal jaringan lancar. Genshin impact aja datanya sampai 20gb lebih bisa lancar, ini kok wuthering waves cuma 10gb-an serasa berat banget. Bintang 3 aja dulu kalo udah diperbaiki nanti naik lagi #saya kurangi jadi bintang 1 soalnya akun saya ngulang dari awal karna gk dimain",game nya bagus sekali tapi kenapa patah patah sekali patah patah seperti game berat sekali padahal jaringan lancar genshin impact saja datanya sampai gb lebih bisa lancar ini kok wuthering waves hanya gb an serasa berat sekali bintang saja dulu kalau sudah diperbaiki nanti naik lagi aku kurangi jadi bintang soalnya akun aku ngulang dari awal karena tidak dimain,Negatif
Satrio Budi utomo,3,2026-02-19 21:03:26,Wuthering Waves,"tolonglah Kuro untuk size game nya agak di kecilin jadi 30 - 40 GB aja, untuk di hp aja sekarang udah 60 GB mantap emang 🗿🗿🗿👍",tolonglah kuro games untuk ukuran game nya agak di kecilin jadi gb saja untuk di handphone saja sekarang sudah gb mantap memang moai moai moai jempol ke atas,Negatif
N T Revaldo,1,2026-02-19 19:32:35,Wuthering Waves,"Pelit judi 40 kalik tidak dpt heros b5,buruk in gme tutup az nih game,akun lah saya hapus permanen",pelit judi kalik tidak dapat heros b buruk di gme tutup az ini game akun lah aku hapus permanen,Negatif
Thariq Dandra Aulia,5,2026-02-19 17:55:35,Wuthering Waves,"saya suka dengan game ini karena storynya lumayan menarik, dan bansosnya bagus, semangat terus dalam mengembangkan Wuthering waves",aku suka dengan game ini karena storynya lumayan menarik dan bansosnya bagus semangat terus dalam mengembangkan wuthering waves,Positif
Habib Al zighry,5,2026-02-19 17:15:09,Wuthering Waves,ga jadi gw kasi rating 1 gegara aemeath balik.ntaran kalau sign nya gak balik kita rating 3😁,tidak jadi saya kasih rating karena aemeath balik ntaran kalau sign nya tidak balik kita rating wajah gembira dengan mata bahagia,Negatif
Richi Maulana,5,2026-02-19 13:55:19,Wuthering Waves,hd bnget cu,hd sekali cu,Positif
BOCIL PLASTIK,3,2026-02-19 13:18:44,Wuthering Waves,wala weapon shorekeeper nya malah hardpity,wala weapon shorekeeper nya malah hardpity,Negatif
Araster Blaze,5,2026-02-19 13:17:03,Wuthering Waves,awalnya tertarik karena banyak yang muji story 3.1 dan nyoba install. Untuk Story awal jujur saja sangat membosankan namun semakin kesini storynya semakin bagus jadi gak nyesal install ini game apalagi sistem combatnya sangat satisfying banget dan explorenya pun sangat rewarding.,awalnya tertarik karena banyak yang muji cerita dan nyoba install untuk cerita awal jujur saja sangat membosankan namun semakin kesini storynya semakin bagus jadi tidak nyesal install ini game apalagi sistem combatnya sangat satisfying sekali dan explorenya pun sangat rewarding,Positif
Maulana MI,5,2026-02-19 12:35:57,Wuthering Waves,"ni gua kasi bintang 5 lagi, adain bahasa Indonesia wooy",ini saya kasih bintang lagi adain bahasa indonesia wooy,Negatif
Devlin Chamberlin,5,2026-02-19 12:28:15,Wuthering Waves,gamenya seru,gamenya seru,Positif
Nyxima,3,2026-02-19 11:02:18,Wuthering Waves,optimalisasi nya kurang,optimalisasi nya kurang,Negatif
Murfimo Siregar,1,2026-02-19 10:57:09,Wuthering Waves,Kecewa Sama Kuro Games Skrng udah Sementara Update Di patch 3.1 Gw Sering Force Close Gara gara ngerjain Quest Padahal Lagi Enak Enak Ngerjain Quest Nya eh malah force Close Pas Dibagian cuy Scene Padahal Waktu dibanner 2.8 sama 3.0 Gak pernah terjadi sebelumnya tolong lah wuwa Di optimal kan lagi game nya Dari kmrin Kek gini Mulu Loh Padahal Dlu Kuro Developer Cepat Menanggapi Masalah skrg kok Udh jarang Apa Karna Udh Rame Yang Mainin jadi seleb🥹,kecewa sama kuro games games sekarang sudah sementara pembaruan di pembaruan saya sering force close gara gara ngerjain misi padahal lagi enak enak ngerjain misi nya eh malah force close saat dibagian cuy scene padahal waktu dibanner sama tidak pernah terjadi sebelumnya tolong lah wuthering waves di optimal kan lagi game nya dari kmrin seperti gini terus loh padahal dulu kuro games developer cepat menanggapi masalah sekarang kok sudah jarang apa karena sudah rame yang mainin jadi seleb wajah menahan air mata,Negatif
Zakaria,1,2026-02-19 10:54:19,Wuthering Waves,Nice game,baik game,Negatif
Raditya Mahesa,5,2026-02-19 09:55:48,Wuthering Waves,game apa ini... bagus kali lah,game apa ini bagus kali lah,Positif
Altair Ryu,1,2026-02-19 09:28:24,Wuthering Waves,gak bisa download di latar belakang jadi harus nunggu di dalam game selama berjam jam,tidak bisa unduh di latar belakang jadi harus nunggu di dalam game selama berjam jam,Negatif
Netizen 5,5,2026-02-19 09:21:10,Wuthering Waves,Size gilaaak sih tapi baguss banget,ukuran gilaaak sih tapi baguss sekali,Positif
BUDIANNOR,5,2026-02-19 08:15:30,Wuthering Waves,"kuro game please Optimalisasi gamenya sudah berat sekali di versi 3.1 walaupun dari segi Visual dan grafik gamenya sangat luar biasa tapi di seimbangin juga optimalisasinya biar Device tidak Menjerit, sejauh ini sudah banyak di korbankan untuk mengejar visual dan grafik yang memukau tapi size terlalu besar dan gamenya tambah berat di jalankan.",kuro games game tolong optimalisasi gamenya sudah berat sekali di versi walaupun dari segi visual dan grafik gamenya sangat luar biasa tapi di seimbangin juga optimalisasinya supaya perangkat tidak menjerit sejauh ini sudah banyak di korbankan untuk mengejar visual dan grafik yang memukau tapi ukuran terlalu besar dan gamenya tambah berat di jalankan,Negatif
Abdul Fakih,1,2026-02-19 07:24:23,Wuthering Waves,"tolong kuro, optimalisasi jaringan dan size game nya",tolong kuro games optimalisasi jaringan dan ukuran game nya,Negatif
Arkann,3,2026-02-19 06:39:09,Wuthering Waves,add indonesian language plese😞🙏,add indonesian language plese wajah kecewa melipat tangan,Negatif
Bagus Widiasno,1,2026-02-19 06:21:57,Wuthering Waves,"optimalisasi game kurang efektif, gacha nya juga selalu kalah rate off. 3 banner character beruntun selalu kalah",optimalisasi game kurang efektif undian nya juga selalu kalah rate mati banner character beruntun selalu kalah,Negatif
SIGMA,5,2026-02-19 05:23:53,Wuthering Waves,"aku menyukai game ini, walaupun game ini tidak menyukaiku",aku menyukai game ini walaupun game ini tidak menyukaiku,Positif
Sinyoz,5,2026-02-19 05:16:58,Wuthering Waves,game bagus👍,game bagus jempol ke atas,Positif
Qalbi,5,2026-02-19 04:15:41,Wuthering Waves,saya hoki terima kasih,aku hoki terima kasih,Positif
Sistem 7,1,2026-02-19 04:09:38,Wuthering Waves,"tiap update gede Mulu size-nya,jadi bikin males ngeupdatenya. Performanya juga kadang bagus kadang jelek sehabis update. dan yang paling bikin jengkel itu butuh memori 50+ GB kosong baru bisa memulai download update",tiap pembaruan besar terus ukuran nya jadi membuat malas ngeupdatenya performanya juga kadang bagus kadang jelek sehabis pembaruan dan yang paling membuat jengkel itu butuh penyimpanan gb kosong baru bisa memulai unduh pembaruan,Negatif
Samsam,5,2026-02-19 03:00:22,Wuthering Waves,maaf saya player baru aku ingin game ini memiliki bahasa Indonesia agar org yang berada di indonesia bisa paham akan jalan cerita nya maaf ya permintaan ku cukup merepotkan tapi kalau tidak ada bahasa Indonesia juga tidak apa apa yang penting saya main,maaf aku player baru aku ingin game ini memiliki bahasa indonesia agar orang yang berada di indonesia bisa paham akan jalan cerita nya maaf ya permintaan ku cukup merepotkan tapi kalau tidak ada bahasa indonesia juga tidak apa apa yang penting aku main,Negatif
Azka Ramadhani,1,2026-02-19 00:38:13,Wuthering Waves,"tolong optimalin sinyal servernya ngelag mulu, sama ngaframe,woi tolonglah optimalin perfomanya gak maksimal gw main bg sat ngasih stat yg bener lah capek gua ajg",tolong optimalin jaringan servernya patah patah terus sama ngaframe woi tolonglah optimalin perfomanya tidak maksimal saya main bg sat ngasih stat yang benar lah kesal saya anjing,Negatif
Ahmad Marsehan,5,2026-02-18 22:00:38,Wuthering Waves,terbaik,terbaik,Positif
S “_Devils5Night_” F,2,2026-02-18 19:07:16,Wuthering Waves,semenjak Update Sering frame & bug Visual & Size nya tolong di perkecil ke 30-35gb atau Tambahan Fitur hapus Resource yg tidak di gunakan Pemain. optimalisasi nya tolong lah di perbagus 😑. walau saya Menggunakan Chipset Snapdragon Seri 8 tapi semenjak update 3.0 optimalisasi buruk + suka Forclose,semenjak pembaruan sering frame masalah teknis visual ukuran nya tolong di perkecil ke gb atau tambahan fitur hapus resource yang tidak di gunakan pemain optimalisasi nya tolong lah di perbagus wajah tanpa ekspresi walau aku menggunakan chipset snapdragon seri tapi semenjak pembaruan optimalisasi buruk suka forclose,Negatif
Adi Nisa,1,2026-02-18 15:30:36,Wuthering Waves,"awalnya lancar di Xiaomi pad 7 setting rata kanan pun masih mulus, semenjak update map baru langsung frame drop parah sampai nge-freeze meskipun di setting rata kiri... hmmm... sepertinya sampai disini dulu, map terbaru entah terlalu besar apa belum stabil i don't know... makin ga ""mid range"" friendly...",awalnya lancar di xiaomi pad setting rata kanan pun masih mulus semenjak pembaruan peta baru langsung frame turun parah sampai nge freeze meskipun di setting rata kiri hmmm sepertinya sampai disini dulu peta terbaru entah terlalu besar apa belum stabil i tidak t know makin tidak uts range friendly,Negatif
Kuru Karu,5,2026-02-18 14:38:45,Wuthering Waves,tolong untuk developer untuk data game wuwa agar di kecilkan karena hp yang mem 64 tidak dapat mengunduh data tolong di adjust data nya agar hp uang memorinya sedikit dapat memainkan nya👍🏿,tolong untuk developer untuk data game wuthering waves agar di kecilkan karena handphone yang mem tidak dapat mengunduh data tolong di adjust data nya agar handphone uang memorinya sedikit dapat memainkan nya jempol ke atas warna kulit gelap,Negatif
"Muhamad Aji Wisnu Nugroho, 24",1,2026-02-18 13:16:19,Wuthering Waves,buggy,buggy,Negatif
박에스더,4,2026-02-18 12:05:59,Wuthering Waves,sebenernya sudah bgus ini game cuman ada di beberapa map kadang ping tiba tiba merah frame drop di hp padahal hp gw spek 8gen5,sebenernya sudah bgus ini game cuma ada di beberapa peta kadang ping tiba tiba merah frame turun di handphone padahal handphone saya spek gen,Negatif
Cahyo purnomo,1,2026-02-18 11:39:05,Wuthering Waves,"untuk handphone sekelas spek high end snapdragon 8s gen 4 punyaku tidak bisa optimal memainkan game ini di 60 fps, apalagi setelah update 3.0 semua bertambah buruk. ku harap developer bisa mengoptimalkan gamenya khususnya untuk smartphone karena banyak yang mengeluh tentang optimasi yang jelek. apalagi di bandingkan dengan genshin impact, optimasi genshin impcat terbilang lebih baik dibanding wutherir waves",untuk handphone sekelas spek high akhir snapdragon s gen punyaku tidak bisa optimal memainkan game ini di frame per detik apalagi setelah pembaruan semua bertambah buruk ku harap developer bisa mengoptimalkan gamenya khususnya untuk smartphone karena banyak yang mengeluh tentang optimasi yang jelek apalagi di bandingkan dengan genshin impact optimasi genshin impcat terbilang lebih baik dibanding wutherir waves,Negatif
Kaysan Vadindra,5,2026-02-18 11:22:27,Wuthering Waves,BAGUS BANGET HD,bagus sekali hd,Positif
Yeon mlbb,5,2026-02-18 10:36:38,Wuthering Waves,keren,keren,Positif
Miura,4,2026-02-18 10:30:04,Wuthering Waves,"Tolong dong kalo mau predownload itu kok file nya ke double sih,jadi harus hapus terus dowload ulang biar cukup. Tolong ya jangan double file update nya",tolong dong kalau mau predownload itu kok file nya ke double sih jadi harus hapus terus dowload ulang supaya cukup tolong ya jangan double file pembaruan nya,Negatif
Nayla Apriliana,3,2026-02-18 10:02:00,Wuthering Waves,"tolong untuk handphone berikan rekomendasi setting yang sesuai, saat main cukup terganggu dengan lag dan bug yang ada. juga game sudah berjalan 2 tahun, tambahkan fitur bahasa yang lain seperti Indonesia.",tolong untuk handphone berikan rekomendasi setting yang sesuai saat main cukup terganggu dengan patah patah dan masalah teknis yang ada juga game sudah berjalan tahun tambahkan fitur bahasa yang lain seperti indonesia,Negatif
Nifira Gmg,5,2026-02-18 09:48:59,Wuthering Waves,"saya harap ada film/ anime adaptasi dari game ini, karena saya sangat suka jalan ceritanya dan scene fightnya.",aku harap ada film anime adaptasi dari game ini karena aku sangat suka jalan ceritanya dan scene fightnya,Negatif
Bara Baro,3,2026-02-18 08:08:09,Wuthering Waves,"game gj, masa udah tim prem + rotasi bener malah ga nge crit",game gj masa sudah grup prem rotasi benar malah tidak nge crit,Negatif
Syaen.,4,2026-02-18 06:31:11,Wuthering Waves,semoga bisa hapus data yang tidak terpakai/quest yang sudah dijalankan,semoga bisa hapus data yang tidak terpakai misi yang sudah dijalankan,Negatif
Shyntia Primasari,4,2026-02-18 01:40:02,Wuthering Waves,Bagus!,bagus,Positif
Taufan Hermawan,5,2026-02-17 23:40:31,Wuthering Waves,ok,ok,Positif
M. ikhya Ghozali,5,2026-02-17 20:08:37,Wuthering Waves,"Bagus bgt si cmn masih ga stabil. Drop fps, Reconnecting, segera update dan perbaiki bugnya 😮‍💨",bagus banget si cuma masih tidak stabil turun frame per detik reconnecting segera pembaruan dan perbaiki bugnya wajah mengembuskan nafas,Negatif
Rial Lamsyah,5,2026-02-17 17:31:17,Wuthering Waves,game bagus,game bagus,Positif
Ad'hafin Angger,5,2026-02-17 16:05:12,Wuthering Waves,"bagus gamenya, aku suka",bagus gamenya aku suka,Positif
Ppp Pppphh,2,2026-02-17 14:25:07,Wuthering Waves,map lahai roi berat bet gw naga 8 gen 2 Ampe crash,peta lahai roi berat sekali saya naga gen sampai tabrak,Negatif
ARIF TAUFIQUR R,5,2026-02-17 14:01:29,Wuthering Waves,"woilah optimalisasi nya lah wok,apalagi pas di map Lahai roi gerak dikit stuttering gaje.Di map lain biasa aja,intinya optimalisasi harus di utamakan..Jgn tiap update tu rumput di generate jadi 4k bisa goyang jir, emg dikira gw ga pernah megang rumput jir di rl",woilah optimalisasi nya lah wok apalagi saat di peta lahai roi gerak sedikit stuttering gaje di peta lain biasa saja intinya optimalisasi harus di utamakan jangan tiap pembaruan itu rumput di generate jadi k bisa goyang jir memang dikira saya tidak pernah megang rumput jir di rl,Negatif
Gusti Rangga Mahesa,3,2026-02-17 13:59:51,Wuthering Waves,"gamenya bagus cuma kekurangannya ga ada bahasa indonesia,tolong tambahin ya,KLO udah di tambah saya download nanti",gamenya bagus hanya kekurangannya tidak ada bahasa indonesia tolong tambahkan ya kalau sudah di tambah aku unduh nanti,Negatif
Webels,1,2026-02-17 13:25:30,Wuthering Waves,"sumpah padahal ni game bagus banget, tapi bugnya sumpah ganggu banget setiap mau login di suruh download 2gb terus (padahal gw udah full download semua datanya) udah 3 kali hari ini setiap habis istirahat dan saat mau lanjut grind malah di suruh download 2gb terus.. mungkin sekali okelah ya lah ini dah 3 kali bre gw juga ga tau apaan itu yang di download. udah mana setiap 2 gb itu masuk ke memori terus sialan",sumpah padahal ini game bagus sekali tapi bugnya sumpah ganggu sekali setiap mau masuk di suruh unduh gb terus padahal saya sudah penuh unduh semua datanya sudah kali hari ini setiap habis istirahat dan saat mau lanjut grind malah di suruh unduh gb terus mungkin sekali okelah ya lah ini sudah kali bre saya juga tidak tau apaan itu yang di unduh sudah mana setiap gb itu masuk ke penyimpanan terus sialan,Negatif
Ilham Prasetyo,5,2026-02-17 13:18:41,Wuthering Waves,"Bagusss, tapi dilaptop",bagusss tapi dilaptop,Positif
Eren Ramadhani,1,2026-02-17 12:54:05,Wuthering Waves,"gila update terbaru 3.1 sampai 60 an gb size nya. mikir koro, player mobile lebih banyak. auto hapus game, kembali ke game sebelah. GENS,,,,,,, N",gila pembaruan terbaru sampai an gb ukuran nya mikir koro player mobile lebih banyak auto hapus game kembali ke game sebelah gens n,Negatif
Naruto Uzumaki,1,2026-02-17 12:51:27,Wuthering Waves,astaga developer kenapa gamenya jadi lag dan stuttering dulu tidak seperti itu astaga saya jadi gak nyaman mainnya jadi saya uninstall mohon untuk diperbaiki untuk menjadi ringan lagi seperti dahulu🥹🙏,astaga developer kenapa gamenya jadi patah patah dan stuttering dulu tidak seperti itu astaga aku jadi tidak nyaman mainnya jadi aku uninstall mohon untuk diperbaiki untuk menjadi ringan lagi seperti dahulu wajah menahan air mata melipat tangan,Negatif
M.Hafizh Khairi Iqbal,5,2026-02-17 12:40:04,Wuthering Waves,hoki parah coy,hoki parah coy,Positif
Vegi Perdiansyah,3,2026-02-17 12:21:59,Wuthering Waves,Tambahin bahasa Indonesia please min,tambahkan bahasa indonesia tolong admin,Negatif
Lucid Drill,5,2026-02-17 12:00:20,Wuthering Waves,geloooo storynya ngalir banget cuy,geloooo storynya ngalir sekali cuy,Positif
Hiro,5,2026-02-17 11:46:43,Wuthering Waves,"bagus si, tapi hp hampir engga kuat",bagus si tapi handphone hampir tidak kuat,Negatif
haniaa,5,2026-02-17 07:33:42,Wuthering Waves,"jujur, dari segi grafik, gameplay, animasi, semuanya udah baguss. Tapi menurutku design charnya terlalu simple 😓 storynya jujur rada kurang juga buat aku, male char nya juga dikit kebanyakan female. Dan buat device yang bisa main juga terbatas banget, aku pake R5 aja nge lagg parah gabisa Smooth. Disini juga aku ga pernah menang rate off... selalu kalah 😓",jujur dari segi grafik permainan animasi semuanya sudah baguss tapi menurutku design charnya terlalu simple wajah berkeringat storynya jujur rada kurang juga buat aku male karakter nya juga sedikit kebanyakan female dan buat perangkat yang bisa main juga terbatas sekali aku pakai r saja nge lagg parah gabisa smooth disini juga aku tidak pernah menang rate mati selalu kalah wajah berkeringat,Negatif
Dr. Axiom,2,2026-02-17 06:48:05,Wuthering Waves,kekurangan nya hanya ada di Optimalisasi nya sama story nya yang terlalu love bait,kekurangan nya hanya ada di optimalisasi nya sama cerita nya yang terlalu suka bait,Negatif
papale papale,1,2026-02-17 04:44:22,Wuthering Waves,"Ga ada sub indo, tampilan sedikit blur, dan yg paling penting patah"", padahal main genshin lancar settingan tinggi 60fps, ini game medium aja patah"", dan itu sangat mengganggu kenyamanan",tidak ada sub indonesia tampilan sedikit buram dan yang paling penting patah padahal main genshin lancar settingan tinggi frame per detik ini game medium saja patah dan itu sangat mengganggu kenyamanan,Negatif
Fikri Muhammad Hidayatullah,5,2026-02-17 03:25:02,Wuthering Waves,lopyu kuro developer dermawan😘,lopyu kuro games developer dermawan wajah memberikan ciuman jauh,Positif
Qory Fayza,4,2026-02-17 02:19:54,Wuthering Waves,gbnya gede bgt,gbnya besar banget,Negatif
ello anomali,5,2026-02-17 01:53:20,Wuthering Waves,game nya udah bagus banget tapi plsss size nya kurangin😭,game nya sudah bagus sekali tapi plsss ukuran nya kurangin wajah menangis keras,Negatif
Dafa Wisnu Saputra,3,2026-02-17 00:44:58,Wuthering Waves,"kapan ada fitur hapus data lama, Size udh gak ngotak masa ga ada fitur hapus data jujur Udah Enjoy Ama Game Nya Cuman Masalah di size nya Aja Yang terlalu Over",kapan ada fitur hapus data lama ukuran sudah tidak ngotak masa tidak ada fitur hapus data jujur sudah nikmat sama game nya cuma masalah di ukuran nya saja yang terlalu over,Negatif
Akif Fatih,5,2026-02-17 00:26:58,Wuthering Waves,"bagus dari segi grafik nya, cuman masih ada bug nya mohon di perbaiki ya",bagus dari segi grafik nya cuma masih ada masalah teknis nya mohon di perbaiki ya,Negatif
Risman andi,5,2026-02-16 23:10:47,Wuthering Waves,baik semoga lancar,baik semoga lancar,Positif
Strato Mafiz,5,2026-02-16 20:36:37,Wuthering Waves,game yang bagus,game yang bagus,Positif
Abdullah Ahmad hasan,4,2026-02-16 17:57:44,Wuthering Waves,bagus sekali,bagus sekali,Positif
aqil spk,3,2026-02-16 15:47:39,Wuthering Waves,"3.1 optimalisasi sangat berat untuk mobile ,frame drop parah, bahkan di setting low,btw saya pakai chipset snapdragon 7 gen3,padahal huanglong sangat mantap optimalisasi nya.",optimalisasi sangat berat untuk mobile frame turun parah bahkan di setting low omong aku pakai chipset snapdragon gen padahal huanglong sangat mantap optimalisasi nya,Negatif
G. Wannatabe,2,2026-02-16 14:44:06,Wuthering Waves,"size terlalu besar,tampaknya kurang dioptimalisasi",ukuran terlalu besar tampaknya kurang dioptimalisasi,Negatif
Valen Bkl,5,2026-02-16 12:58:14,Wuthering Waves,"bagus bgt ga game nya, tapi sayang grafiknya gak bisa bagus di HP kentang saya",bagus banget tidak game nya tapi sayang grafiknya tidak bisa bagus di handphone spesifikasi rendah aku,Negatif
Hilwa Putri sinaga,5,2026-02-16 12:33:05,Wuthering Waves,"Bagus banget, semangat untuk update game ini. Pokokny kalau game ini di update bikin yg hebat, seru, gk bikin bosen, dan animasiny bikin paling woooow😁😆🤩. Semangat min dan yg lainnya yg buat game ini mainin bagus😄👍",bagus sekali semangat untuk pembaruan game ini pokokny kalau game ini di pembaruan membuat yang hebat seru tidak membuat bosan dan animasiny membuat paling woooow wajah gembira dengan mata bahagia wajah tersenyum lebar dan memejamkan mata wajah dengan mata berbentuk bintang semangat admin dan yang lainnya yang buat game ini mainin bagus wajah tersenyum lebar dan mata tertutup jempol ke atas,Positif
Bang Fer,3,2026-02-16 12:17:21,Wuthering Waves,Kapan Ada subtitle Indonesia nya?,kapan ada subtitle indonesia nya,Negatif
OscAr,5,2026-02-16 10:43:02,Wuthering Waves,terlalu baik,terlalu baik,Positif
Haikal Apriandana,3,2026-02-16 10:03:39,Wuthering Waves,"Dear Kuro. Why do controllers always have bugs after updates? This is very annoying, so please pay more attention to controller bug issues. Thank you.",sayang kuro games kenapa do controllers always punya bugs after updates this adalah sangat annoying jadi tolong pay more attention ke controller masalah teknis issues thank kamu,Negatif
MUHAMMAD IKHSAN,2,2026-02-16 09:26:43,Wuthering Waves,storage lumayan bengkak dengan optimalisasi yang aga kurang? beberapa kali saya coba dengan berbagai setingan grafik masih tetap terjadi frame drop/stattering walau sudah menggunakan frame gen dan vulkan rendering saya harap Kuro bisa berbenah dalam hal ini karna perfoma merupakan suata hal penting dalam video game terutama untuk menyenangkan para player,penyimpanan lumayan bengkak dengan optimalisasi yang aga kurang beberapa kali aku coba dengan berbagai setingan grafik masih tetap terjadi frame turun stattering walau sudah menggunakan frame gen dan vulkan rendering aku harap kuro games bisa berbenah dalam hal ini karena perfoma merupakan suata hal penting dalam video game terutama untuk menyenangkan para player,Negatif
Sul Voldigoad,5,2026-02-16 09:17:18,Wuthering Waves,game gacha terbaik,game undian terbaik,Positif
Kagayuro Kazamu,5,2026-02-16 08:35:40,Wuthering Waves,"game bagus tapi kalau bisa ruang penyimpanannya jangan bengkak, dan ramah spek, karena menurut saya infinix harusnya bisa ngangkat, namun ini agak ngelag2",game bagus tapi kalau bisa ruang penyimpanannya jangan bengkak dan ramah spek karena menurut aku infinix harusnya bisa ngangkat namun ini agak patah patah,Negatif
Fathir Nur putra,1,2026-02-16 08:00:36,Wuthering Waves,Data terlalu besar setiap kali update,data terlalu besar setiap kali pembaruan,Negatif
Tommy Dimyati,3,2026-02-16 06:32:51,Wuthering Waves,"gamenya bagus, sayang manejemen nya agak gila, eror bug dimana-mana, Size nya membengkak karna manejemen filenya payah, Optimalisasi nya makin buruk, kalo dibiarin mah orang maen game bukannya healing malah jadi males kalo eror Mulu.",gamenya bagus sayang manejemen nya agak gila gangguan masalah teknis dimana mana ukuran nya membengkak karena manejemen filenya payah optimalisasi nya makin buruk kalau dibiarin mah orang main game bukannya healing malah jadi malas kalau gangguan terus,Negatif
Afif Murtaza,5,2026-02-16 06:29:51,Wuthering Waves,"game terbaik selama ini, developer selalu memerhatikan dan melibatkan playernya. salut sama developernya. keren keren",game terbaik selama ini developer selalu memerhatikan dan melibatkan playernya salut sama developernya keren keren,Positif
Arga J.a,5,2026-02-16 06:10:39,Wuthering Waves,kerennn,kerennn,Positif
Ayatuha Alfath,2,2026-02-16 06:10:29,Wuthering Waves,gamenya bagus tapi terlalu berat dari segi data dan game play. jadi saya berharap agar update selanjutnya menjadi lebih ringan,gamenya bagus tapi terlalu berat dari segi data dan game main jadi aku berharap agar pembaruan selanjutnya menjadi lebih ringan,Positif
Fairhaven.,5,2026-02-16 04:54:11,Wuthering Waves,"Honestly, I really like this game, both the battles, the animations, and the characters. And I have already downloaded everything totaling 50GB, then when there's an update, it requires downloading another 20GB? Come on, how much storage is this game going to take, Kuro. I'm sure players out there feel the same frustration.",honestly i benar suka this game both sebuah battles sebuah animations dan sebuah characters dan i punya already downloaded everything totaling gb lalu when there s an pembaruan it requires downloading another gb come nyala bagaimana much penyimpanan adalah this game going ke ambil kuro games i m sure players keluar there merasa sebuah same frustration,Negatif
yura,2,2026-02-16 04:05:03,Wuthering Waves,"optimalisasi kurang, saya kasih bintang 2 dulu",optimalisasi kurang aku kasih bintang dulu,Negatif
Dimas Renata (Raphael Renata),5,2026-02-16 03:35:04,Wuthering Waves,"permisih ,aku mau bilang soal sinyal pingnya yang selalu jelek di sekitar kuning atau merah padahal di versi sebelumnya bisa aman di hijau ,di game lain juga aman saja pingnya ,mungkin itu saja",permisih aku mau bilang soal jaringan pingnya yang selalu jelek di sekitar kuning atau merah padahal di versi sebelumnya bisa aman di hijau di game lain juga aman saja pingnya mungkin itu saja,Negatif
Lucio berek,2,2026-02-16 03:02:30,Wuthering Waves,Terlalu berat,terlalu berat,Negatif
Amel LiA,5,2026-02-16 01:31:24,Wuthering Waves,game sudah bagus tpi buat hp memori 125g sangat berat ..tolong memikirkan size iya buat davis low.. tidak semua orng mampu beli davis bagus.. 🙏sekarng tatangan game ini cuma di davis pemain udah getu saja..,game sudah bagus tapi buat handphone penyimpanan tidak sangat berat tolong memikirkan ukuran iya buat davis low tidak semua orang mampu beli davis bagus melipat tangan sekarng tatangan game ini hanya di davis pemain sudah getu saja,Negatif
Mmmy Agus,5,2026-02-16 01:07:52,Wuthering Waves,pokonya sangkat bagusnya..,pokonya sangkat bagusnya,Positif
Artha Lg,5,2026-02-15 20:08:45,Wuthering Waves,asik,asyik,Positif
Mahfud ari m,5,2026-02-15 18:39:37,Wuthering Waves,"semenjak update 1.1 game nya menjadi lebih berat, banyak masalah bermunculan 1/1..",semenjak pembaruan game nya menjadi lebih berat banyak masalah bermunculan,Negatif
Aryadi Arjuna Senjaya,5,2026-02-15 17:42:30,Wuthering Waves,ya boleh lah Hp xiomi 14T pro ram 24 storge 512GB dan download an nya 50 GB lebih ni game aanjjiieerrr,ya boleh lah handphone xiomi t pro memori storge gb dan unduh an nya gb lebih ini game aanjjiieerrr,Positif
Dimas Eko,5,2026-02-15 15:36:10,Wuthering Waves,best,terbaik,Positif
Angelina Gracia,4,2026-02-15 13:35:37,Wuthering Waves,"saya menemukan sedikit bug,saat saya sudah menyelesaikan misi kok malah tidak selesai saya sedikit tidak suka dengan ini.",aku menemukan sedikit masalah teknis saat aku sudah menyelesaikan misi kok malah tidak selesai aku sedikit tidak suka dengan ini,Negatif
Talita Sakilah rekha,4,2026-02-15 12:42:17,Wuthering Waves,bagus.. aku suka grafik nya.. dan unik. meskipun agak ngelag,bagus aku suka grafik nya dan unik meskipun agak patah patah,Positif
Ahmad Reysa Fr,4,2026-02-15 12:26:55,Wuthering Waves,"Saran, untuk map lahai-roi bagian kota masih perlu optimalisasi karena kadang fps anjlok di kota bagian tertentu",saran untuk peta lahai roi bagian kota masih perlu optimalisasi karena kadang frame per detik anjlok di kota bagian tertentu,Negatif
Adhi Saputro,5,2026-02-15 12:01:53,Wuthering Waves,"game nya keren, grafis oke, cuman tolong tambahin bahasa Indonesia di update selanjutnya biar kami para pemain dari indonesia paham dengan alur ceritanya, karena tidak semua pemain dari indonesia bisa bahasa inggris dan bahasa lain",game nya keren grafis oke cuma tolong tambahkan bahasa indonesia di pembaruan selanjutnya supaya kami para pemain dari indonesia paham dengan alur ceritanya karena tidak semua pemain dari indonesia bisa bahasa inggris dan bahasa lain,Negatif
zhulkhah 74,5,2026-02-15 11:47:46,Wuthering Waves,bagus bet,bagus sekali,Positif
Kangmas Irvan,5,2026-02-15 10:44:27,Wuthering Waves,"untuk dev.. saya undur diri dulu,,saya uninstall apk dan pensiun sebagai player wuwa karna device saya sudah tidak mampu dengan storage nya...kesan saya sangat baik tentang game ini dan saya sangat suka..tapi sepertinya sampai sini dulu perjalanan kita...sukses terus game terfavorit dan tersayang 🥹🥹🥹",untuk dev aku undur diri dulu aku uninstall apk dan pensiun sebagai player wuthering waves karena perangkat aku sudah tidak mampu dengan penyimpanan nya kesan aku sangat baik tentang game ini dan aku sangat suka tapi sepertinya sampai sini dulu perjalanan kita sukses terus game terfavorit dan tersayang wajah menahan air mata wajah menahan air mata wajah menahan air mata,Negatif
Zora Ai,5,2026-02-15 10:29:15,Wuthering Waves,aku suka anime,aku suka anime,Positif
bebek bekicot,3,2026-02-15 09:10:49,Wuthering Waves,"data geme nya itu loh,banyak bangetttt",data geme nya itu loh banyak bangetttt,Negatif
Ilham wilya putra,5,2026-02-15 08:41:41,Wuthering Waves,lancar,lancar,Positif
Frx T,1,2026-02-15 08:16:12,Wuthering Waves,"gamenya saya hapus, karna ketika update storage yg dibutuhkan tidak dikurangi size game saat ini. sehingga saya perlu menghapus terlalu banyak file. misal storage dibutuhkan saat update adalah 60GB, dan size game adalah 34GB, size game saat ini tidak dimasukkan ke 60GB tersebut, jadi saya tetap harus mengosongkan 60GB, bukan 26GB. ini saya anggap kesombongan developer.",gamenya aku hapus karena ketika pembaruan penyimpanan yang dibutuhkan tidak dikurangi ukuran game saat ini sehingga aku perlu menghapus terlalu banyak file misal penyimpanan dibutuhkan saat pembaruan adalah gb dan ukuran game adalah gb ukuran game saat ini tidak dimasukkan ke gb tersebut jadi aku tetap harus mengosongkan gb bukan gb ini aku anggap kesombongan developer,Negatif
z.channel,5,2026-02-15 07:43:01,Wuthering Waves,"Halo Kuro Games, saya ingin bertanya mengenai pembaruan terbaru. Mengapa saya harus menyediakan ruang penyimpanan sekitar ±63 GB (total setelah update), padahal ukuran unduhannya hanya ±21 GB? Saat ini saya sudah menyiapkan ruang sebesar 25 GB, namun tetap tidak bisa melakukan update. Mohon bantuannya atau perbaikannya agar saya tidak tertinggal event-event menarik kalian.",halo kuro games games aku ingin bertanya mengenai pembaruan terbaru mengapa aku harus menyediakan ruang penyimpanan sekitar gb total setelah pembaruan padahal ukuran unduhannya hanya gb saat ini aku sudah menyiapkan ruang sebesar gb namun tetap tidak bisa melakukan pembaruan mohon bantuannya atau perbaikannya agar aku tidak tertinggal acara acara menarik kalian,Negatif
Ardy Ware,5,2026-02-15 07:04:00,Wuthering Waves,mantep,mantap,Positif
Ahsan N Rohman,5,2026-02-15 05:56:36,Wuthering Waves,udah download 47 GB update 19 GB free space perlu 60 GB pensi aja gua lah,sudah unduh gb pembaruan gb gratis penyimpanan perlu gb berhenti main saja saya lah,Negatif
Celemotan Api,5,2026-02-15 05:56:22,Wuthering Waves,mantap,mantap,Positif
Seeha,1,2026-02-15 04:03:01,Wuthering Waves,Game Jelek,game jelek,Negatif
Faatih Ramazkha,5,2026-02-15 03:24:32,Wuthering Waves,"lore nya makin menarik, world building nya juga keren",lore nya makin menarik world building nya juga keren,Positif
Dariel Calisto,5,2026-02-15 03:22:27,Wuthering Waves,keren,keren,Positif
Animation “Ilyas”,2,2026-02-15 01:08:51,Wuthering Waves,"developer aku plis tolong perbaiki loading screen nya,saya ingin memainkan game ini tapi malah muncul tulisan notice🥺,aku mohon bug screen nya tolong di perbaiki",developer aku tolong tolong perbaiki loading screen nya aku ingin memainkan game ini tapi malah muncul tulisan notice wajah memelas aku mohon masalah teknis screen nya tolong di perbaiki,Negatif
Daril Ml,1,2026-02-15 01:08:45,Wuthering Waves,tolong optimalisasi game nya GK semua orang punya device high end pasti kebanyakan orang device nya entry level pengen bermain game ini juga tolong dengarkan pendapat pemain saya hanya butuh game untuk di optimalisasi kan agar device entry level bisa bermain juga,tolong optimalisasi game nya tidak semua orang punya perangkat high akhir pasti kebanyakan orang perangkat nya entry level ingin bermain game ini juga tolong dengarkan pendapat pemain aku hanya butuh game untuk di optimalisasi kan agar perangkat entry level bisa bermain juga,Negatif
Rico March Everest,3,2026-02-14 22:48:43,Wuthering Waves,"Kok aku gak bisa log in ini, aplikasi nya tdk menanggapi",kok aku tidak bisa log di ini aplikasi nya tidak menanggapi,Negatif
Akhdan Aufa,5,2026-02-14 20:06:38,Wuthering Waves,"keren grafik nya, optimistisasi nya",keren grafik nya optimistisasi nya,Positif
Fin Res,1,2026-02-14 19:49:14,Wuthering Waves,makin males main Keluar sendiri mulu mending uninstall aja kaya gini mah padahal sinyal bagus ruangan/ram masih banyak tetep aja Keluar makin kesini makin kecewa,makin malas main keluar sendiri terus mending uninstall saja seperti gini mah padahal jaringan bagus ruangan memori masih banyak tetap saja keluar makin kesini makin kecewa,Negatif
Nur Hasan,3,2026-02-14 19:30:00,Wuthering Waves,udh ku hapus gms ni karnah gk maen lg karnah udh kikir pelit trus dapat yg ampas pulak mang btul dah nampak kikir nya awal doang dapat yg bagus2,sudah ku hapus gms ini karnah tidak main lagi karnah sudah pelit pelit terus dapat yang jelek pula mang betul sudah nampak pelit nya awal saja dapat yang bagus,Negatif
S i n o x,4,2026-02-14 19:06:42,Wuthering Waves,"mohon optimasi lagi rendering nya sering mengalami glicth mendadak dan fps yang sering drop terutama kawasan lahai roi ,saran saya untuk NPC bisa diatur untuk voice dan dialogue bubbles nya dimatikan atau dihidupkan meringankan kinerja ,dan kalau bisa perbanyak sedikit resource karna untuk patch sekarang terlalu banyak Hal untuk di explore tapi yang didapatkan tidak sepadan bahkan sangat kurang mohon beri tambahan atau percepat waktu waveplate untuk perhari nya",mohon optimasi lagi rendering nya sering mengalami glicth mendadak dan frame per detik yang sering turun terutama kawasan lahai roi saran aku untuk npc bisa diatur untuk suara dan dialogue bubbles nya dimatikan atau dihidupkan meringankan kinerja dan kalau bisa perbanyak sedikit resource karena untuk pembaruan sekarang terlalu banyak hal untuk di explore tapi yang didapatkan tidak sepadan bahkan sangat kurang mohon beri tambahan atau percepat waktu waveplate untuk perhari nya,Negatif
Whisnu Senpai,5,2026-02-14 13:44:07,Wuthering Waves,👍,jempol ke atas,Positif
Ali Mustofa,5,2026-02-14 13:12:25,Wuthering Waves,tolong kalau bisa di tambahkan bahasa Indonesia sekian terima kasih,tolong kalau bisa di tambahkan bahasa indonesia sekian terima kasih,Negatif
Aditya Reva,1,2026-02-14 13:06:27,Wuthering Waves,"size terlalu besar untuk pengguna Android, tolong di optimalkan lagi",ukuran terlalu besar untuk pengguna android tolong di optimalkan lagi,Negatif
MUHAMMAD REZA ARMANDA,5,2026-02-14 10:24:06,Wuthering Waves,bagus ada cartetya dan zero two wuwa version,bagus ada cartetya dan zero two wuthering waves version,Positif
Yukina Zi,4,2026-02-14 09:38:13,Wuthering Waves,"tbh hp 256gb gua udah gabisa update wuwa lagi anjir, di kompres lagi napa si datanya",jujur handphone gb saya sudah gabisa pembaruan wuthering waves lagi anjing di kompres lagi napa si datanya,Negatif
Keii Keii,5,2026-02-14 06:08:37,Wuthering Waves,puas,puas,Positif
Zero,5,2026-02-14 05:59:01,Wuthering Waves,Story nya absolute Cinema Tapi tolong Untuk Optimasi nya di Perbaiki,cerita nya absolute cinema tapi tolong untuk optimasi nya di perbaiki,Negatif
Moch Adam firdaus,4,2026-02-14 01:48:18,Wuthering Waves,gak ada bahasa Indonesia,tidak ada bahasa indonesia,Negatif
Febrian Matthew,5,2026-02-13 20:57:28,Wuthering Waves,WELL WELL WELL OVERALL UDH BAGUS BANYAKIN LAGI PEAK STORYNYA BANG KURO 😁,well well well overall sudah bagus banyakin lagi peak storynya kakak kuro games wajah gembira dengan mata bahagia,Positif
Vann Dxd,1,2026-02-13 20:30:06,Wuthering Waves,"fanservice noh lu kurangin, bete gw fanservice mulu yang ditonjolin, giliran optimalisasi kayak pura pura ga liat",fanservice noh lu kurangin bete saya fanservice terus yang ditonjolin giliran optimalisasi seperti pura pura tidak lihat,Negatif
BEBEKSAKIT X,5,2026-02-13 19:40:54,Wuthering Waves,"Game bagus, effort tinggi, animasi bagus, visual bagus, build karakter mudah, overall recommended",game bagus effort tinggi animasi bagus visual bagus build karakter mudah overall recommended,Positif
Erwin Saputra,5,2026-02-13 18:11:00,Wuthering Waves,luar biasa keren grafiknya ngk bosan skilnya dan character nya,luar biasa keren grafiknya tidak bosan skilnya dan character nya,Positif
Rey,5,2026-02-13 17:56:46,Wuthering Waves,pliss kalo bisa tambahin b. Indonesia gamenya udah bagus tapi kekurangan itu,tolong kalau bisa tambahkan b indonesia gamenya sudah bagus tapi kekurangan itu,Negatif
camink onlyone,1,2026-02-13 17:26:27,Wuthering Waves,"Sorry for giving one star, because I am disappointed every time I switch accounts it always asks for an update, please fix it immediately.",maaf untuk giving satu star karena i am disappointed setiap waktu i switch accounts it always asks untuk an pembaruan tolong tetap it immediately,Negatif
SINCE Miyo,1,2026-02-13 17:21:43,Wuthering Waves,"apa cuman aku aja yg merasa game ny akhir akhir ini event sedikit kasih buat f2p ya ,bukan cuman itu developer lebih nyari untung sekarang buat player TU di awal main top up ke bantu support seperti camelia.shoreekeper,cerita ny juga jadi ngk menarik sih MC (Rover) ,sih MC ini di buat seolah olah polos bgt ,udh gitu sih MC ini suka bgt numbalin temen buat ke baikan dia sendiri tapi dengan dahli kebaikan orang banyak contoh,(phrolova,Camelia,Cartethyia dan sekarang amtyh) besok next up siapa lagi",apa cuma aku saja yang merasa game nya akhir akhir ini acara sedikit kasih buat fp ya bukan cuma itu developer lebih nyari untung sekarang buat player itu di awal main top atas ke bantu dukung seperti camelia shoreekeper cerita nya juga jadi tidak menarik sih mc rover sih mc ini di buat seolah olah polos banget sudah begitu sih mc ini suka banget numbalin teman buat ke baikan dia sendiri tapi dengan dahli kebaikan orang banyak contoh phrolova camelia cartethyia dan sekarang amtyh besok lanjut atas siapa lagi,Negatif
Yoga Vebryan,5,2026-02-13 15:04:24,Wuthering Waves,Minus Optimalisasi,minus optimalisasi,Negatif
emilyy wibuu,5,2026-02-13 13:33:50,Wuthering Waves,"woikk sung penuh memo gua,tp bagus ko🤭",woikk sung penuh memo saya tapi bagus ko wajah dengan tangan menutup mulut,Negatif
dedik ricky,4,2026-02-13 13:08:49,Wuthering Waves,"please, bisa dikurangi ga ukurannya? yakali di mobile 60GB+ bjirr ada lgi masalah optimalisasi nya kyk masih kurang untuk yang di versi mobile. tolong perbaiki lagi. sama satu lagi, jangan kebanyakan romance",tolong bisa dikurangi tidak ukurannya yakali di mobile gb bjirr ada lagi masalah optimalisasi nya seperti masih kurang untuk yang di versi mobile tolong perbaiki lagi sama satu lagi jangan kebanyakan romance,Negatif
ri Fa,3,2026-02-13 12:01:39,Wuthering Waves,"untuk sekarang saya beri 3 bintang dulu karena size nya yang membengkak sejak masuk ke septimon,saya harap size nya bisa di optimalkan lagi karena game ini baru berumur 1.5 tahun tapi size di mobile bisa lebih dari 60 GB dan bagaimana kalau game ini sudah berumur 3 tahun atau lebih, tidak mungkin kan? game mobile size nya bisa lebih dari 100gb lebih,jadi saya harap tim dev nya bisa meng Optimasikan game nya sebelum player mobile menarik diri dari game ini.",untuk sekarang aku beri bintang dulu karena ukuran nya yang membengkak sejak masuk ke septimon aku harap ukuran nya bisa di optimalkan lagi karena game ini baru berumur tahun tapi ukuran di mobile bisa lebih dari gb dan bagaimana kalau game ini sudah berumur tahun atau lebih tidak mungkin kan game mobile ukuran nya bisa lebih dari gb lebih jadi aku harap grup dev nya bisa meng optimasikan game nya sebelum player mobile menarik diri dari game ini,Negatif
Vatir,5,2026-02-13 11:54:42,Wuthering Waves,sangat bagus,sangat bagus,Positif
MR ALVARESELESTANSULTAN,5,2026-02-13 10:26:05,Wuthering Waves,Wuthering waves coba collaborasi sama hatsune Miku,wuthering waves coba collaborasi sama hatsune miku,Positif
No Name,5,2026-02-13 09:09:50,Wuthering Waves,"Versi 3.1 lumayan kureng optimisasi nya, selebihnya✋🏻🥺🤚🏻",versi lumayan kureng optimisasi nya selebihnya telapak tangan terbuka dengan jari rapat warna kulit cerah wajah memelas angkat tangan warna kulit cerah,Positif
Mei,1,2026-02-13 09:08:56,Wuthering Waves,HP GUE UDH GAKUAT LG PLS OPTIMALISASI KAN DONG BUAT HP..,handphone aku sudah gakuat lagi tolong optimalisasi kan dong buat handphone,Negatif
fahmi,5,2026-02-13 08:09:04,Wuthering Waves,mantul,mantul,Positif
Dekara Bian,1,2026-02-13 06:28:57,Wuthering Waves,optimasi buruk,optimasi buruk,Negatif
ーHyuzeメ Shinnー,3,2026-02-13 06:17:24,Wuthering Waves,"overall bagus semua, tapi minusnya cmn waktu update, setiap update patch harus hapus trs download lagi. butuh ruang penyimpanan kosong 50gb lebih, ini ada penyimpanan kosong 40gb+ padahal updatenya paling ga lebih dari 20gb, pada akhirnya harus hapus download lagi kalo pake wifi sih ga masalah, tapi saya pake paket data internet, jadi makin boros",overall bagus semua tapi minusnya cuma waktu pembaruan setiap pembaruan pembaruan harus hapus terus unduh lagi butuh ruang penyimpanan kosong gb lebih ini ada penyimpanan kosong gb padahal updatenya paling tidak lebih dari gb pada akhirnya harus hapus unduh lagi kalau pakai wifi sih tidak masalah tapi aku pakai paket data internet jadi makin boros,Negatif
fujitora aki,3,2026-02-13 06:08:06,Wuthering Waves,"fc mulu ni game di dimensityy 8400 dah kenapa ini game belakanhan ini, fix dongg",fc terus ini game di dimensityy sudah kenapa ini game belakanhan ini tetap dongg,Negatif
Danil,1,2026-02-13 05:20:37,Wuthering Waves,kapan ada bahasa Indonesia nya ??,kapan ada bahasa indonesia nya,Negatif
Ahmad Fauzan,5,2026-02-13 03:40:17,Wuthering Waves,keren,keren,Positif
Ardi ft. Zeont,5,2026-02-13 01:16:15,Wuthering Waves,request penambahan Bahasa indo bang kuro,minta penambahan bahasa indonesia kakak kuro games,Negatif
Muhammad Dendy,2,2026-02-13 00:10:18,Wuthering Waves,PLEAS BAHASA INDONESIAN READY,pleas bahasa indonesian ready,Negatif
Hussein Abdullah,1,2026-02-12 20:15:13,Wuthering Waves,"tolong ukuranya di perkecil jgn hanya fokus pada grafik saja grafik memang bagus itu untuk yg main di pc tapi di mobile ukurannya sangat bengkak sekali mohon pertimbangkan, jangan lupa untuk compiling shader itu gila sangat lama sekali bahkan bisa menghabiskan baterai 10 %",tolong ukuranya di perkecil jangan hanya fokus pada grafik saja grafik memang bagus itu untuk yang main di komputer tapi di mobile ukurannya sangat bengkak sekali mohon pertimbangkan jangan lupa untuk compiling shader itu gila sangat lama sekali bahkan bisa menghabiskan baterai,Negatif
Muhammad Faiq Sayudha Al Fairuz,5,2026-02-12 19:27:25,Wuthering Waves,makasi kuro menang rate off 10 spin,terimakasih kuro games menang rate mati spin,Positif
Ad Yan,5,2026-02-12 18:37:01,Wuthering Waves,klo bisa grafiknya kaya pas pake PC aja soalnya hp sekarang dah banyak yang bagus,kalau bisa grafiknya seperti saat pakai komputer saja soalnya handphone sekarang sudah banyak yang bagus,Negatif
Justine AO,3,2026-02-12 17:18:15,Wuthering Waves,"sering banget update, tapi performa tetep ga maksimal. main di HP infinix gt 20 pro rata kiri, texture nya medium, fps 40,main stengah jam udah panas. males ah. edit : gameplay nya seru tapi 👍",sering sekali pembaruan tapi performa tetap tidak maksimal main di handphone infinix gitu pro rata kiri texture nya medium frame per detik main stengah jam sudah panas malas ah edit permainan nya seru tapi jempol ke atas,Negatif
Lord Ian,5,2026-02-12 17:00:00,Wuthering Waves,Bagus bgtttt,bagus bgtttt,Positif
Syauqi,5,2026-02-12 16:06:53,Wuthering Waves,gamenya bagus tapi tolong tambahkan bahasa indonesia😭🙏,gamenya bagus tapi tolong tambahkan bahasa indonesia wajah menangis keras melipat tangan,Negatif
Putra Permana,5,2026-02-12 14:58:15,Wuthering Waves,bagus,bagus,Positif
Mhd Alprialdi,5,2026-02-12 13:47:29,Wuthering Waves,"Luar biasa ini game, mulai dari ekspresi, visual, MC, Cerita, semuanya SEMPURNA. Yg blg size gede ya wajar toh grafik juga menjelaskan.",luar biasa ini game mulai dari ekspresi visual mc cerita semuanya sempurna yang blg ukuran besar ya wajar toh grafik juga menjelaskan,Negatif
Luna Urushia,5,2026-02-12 13:36:28,Wuthering Waves,"Gameplay oke sangat serasa main PGR versi open world. Saya harap lebih dioptimalkan biar lebih ringan bahkan di Snapdragon 8 gen 3 aja kadang drop fps, khususnya region baru kayak akademi itu berat banget renderingnya. Semoga bisa lebih baik dan saya yakin kuro bekerja keras untuk game ini, pokoknya makasih kuro 🙏",permainan oke sangat serasa main pgr versi buka world aku harap lebih dioptimalkan supaya lebih ringan bahkan di snapdragon gen saja kadang turun frame per detik khususnya region baru seperti akademi itu berat sekali renderingnya semoga bisa lebih baik dan aku yakin kuro games bekerja keras untuk game ini pokoknya terimakasih kuro games melipat tangan,Negatif
Wenda Karyana,1,2026-02-12 09:13:28,Wuthering Waves,"Game stress dikit dikit update, baru beberapa hari minta update, developernya mau korupsi ya, ingat dosa loh",game stress sedikit sedikit pembaruan baru beberapa hari minta pembaruan developernya mau korupsi ya ingat dosa loh,Negatif
Ariq Naufal,4,2026-02-12 08:52:16,Wuthering Waves,"suara in game saya kok hilang ya, padahal full semua volumenya",suara di game aku kok hilang ya padahal penuh semua volumenya,Negatif
Jumayati 2025,4,2026-02-12 07:29:39,Wuthering Waves,"rame dan bikin seperti dewa menghajar musuh monster ,tapi pergerakan kurang mulus walaupun setingan extra lowest,mohon agar di perbaikin lagi dan masalah ukuran aplikasi kok jadi 1GB lebih ,padahal kemarin2 mash skitar 800 mb,aja dan gak ada perubahan yg signifikan di pergerakannya walaupun ukuran nambah,mohon di perbaiki kayak genshin impact mulus walaupun ukuran download data nya besar",rame dan membuat seperti dewa menghajar musuh monster tapi pergerakan kurang mulus walaupun setingan extra lowest mohon agar di perbaikin lagi dan masalah ukuran aplikasi kok jadi gb lebih padahal kemarin mash skitar mb saja dan tidak ada perubahan yang signifikan di pergerakannya walaupun ukuran nambah mohon di perbaiki seperti genshin impact mulus walaupun ukuran unduh data nya besar,Negatif
Albasir Simbala,5,2026-02-12 06:30:21,Wuthering Waves,bagus banget anjir,bagus sekali anjing,Positif
M Fikri Ramdani,5,2026-02-12 05:02:30,Wuthering Waves,doaindapet aemath kalo ga dapet bintang 1,doaindapet aemath kalau tidak dapat bintang,Negatif
ATTACK TITAN,1,2026-02-12 04:26:06,Wuthering Waves,game sampah,game sampah,Negatif
Dayat Ade,4,2026-02-12 03:32:52,Wuthering Waves,"Game sudah bagus tapi sayang size-nya sangat besar,, update 20mb,, total size-nya di Hp/mobile sampai 55gb..,, sepertinya bakal pensiun main wuwa biarpun game bagus tapi storage HP gak bisa bohong,, jadi berat banget..thanks wuwa aku main dari 1.0 sampai 3.0 saja..karena size-nya sangat berat di mobile/HP.",game sudah bagus tapi sayang ukuran nya sangat besar pembaruan mb total ukuran nya di handphone mobile sampai gb sepertinya akan pensiun main wuthering waves biarpun game bagus tapi penyimpanan handphone tidak bisa bohong jadi berat sekali terimakasih wuthering waves aku main dari sampai saja karena ukuran nya sangat berat di mobile handphone,Negatif
You Lose,5,2026-02-11 23:12:55,Wuthering Waves,"game whutering waves pact 3.1 sangat berat di mobile,frame drop, lag, size nya bengkak, mohon perbaikannya",game whutering waves pact sangat berat di mobile frame turun patah patah ukuran nya bengkak mohon perbaikannya,Negatif
Danang Setyo Hutomo,5,2026-02-11 22:22:53,Wuthering Waves,mantap pokona mah,mantap pokona mah,Positif
FF EVOS Fx,5,2026-02-11 20:09:33,Wuthering Waves,bagus,bagus,Positif
Nandita Camelia Nugraha,5,2026-02-11 17:08:05,Wuthering Waves,tolong di perangkat helio g99 di optimalkan lagi dapatkan 30 fps,tolong di perangkat helio tidak di optimalkan lagi dapatkan frame per detik,Negatif
男,4,2026-02-11 16:01:46,Wuthering Waves,"tolong dong ini gmn,semakin update semakin berat ini game,bagi versi android masih terlalu berat ini 😭,masuk ke lahai apalagi drop parah fps,tolong kuro😭✌",tolong dong ini bagaimana semakin pembaruan semakin berat ini game bagi versi android masih terlalu berat ini wajah menangis keras masuk ke lahai apalagi turun parah frame per detik tolong kuro games wajah menangis keras isyarat kemenangan,Negatif
fausi Ram,5,2026-02-11 15:54:12,Wuthering Waves,mines nga ada bahasa indonesia,mines tidak ada bahasa indonesia,Negatif
Nurul Hatifah,2,2026-02-11 13:14:24,Wuthering Waves,story nya ngebosenin si. kalau bisa nambahin b indo juga biar lebih ngerti,cerita nya ngebosenin si kalau bisa nambahin b indonesia juga supaya lebih ngerti,Negatif
Erick Andrew,5,2026-02-11 13:09:50,Wuthering Waves,"Thanks Kuro Game is the Best🙏, keluhan player masalah BUG sudah diperbaiki, di Tambah Update Baru 3.1 jauh lebih stabil dan Bagus Banget perubahannya. ditambah Map Baru dan karakter Baru dengan Visual dan Grafik Yang Luar biasa Bagus (Game Of The Year) Kembangkan Kuro & Wuthering Waves is The Best 👍👏🔥",terimakasih kuro games game adalah sebuah terbaik melipat tangan keluhan player masalah masalah teknis sudah diperbaiki di tambah pembaruan baru jauh lebih stabil dan bagus sekali perubahannya ditambah peta baru dan karakter baru dengan visual dan grafik yang luar biasa bagus game of sebuah year kembangkan kuro games wuthering waves adalah sebuah terbaik jempol ke atas tepuk tangan api,Positif
FahriHD15,5,2026-02-11 12:51:39,Wuthering Waves,"game nya bagus grafik bagus kalau rata kanan, alur cerita agak ya gitu lah tapi tetep bagus lah, semangat terus untuk Dev nya",game nya bagus grafik bagus kalau rata kanan alur cerita agak ya begitu lah tapi tetap bagus lah semangat terus untuk dev nya,Positif
Ryozo saki,5,2026-02-11 11:45:53,Wuthering Waves,game nya bagus tapi saya minta tolong kasih fitur unlik email kuro game nya🙏,game nya bagus tapi aku minta tolong kasih fitur unlik email kuro games game nya melipat tangan,Negatif
Scifi Six,4,2026-02-11 10:44:58,Wuthering Waves,game nya udah bagus tapi map terbaru luas tapi musuh jarang dan terlaulu banyak tebing yang tinggi/dalam dan menurut saya kurang cocok untuk motor mungkin fitur terbang akan lebih membantu,game nya sudah bagus tapi peta terbaru luas tapi musuh jarang dan terlaulu banyak tebing yang tinggi dalam dan menurut aku kurang cocok untuk motor mungkin fitur terbang akan lebih membantu,Negatif
Rein Enzeva,2,2026-02-11 10:44:20,Wuthering Waves,"kurang optimalisasi,makin berat saat dimainkan,data makin gede 60GB lebih,mana sekarang tidak ramah dengan F2P,minimal setiap karakter harus RC'3 kenapa?pada saat main TOA/Hologram/WiWa damage dituntut harus besar udah gitu diwaktu pula,jadi yang RC'0 mau sebagus apapun status/team nya percuma,mana lawan boss 1 hit kill lagi,kaya lawan cheater..enjoy kaga..stress saya lama2..",kurang optimalisasi makin berat saat dimainkan data makin besar gb lebih mana sekarang tidak ramah dengan fp minimal setiap karakter harus rc kenapa pada saat main toa hologram wiwa damage dituntut harus besar sudah begitu diwaktu pula jadi yang rc mau sebagus apapun status grup nya percuma mana lawan bos hit kill lagi seperti lawan cheater nikmat tidak stress aku lama,Negatif
Alya Shafira,3,2026-02-11 10:12:40,Wuthering Waves,"huhu kangen main gamenya soalnya aku hapus gara² memori full terus pas mau dwonload lagi 1,1Gb tarus unduh datanya harus kosongin memori sebanyak 53Gb🥲 mungkin update 3.1 itu high budget banget sampe aku gk bisa dwonload lagi😌",huhu kangen main gamenya soalnya aku hapus gara² penyimpanan penuh terus saat mau dwonload lagi gb tarus unduh datanya harus kosongin penyimpanan sebanyak gb wajah tersenyum dengan air mata mungkin pembaruan itu high biaya sekali sampai aku tidak bisa dwonload lagi wajah lega,Negatif
BosKambing 1Z,5,2026-02-11 08:42:00,Wuthering Waves,berat banget,berat sekali,Negatif
Zani Celestine,5,2026-02-11 08:22:07,Wuthering Waves,"Ini game sangat masterpiece, art, aksi, dan story nya sangat bagus, developer nya juga baik, sering ngasih gacha gratis juga, banyak bansos dan sangat mendengarkan player player nya, cuman disayangkannya itu size dari game, kalau bisa untuk di android jangan terlalu berat karena udah lebih dari 61 gb lebih, dan itu sangat berat untuk game hp, jadi tolong optimal lagi dalam size game Dev, terimakasih",ini game sangat mahakarya art aksi dan cerita nya sangat bagus developer nya juga baik sering ngasih undian gratis juga banyak hadiah dan sangat mendengarkan player player nya cuma disayangkannya itu ukuran dari game kalau bisa untuk di android jangan terlalu berat karena sudah lebih dari gb lebih dan itu sangat berat untuk game handphone jadi tolong optimal lagi dalam ukuran game dev terimakasih,Positif
Woaohwgwfw F,5,2026-02-11 07:51:47,Wuthering Waves,gamenya bagus tapi tolong ya admin gw mau main game ini soalnya hp gw ga muat,gamenya bagus tapi tolong ya admin saya mau main game ini soalnya handphone saya tidak muat,Negatif
Kutang Kon,5,2026-02-11 06:38:46,Wuthering Waves,ok lah,ok lah,Positif
Naviel,5,2026-02-11 05:35:21,Wuthering Waves,"Kecewa banget buset di versi ini emang bagus banget peningkatan nya. Tapi berat banget, gak optimal sama sekali, settingan medium 40 biasanya pas combat di Whimpering Wastes masih bisa konsisten dapet di 35fps paling rendah. Sekarang gak mungkin dapet segitu, apalagi di area baru itu benar-benar parah banget anjlok FPS nya, bukan 20 30 lagi, 17fps! Terus langsung forced close.",kecewa sekali buset di versi ini memang bagus sekali peningkatan nya tapi berat sekali tidak optimal sama sekali settingan medium biasanya saat combat di whimpering wastes masih bisa konsisten dapat di frame per detik paling rendah sekarang tidak mungkin dapat segitu apalagi di area baru itu benar benar parah sekali anjlok frame per detik nya bukan lagi frame per detik terus langsung forced close,Negatif
Giselle,1,2026-02-11 05:16:20,Wuthering Waves,"optimasi gamenya jelek, main di pad redmi pro ga ngangkat samsek padahal main di device yang speknya bagus. tolong dong kuro perbaiki masalah optimalisasi di game ini",optimasi gamenya jelek main di pad redmi pro tidak ngangkat samsek padahal main di perangkat yang speknya bagus tolong dong kuro games perbaiki masalah optimalisasi di game ini,Negatif
Droop Droop,5,2026-02-11 05:10:09,Wuthering Waves,Cuma mau ngucapin TERIMAKASIH banyak buat KURO karena telah membuat game GRATIS sebagus ini😊 WW for WuWa🔥,hanya mau ngucapin terimakasih banyak buat kuro games karena telah membuat game gratis sebagus ini wajah tersenyum dengan mata bahagia wuthering waves untuk wuthering waves api,Positif
AAN FLK,5,2026-02-11 04:57:54,Wuthering Waves,"tolong optimasi gamenya,selalu ngeleg dan keluar sendiri tiap ada map baru",tolong optimasi gamenya selalu ngeleg dan keluar sendiri tiap ada peta baru,Negatif
Rezza,5,2026-02-11 03:49:48,Wuthering Waves,tolong pihak developer akun saya hilang,tolong pihak developer akun aku hilang,Negatif
Icaprio cahyo Purnomo,5,2026-02-11 00:35:08,Wuthering Waves,bagus,bagus,Positif
Dori Kudori,1,2026-02-10 18:51:14,Wuthering Waves,"Ayolah Kuro kapan Bahasa Indonesia nya?!! Arknight Endfield saja baru rilis sudah support Bahasa Indonesia, kalau begini terus pasar Wuthering Waves di Indonesia bakal kalah sama Arknight Enfield, Tambahkan Bahasa Indonesia ASAP",ayolah kuro games kapan bahasa indonesia nya arknight endfield saja baru rilis sudah dukung bahasa indonesia kalau begini terus pasar wuthering waves di indonesia akan kalah sama arknight enfield tambahkan bahasa indonesia asap,Negatif
Albaeyt Perdo,2,2026-02-10 18:46:17,Wuthering Waves,"saya kasih B2 aja soalnya saya dari dulu sampe sekarang gak paham sama event kartu2 yang kagak jelas enggak genshin sekarang wuwa gak paham sistem kartu mending kalo ada sistem auto mh mau aja tapi ini mh kagak ada. jujur aja ini mh saya setiap ada event kartu, misi kartu gak bakal saya mainin sampe game nya tamat/saya udah gak ada gak bakal saya mainin/selesai'in misi kartu itu sumpah saya kurang suka sama kartu kartu yang kagak jelas dan kurang paham.",aku kasih b saja soalnya aku dari dulu sampai sekarang tidak paham sama acara kartu yang kagak jelas tidak genshin sekarang wuthering waves tidak paham sistem kartu mending kalau ada sistem auto mh mau saja tapi ini mh kagak ada jujur saja ini mh aku setiap ada acara kartu misi kartu tidak akan aku mainin sampai game nya tamat aku sudah tidak ada tidak akan aku mainin selesai di misi kartu itu sumpah aku kurang suka sama kartu kartu yang kagak jelas dan kurang paham,Negatif
Kayla gaming,1,2026-02-10 16:12:31,Wuthering Waves,"Jujur wuwa sekarang tambah berat asli dibanding versi 2.8 dan sebelumnya, memang sih grafik dan lainnya tambah bagus tapi masalah optimalisasi nggak ada perubahan sama sekali",jujur wuthering waves sekarang tambah berat asli dibanding versi dan sebelumnya memang sih grafik dan lainnya tambah bagus tapi masalah optimalisasi tidak ada perubahan sama sekali,Negatif
Ade ine Rahel,5,2026-02-10 15:27:30,Wuthering Waves,game nya makin berat,game nya makin berat,Negatif
Rizz73,5,2026-02-10 15:01:55,Wuthering Waves,"game open world yang paling bagus selama gua bermain game online karna membuat gua tabjuk dengan grafik, combatnya,map-nya,dan animasinya. gamenya sangat bagus tapi sayangnya hp gua dah gak kuat mau tidak mau harus berhenti main, terimakasih telah membuat game ini karna telah memberikan pengalaman yang menarik.",game buka world yang paling bagus selama saya bermain game daring karena membuat saya tabjuk dengan grafik combatnya peta nya dan animasinya gamenya sangat bagus tapi sayangnya handphone saya sudah tidak kuat mau tidak mau harus berhenti main terimakasih telah membuat game ini karena telah memberikan pengalaman yang menarik,Positif
abdul azzam,5,2026-02-10 14:46:34,Wuthering Waves,"gamenya sangat bagus, mohon tambahkan subtitle indonesia agar lebih menikmati alur ceritanya, terima kasih",gamenya sangat bagus mohon tambahkan subtitle indonesia agar lebih menikmati alur ceritanya terima kasih,Positif
Puckcoypukca,5,2026-02-10 13:51:15,Wuthering Waves,lore besar dimulai,lore besar dimulai,Positif
Free Man Id,5,2026-02-10 13:00:12,Wuthering Waves,"banyakin lagi bansos nya, biar yg main gratisan makin seneng 🥰🥰🥰",banyakin lagi hadiah nya supaya yang main gratisan makin senang wajah tersenyum dengan 3 hati wajah tersenyum dengan 3 hati wajah tersenyum dengan 3 hati,Positif
Muyosaki,4,2026-02-10 12:53:35,Wuthering Waves,lebih di perbaiki untuk stabilitas gameplay di beberapa aspek seperti permasalahan frame drop yang memang jarang terjadi tetapi itu cukup menghambat,lebih di perbaiki untuk stabilitas permainan di beberapa aspek seperti permasalahan frame turun yang memang jarang terjadi tetapi itu cukup menghambat,Negatif
LYN N.H,5,2026-02-10 12:10:04,Wuthering Waves,bagus banget ketimbang game sebelah grafik kartun (GI)🤭,bagus sekali ketimbang game sebelah grafik kartun lagi wajah dengan tangan menutup mulut,Positif
Slow Gamers,4,2026-02-10 10:27:29,Wuthering Waves,ok,ok,Positif
Yuda,5,2026-02-10 09:39:53,Wuthering Waves,Mantappppo kurooooo teruslah memasak. Jangan pedulikan apapun yg ngehujat biarkan saja.,mantappppo kurooooo teruslah memasak jangan pedulikan apapun yang ngehujat biarkan saja,Positif
KD IqbalGz,3,2026-02-10 09:37:39,Wuthering Waves,gamenya bagus tapi aku harap ada Bahasa Indonesianya,gamenya bagus tapi aku harap ada bahasa indonesianya,Negatif
abdian nurwahidd,3,2026-02-10 09:35:26,Wuthering Waves,"lag banget setelah update, kenapa ya? tolong diperbaiki lagi",patah patah sekali setelah pembaruan kenapa ya tolong diperbaiki lagi,Negatif
Rafyy,2,2026-02-10 09:03:45,Wuthering Waves,"pls deh Kuro, jangan jadikan karakter apapun itu jadi mayat deh, udah capek asli sama cerita yang mirip PGR",tolong deh kuro games jangan jadikan karakter apapun itu jadi mayat deh sudah kesal asli sama cerita yang mirip pgr,Negatif
Rafi Kobandaha,2,2026-02-10 08:39:25,Wuthering Waves,agak kecewa dengan patch sekarang optimalisasinya di mobile busuk bgt,agak kecewa dengan pembaruan sekarang optimalisasinya di mobile busuk banget,Negatif
KingVcorK,5,2026-02-10 08:03:57,Wuthering Waves,menunggu konfigurasi 120fps untuk Snapdragon 8 gen3,menunggu konfigurasi frame per detik untuk snapdragon gen,Positif
Rio,1,2026-02-10 06:58:57,Wuthering Waves,game yang butuh optimal untuk grafis nya,game yang butuh optimal untuk grafis nya,Negatif
Ayah Jihad,5,2026-02-10 06:10:38,Wuthering Waves,gamenya oke,gamenya oke,Positif
Ark 2007,4,2026-02-10 02:50:20,Wuthering Waves,"game yang sangat bagus. saya puas dengan seisi game ini, hanya saja akan lebih baik jika ditambahkan subtitle indonesia di dalam game ini. smoga versi depan bisa ditambahkan subtitle indonesia. :v",game yang sangat bagus aku puas dengan seisi game ini hanya saja akan lebih baik jika ditambahkan subtitle indonesia di dalam game ini smoga versi depan bisa ditambahkan subtitle indonesia v,Positif
Hamzi znuk473,5,2026-02-10 02:36:27,Wuthering Waves,dapat chisa pity rendah 🤑🤑🤑🤑,dapat chisa jaminan gacha rendah wajah materialistis wajah materialistis wajah materialistis wajah materialistis,Positif
Benedictus Kastara,5,2026-02-10 01:39:01,Wuthering Waves,grafik bagus gk kaya genshin kikir,grafik bagus tidak seperti genshin pelit,Positif
sanji Honkai,2,2026-02-10 00:15:31,Wuthering Waves,kenapa saya selalu layar hitam di maap perkotan Lahai roi padahal di maap laein seperti renascita bisa dpt 40/60fps sedakan lahai ROI di maap Laen bisa dpt 30/40fps saya tidak masalah dpt fps30 juga tetapi pas di perkotaan sering hp saya layar hitam tiba'😭padahal saya sangatlah suka wutering waves ini,kenapa aku selalu layar hitam di maaf perkotan lahai roi padahal di maaf laein seperti renascita bisa dapat frame per detik sedakan lahai roi di maaf laen bisa dapat frame per detik aku tidak masalah dapat frame per detik juga tetapi saat di perkotaan sering handphone aku layar hitam tiba wajah menangis keras padahal aku sangatlah suka wutering waves ini,Negatif
WongIRENGNIGG19,4,2026-02-09 23:49:05,Wuthering Waves,"Gamenya udah mulai bagus tapi kenaap setiap saya login disuruh unduh 1,96 gb padahal saya udah download semuanya tetap aja setiap login disuruh update 1,96gb mohon segera di perbaiki",gamenya sudah mulai bagus tapi kenaap setiap aku masuk disuruh unduh gb padahal aku sudah unduh semuanya tetap saja setiap masuk disuruh pembaruan gb mohon segera di perbaiki,Negatif
Bty,2,2026-02-09 23:43:19,Wuthering Waves,optimasi kurang 👎🏻 story kurang 👎🏻 kebanyakan char cwe distory yg penting2 yg cwonya dikit 👎🏻 ada bug yg blm diperbaiki bug tutorial motor 👎🏻 kelibatan char lain minim interaksi fokus ke mc setris 👎🏻 oversize ukuran game nya 👎🏻 udh ukuran oversize ndk optimal lagi lengkap tuh 👎🏻,optimasi kurang jempol ke bawah warna kulit cerah cerita kurang jempol ke bawah warna kulit cerah kebanyakan karakter cwe distory yang penting yang cwonya sedikit jempol ke bawah warna kulit cerah ada masalah teknis yang blm diperbaiki masalah teknis tutorial motor jempol ke bawah warna kulit cerah kelibatan karakter lain minim interaksi fokus ke mc setris jempol ke bawah warna kulit cerah oversize ukuran game nya jempol ke bawah warna kulit cerah sudah ukuran oversize ndk optimal lagi lengkap itu jempol ke bawah warna kulit cerah,Negatif
Lowa,5,2026-02-09 23:42:53,Wuthering Waves,game terbaik👍💯,game terbaik jempol ke atas nilai seratus,Positif
Fischl Fish,5,2026-02-09 20:26:18,Wuthering Waves,"bagus sieh, tapi harus hapus gara gara size game terus Menaik, meskipun gitu sih gw pake komputer jdi gpp, yang penting masih bisa dimainin, f2p friendly, storynya peak, absolute cinema, reward Mayan lah",bagus sieh tapi harus hapus gara gara ukuran game terus menaik meskipun begitu sih saya pakai komputer jadi tidak apa yang penting masih bisa dimainin fp friendly storynya peak absolute cinema hadiah lumayan lah,Negatif
Vincent Hernandy,4,2026-02-09 18:07:05,Wuthering Waves,Intinya game AAA yg luar biasa bagus. Tapi performa di pc dan hp masih burik seperti drop fps di area baru dan storage mau meledak,intinya game aaa yang luar biasa bagus tapi performa di komputer dan handphone masih jelek seperti turun frame per detik di area baru dan penyimpanan mau meledak,Negatif
Ahmad Saputra,4,2026-02-09 17:58:15,Wuthering Waves,"tolong optimalisasi nya, sudah hampir aniversary kedua tapi optimalisasi kacau parah. inovasi seharusnya datang dengan stabilitas, karena itu dibangun sebagai rangka sistem. dan banyak bagian yang tidak kalian stabilkan, menara besi pun bakal runtuh kalo desain nya tidak adaptif. apa aku salah??",tolong optimalisasi nya sudah hampir aniversary kedua tapi optimalisasi kacau parah inovasi seharusnya datang dengan stabilitas karena itu dibangun sebagai rangka sistem dan banyak bagian yang tidak kalian stabilkan menara besi pun akan runtuh kalau desain nya tidak adaptif apa aku salah,Negatif
AlfAnime Ch,1,2026-02-09 17:15:18,Wuthering Waves,"minus optimalisasi sumpah, berat banget, uda pakek snap 8s gen 4",minus optimalisasi sumpah berat sekali sudah pakai snap s gen,Negatif
Faynoxi PRO,5,2026-02-09 16:22:16,Wuthering Waves,banyak istri gw,banyak istri saya,Positif
Dini Widia,3,2026-02-09 15:13:59,Wuthering Waves,"kuro please size game optimalkan, banyak player yang pensiun karena size game yang semakin gila, tolong perkecil size game nya, terimakasih",kuro games tolong ukuran game optimalkan banyak player yang pensiun karena ukuran game yang semakin gila tolong perkecil ukuran game nya terimakasih,Negatif
GERAR NDOLU,3,2026-02-09 15:13:54,Wuthering Waves,kecewa update baru optimisasi nya kurang banget padahal biasanya ngak perlu waktu yang lama buat bisa main game ini secara stabil lagi setelah update,kecewa pembaruan baru optimisasi nya kurang sekali padahal biasanya tidak perlu waktu yang lama buat bisa main game ini secara stabil lagi setelah pembaruan,Negatif
Aidan,5,2026-02-09 14:24:57,Wuthering Waves,wow,wow,Positif
Silvia Hesti,5,2026-02-09 13:30:29,Wuthering Waves,game nya bagus si cuma tolong loding nya jangan lama Ampe 2 jam pun ngk main main karena masih Loding,game nya bagus si hanya tolong loding nya jangan lama sampai jam pun tidak main main karena masih loding,Negatif
Dian Gaming,5,2026-02-09 13:16:00,Wuthering Waves,"Bagus grafik dan gameplaynya puas tapi storagenya itu loh, dah kaya sin of gluttonny aja weh",bagus grafik dan gameplaynya puas tapi storagenya itu loh sudah seperti sin of gluttonny saja weh,Negatif
Rehan Wong,2,2026-02-09 12:49:32,Wuthering Waves,"Tolong buat kan subtittle indonesia nya donk om, kita"" yang kurang pintar bahasa english, pengen sekali bermain game ini🙏😞",tolong buat kan subtittle indonesia nya donk om kita yang kurang pintar bahasa english ingin sekali bermain game ini melipat tangan wajah kecewa,Negatif
Lucky Ardi,1,2026-02-09 12:39:42,Wuthering Waves,tak bisa di mainin cok lag parah,tidak bisa di mainin jancuk patah patah parah,Negatif
akila putri,5,2026-02-09 12:32:53,Wuthering Waves,Mantap👍,mantap jempol ke atas,Positif
Lily Jasmine,5,2026-02-09 07:19:40,Wuthering Waves,grafik nya bagus sempurna,grafik nya bagus sempurna,Positif
vickry chonchept,1,2026-02-09 06:12:58,Wuthering Waves,"BENERINN OYY SYSTEM GACHA NYA, UDH SERING GW KALAH RATE OFF DI PITY 70 KE ATAS, RATE ON NYA JUGA D 70 KE ATAS, UDH CAPE GW GAME ANEH",benerinn oyy system undian nya sudah sering saya kalah rate mati di jaminan gacha ke atas rate nyala nya juga di ke atas sudah kesal saya game aneh,Negatif
Shin Akumu,5,2026-02-09 04:09:56,Wuthering Waves,Rate 5 ⭐ optimize in Kuro drop parah + size game nya tekan kan kompres biar ga 50gb padahal masih 1 tahun dah besar banget size nya..,rate bintang medium putih optimize di kuro games turun parah ukuran game nya tekan kan kompres supaya tidak gb padahal masih tahun sudah besar sekali ukuran nya,Negatif
Aiman Fad,1,2026-02-09 04:06:00,Wuthering Waves,add language indonesia please,add language indonesia tolong,Negatif
Arlong Petur,2,2026-02-09 03:56:46,Wuthering Waves,"pemain baru jgn harap mau gacha 10x, early game pemain baru cuman dapat coin doang njing",pemain baru jangan harap mau undian x early game pemain baru cuma dapat coin saja anjing,Negatif
Rasyid Bima,1,2026-02-09 03:29:59,Wuthering Waves,Keren ini game,keren ini game,Positif
Ton Ky,5,2026-02-09 02:28:00,Wuthering Waves,suka polll,suka polll,Negatif
Rappa Sky,5,2026-02-09 01:54:08,Wuthering Waves,"10/10 dari story kali ini, saya suka daripada patch sebelumnya, teruslah buat story yang ""bermakna"" bukan sekedar romance bait, tapi saran dari saya jika ingin rilis char playable,usahakan saat story dia udh clear/ dia baik baik saja, sebagai player saya main aemeath jadi kepikiran story nya terus, sama kayak kasus phrolova, di hari playable rilis malah langsung di buat mati, usahakan rilis character di story nya sblm konflik atau sesudah konflik,",dari cerita kali ini aku suka daripada pembaruan sebelumnya teruslah buat cerita yang bermakna bukan sekedar romance bait tapi saran dari aku jika ingin rilis karakter playable usahakan saat cerita dia sudah clear dia baik baik saja sebagai player aku main aemeath jadi kepikiran cerita nya terus sama seperti kasus phrolova di hari playable rilis malah langsung di buat mati usahakan rilis character di cerita nya sblm konflik atau sesudah konflik,Positif
Chiko Ervando,4,2026-02-09 00:22:38,Wuthering Waves,BRING BACK AEMAETH😭😭,bring kembali aemaeth wajah menangis keras wajah menangis keras,Positif
Raizel Fx,5,2026-02-08 21:48:39,Wuthering Waves,"game terbaik yang pernah ku mainkan sepanjang genre RPG, karakter nya sangat bagus dari segi desain karakter nya maupun combat nya, untuk optimalisasi terkada ada kendala tapi its Oke lah, dan aku sangat suka sistem Gacha nya karena aku sering sekali mendapat karakter di low pity, jika ada opsi bintang 1/10 akan ku berikan 100/10 karena game nya sangat luar biasa, dan terimakasih untuk kuro games serta mas solon yang baik hati",game terbaik yang pernah ku mainkan sepanjang genre rpg karakter nya sangat bagus dari segi desain karakter nya maupun combat nya untuk optimalisasi terkada ada kendala tapi its oke lah dan aku sangat suka sistem undian nya karena aku sering sekali mendapat karakter di low jaminan gacha jika ada pilihan bintang akan ku berikan karena game nya sangat luar biasa dan terimakasih untuk kuro games games serta kakak solon yang baik hati,Positif
Abid Nawla,5,2026-02-08 19:10:58,Wuthering Waves,terimakasih kuro,terimakasih kuro games,Positif
Oktavian Nugraha,5,2026-02-08 17:24:57,Wuthering Waves,story game bagus absolute cinema,cerita game bagus absolute cinema,Positif
maizah b,5,2026-02-08 16:26:39,Wuthering Waves,"PLS KURO KASIHANI STORAGE KU 😭, MY PHONE IS KINDA HOMELESS 🥀🥀💔",tolong kuro games kasihani penyimpanan ku wajah menangis keras punyaku phone adalah kinda homeless bunga layu bunga layu patah hati,Negatif
Mahdum Andora,1,2026-02-08 16:21:25,Wuthering Waves,"saya harap bug atau game dan kok sudah di setting very low dan yg lain nya sudah di off kan masih saja lag, padahal ram 4 keatas udh bisa main game ini, saya harap bisa dioptimisasi lagi buat hp kentang dan hp yg spek nya kurang mempuni untuk kedepan nya, game nya keren, dan dimap 3.0 malah tambah frame/frezee berharap udpate kedepan lebih dioptimalkan lagi, dan size kalo bisa dikecilin aja 30gb-35gb jangan sampai 40gb lebih lah, bisa merusah hp yg menggunakan emmc/ufs.",aku harap masalah teknis atau game dan kok sudah di setting sangat low dan yang lain nya sudah di mati kan masih saja patah patah padahal memori keatas sudah bisa main game ini aku harap bisa dioptimisasi lagi buat handphone spesifikasi rendah dan handphone yang spek nya kurang mempuni untuk kedepan nya game nya keren dan dimap malah tambah frame frezee berharap udpate kedepan lebih dioptimalkan lagi dan ukuran kalau bisa dikecilin saja gb gb jangan sampai gb lebih lah bisa merusah handphone yang menggunakan emmc ufs,Negatif
Fikk,1,2026-02-08 16:03:22,Wuthering Waves,"untuk pengunduhan data nya diperbaiki lagi, hp saya yang penyimpanan pas pasan jadi sering hapus data untuk update Jadi saat update karena wifi pas pasan juga makanya saya cicil, misal penyimpanan saya 55gb, data 49gb, sudah ter download 6gb, tapi pas masuk lagi ada tampilan pilihan data sama seperti awal buka, dan saat dipilih penyimpanan kurang, padahal sebelumnya sudah cukup tapi tidak terbaca Tolong dong diperbaiki, seharusnya langsung jalan dari progres sebelumnya",untuk pengunduhan data nya diperbaiki lagi handphone aku yang penyimpanan saat pasan jadi sering hapus data untuk pembaruan jadi saat pembaruan karena wifi saat pasan juga makanya aku cicil misal penyimpanan aku gb data gb sudah ter unduh gb tapi saat masuk lagi ada tampilan pilihan data sama seperti awal buka dan saat dipilih penyimpanan kurang padahal sebelumnya sudah cukup tapi tidak terbaca tolong dong diperbaiki seharusnya langsung jalan dari progres sebelumnya,Negatif
Rhouwetz Qw,3,2026-02-08 15:35:05,Wuthering Waves,sampai ketemu lain hari wuwa sayang bangt makin kesini makin berat,sampai ketemu lain hari wuthering waves sayang sekali makin kesini makin berat,Negatif
Noval Mubarok,5,2026-02-08 15:23:41,Wuthering Waves,"sebenernya gada masalah sih,tapi ini kok aplikasi wuwa udah ga bisa di masukin mode game di hp,aku coba di hp yang lain juga sama gabisa,ini memang udah ga suport atau gimana kuro?,selebihnya udah sangat bagus terutama di in game cuma yaa tadi masalah nya gabisa di masukin mode game",sebenernya tidak ada masalah sih tapi ini kok aplikasi wuthering waves sudah tidak bisa di masukin mode game di handphone aku coba di handphone yang lain juga sama gabisa ini memang sudah tidak suport atau gimana kuro games selebihnya sudah sangat bagus terutama di di game hanya yaa tadi masalah nya gabisa di masukin mode game,Positif
Flying bird Rawrr,5,2026-02-08 15:21:11,Wuthering Waves,"kalau bisa tambahkan bhs Indonesia nya mungkin saya akan lebih enjoy main sambil baca story nya🙏, memang game baik semoga semakin berkembang dan terus sukses untuk kuro games",kalau bisa tambahkan bhs indonesia nya mungkin aku akan lebih nikmat main sambil baca cerita nya melipat tangan memang game baik semoga semakin berkembang dan terus sukses untuk kuro games games,Negatif
11_benedictus jecrist,3,2026-02-08 15:10:22,Wuthering Waves,tolong lah kenapa ini butuh ruang 50 gb,tolong lah kenapa ini butuh ruang gb,Negatif
owh hhHh,1,2026-02-08 14:47:21,Wuthering Waves,Kurang optimal,kurang optimal,Negatif
Senior Gaming,5,2026-02-08 13:26:37,Wuthering Waves,Tingkatkan optimalisasi,tingkatkan optimalisasi,Negatif
Silverqueen channel,5,2026-02-08 13:23:23,Wuthering Waves,"ngelag parah jaringan merah, padahal main game pubg lancar",patah patah parah jaringan merah padahal main game pubg lancar,Negatif
Audri 12 tsm2,1,2026-02-08 12:59:18,Wuthering Waves,woi optimisasi lah masa gua main Force close mulu udah make spek snapdragon 8s gen 4 gila ni game berat banget gak kaya Gehnshi enteng dan lancar,woi optimisasi lah masa saya main force close terus sudah pakai spek snapdragon s gen gila ini game berat sekali tidak seperti gehnshi enteng dan lancar,Negatif
Yui Hanami,5,2026-02-08 12:48:16,Wuthering Waves,nice❤️❤️❤️,baik hati merah hati merah hati merah,Positif
Kon Wa,4,2026-02-08 12:23:09,Wuthering Waves,bang kuro ni gem target berapa GB sih dh 60gb Lo mana gada bansos kasi bansos lah 10k asterit lah hehe🗿,kakak kuro games ini gem target berapa gb sih sudah gb kamu mana tidak ada hadiah kasih hadiah lah k asterit lah hehe moai,Negatif
Silvia,1,2026-02-08 12:02:10,Wuthering Waves,ini gimana semenjak patch aemeth pingnya merah terus server sea,ini gimana semenjak pembaruan aemeth pingnya merah terus server sea,Negatif
Ibnu Rahmat,5,2026-02-08 11:54:22,Wuthering Waves,game mobile bagus,game mobile bagus,Positif
La In,2,2026-02-08 11:43:04,Wuthering Waves,"agak kecewa sih, size terus membengkak. Aku tau device ku yang kurang bagus dan dev nya juga baik,tapi setiap patch harus download puluhan giga😮‍💨. Dan lama kelamaan ini bisa berpotensi mengeliminasi player mobile",agak kecewa sih ukuran terus membengkak aku tau perangkat ku yang kurang bagus dan dev nya juga baik tapi setiap pembaruan harus unduh puluhan giga wajah mengembuskan nafas dan lama kelamaan ini bisa berpotensi mengeliminasi player mobile,Negatif
New Nime,2,2026-02-08 11:39:26,Wuthering Waves,"woi kuro data game tolong di perkecil untuk mobile, banyak yang pensiun dini karena penyimpanan tidak cukup.",woi kuro games data game tolong di perkecil untuk mobile banyak yang pensiun dini karena penyimpanan tidak cukup,Negatif
Svends Creator,1,2026-02-08 10:16:09,Wuthering Waves,"bring our aemeath back!!! i hate ending 3.1 patch, so trash",bring kami aemeath kembali i benci ending pembaruan jadi trash,Negatif
Lastri ana,5,2026-02-08 10:10:51,Wuthering Waves,game bagus tapi butuh optimalisasi saat update di mobile juga perlu memikirkan tentang internal game yang besar,game bagus tapi butuh optimalisasi saat pembaruan di mobile juga perlu memikirkan tentang internal game yang besar,Negatif
siti sabiya,3,2026-02-08 10:07:57,Wuthering Waves,"sizenya turunin napa, memo aku penuh",sizenya turunin napa memo aku penuh,Negatif
Arliyos _,4,2026-02-08 09:49:19,Wuthering Waves,"gamenya bagus, hanya tidak ada bahasa Indonesia",gamenya bagus hanya tidak ada bahasa indonesia,Negatif
M Naudhi Akmal T,5,2026-02-08 08:57:24,Wuthering Waves,bagus gamenya,bagus gamenya,Positif
Arlega Sihotang,1,2026-02-08 08:06:09,Wuthering Waves,"saya memiliki masalah setiap login, saya tidak bisa masuk ke gamenya. dibilang bahwa ""wunthering waves tidak menanggapi"", tolong lah saya udah download 3 kali buat bisa main lagi. tolong fi perbaiki",aku memiliki masalah setiap masuk aku tidak bisa masuk ke gamenya dibilang bahwa wunthering waves tidak menanggapi tolong lah aku sudah unduh kali buat bisa main lagi tolong fi perbaiki,Negatif
Arisal Voe,1,2026-02-08 07:52:26,Wuthering Waves,ini masih berat buat rendering di redmi pad 2. tolong di perbaiki. aku mau main nerusin misi di kota.,ini masih berat buat rendering di redmi pad tolong di perbaiki aku mau main nerusin misi di kota,Negatif
Prayoga,1,2026-02-08 03:51:12,Wuthering Waves,udah GK kuat. gede banget.,sudah tidak kuat besar sekali,Negatif
ml alu,5,2026-02-08 03:29:14,Wuthering Waves,Oky grafik nya pas rata kanan (divice Poco X7 pro),oky grafik nya saat rata kanan divice poco x pro,Positif
Ferd Xd,5,2026-02-08 03:27:16,Wuthering Waves,"BAGUS!!! writing bagus, storytelling bagus, gameplay bagus, grafik gila!!! ga pelit reward!! mungkin untuk kekurangan belum ada sub indo dan optimalisasi masih kurang di map terbaru, but overall this game is goated.",bagus writing bagus storytelling bagus permainan bagus grafik gila tidak pelit hadiah mungkin untuk kekurangan belum ada sub indonesia dan optimalisasi masih kurang di peta terbaru but overall this game adalah goated,Positif
Hafizh Luthfi,5,2026-02-08 03:24:46,Wuthering Waves,Game keren anti kikir dan seru banget,game keren anti pelit dan seru sekali,Positif
Abdul Aropi,5,2026-02-08 03:13:06,Wuthering Waves,mantap,mantap,Positif
Peri Perdiana,1,2026-02-08 02:09:36,Wuthering Waves,"gak di dengerin keluhan player,,,ini game terlalu berat apalgi buat hp mid range,,,bakal eos nih game kalau cuma ngandelin grafik doang",tidak di dengerin keluhan player ini game terlalu berat apa buat handphone uts range akan eos ini game kalau hanya ngandelin grafik saja,Negatif
Cihuyy Hc,3,2026-02-08 01:52:47,Wuthering Waves,oversize boss,oversize bos,Negatif
kasumi kasumi,1,2026-02-08 01:24:21,Wuthering Waves,kok jadi gede data nya sih. gk asik ah,kok jadi besar data nya sih tidak asyik ah,Negatif
ABDUL GHONY,5,2026-02-08 00:59:20,Wuthering Waves,"game bagus tolong tambahkan bahasa Indonesia agar banyak yang tertarik untuk mendownload, dan ringankan lagi, serta tambahkan fitur *menghapus resources yang sudah terpakai/story yg sudah dimainkan bisa dihapus resources nya*",game bagus tolong tambahkan bahasa indonesia agar banyak yang tertarik untuk mendownload dan ringankan lagi serta tambahkan fitur menghapus resources yang sudah terpakai cerita yang sudah dimainkan bisa dihapus resources nya,Negatif
Rigel,5,2026-02-08 00:56:51,Wuthering Waves,"Game nya keren, tapi tolong kurangin memori nya dan kurangi konsumsi baterai agar kami bisa bermain dengan puas dan hemat daya🤍",game nya keren tapi tolong kurangin penyimpanan nya dan kurangi konsumsi baterai agar kami bisa bermain dengan puas dan hemat daya hati putih,Negatif
Hunk,3,2026-02-08 00:27:29,Wuthering Waves,"BUSET, niat mau balik ehhh liat total resourcenya sampe 54GB langsung ga jadi balik, pdhl dulu 25GB an. tolong untuk developer untuk memperkecil ukuran gamenya, player yg main di Hp tuh rata"" pakai grafik pas"" an untuk menikmati gamenya, kalo ukuran besar grafik rendah mahluk sebelah mana yang bisa menikmati gamenya, belum lagi masalah baterai & fps drop. itu aja mungkin kritikan dari gw, game nya udah bagus cuma perlu dipertimbangkan terkait ukurannya karena playernya ga hanya dari pc.",buset niat mau balik ehhh lihat total resourcenya sampai gb langsung tidak jadi balik padahal dulu gb an tolong untuk developer untuk memperkecil ukuran gamenya player yang main di handphone itu rata pakai grafik saat an untuk menikmati gamenya kalau ukuran besar grafik rendah mahluk sebelah mana yang bisa menikmati gamenya belum lagi masalah baterai frame per detik turun itu saja mungkin kritikan dari saya game nya sudah bagus hanya perlu dipertimbangkan terkait ukurannya karena playernya tidak hanya dari komputer,Negatif
Syahrul Andika,5,2026-02-07 23:00:52,Wuthering Waves,"Pertama, ini game keren. ya kurleb sama kaya sebelah tapi lebih memanjakan playernya",pertama ini game keren ya kurleb sama seperti sebelah tapi lebih memanjakan playernya,Positif
M Rival Fauzi,5,2026-02-07 21:50:31,Wuthering Waves,keren,keren,Positif
BAMBANG CRB,1,2026-02-07 21:44:44,Wuthering Waves,Anjir Udah Total 45gb download Pas Main Njir Berat banget,anjing sudah total gb unduh saat main anjing berat sekali,Negatif
Dyansyah,5,2026-02-07 17:46:59,Wuthering Waves,tambahkan bahasa Indonesia,tambahkan bahasa indonesia,Negatif
Skyro,5,2026-02-07 14:42:00,Wuthering Waves,"game bagus, terimakasih kuro sudah menangin saya galbrena rc2+sign dan juga aemeth rc4+sign😹😝",game bagus terimakasih kuro games sudah menangin aku galbrena rc sign dan juga aemeth rc sign wajah kucing gembira berurai air mata wajah menjulurkan lidah dan memejamkan mata,Positif
ANFweki 207,1,2026-02-07 14:21:33,Wuthering Waves,kenapa saya baru masuk gak bisa game rusak,kenapa aku baru masuk tidak bisa game rusak,Negatif
Syahril ekapratama,3,2026-02-07 14:19:19,Wuthering Waves,"lag parah,",patah patah parah,Negatif
Naufal Syafiq,1,2026-02-07 14:18:40,Wuthering Waves,tolong ya ini wuthering waves kenapa di hp saya force close ya belum kebuka loading screen udah keluar duluan padahal 2 hari yang lalu ga gini tadi pagi aneh bet tolong lah perbaiki padahal ga make config apapun,tolong ya ini wuthering waves kenapa di handphone aku force close ya belum kebuka loading screen sudah keluar duluan padahal hari yang lalu tidak gini tadi pagi aneh sekali tolong lah perbaiki padahal tidak pakai config apapun,Negatif
paulus hendrick,5,2026-02-07 13:43:27,Wuthering Waves,bagus sih gamesnya dan story sangat nikmat di ikuti,bagus sih gamesnya dan cerita sangat nikmat di ikuti,Positif
Rahmat Zaky (Dzaky),5,2026-02-07 13:17:43,Wuthering Waves,"aduh, jangan ditanya lah game buatan kuro bagus semua",aduh jangan ditanya lah game buatan kuro games bagus semua,Positif
Born ToLimits,5,2026-02-07 12:53:37,Wuthering Waves,"Game Triple A paling bagus sedunia, developer nya baik banyak bansos tidak pelit, storynya keren, mekanik gameplay nya pun bagus, sistem gachanya juga bagus . semoga game ni panjang umur selalu 😭",game triple a paling bagus sedunia developer nya baik banyak hadiah tidak pelit storynya keren mekanik permainan nya pun bagus sistem gachanya juga bagus semoga game ini panjang umur selalu wajah menangis keras,Positif
Ryank Darmawan,3,2026-02-07 12:28:31,Wuthering Waves,"Bang, optimalisasi buat mobile lah bang",kakak optimalisasi buat mobile lah kakak,Negatif
Infinix Hot 50,5,2026-02-07 12:06:36,Wuthering Waves,sayang download data nya lama 🤏🏻🥲🗿🙏🏻👍🏻,sayang unduh data nya lama tangan menjepit warna kulit cerah wajah tersenyum dengan air mata moai melipat tangan warna kulit cerah jempol ke atas warna kulit cerah,Negatif
Dani E,5,2026-02-07 12:02:03,Wuthering Waves,"story aemeath ini sangat bagus, i love this, terimakasih buat storynya, tolong tambahkan juga bahasa indonesia, biar makin kena dihati storynya",cerita aemeath ini sangat bagus i suka this terimakasih buat storynya tolong tambahkan juga bahasa indonesia supaya makin kena dihati storynya,Positif
Syarifudin Arrafi,3,2026-02-07 11:59:58,Wuthering Waves,tolong developer ini game nya kok sering keluar sendiri ya tolong di perbaiki ini apa emang gegara jaringan atau gegara device saya tolong ya,tolong developer ini game nya kok sering keluar sendiri ya tolong di perbaiki ini apa memang karena jaringan atau karena perangkat aku tolong ya,Negatif
honkai reroll03,1,2026-02-07 10:52:04,Wuthering Waves,optimalisasi ampas dev tuli,optimalisasi jelek dev tuli,Negatif
Randika Ahmad,5,2026-02-07 10:50:20,Wuthering Waves,"SAYA UNINSTALL DAN BERHENTI MAIN!!! karena kendala device 🤡 Sebenarnya gamenya seru, story lumayan ada kelebihan dan kekurangan, desain karakter semuanya bagus, pertarungan aksi keren. namun spesifikasi device saya di bawah minuman sangat dibawah, dan setiap pembaruan patch dari awal hingga terkini memakai ruang penyimpanan begitu besar, dan performa game menurun lalu membuat device saya menyerah memainkannya lagi. saya tidak tau kapan saya akan kembali🙁, tapi saya menyukai game ini 😘",aku uninstall dan berhenti main karena kendala perangkat badut sebenarnya gamenya seru cerita lumayan ada kelebihan dan kekurangan desain karakter semuanya bagus pertarungan aksi keren namun spesifikasi perangkat aku di bawah minuman sangat dibawah dan setiap pembaruan pembaruan dari awal hingga terkini memakai ruang penyimpanan begitu besar dan performa game menurun lalu membuat perangkat aku menyerah memainkannya lagi aku tidak tau kapan aku akan kembali wajah agak cemberut tapi aku menyukai game ini wajah memberikan ciuman jauh,Negatif
LULUSAN - COVID-19,5,2026-02-07 10:41:31,Wuthering Waves,game paling sempurna yg saya mainkan !!!,game paling sempurna yang aku mainkan,Positif
Napping Dagger,2,2026-02-07 10:39:14,Wuthering Waves,optimalisasi tolong perhatiin lagi kuro🙏,optimalisasi tolong perhatiin lagi kuro games melipat tangan,Negatif
Harza Pratama,5,2026-02-07 09:26:14,Wuthering Waves,Waifu,karakter wanita,Negatif
Fandy Achmad,4,2026-02-07 08:50:59,Wuthering Waves,"untuk story dan segala macam mekanik game overall bagus dan sesuai ekspektasi, akan tetapi akun gua kurang beruntung kuro... naikin rate akun gua😞",untuk cerita dan segala macam mekanik game overall bagus dan sesuai ekspektasi akan tetapi akun saya kurang beruntung kuro games naikin rate akun saya wajah kecewa,Positif
Aldian Hidayatulloh,5,2026-02-07 08:39:19,Wuthering Waves,"Menurutku sekelas game gratis, ini udah termasuk bagus banget, dari environment, taktik combat, karakter playable, dan konten in game, overall 9/10. Hanya saja untuk optimasi di perangkat mobile masih kurang stabil, lebih ku sarankan main di laptop / PC spek menengah gaming 10jt an sudah lancar main di grafik rata kanan, mines nya ya ssd minimal 1TB kalo suka main game lain juga. Sesak bjir udah tembus 130GB buat ni game doang, belum buat game AAA sama file penting di PC yg lainnya 🤣",menurutku sekelas game gratis ini sudah termasuk bagus sekali dari environment taktik combat karakter playable dan konten di game overall hanya saja untuk optimasi di perangkat mobile masih kurang stabil lebih ku sarankan main di laptop komputer spek menengah gaming jt an sudah lancar main di grafik rata kanan mines nya ya ssd minimal tb kalau suka main game lain juga sesak bjir sudah tembus gb buat ini game saja belum buat game aaa sama file penting di komputer yang lainnya tertawa terbahak bahak,Positif
BlackBlaze,5,2026-02-07 07:37:21,Wuthering Waves,"optimalin lagi dong untuk versi desktop dan mobile, size besar banget kok ga optimal gamenya, sama reward tambahin lagi kalo bisa😁.",optimalin lagi dong untuk versi desktop dan mobile ukuran besar sekali kok tidak optimal gamenya sama hadiah tambahkan lagi kalau bisa wajah gembira dengan mata bahagia,Negatif
Caitlyn McLean,2,2026-02-07 07:05:59,Wuthering Waves,fps ga dioptimalkan... heran dah kerjaan kuro ngapain aja si? padahal game lain yang unitynya sama fpsnya lancar,frame per detik tidak dioptimalkan heran sudah kerjaan kuro games apa saja si padahal game lain yang unitynya sama fpsnya lancar,Negatif
Rinaldi,4,2026-02-07 06:03:04,Wuthering Waves,"dear kuro. setelah 3.1, terjadi drop frame ratw sangat parah. mungkin bisa diimprove. bahkan dengan chipset yg sudah mid end masih terjadi lag",sayang kuro games setelah terjadi turun frame ratw sangat parah mungkin bisa diimprove bahkan dengan chipset yang sudah uts akhir masih terjadi patah patah,Negatif
Dika Dika,5,2026-02-07 06:02:36,Wuthering Waves,keren,keren,Positif
Sahlan M,4,2026-02-07 04:30:50,Wuthering Waves,saran min tolong kasih bahasa indonesia nya kalu bisa,saran admin tolong kasih bahasa indonesia nya kalu bisa,Positif
Tomy Ramadhan,5,2026-02-07 04:05:48,Wuthering Waves,mesti pun hp saya tidak optimal memainkan game ini tapi saya sarankan untuk download 👍👍👍,mesti pun handphone aku tidak optimal memainkan game ini tapi aku sarankan untuk unduh jempol ke atas jempol ke atas jempol ke atas,Positif
Sepri Anus,5,2026-02-07 03:37:53,Wuthering Waves,game baik,game baik,Positif
Hololive ID,1,2026-02-07 02:24:19,Wuthering Waves,"hey kuro bisa tidak masalah penyimpanan game ini diperbaiki, karena masalah penyimpanan ini saya tidak bisa bermain padahal udah ada 45 gb yang tersedia. malah minta 62,97 gb untuk update nya. tolong kuro cepat perbaiki masalah penyimpanan ini.",hey kuro games bisa tidak masalah penyimpanan game ini diperbaiki karena masalah penyimpanan ini aku tidak bisa bermain padahal sudah ada gb yang tersedia malah minta gb untuk pembaruan nya tolong kuro games cepat perbaiki masalah penyimpanan ini,Negatif
Raihan Pszx,3,2026-02-07 01:10:46,Wuthering Waves,"tolong optimisasinya di perbaik lagi lahh, di lahai roi ga bisa gerak jir saking patah patah nya",tolong optimisasinya di perbaik lagi lahh di lahai roi tidak bisa gerak jir sampai patah patah nya,Negatif
Theresyia,3,2026-02-07 00:36:30,Wuthering Waves,gamenyaa bagus bat demi cuma TERLALU GEDE UTK HP😭😭,gamenyaa bagus sekali demi hanya terlalu besar untuk handphone wajah menangis keras wajah menangis keras,Negatif
Rully Aditia,4,2026-02-06 23:04:19,Wuthering Waves,ini kenapa setelah update 3.1 saya jadi GK bisa login? baru pencet apknya layarnya hitam terus dan ada tulisan harus update dlu di play store padahal saya udh update,ini kenapa setelah pembaruan aku jadi tidak bisa masuk baru pencet apknya layarnya hitam terus dan ada tulisan harus pembaruan dulu di main store padahal aku sudah pembaruan,Negatif
ZoRa,5,2026-02-06 22:08:44,Wuthering Waves,bagus,bagus,Positif
Jogor Thea,1,2026-02-06 19:34:12,Wuthering Waves,woy bikin quest yg ngotak. pas lawan voidworm kenapa dah motor gua lambat pas udah kena meriam worm nya ditambah tombol kembali biar batalin quest nya malah nge bug lagi wuhh,woy membuat misi yang ngotak saat lawan voidworm kenapa sudah motor saya lambat saat sudah kena meriam worm nya ditambah tombol kembali supaya batalin misi nya malah nge masalah teknis lagi wuhh,Negatif
Toka Nii,4,2026-02-06 17:47:58,Wuthering Waves,"Sehat"" developer baik, semngat dalam memperkembangkan gamenya, saya kasih bintang 4 dulu karena masih ada Maslah",sehat developer baik semngat dalam memperkembangkan gamenya aku kasih bintang dulu karena masih ada maslah,Positif
Yyiiddzy,2,2026-02-06 17:07:23,Wuthering Waves,Setelah update yang memakan penyimpanan hingga 100GB++ saya memutuskan untuk uninstall this game😹🙏,setelah pembaruan yang memakan penyimpanan hingga gb aku memutuskan untuk uninstall this game wajah kucing gembira berurai air mata melipat tangan,Negatif
Azril Yusril,5,2026-02-06 17:01:55,Wuthering Waves,bagus,bagus,Positif
Rahmadi,3,2026-02-06 17:00:54,Wuthering Waves,tolong untuk versi yang sekarang ini lebih di optimalkan lagi fps nya,tolong untuk versi yang sekarang ini lebih di optimalkan lagi frame per detik nya,Negatif
Lofin ate,1,2026-02-06 15:48:43,Wuthering Waves,"bad, optimalisasi buruk banget",bad optimalisasi buruk sekali,Negatif
enoormans,3,2026-02-06 15:26:12,Wuthering Waves,"its great, amazing characters that r detailed, interesting story. unfortunately it would get super laggy after patch updates, optimization isn't great. I hope u find a way to fix this!",its great amazing characters itu r detailed interesting cerita unfortunately it would get sangat patah patah after pembaruan updates optimization isn t great i hope kamu find a way ke tetap this,Negatif
Not Found,1,2026-02-06 15:00:09,Wuthering Waves,"gokil game hp size'nya gak ngotak, fitur ngahapus file di ingame gak guna. dah gitu optimalisasi'nya BUSUK bener .",gokil game handphone ukuran nya tidak ngotak fitur ngahapus file di ingame tidak guna sudah begitu optimalisasi nya busuk benar,Negatif
alya frozen,3,2026-02-06 14:11:11,Wuthering Waves,"sumpah izin pake bahasa, tolong kalo bisa data lama bisa di apus aku terpaksa apus karna 100gb aku main di hp loh? mending game sebelah bisa apus data lama.",sumpah izin pakai bahasa tolong kalau bisa data lama bisa di hapus aku terpaksa hapus karena gb aku main di handphone loh mending game sebelah bisa hapus data lama,Negatif
Anandiva Dindha,5,2026-02-06 13:56:39,Wuthering Waves,mantap,mantap,Positif
Calvin Aditya,1,2026-02-06 13:25:50,Wuthering Waves,"optimalisasi nya Buruk, main di hp spec snapdragon 8 Elite tidak stabil. main di PC rtx 5060 juga sama",optimalisasi nya buruk main di handphone spec snapdragon elite tidak stabil main di komputer rtx juga sama,Negatif
Dagadu Alfa96,5,2026-02-06 13:03:14,Wuthering Waves,"kaum 128 terpaksa pensi , mohon KURO perhatikan size game nya",kaum terpaksa berhenti main mohon kuro games perhatikan ukuran game nya,Negatif
Ky,5,2026-02-06 12:54:08,Wuthering Waves,🥰🥰,wajah tersenyum dengan 3 hati wajah tersenyum dengan 3 hati,Positif
einimiee,5,2026-02-06 12:50:56,Wuthering Waves,please optimalisasi storage,tolong optimalisasi penyimpanan,Negatif
Afit,5,2026-02-06 12:28:09,Wuthering Waves,"ukuran game sudah 60 GB lebih tapi grafis masih bermasalah seperti Texture Pop-in,Low-Resolution Textures/Missing Textures,Pop-in (Objek/Lingkungan): Objek 3D atau detail lingkungan yang tiba-tiba muncul di depan mata dan optimasi masih jelek tolong lah diperbaiki masa kalah sama game sebelah yang menggunakan Unity tapi grafis lebih bagus dan optimal😮‍💨,gak masalah mau ukuran Game ratusan GB yang penting optimal dan grafis bagus",ukuran game sudah gb lebih tapi grafis masih bermasalah seperti texture pop di low resolution textures missing textures pop di objek lingkungan objek di atau detail lingkungan yang tiba tiba muncul di depan mata dan optimasi masih jelek tolong lah diperbaiki masa kalah sama game sebelah yang menggunakan unity tapi grafis lebih bagus dan optimal wajah mengembuskan nafas tidak masalah mau ukuran game ratusan gb yang penting optimal dan grafis bagus,Negatif
Adi Ramadani,3,2026-02-06 12:18:06,Wuthering Waves,"Update dengan optimisasi terburuk adalah versi 3.0, Dev terlalu fokus membuat map baru ketimbang optimasi map lama. Apakah sudah mulai mata duitan? Sekarang player mengeluh tinggal kasih bansos aja. Ga kayak sebelum nya. Pikir aja update segede gaban tapi hasilnya ampas. Mau hp lu flagship, mid, kentank bakal sama aja.",pembaruan dengan optimisasi terburuk adalah versi dev terlalu fokus membuat peta baru ketimbang optimasi peta lama apakah sudah mulai mata duitan sekarang player mengeluh tinggal kasih hadiah saja tidak seperti sebelum nya pikir saja pembaruan segede gaban tapi hasilnya jelek mau handphone lu flagship uts kentank akan sama saja,Negatif
Sonny,5,2026-02-06 11:57:51,Wuthering Waves,Kuro dan staff memasak di versi 3.1 dawg 🔥,kuro games dan staff memasak di versi dawg api,Positif
Fariq Ramadhan,1,2026-02-06 11:37:28,Wuthering Waves,ini game hama apa sih???,ini game hama apa sih,Negatif
Alexander Zheng,1,2026-02-06 10:57:35,Wuthering Waves,lah update jadi ga jalan ini game.... udah level 80 masa ga bisa main lagi....,lah pembaruan jadi tidak jalan ini game sudah level masa tidak bisa main lagi,Negatif
Lenny Enny,5,2026-02-06 10:45:10,Wuthering Waves,🩷🩷,hati merah muda hati merah muda,Positif
Bila,5,2026-02-06 10:42:53,Wuthering Waves,"kadang masih suka bug dan crash, mohon diperbaiki",kadang masih suka masalah teknis dan tabrak mohon diperbaiki,Positif
kiyang Haribenzema,5,2026-02-06 10:39:59,Wuthering Waves,"game nya kerenn cuy seru, cuman kurangnya ga ad b indonya jadi kurang ngerti cerita nya",game nya kerenn cuy seru cuma kurangnya tidak ada b indonya jadi kurang ngerti cerita nya,Negatif
Bayu Tebuana,5,2026-02-06 10:30:03,Wuthering Waves,"game nya bagus banget, pokoknya best. tapi sayang device ku ga kuat update nya gede kali",game nya bagus sekali pokoknya terbaik tapi sayang perangkat ku tidak kuat pembaruan nya besar kali,Negatif
Faisal Alfathony,5,2026-02-06 10:25:30,Wuthering Waves,story 3.1 peakkkkk,cerita peakkkkk,Positif
Sheila Rinjani,5,2026-02-06 10:23:28,Wuthering Waves,seruu,seruu,Positif
Fathan Syukur.,1,2026-02-06 10:15:50,Wuthering Waves,buset tiap updet banyak data,buset tiap updet banyak data,Negatif
Muhammad Fathan,1,2026-02-06 09:16:12,Wuthering Waves,"tolong dong kuroo, udah 3.1 masih aja jelek optimizenya. kerasa bgt beratnya pas lagi bawa motor",tolong dong kuroo sudah masih saja jelek optimizenya kerasa banget beratnya saat lagi bawa motor,Negatif
Denis Saputra,3,2026-02-06 08:54:21,Wuthering Waves,baru aja insatal selesai langsung suru update,baru saja insatal selesai langsung suru pembaruan,Negatif
Christabelle Chandra,5,2026-02-06 08:28:10,Wuthering Waves,seru,seru,Positif
Adrian Manap,1,2026-02-06 08:03:11,Wuthering Waves,"kasih * 1 dulu karna waduh berat banget gila.. sekedar saran buat kuro, kedepannya kalo belum di optimalin buat pengguna device mid-low pasti banyak yg pensiun.. saya selaku pengguna device mid range berharap semoga kedepannya lebih ringan👌",kasih dulu karena aduh berat sekali gila sekedar saran buat kuro games kedepannya kalau belum di optimalin buat pengguna perangkat uts low pasti banyak yang pensiun aku selaku pengguna perangkat uts range berharap semoga kedepannya lebih ringan oke,Negatif
Fadly Aulia,5,2026-02-06 07:39:06,Wuthering Waves,"ngeleg, gacha hard pity mulu",ngeleg undian hard jaminan gacha terus,Negatif
Wendy Irawan,1,2026-02-06 07:11:07,Wuthering Waves,"woi!! kuro ngotak dikit lah kasih updatenya, penyimpanan dan kuota gua menjerit gara gara size games lu makin bengkak, banyk update sih banyak update tapi pikirin juga nasib player mu yang hanya punya penyimpanan 125 gb dan tanpa wifi gini,😭",woi kuro games ngotak sedikit lah kasih updatenya penyimpanan dan kuota saya menjerit gara gara ukuran games lu makin bengkak banyk pembaruan sih banyak pembaruan tapi pikirin juga nasib player mu yang hanya punya penyimpanan gb dan tanpa wifi gini wajah menangis keras,Negatif
The One street,1,2026-02-06 07:07:01,Wuthering Waves,"gw kasih bintang 1 buat nih game.. dulu mh enak bner walaupun jaringan sering naik tpi ga prnah ada patah2 nya. skrng mh hadeuh kacau. ngelag parah, patah2 bahkan sampe ngebleng 🤦 optimalin kya dlu lgi lah biar enak di mainkan nya. bgni trus mah yg ada pada kluar dri game ini player2 .",saya kasih bintang buat ini game dulu mh enak bner walaupun jaringan sering naik tapi tidak prnah ada patah nya sekarang mh hadeuh kacau patah patah parah patah bahkan sampai ngebleng orang tepuk jidat optimalin kya dulu lagi lah supaya enak di mainkan nya bgni terus mah yang ada pada kluar dari game ini player,Negatif
Putu Mahesa,2,2026-02-06 07:00:11,Wuthering Waves,"akun saya gak mau login terus tulisan nya retri atau exit tolong wuwa benerin masalah ini, nama akun saya rover server sea.",akun aku tidak mau masuk terus tulisan nya retri atau exit tolong wuthering waves benerin masalah ini nama akun aku rover server sea,Negatif
Yori Erjani,5,2026-02-06 06:42:07,Wuthering Waves,aku sangat menyenangi game ini. thanks kuro,aku sangat menyenangi game ini terimakasih kuro games,Positif
Kaedehara,5,2026-02-06 05:35:00,Wuthering Waves,ABSOLUTE CINEMA GAME 💯🙌,absolute cinema game nilai seratus mengangkat tangan,Positif
Raisa Shalina Faradiba,5,2026-02-06 04:57:50,Wuthering Waves,"PEAK GAME, banyak bansos, story menyentuh hati, dan grafikny muantap puoll",peak game banyak hadiah cerita menyentuh hati dan grafikny muantap puoll,Positif
Farras Abid,2,2026-02-06 04:47:34,Wuthering Waves,gamenya bagus tapi perlu banyak optimalisasi terkait update update mendatang tidak cuma soal grafis tapi juga dari segi size penyimpanan mungkin jika tidak segera di optimalkan untuk kedepannya pemain akan berkurang soalnya ini dari segi penyimpanan udh over Banget,gamenya bagus tapi perlu banyak optimalisasi terkait pembaruan pembaruan mendatang tidak hanya soal grafis tapi juga dari segi ukuran penyimpanan mungkin jika tidak segera di optimalkan untuk kedepannya pemain akan berkurang soalnya ini dari segi penyimpanan sudah over sekali,Negatif
Clara sange,5,2026-02-06 04:20:58,Wuthering Waves,woww nice game,woww baik game,Positif
azizrdtya,5,2026-02-06 04:08:13,Wuthering Waves,"setara lah sama sebelah.. cuma kalo sebelah gw suka storynya gameplay nya ok, kalo ini storynya ok gameplay nya gw suka",setara lah sama sebelah hanya kalau sebelah saya suka storynya permainan nya ok kalau ini storynya ok permainan nya saya suka,Positif
Deni,3,2026-02-06 03:55:46,Wuthering Waves,"setiap ada update pasti disuruh download ulang data, mana ukuran nya gede lagi, itu emang sistem nya begitu atau cuma di device saya doang yah, soalnya agak ngeselin juga kalo harus mendownload ulang data yang size nya besar.",setiap ada pembaruan pasti disuruh unduh ulang data mana ukuran nya besar lagi itu memang sistem nya begitu atau hanya di perangkat aku saja yah soalnya agak ngeselin juga kalau harus mendownload ulang data yang ukuran nya besar,Negatif
Adi Agung Sedayu,1,2026-02-06 02:39:12,Wuthering Waves,"game sangat bagus bintang 5 kalau menurut saya, cuma minus paling besar di game ini adalah size update yang terlalu besar. Jika seperti ini terus banyak pemain yang pensiun karena kapasitas device yang tidak mumpuni maaf saya kasih rating bintang 1 supaya ter-notice",game sangat bagus bintang kalau menurut aku hanya minus paling besar di game ini adalah ukuran pembaruan yang terlalu besar jika seperti ini terus banyak pemain yang pensiun karena kapasitas perangkat yang tidak mumpuni maaf aku kasih rating bintang supaya ter notice,Negatif
Caroline Reena,3,2026-02-06 02:30:36,Wuthering Waves,"Versi 3.0 Lag Parah di Tutor Race. jadi blm kelar quest ini aku. trus yang ke 2, kmaren udah 96X Pull belum dapat Lynae + 75X Pull belum dapat Sign. Waktu DM via chat pun jawabanx Kuro sama. padahal di History Summon udah jelas 96X pull Lynae msh blm Pulang juga. Makax Mornye aku Skip. yahhh semoga dapat Aemeath lah ya.",versi patah patah parah di tutor race jadi blm selesai misi ini aku terus yang ke kmaren sudah x pull belum dapat lynae x pull belum dapat sign waktu pesan via chat pun jawabanx kuro games sama padahal di history summon sudah jelas x pull lynae masih blm pulang juga makax mornye aku lewati yahhh semoga dapat aemeath lah ya,Negatif
Muhammad Afif Musyaffa,1,2026-02-06 01:45:45,Wuthering Waves,"saya agak kecewa banget setelah update terbaru ini, saya tidak bisa login dan stuck login di 32-59% dan tidak selesai, bahkan saya sempat instal ulang dan download ulang, masih sama tidak bisa login, padahal jaringan dan device saya sangat mendukung buat game seperti WuWa, mohon maaf saya kasih bintang 1 dulu",aku agak kecewa sekali setelah pembaruan terbaru ini aku tidak bisa masuk dan stuck masuk di dan tidak selesai bahkan aku sempat instal ulang dan unduh ulang masih sama tidak bisa masuk padahal jaringan dan perangkat aku sangat mendukung buat game seperti wuthering waves mohon maaf aku kasih bintang dulu,Negatif
Son of Java,5,2026-02-06 01:29:18,Wuthering Waves,"aku rubah dulu bintang 5 , setelah cerita aemeth yg bikin gue nangis",aku rubah dulu bintang setelah cerita aemeth yang membuat aku nangis,Positif
ABAY Disini,4,2026-02-06 01:24:39,Wuthering Waves,overall bagus cuma ada satu kesalahan plss lah buatlah download pertama kali itu cuma 1 - 3gb dan sisanya download lagi pas selesai nyelesain data quest yang pertama,overall bagus hanya ada satu kesalahan plss lah buatlah unduh pertama kali itu hanya gb dan sisanya unduh lagi saat selesai nyelesain data misi yang pertama,Positif
Rangga Adi sabara,5,2026-02-06 00:54:40,Wuthering Waves,BRAVO BRAVO kuro 👏👏👏 gameplay dan mekanik yang menyenangkan desain karakter keren dan beauty serta yang paling diriku enjoy adalah story dan animasi dari dalam game 🙌🙌 sangat cinema sangat enjoy sekali diriku ini.,bravo bravo kuro games tepuk tangan tepuk tangan tepuk tangan permainan dan mekanik yang menyenangkan desain karakter keren dan beauty serta yang paling diriku nikmat adalah cerita dan animasi dari dalam game mengangkat tangan mengangkat tangan sangat cinema sangat nikmat sekali diriku ini,Positif
Jerdi,5,2026-02-06 00:03:43,Wuthering Waves,good game,good game,Positif
Naro riski,5,2026-02-05 23:58:24,Wuthering Waves,Humble game,humble game,Positif
hand Lucky,3,2026-02-05 23:49:47,Wuthering Waves,frame rate nya drop terus seperti lag padahal handphone saya tidak rendah2 banget spek-nya,frame rate nya turun terus seperti patah patah padahal handphone aku tidak rendah sekali spek nya,Negatif
FSBRO,4,2026-02-05 23:44:00,Wuthering Waves,woi reng kamu tuh ya bikin game bagus sih cuma storage gw kan abis ya reng opimalin juga dong di mobile gimana si,woi reng kamu itu ya membuat game bagus sih hanya penyimpanan saya kan habis ya reng opimalin juga dong di mobile gimana si,Negatif
Ryuky Kido,2,2026-02-05 23:08:30,Wuthering Waves,"keluhan banyak pemain tolong perbaiki banyak bug dan crash fps naik turun kadang bisa drop, sistem gacha semakin sulit game terlalu besar, tolong contoh game sebelah udan 5tahun tapi ramah buat pemain, masa wuwa game baru nyuru pemain pada pensiun",keluhan banyak pemain tolong perbaiki banyak masalah teknis dan tabrak frame per detik naik turun kadang bisa turun sistem undian semakin sulit game terlalu besar tolong contoh game sebelah udan tahun tapi ramah buat pemain masa wuthering waves game baru nyuru pemain pada pensiun,Negatif
fernanda bagus pranata,1,2026-02-05 22:48:46,Wuthering Waves,"70 gb storage 😅game PC memamg beda, MLS kli update terbaru terbaru bayk""15- 20 gb😭 pdhl cmn mau gacha doang🤣",gb penyimpanan wajah tersenyum lebar dan berkeringat game komputer memamg beda malas kli pembaruan terbaru terbaru bayk gb wajah menangis keras padahal cuma mau undian saja tertawa terbahak bahak,Negatif
Lie djun Fa,5,2026-02-05 19:30:54,Wuthering Waves,gila wangi banget gacha aemeth 70 x doang menang rate off gacha senjata signaturenya 10x doang langsung dapet hoki atau emang lebih cocok draw digame ini,gila wangi sekali undian aemeth x saja menang rate mati undian senjata signaturenya x saja langsung dapat hoki atau memang lebih cocok draw digame ini,Positif
Adika Wijaya,5,2026-02-05 19:19:40,Wuthering Waves,kegeden size nya,kegeden ukuran nya,Negatif
Achmad Rozy,4,2026-02-05 19:10:17,Wuthering Waves,please more optimize,tolong more optimize,Negatif
nusi santo,4,2026-02-05 18:02:28,Wuthering Waves,cuman mau update 20Gb aja harus ngosongin 70gb dulu baru bisa,cuma mau pembaruan gb saja harus ngosongin gb dulu baru bisa,Negatif
WillymVe,5,2026-02-05 17:39:49,Wuthering Waves,absolut cinema,absolut cinema,Positif
Imam Syah Alfatah,5,2026-02-05 17:15:08,Wuthering Waves,game baik !!,game baik,Positif
Pratama Emir,3,2026-02-05 16:56:10,Wuthering Waves,"please wuwa, kenapa setiap kali gacha selalu kalah rate off. rasanya sia-sia tiap hari maen buat nyari asterite tapi gachanya ampas. tolonglah dipermudah chance nya",tolong wuthering waves kenapa setiap kali undian selalu kalah rate mati rasanya sia sia tiap hari main buat nyari asterite tapi gachanya jelek tolonglah dipermudah chance nya,Negatif
Fitra febrian,5,2026-02-05 16:44:38,Wuthering Waves,nice game,baik game,Positif
Frestea,2,2026-02-05 16:40:32,Wuthering Waves,update sekarang 3.1 map baru berat sampai ngecrash baru kali ini nge crash nya lebih parah dri pada yg di 3.0. tolong di optimalkan lgi secepatnya 🙏,pembaruan sekarang peta baru berat sampai ngecrash baru kali ini nge tabrak nya lebih parah dari pada yang di tolong di optimalkan lagi secepatnya melipat tangan,Negatif
Miftakhul Huda,5,2026-02-05 16:17:46,Wuthering Waves,woke,woke,Positif
Akarui Aozora,1,2026-02-05 16:17:38,Wuthering Waves,optimize your game please,optimize your game tolong,Negatif
Pria Misterius,5,2026-02-05 16:06:20,Wuthering Waves,"100GB for data ? come on now, this is to much, i might be can't continue to play anymore, this is to big for a phone game, please handle this matter, i truly love your game",gb untuk data come nyala now this adalah ke much i might be dapat t continue ke main anymore this adalah ke big untuk a phone game tolong handle this matter i truly suka your game,Negatif
Mas Bobooon,1,2026-02-05 15:53:49,Wuthering Waves,Need 67gb free space is so diabocal,butuh gb gratis penyimpanan adalah jadi diabocal,Negatif
Icha Yupi,1,2026-02-05 15:52:52,Wuthering Waves,"setiap update pasti memberatkan ram hp, seperti nya ini waktunya saya pensi main wuwa karena ram hp saya sedikit, bye wuwa(ಥ﹏ಥ)",setiap pembaruan pasti memberatkan memori handphone seperti nya ini waktunya aku berhenti main main wuthering waves karena memori handphone aku sedikit selamat tinggal wuthering waves ಥ ಥ,Negatif
TanpaNama ‡,4,2026-02-05 15:41:52,Wuthering Waves,"stelah update, poco f4 saya force close trus min baru juga masuk game",stelah pembaruan poco f aku force close terus admin baru juga masuk game,Negatif
Ilham Maulana,1,2026-02-05 15:30:30,Wuthering Waves,😡,wajah sangat marah,Negatif
Joan F,1,2026-02-05 15:27:18,Wuthering Waves,"tolong di perbaiki soal penyimpanan di android, yang benar aja download cuma 19 ampe 20 giga tapi disuruh punya penyimpanan kosong sampe 62 giga itu kagak ngotak bjir (update 3.1)",tolong di perbaiki soal penyimpanan di android yang benar saja unduh hanya sampai giga tapi disuruh punya penyimpanan kosong sampai giga itu kagak ngotak bjir pembaruan,Negatif
Adnan kasogi,2,2026-02-05 15:22:24,Wuthering Waves,to big,ke big,Negatif
Raja Indo,2,2026-02-05 15:21:53,Wuthering Waves,"Tolong optimalisasi game nya, masa yang di bagusin grafik doang, gimana mau nambah player nya kalo game nya aja berat, grafik emang penting tapi buat player nyaman dengan fps tinggi juga nomor 1, kalo mau buat grafik setara God of war mending di PC aja",tolong optimalisasi game nya masa yang di bagusin grafik saja gimana mau nambah player nya kalau game nya saja berat grafik memang penting tapi buat player nyaman dengan frame per detik tinggi juga nomor kalau mau buat grafik setara tuhan of war mending di komputer saja,Negatif
Zack Click,5,2026-02-05 15:17:31,Wuthering Waves,masterpiece,mahakarya,Positif
Andrew Nurwinata,2,2026-02-05 15:12:37,Wuthering Waves,Optimize the game. PC version reaches 133 GB which is insane for a game not even 2 years past.,optimize sebuah game komputer version reaches gb which adalah insane untuk a game tidak bahkan tahun past,Negatif
Alfaraby,1,2026-02-05 15:00:43,Wuthering Waves,"terlalu banyak memakan storage untuk sebuah game gacha anime, ini sudah tidak masuk akal untuk sebuah game hp/mobile dan jika size besar tersebut hanya untuk mendapatkan kualitas yang bagus maka pendapat saya tidak, kualitas game ini masih terbilang biasa saja dan bahkan story nya terlalu dipaksakan untuk nuansa romance dan itu bahkan hampir sering terjadi setiap patch terbaru jadi tolong perkecil size gamenya kalau tidak maka para player akan mulai meninggalkan game ini",terlalu banyak memakan penyimpanan untuk sebuah game undian anime ini sudah tidak masuk akal untuk sebuah game handphone mobile dan jika ukuran besar tersebut hanya untuk mendapatkan kualitas yang bagus maka pendapat aku tidak kualitas game ini masih terbilang biasa saja dan bahkan cerita nya terlalu dipaksakan untuk nuansa romance dan itu bahkan hampir sering terjadi setiap pembaruan terbaru jadi tolong perkecil ukuran gamenya kalau tidak maka para player akan mulai meninggalkan game ini,Negatif
G E A,5,2026-02-05 14:56:42,Wuthering Waves,"Gg, ga pelit",gg tidak pelit,Positif
Zaidan Zulmi,5,2026-02-05 14:18:41,Wuthering Waves,mantap,mantap,Positif
Ardi Wiranata,4,2026-02-05 14:08:52,Wuthering Waves,sangat suka gameplay nya tapi tidak memiliki bahasa Indonesia jadi mainnya sesekali aja😌...,sangat suka permainan nya tapi tidak memiliki bahasa indonesia jadi mainnya sesekali saja wajah lega,Negatif
Tam Tama,3,2026-02-05 13:52:21,Wuthering Waves,"game nya bagus,tapi size nya untuk di smartphone terlalu berat fyi aku pakai POCO F4",game nya bagus tapi ukuran nya untuk di smartphone terlalu berat fyi aku pakai poco f,Negatif
hayubos 2345,5,2026-02-05 13:45:40,Wuthering Waves,grafik sangat bagus,grafik sangat bagus,Positif
Hendry 04,1,2026-02-05 13:30:47,Wuthering Waves,"tiap update patch baru selalu ngelag bikin malas main jadi nya, aku sudah download game ini pake data lagi. gacha karakter sama senjata sekarang selalu di pity 70 ke atas, entah mengapa game ini sangat berbeda dengan versi 2.0 - 2.8 itu lah yang ku rasakan sekarang, kecewa berat 😔😔😔",tiap pembaruan pembaruan baru selalu patah patah membuat malas main jadi nya aku sudah unduh game ini pakai data lagi undian karakter sama senjata sekarang selalu di jaminan gacha ke atas entah mengapa game ini sangat berbeda dengan versi itu lah yang ku rasakan sekarang kecewa berat wajah merenung wajah merenung wajah merenung,Negatif
Muhammad Habil,5,2026-02-05 13:23:25,Wuthering Waves,bagus,bagus,Positif
farrelyan Baskoro,4,2026-02-05 13:14:30,Wuthering Waves,lumayan grapik yg bagus dan enjoy,lumayan grapik yang bagus dan nikmat,Positif
David Putra,5,2026-02-05 13:07:19,Wuthering Waves,"developer baik, game baik, size update yang tidak baik😆",developer baik game baik ukuran pembaruan yang tidak baik wajah tersenyum lebar dan memejamkan mata,Negatif
Carlotta,1,2026-02-05 13:04:24,Wuthering Waves,"berat banget, padahal ini buat mobile loh, size game ini juga sangat besar di mobile nyentuh ±50 gb. Gachanya juga susah, saranku kalau buat akun terus gacha kalian buruk mending reroll aja karena kalau lanjut main kedepannya pasti bakal buruk terus gachanya, aku udah ngalamin soalnya kalah 5× berturut turut dan semuanya hard pity. Kalau saya kalah lagi ini bakalan jadi yang ke 6 kekalahan berturut, dan bintangnya jelas bakal ku rate 1, tapi kalau menang mungkin bisa naik, edit : kalah lagi ke 6",berat sekali padahal ini buat mobile loh ukuran game ini juga sangat besar di mobile nyentuh gb gachanya juga susah saranku kalau buat akun terus undian kalian buruk mending reroll saja karena kalau lanjut main kedepannya pasti akan buruk terus gachanya aku sudah ngalamin soalnya kalah berturut turut dan semuanya hard jaminan gacha kalau aku kalah lagi ini akan jadi yang ke kekalahan berturut dan bintangnya jelas akan ku rate tapi kalau menang mungkin bisa naik edit kalah lagi ke,Negatif
Diva Amalia,5,2026-02-05 12:51:28,Wuthering Waves,Gim bagus tapi pls bkin temenku membadut pas gacha weapon,gim bagus tapi tolong bkin temenku membadut saat undian weapon,Negatif
Angga,5,2026-02-05 12:29:35,Wuthering Waves,3.1 aemeath 😭😭,aemeath wajah menangis keras wajah menangis keras,Positif
Felix,5,2026-02-05 12:02:23,Wuthering Waves,kedepanya semoga size untuk player mobile tetep ramah di memori thanks,kedepanya semoga ukuran untuk player mobile tetap ramah di penyimpanan terimakasih,Positif
Wira Yudha Pratama,3,2026-02-05 11:54:31,Wuthering Waves,Perbanyak optimasi game ini terlalu framedrop padahal chipset smartphone Saya sudah masuk list rekomendasi,perbanyak optimasi game ini terlalu framedrop padahal chipset smartphone aku sudah masuk list rekomendasi,Negatif
Xtra Cell,5,2026-02-05 11:52:04,Wuthering Waves,game nya bgus mulai dri combat Gacha dll gk pernah gw kalah rate of,game nya bgus mulai dari combat undian dsb tidak pernah saya kalah rate of,Positif
Toshino Kyoko,1,2026-02-05 11:44:17,Wuthering Waves,"bintang 1 semenjak update Lahairoi cacat optimalisasi sering crash, Udah gak niat yah buat optimalin di hp gw gak peduli size gede asal optimal aja gamenya kayaknya ini game terlalu maksa buat rilis di hp padahal devnya sendiri fokusnya ke PC atau konsol. oh iya issue crash lag gak jelas ini cuman di Lahairoi aja yah map lain gak masalah meskipun rata kanan jadi ini terbukti bahwa emang devnya aja kurang ngoptimalin game ini di hp bye bye gw pensi",bintang semenjak pembaruan lahairoi cacat optimalisasi sering tabrak sudah tidak niat yah buat optimalin di handphone saya tidak peduli ukuran besar asal optimal saja gamenya kayaknya ini game terlalu maksa buat rilis di handphone padahal devnya sendiri fokusnya ke komputer atau konsol oh iya issue tabrak patah patah tidak jelas ini cuma di lahairoi saja yah peta lain tidak masalah meskipun rata kanan jadi ini terbukti bahwa memang devnya saja kurang ngoptimalin game ini di handphone selamat tinggal selamat tinggal saya berhenti main,Negatif
Alfan Al u,5,2026-02-05 11:26:00,Wuthering Waves,tolong di optimalisasikan agar lancar dan sediakan bahasa Indonesia,tolong di optimalisasikan agar lancar dan sediakan bahasa indonesia,Negatif
ridwan baihaqi,5,2026-02-05 11:21:47,Wuthering Waves,"gila update yang sekarang, buka bentaran sekitar 6 menit, hp udah panas banget gokil sih, mungkin update selanjutnya udah ga bisa maen sama sekali. ganti akun suruh download ulang pula GG, mudah2 an ada optimalisasinya",gila pembaruan yang sekarang buka bentaran sekitar menit handphone sudah panas sekali gokil sih mungkin pembaruan selanjutnya sudah tidak bisa main sama sekali ganti akun suruh unduh ulang pula gg mudah an ada optimalisasinya,Negatif
Victoria Hart,1,2026-02-05 11:17:16,Wuthering Waves,Kurooo tolong optimasi nyaaaa heiii,kurooo tolong optimasi nyaaaa heiii,Negatif
lare jelek,5,2026-02-05 11:13:33,Wuthering Waves,meledak hp saya,meledak handphone aku,Negatif
Yusuf Gifari,5,2026-02-05 10:34:22,Wuthering Waves,ukuran di kecilin,ukuran di kecilin,Negatif
metro2 metro1,1,2026-02-05 10:33:08,Wuthering Waves,update nga masuk akal butuh free space 50gb lebih jelek banget saat update memakai 100gb rom,pembaruan tidak masuk akal butuh gratis penyimpanan gb lebih jelek sekali saat pembaruan memakai gb rom,Negatif
Siti Aisyah Febriyanti,3,2026-02-05 10:30:15,Wuthering Waves,saya tidak bisa download sisanya. sudah masuk seperti biasa. disuruh download tapi bawah lag di sana.,aku tidak bisa unduh sisanya sudah masuk seperti biasa disuruh unduh tapi bawah patah patah di sana,Negatif
Luh asik bang (Sok asik),5,2026-02-05 10:29:49,Wuthering Waves,"plisss kuroo, tambahin bahasa Indonesia plissssssss 😭😭",plisss kuroo tambahkan bahasa indonesia plissssssss wajah menangis keras wajah menangis keras,Negatif
Yuriko ivander,5,2026-02-05 10:23:42,Wuthering Waves,Saran gamenya bisa lebih dioptimalkan,saran gamenya bisa lebih dioptimalkan,Negatif
ADENOVIANT,3,2026-02-05 10:20:57,Wuthering Waves,gw gapaham ini game kok bisa updatenya 49gb. gw emang jarang main tapi selalu gw update. ini baru dapet 1gb njir. apalah,saya gapaham ini game kok bisa updatenya gb saya memang jarang main tapi selalu saya pembaruan ini baru dapat gb anjing apalah,Negatif
Luna khaliluna,5,2026-02-05 10:18:01,Wuthering Waves,game nya bagus bgt apalagi karakter nya pada bagus-bagus,game nya bagus banget apalagi karakter nya pada bagus bagus,Positif
Bintang Ramadhan,5,2026-02-05 10:08:28,Wuthering Waves,ntaps,ntaps,Positif
Really,3,2026-02-05 10:07:41,Wuthering Waves,nih gimana gue di suruh download lagi perasaan varu kemarin sekarang disuruh download lagi,ini gimana aku di suruh unduh lagi perasaan varu kemarin sekarang disuruh unduh lagi,Negatif
Roza Kawaii,5,2026-02-05 10:00:41,Wuthering Waves,Nice Game,baik game,Positif
Muhammad Fadel Diandra,4,2026-02-05 09:42:54,Wuthering Waves,optimisasi agar lebih ramah,optimisasi agar lebih ramah,Negatif
Billy ArmanSOH,5,2026-02-05 09:36:10,Wuthering Waves,mantap jiwa,mantap jiwa,Positif
Muamar Juardhi,2,2026-02-05 09:30:12,Wuthering Waves,game bagus tapi tolong turunkan size game nya saya sudah tidak bisa memainkan game ini lagi semenjak update terbaru,game bagus tapi tolong turunkan ukuran game nya aku sudah tidak bisa memainkan game ini lagi semenjak pembaruan terbaru,Negatif
Swingly putra Tiwow,5,2026-02-05 09:24:54,Wuthering Waves,bagus,bagus,Positif
Alief Naufal,2,2026-02-05 09:24:16,Wuthering Waves,"please kuro optimalisasi untuk mobile ditingkatkan lagi, jangan update rumput mulu bosan gw setoran 200mb gak kasian apa sama yang main pake data.. tambah lagi woe lah akun gw dikasih high pity mulu, kalah rate off lagi",tolong kuro games optimalisasi untuk mobile ditingkatkan lagi jangan pembaruan rumput terus bosan saya setoran mb tidak kasihan apa sama yang main pakai data tambah lagi woe lah akun saya dikasih high jaminan gacha terus kalah rate mati lagi,Negatif
Diota N.E,5,2026-02-05 09:23:14,Wuthering Waves,game sangat cocok untuk player yg hanya punya 1jam waktu bermain karena apa-apa dipermudah,game sangat cocok untuk player yang hanya punya jam waktu bermain karena apa apa dipermudah,Positif
arsya hua,5,2026-02-05 09:08:10,Wuthering Waves,hokiii,hokiii,Positif
Nama depan 01,5,2026-02-05 09:06:14,Wuthering Waves,👍,jempol ke atas,Positif
Wafflet,5,2026-02-05 09:05:16,Wuthering Waves,tolong untuk dioptimalkan di smartphone device karena sangat berat unreal engine. noted ty dev,tolong untuk dioptimalkan di smartphone perangkat karena sangat berat unreal engine noted ty dev,Negatif
Erlangga,4,2026-02-05 09:03:53,Wuthering Waves,"untuk saya gamer yang sudah merasakan puluhan tahun melawan boss di game, boss di Wuwa kurang respon timbal balik dari serangan kita. seolah olah boss merintih kalau Shieldnya sudah habis begitu aja. menurutku sistem begini aneh sensasinya kurang hidup sedangkan kalau karakter kita terkena serangan sampai ga bisa di gerakin seolah dituntut sempurna. terus kelemahan ni game adalah kalau update buju buneng besar datanya, seperti install ulang. selebihnya udah oke oke aja sih",untuk aku gamer yang sudah merasakan puluhan tahun melawan bos di game bos di wuthering waves kurang respon timbal balik dari serangan kita seolah olah bos merintih kalau shieldnya sudah habis begitu saja menurutku sistem begini aneh sensasinya kurang hidup sedangkan kalau karakter kita terkena serangan sampai tidak bisa di gerakin seolah dituntut sempurna terus kelemahan ini game adalah kalau pembaruan buju buneng besar datanya seperti install ulang selebihnya sudah oke oke saja sih,Negatif
Tommy Saputra,5,2026-02-05 09:02:32,Wuthering Waves,good,good,Negatif
Andika Saputra,5,2026-02-05 09:00:53,Wuthering Waves,"tolong berikan fitur menghapus karakter nyesel gw gacha prolova, karakter dengan desain terjelek di game ini",tolong berikan fitur menghapus karakter nyesel saya undian prolova karakter dengan desain terjelek di game ini,Negatif
Wiwin Winarti,1,2026-02-05 08:56:45,Wuthering Waves,sangat tidak kompatibel dengan player mobile,sangat tidak kompatibel dengan player mobile,Negatif
Lyra Rosella,5,2026-02-05 08:52:46,Wuthering Waves,loveeeee itttttt ><,loveeeee itttttt,Positif
dragon white,1,2026-02-05 08:48:47,Wuthering Waves,tiap update ada aja bug nya. di HP maupun PC sama saja. dan gede bangett,tiap pembaruan ada saja masalah teknis nya di handphone maupun komputer sama saja dan besar sekali,Negatif
Ari Prastyanto,5,2026-02-05 08:42:14,Wuthering Waves,"Game seru. Tapi sementara uninstall dulu, size terlalu besar di Mobile 😭",game seru tapi sementara uninstall dulu ukuran terlalu besar di mobile wajah menangis keras,Negatif
Rama Purnama,5,2026-02-05 08:37:57,Wuthering Waves,ok,ok,Positif
Wesly Lette,3,2026-02-05 08:32:23,Wuthering Waves,"Game nya bagus, sayangnya tidak ada bahasa indonesia, jadi berenti dulu, kalau ada baru main lagi✌",game nya bagus sayangnya tidak ada bahasa indonesia jadi berhenti dulu kalau ada baru main lagi isyarat kemenangan,Negatif
ReGGa Kusdana,1,2026-02-05 08:30:05,Wuthering Waves,"tolong optimalisasi penyimpanan, update seperti download ulang game butuh 65GB kosong. tolong penting kan optimalisasi",tolong optimalisasi penyimpanan pembaruan seperti unduh ulang game butuh gb kosong tolong penting kan optimalisasi,Negatif
Samuel Dennis Setiawan,3,2026-02-05 08:28:32,Wuthering Waves,update size make me mad,pembaruan ukuran pakai aku mad,Negatif
Razaaq A,2,2026-02-05 08:23:48,Wuthering Waves,"Hitam, desain karakter nya tolong lebih tertutup lagi",hitam desain karakter nya tolong lebih tertutup lagi,Negatif
Rendi Official,5,2026-02-05 08:23:17,Wuthering Waves,makin update makin membengkak aukururan size,makin pembaruan makin membengkak aukururan ukuran,Negatif
Muhammad Nur Huda,5,2026-02-05 08:18:00,Wuthering Waves,good game,good game,Positif
BANG_ BUZZZ,3,2026-02-05 08:16:59,Wuthering Waves,"kuro tolong penyimpanan datanya kurangin,masa sampe 116 gb,plis",kuro games tolong penyimpanan datanya kurangin masa sampai gb tolong,Negatif
Enggar Dwi aditya,1,2026-02-05 08:15:34,Wuthering Waves,game nya ga kikir tapi update mulu dan sangat besar ukuran nya grafik sesuai tapi update ga sebanding dengan impact nya,game nya tidak pelit tapi pembaruan terus dan sangat besar ukuran nya grafik sesuai tapi pembaruan tidak sebanding dengan impact nya,Negatif
Akhyar Rasid,5,2026-02-05 07:46:42,Wuthering Waves,game nya berat banget jir tapi Masi bagus wog,game nya berat sekali jir tapi masih bagus wog,Negatif
Prambudi Prambudi ilham nugroho,1,2026-02-05 07:43:58,Wuthering Waves,hmm Kmu apa hp android / Ios Version orang download 119Gb alamak sialan jangan Coba saja Kmu orang Hp 256 - 512 - 1Tb Danger!!,hmm kmu apa handphone android ios version orang unduh gb alamak sialan jangan coba saja kmu orang handphone tb danger,Negatif
Never Surrender❶,5,2026-02-05 07:42:15,Wuthering Waves,good,good,Positif
Langit Zzz,5,2026-02-05 07:18:29,Wuthering Waves,peak,peak,Positif
Zee Foreeen,5,2026-02-05 07:17:42,Wuthering Waves,gokil,gokil,Positif
Fachrul Rizki,5,2026-02-05 07:15:53,Wuthering Waves,mantap,mantap,Positif
AxBlack,5,2026-02-05 07:04:44,Wuthering Waves,"dear developer kuro, tolong kasih opsi top up dana atau gopay khususnya buat bundles & vehicle looks di website kurogames pajak GooglePlay benar2 gila",sayang developer kuro games tolong kasih pilihan top atas dana atau gopay khususnya buat bundles vehicle looks di website kurogames pajak googleplay benar gila,Negatif
Matsri,5,2026-02-05 06:28:47,Wuthering Waves,aku suka main wuwa,aku suka main wuthering waves,Positif
Isal,1,2026-02-05 06:06:14,Wuthering Waves,"game gila, kalo update yang waras ajalah, masa update 20 gba ja kudu ngosongin storage 60 gb an, minimal ya dicompress gitu kek, dikira semua hp kuat kali ya storage segitu?",game gila kalau pembaruan yang waras ajalah masa pembaruan gba saja harus ngosongin penyimpanan gb an minimal ya dicompress begitu seperti dikira semua handphone kuat kali ya penyimpanan segitu,Negatif
Opal Panai,5,2026-02-05 06:01:14,Wuthering Waves,Mantap,mantap,Positif
Kotori Itsuka,5,2026-02-05 05:53:31,Wuthering Waves,game nya bagus apalagi buat player geratisan 😋 ada fitur skip pula buat misi,game nya bagus apalagi buat player geratisan wajah menikmati ada fitur lewati pula buat misi,Positif
Maulana Malik,5,2026-02-05 05:45:03,Wuthering Waves,"mantap, walau hp ngosngosan tiap update",mantap walau handphone ngosngosan tiap pembaruan,Negatif
Ryuura Yamashii,5,2026-02-05 05:33:31,Wuthering Waves,game fav. semoga bisa rasain pas dapat bahasa indonesia.,game suka semoga bisa rasain saat dapat bahasa indonesia,Positif
Yusuf,5,2026-02-05 05:24:02,Wuthering Waves,"game nya bagus bgtt, udah main dari versi 1.x sampe sekarang, cuma sedikit ada kendala pada penyimpanan terutama pengguna handphone yang memiliki storage terbatas, update semakin lama semakin besar jika bisa diringankan datanya mungkin para player akan betah bermain lagi, yang lainnya semua bagus mulai dari segi grafik, cerita, fighting, eksplorasi, karakter dan pemandangan dunia semua bagus, saya harap game ini sedikit diringankan bagi penggunaan handphone sekian Terimakasih.",game nya bagus sekali sudah main dari versi x sampai sekarang hanya sedikit ada kendala pada penyimpanan terutama pengguna handphone yang memiliki penyimpanan terbatas pembaruan semakin lama semakin besar jika bisa diringankan datanya mungkin para player akan betah bermain lagi yang lainnya semua bagus mulai dari segi grafik cerita berjuang eksplorasi karakter dan pemandangan dunia semua bagus aku harap game ini sedikit diringankan bagi penggunaan handphone sekian terimakasih,Positif
Blood Strike,5,2026-02-05 05:14:57,Wuthering Waves,bintang 5,bintang,Positif
Mochammad Galih Bintang,1,2026-02-05 05:11:52,Wuthering Waves,woi optimalisasi space apk,woi optimalisasi penyimpanan apk,Negatif
Hollow_Xanz,5,2026-02-05 05:07:47,Wuthering Waves,ok,ok,Positif
Rifki Ilham,2,2026-02-05 05:06:55,Wuthering Waves,"entah semenjak masuk versi 3 mulai sering frame drop dan pas ngelakuin misi tutorial yang motor stuck ga jalan. sedangkan pas ngelakuin misi motor yang di sekitar aman aman aja. dan tolong kalau setiap update patch diperkecil lah untuk update, soalnya makan memori banget",entah semenjak masuk versi mulai sering frame turun dan saat ngelakuin misi tutorial yang motor stuck tidak jalan sedangkan saat ngelakuin misi motor yang di sekitar aman aman saja dan tolong kalau setiap pembaruan pembaruan diperkecil lah untuk pembaruan soalnya makan penyimpanan sekali,Negatif
LiMit,1,2026-02-05 05:04:34,Wuthering Waves,Dev paling malas,dev paling malas,Negatif
M zainatul Firdaus,5,2026-02-05 04:55:37,Wuthering Waves,please subtitle indonesia,tolong subtitle indonesia,Negatif
Amru Prasetyo,4,2026-02-05 04:49:41,Wuthering Waves,untuk developer maaf coba untuk sistem di benerin lagi soalnya lag parah.,untuk developer maaf coba untuk sistem di benerin lagi soalnya patah patah parah,Negatif
Dava Reza,2,2026-02-05 04:47:23,Wuthering Waves,"tolonglah untuk optimalisasi performa di mobilenya, size doang di gedein tapi optimalisasi nya buruk banget",tolonglah untuk optimalisasi performa di mobilenya ukuran saja di gedein tapi optimalisasi nya buruk sekali,Negatif
Nelsen Nicolas,5,2026-02-05 04:43:27,Wuthering Waves,"tolong penyimpanan wuthering waves diringankan lagi, karena saya terpaksa uninstall wuthering waves akibat penyimpanan terlalu berat hingga 53gb, walaupun udah hapus data quest lama tapi tetap terasa penyimpanan saya penuh, ketika masalah penyimpanan diringankan maka saya akan mendownloadnya kembali👌, mungkin sulit berharap penyimpanan file dari wuwa akan diringankan tapi ya saya berharap semoga saja bisa",tolong penyimpanan wuthering waves diringankan lagi karena aku terpaksa uninstall wuthering waves akibat penyimpanan terlalu berat hingga gb walaupun sudah hapus data misi lama tapi tetap terasa penyimpanan aku penuh ketika masalah penyimpanan diringankan maka aku akan mendownloadnya kembali oke mungkin sulit berharap penyimpanan file dari wuthering waves akan diringankan tapi ya aku berharap semoga saja bisa,Negatif
ban kai,5,2026-02-05 04:38:40,Wuthering Waves,bagus,bagus,Positif
Ardianrizki,1,2026-02-05 04:37:45,Wuthering Waves,"size bengkak cuma buat update rumput, optimalisasi kagak",ukuran bengkak hanya buat pembaruan rumput optimalisasi kagak,Negatif
Ahmad Nurahman,5,2026-02-05 04:29:22,Wuthering Waves,game terbaik,game terbaik,Positif
El Dear,5,2026-02-05 04:09:07,Wuthering Waves,absolute cinema,absolute cinema,Positif
Oji Goper,5,2026-02-05 04:04:39,Wuthering Waves,"game nya bagus tapi berat banget buat hp mid range kebawah, optimalisasi ny aga kurang untuk SoC mid kebawah, kalo SoC mumpuni harusnya enak2 aja",game nya bagus tapi berat sekali buat handphone uts range kebawah optimalisasi nya aga kurang untuk soc uts kebawah kalau soc mumpuni harusnya enak saja,Negatif
Arfa Desra triadi,5,2026-02-05 03:58:38,Wuthering Waves,mantap,mantap,Positif
Yoga Fahlevi,4,2026-02-05 03:58:13,Wuthering Waves,"Ini game bagus, tapi optimalisasi di mobile JELEK BANGET",ini game bagus tapi optimalisasi di mobile jelek sekali,Negatif
Venro Min,5,2026-02-05 03:53:00,Wuthering Waves,bagus cuman konten end gamenya boss hp terlalu tebal dawg,bagus cuma konten akhir gamenya bos handphone terlalu tebal dawg,Negatif
Êxëñtrïx SïñūrãtÅrî,5,2026-02-05 03:51:11,Wuthering Waves,bagus,bagus,Positif
Dimas Naufal Tangahu,5,2026-02-05 03:45:45,Wuthering Waves,"Saya suka dengan permainan ini, tapi ada banyak pemain yang penyimpanannya terbatas, tidak besar seperti laptop/komputer, coba kalau ada aplikasi Wuthering Waves Cloud, sistem log in nya sama seperti Wuthering Waves yang Original.",aku suka dengan permainan ini tapi ada banyak pemain yang penyimpanannya terbatas tidak besar seperti laptop komputer coba kalau ada aplikasi wuthering waves cloud sistem log di nya sama seperti wuthering waves yang original,Positif
Fanss Suryaa,5,2026-02-05 03:43:55,Wuthering Waves,penyimpanan tiap update tolong di kurangin kuroo,penyimpanan tiap pembaruan tolong di kurangin kuroo,Negatif
Farhan,5,2026-02-05 03:39:31,Wuthering Waves,great game,great game,Positif
GEMERS PELO,5,2026-02-05 03:18:13,Wuthering Waves,mantab ada banyak istri🗿,mantab ada banyak istri moai,Positif
kurnia_one ikur,5,2026-02-05 03:15:41,Wuthering Waves,aku suka bansos 😂,aku suka hadiah wajah gembira berurai air mata,Positif
Rifky Bengkulu,5,2026-02-05 03:13:12,Wuthering Waves,"Suka banget sama game nya, tapi semakin update semakin besar storange nya, di hp semakin berat... tolong donk, developer, yakin banyak yg mau main di game ini dengan hp, karna ga semua nya punya pc, tolong donk di kecil kan lagi storange nya...",suka sekali sama game nya tapi semakin pembaruan semakin besar storange nya di handphone semakin berat tolong donk developer yakin banyak yang mau main di game ini dengan handphone karena tidak semua nya punya komputer tolong donk di kecil kan lagi storange nya,Negatif
Exile,4,2026-02-05 03:07:09,Wuthering Waves,"Aku yakin setiap update yang bisa sampe 1 GB itu, selain nambah performa dan optimalisasi permainan, kadang ada juga penambahan kelembutan fps untuk susu badag Cartethyia 😍",aku yakin setiap pembaruan yang bisa sampai gb itu selain nambah performa dan optimalisasi permainan kadang ada juga penambahan kelembutan frame per detik untuk susu badag cartethyia wajah tersenyum lebar bermata hati,Positif
Slayer_ Game38,5,2026-02-05 03:00:46,Wuthering Waves,salah satu game openworld terbaik yg pernah saya mainkan,salah satu game openworld terbaik yang pernah aku mainkan,Positif
-K-,5,2026-02-05 02:52:54,Wuthering Waves,oke aja,oke saja,Positif
Ikhsan Mada,5,2026-02-05 02:52:53,Wuthering Waves,keren,keren,Positif
Lavienth R,4,2026-02-05 02:49:08,Wuthering Waves,setiap update map terlalu memakan banyak memori internal,setiap pembaruan peta terlalu memakan banyak penyimpanan internal,Negatif
Pentha Rahmatullah,2,2026-02-05 02:48:59,Wuthering Waves,"woi hitam minimal size update tu bisa dikecilin gak, gede banget njir",woi hitam minimal ukuran pembaruan itu bisa dikecilin tidak besar sekali anjing,Negatif
Pillip Hendra,1,2026-02-05 02:42:05,Wuthering Waves,"size terus membengkak, optimasinya semakin buruk, makin sulit mengalahkan musuh dan semakin tidak ramah untuk player untuk mendapatkan char limited.",ukuran terus membengkak optimasinya semakin buruk makin sulit mengalahkan musuh dan semakin tidak ramah untuk player untuk mendapatkan karakter limited,Negatif
Riya kanu joshua,5,2026-02-05 02:41:11,Wuthering Waves,Great game overall,great game overall,Positif
Ni Kadek Ayu Meta Darmayanti,5,2026-02-05 02:40:52,Wuthering Waves,serah deh,serah deh,Positif
Adelia Meira,2,2026-02-05 02:37:50,Wuthering Waves,opi timize on phone,opi timize nyala phone,Negatif
Ridho Aditiya,4,2026-02-05 02:28:53,Wuthering Waves,Tolong di perbaiki di masalah compiling shader,tolong di perbaiki di masalah compiling shader,Negatif
Aldy Setiawan,5,2026-02-05 02:23:42,Wuthering Waves,bgus,bgus,Positif
Ardi Setiawan,5,2026-02-05 02:22:07,Wuthering Waves,best lah😊,terbaik lah wajah tersenyum dengan mata bahagia,Positif
Mirza,3,2026-02-05 02:19:54,Wuthering Waves,dah sering ga win 50:50 lagi,sudah sering tidak win lagi,Negatif
Robby Candra,5,2026-02-05 02:17:01,Wuthering Waves,Nice,baik,Positif
IGOK ZZZ,5,2026-02-05 02:13:14,Wuthering Waves,My astreat😭😭,punyaku astreat wajah menangis keras wajah menangis keras,Negatif
Michael Peter,5,2026-02-05 02:11:52,Wuthering Waves,"Suka aja lorenya apalagi banyak referensi mulai dari novel, mitologi, bahkan game lain sama f2p banget sih buat sekarang. Sisanya yg masih kurang optimasi aja sih tpi bisalah improve lgi lah ya kedepannya 👍",suka saja lorenya apalagi banyak referensi mulai dari novel mitologi bahkan game lain sama fp sekali sih buat sekarang sisanya yang masih kurang optimasi saja sih tapi bisalah improve lagi lah ya kedepannya jempol ke atas,Positif
Ferdiansyah Bintang,2,2026-02-05 02:09:00,Wuthering Waves,"tidak optimize sama sekali versi sekarang, HP mid range disuruh ganti gitu? grafik Low aja ngeframe banget, jangan fokus cuma pengembangan grafik aja. tapi juga optimize untuk device mid range!!!",tidak optimize sama sekali versi sekarang handphone uts range disuruh ganti begitu grafik low saja ngeframe sekali jangan fokus hanya pengembangan grafik saja tapi juga optimize untuk perangkat uts range,Negatif
Aji Mutaqin,5,2026-02-05 02:01:25,Wuthering Waves,makin smooth,makin smooth,Positif
skibidi toiet,5,2026-02-05 01:59:16,Wuthering Waves,I LIKE CHARNYA,i suka charnya,Positif
RIZKI HIDAYAT,5,2026-02-05 01:56:53,Wuthering Waves,ok,ok,Positif
AisiaAdiMukti Aisia,5,2026-02-05 01:55:02,Wuthering Waves,saya harap developer sangat memperhatikan player,aku harap developer sangat memperhatikan player,Negatif
Jaya Sentosa,4,2026-02-05 01:53:30,Wuthering Waves,tolong dioptimalkan gamen ny,tolong dioptimalkan gamen nya,Negatif
Nighmare Aja,5,2026-02-05 01:52:36,Wuthering Waves,gamenya bagus. cumn hp butuh up. dah patah2.,gamenya bagus cumn handphone butuh atas sudah patah,Negatif
Singkong Keju,1,2026-02-05 01:46:08,Wuthering Waves,"optimisasi jelek setelah update 3.0, size juga tidak dipedulikan",optimisasi jelek setelah pembaruan ukuran juga tidak dipedulikan,Negatif
davin Aptana,1,2026-02-05 01:41:53,Wuthering Waves,"game nya bagus dan kualitas yang semakin berkembang kerja bagus kuro gamenya, tapi izin ini kenapa gua kalah rete of mulu ya dan kenapa hard pity terus dan sekarang aku kalah lagi dia aemeth bro empat kali kalah rate off kamu bercanda kuro game hard pity semua lagi",game nya bagus dan kualitas yang semakin berkembang kerja bagus kuro games gamenya tapi izin ini kenapa saya kalah rete of terus ya dan kenapa hard jaminan gacha terus dan sekarang aku kalah lagi dia aemeth bro empat kali kalah rate mati kamu bercanda kuro games game hard jaminan gacha semua lagi,Negatif
Tommy Toni,5,2026-02-05 01:31:06,Wuthering Waves,mohon developer tingkat kan terus optimallisasi buat pengguna mobile🙏,mohon developer tingkat kan terus optimallisasi buat pengguna mobile melipat tangan,Negatif
Arhy Jhee,5,2026-02-05 01:24:40,Wuthering Waves,suka aja main game model kek gini😁,suka saja main game model seperti gini wajah gembira dengan mata bahagia,Negatif
Power F,4,2026-02-05 01:14:33,Wuthering Waves,"Overall game nya bagus, tidak ada keluhan yang berarti bagi saya,akan tetapi,Saya berharap agar ada bahasa Indonesianya,supaya saya bisa memahami dan mendalami isi cerita yang di sediakan tim developer lebih jelas, walaupun saya bisa sedikit bisa memahami bahasa inggris,saya selalu merekomendasikan game ini pada teman teman saya, alhasil keluhan mereka sama,tidak bisa memahami alur cerita karena keterbatasan bahasa Inggris,dan mereka tidak jadi memainkan game ini dan lebih memilih game sebelah",overall game nya bagus tidak ada keluhan yang berarti bagi aku akan tetapi aku berharap agar ada bahasa indonesianya supaya aku bisa memahami dan mendalami isi cerita yang di sediakan grup developer lebih jelas walaupun aku bisa sedikit bisa memahami bahasa inggris aku selalu merekomendasikan game ini pada teman teman aku hasil keluhan mereka sama tidak bisa memahami alur cerita karena keterbatasan bahasa inggris dan mereka tidak jadi memainkan game ini dan lebih memilih game sebelah,Positif
Muhamad Fauzi,3,2026-02-05 00:58:38,Wuthering Waves,Tolong optimalisasi untuk mobile nya di perbagus udah susah banget DIMENSITY 8200 untuk main ini game kayaknya sudah harus pensi.,tolong optimalisasi untuk mobile nya di perbagus sudah susah sekali dimensity untuk main ini game kayaknya sudah harus berhenti main,Negatif
Naofumi Iwatani,3,2026-02-05 00:57:15,Wuthering Waves,lu pengen kita semua pensi kuroo??? storage makin bengkak woii,lu ingin kita semua berhenti main kuroo penyimpanan makin bengkak woii,Negatif
Yoru,3,2026-02-05 00:42:31,Wuthering Waves,"optimisasi nya ampas, pls perbaiki",optimisasi nya jelek tolong perbaiki,Negatif
Yurni Uni,5,2026-02-05 00:40:37,Wuthering Waves,"Jujur aja ini game bagus banget. Dari combatnya, visual, cut scene dan aspek-aspek dunia pergamean laginnya bagus banget. tapi itu semua gak di barengin sama optimalisasi yang bagus. yang di urus RUMPUT RUMPUT DAN RUMPUT AJA. WOY KURO NGOTAK DONG. BENERIN DULU OPTIMALISASINYA ANJIRRRR..BANYAN BUG ITU..MINIMAL JUGA JANGAN SERING-SERING UPDATE MAP AELAHH KALAU GAK ADA OPTIMALISASI YANG MEMADAI. TIAH HARI SETORAN 200MB MULU. BUG PUN SAMPE AKHIR PASE MASIH ADA. GILIRAN BIKIN MAP MAU TAPI OPTIM",jujur saja ini game bagus sekali dari combatnya visual cut scene dan aspek aspek dunia pergamean laginnya bagus sekali tapi itu semua tidak di barengin sama optimalisasi yang bagus yang di urus rumput rumput dan rumput saja woy kuro games ngotak dong benerin dulu optimalisasinya anjirrrr banyan masalah teknis itu minimal juga jangan sering sering pembaruan peta aelahh kalau tidak ada optimalisasi yang memadai tiah hari setoran mb terus masalah teknis pun sampai akhir pase masih ada giliran membuat peta mau tapi optim,Negatif
Mamang Mv,5,2026-02-05 00:37:51,Wuthering Waves,makin sini makin berat min apakah hp saya sudah gak mampu lagi untuk menjalankan game ini atau game nya yang semakin kesini semakin berat ? untuk next update tolong min optimisasi kan buat user mobile apa lagi yang hpnya gak terlalu bagus. Terima kasih,makin sini makin berat admin apakah handphone aku sudah tidak mampu lagi untuk menjalankan game ini atau game nya yang semakin kesini semakin berat untuk lanjut pembaruan tolong admin optimisasi kan buat user mobile apa lagi yang hpnya tidak terlalu bagus terima kasih,Negatif
Bima Ekaputra,3,2026-02-05 00:31:59,Wuthering Waves,"ada bug hang ketika mau driving tutorial 1, pas lewatin ring emas atau ring ketiga, langsung freze, sudah di restart game dan main di hari yang berbeda, tetap aja masih bermasalah disitu. tolong diperbaiki ! setelah update kenapa masih belum ada perbaikan? dan kenapa memorinya semakin membengkak? di android harus punya kapasitas 118 GB??? what the ... !",ada masalah teknis hang ketika mau driving tutorial saat lewatin ring emas atau ring ketiga langsung freze sudah di restart game dan main di hari yang berbeda tetap saja masih bermasalah disitu tolong diperbaiki setelah pembaruan kenapa masih belum ada perbaikan dan kenapa memorinya semakin membengkak di android harus punya kapasitas gb apa sebuah,Negatif
31 Vanezha Qirani,5,2026-02-05 00:22:04,Wuthering Waves,jujur lebih nyaman maen di pc si daripada di smartphone 🧢,jujur lebih nyaman main di komputer si daripada di smartphone topi berlidah,Positif
Qays Atsila Zharfan,5,2026-02-05 00:22:02,Wuthering Waves,GAME GACOR,game gacor,Positif
Robby Ndcdc,5,2026-02-05 00:16:38,Wuthering Waves,"mantap kuro, terus memasak 👍ditunggu kolep cyberpunk nya",mantap kuro games terus memasak jempol ke atas ditunggu kolep cyberpunk nya,Positif
aloavora,4,2026-02-05 00:16:36,Wuthering Waves,"Kekurangan game ini cuma di size, sampe hapus game lain demi update wuwa, tolonglah size-nya itu dikecilin, masa iya yang dibagusin tekstur rumput doang. Padahal sebelum update 3.0, aman-aman aja, masih bisa main game berat lain, setelah update 3.0 terpaksa bersih-bersih karena size nya makin gede, tiap update juga rasanya kayak reinstall alias gede banget. Semoga Kuro mau dengerin playernya dengan masalah size ini. Overall selain masalah size, game-nya bagus, dari segi bansos juga🤗",kekurangan game ini hanya di ukuran sampai hapus game lain demi pembaruan wuthering waves tolonglah ukuran nya itu dikecilin masa iya yang dibagusin tekstur rumput saja padahal sebelum pembaruan aman aman saja masih bisa main game berat lain setelah pembaruan terpaksa bersih bersih karena ukuran nya makin besar tiap pembaruan juga rasanya seperti reinstall alias besar sekali semoga kuro games mau dengerin playernya dengan masalah ukuran ini overall selain masalah ukuran game nya bagus dari segi hadiah juga wajah memeluk,Negatif
Yunandri Chan,5,2026-02-05 00:15:56,Wuthering Waves,best game ever,terbaik game ever,Positif
Bary,5,2026-02-05 00:05:37,Wuthering Waves,best f2p game ❤️❤️❤️❤️❤️,terbaik fp game hati merah hati merah hati merah hati merah hati merah,Positif
DIKA01 dika,5,2026-02-05 00:02:24,Wuthering Waves,"walaupun saya sudah lama mainnya dari awal rilis sampe sekarang jauh besar perbedaan di awal,Ampe sekarang dari segi optimal dan grafik terlalu ok mungkin ini kesan saya bertahan di gem ini sekian terimakasih.",walaupun aku sudah lama mainnya dari awal rilis sampai sekarang jauh besar perbedaan di awal sampai sekarang dari segi optimal dan grafik terlalu ok mungkin ini kesan aku bertahan di gem ini sekian terimakasih,Positif
Fajar Yogie,3,2026-02-04 23:49:31,Wuthering Waves,"optimasi jelek, size membengkak, umur game blm 2 thn sizenya dah gede banget.",optimasi jelek ukuran membengkak umur game blm thn sizenya sudah besar sekali,Negatif
Noor Azzam,5,2026-02-04 23:37:00,Wuthering Waves,game sangat bagus,game sangat bagus,Positif
Block Kode56,5,2026-02-04 23:35:26,Wuthering Waves,good game 🤌,good game jari terkuncup,Positif
Alvaro Sugianto,5,2026-02-04 23:29:05,Wuthering Waves,"Pengalaman bermain yang sangat baik, dengan grafik memukau serta kombat yang diberikan terasa seru.",pengalaman bermain yang sangat baik dengan grafik memukau serta kombat yang diberikan terasa seru,Positif
azhar mean_solo,5,2026-02-04 23:14:37,Wuthering Waves,mantap tapi memory penuh,mantap tapi penyimpanan penuh,Negatif
Saskia Aulia,5,2026-02-04 23:07:09,Wuthering Waves,"Tolong kuro, game nya di benerin dong. ini game kalo buat di mobile size nya terlalu gede, dan terlalu ngelag nih. ayolah optimalisasi buat mobile nya mana? saya suka game ini, saya ga mau berhenti gara gara device. tapi kalau size nya segede ini dan ngelag banget buat di mainin (padahal sebelumnya lancar) kan jadi sedih ya",tolong kuro games game nya di benerin dong ini game kalau buat di mobile ukuran nya terlalu besar dan terlalu patah patah ini ayolah optimalisasi buat mobile nya mana aku suka game ini aku tidak mau berhenti gara gara perangkat tapi kalau ukuran nya segede ini dan patah patah sekali buat di mainin padahal sebelumnya lancar kan jadi sedih ya,Negatif
Naren Tod,5,2026-02-04 23:05:44,Wuthering Waves,bagus buat ngisi waktu gabut,bagus buat ngisi waktu gabut,Positif
Agung Ramjaya,5,2026-02-04 23:02:48,Wuthering Waves,perfect game..,sempurna game,Positif
Veri Noah2,5,2026-02-04 23:00:53,Wuthering Waves,dari grafik dari alur cerita gila kren parah game terbaik menurut saya👍👍,dari grafik dari alur cerita gila kren parah game terbaik menurut aku jempol ke atas jempol ke atas,Positif
Zola Septiawan,5,2026-02-04 22:50:28,Wuthering Waves,peak!!,peak,Positif
Deni Fadli,5,2026-02-04 22:49:05,Wuthering Waves,"like banget sih yg 1 ni, btw angkatan awal kluar ni game gweh😋😋",suka sekali sih yang ini omong angkatan awal kluar ini game gweh wajah menikmati wajah menikmati,Positif
Bgs Al,5,2026-02-04 22:40:43,Wuthering Waves,"game ya bagus tapi jangan buru² buat upgrad grafis dioptimal kan dulu masi banyak bug² yang bikin mata sakit,tanah hilang,lag parah,dop grafik.",game ya bagus tapi jangan buru² buat upgrad grafis dioptimal kan dulu masih banyak bug² yang membuat mata sakit tanah hilang patah patah parah dop grafik,Negatif
Mfarhan Prananto,5,2026-02-04 22:35:23,Wuthering Waves,game baik,game baik,Positif
Lucilla Sterrato,4,2026-02-04 22:34:20,Wuthering Waves,"Secara fitur dan update bagus, tapi tolong untuk optimalisasi diperbaiki. Terutama dengan update baru ini, kebanyakan user mobile banyak yang tidak bisa memainkannya secara lancar padahal sudah di set ultra performance. Tolong untuk Dev, jika memang kesulitan lebih baik buat versi khusus untuk PC dan mobile jika memang kesulitan untuk optimasi.",secara fitur dan pembaruan bagus tapi tolong untuk optimalisasi diperbaiki terutama dengan pembaruan baru ini kebanyakan user mobile banyak yang tidak bisa memainkannya secara lancar padahal sudah di setengah ultra performance tolong untuk dev jika memang kesulitan lebih baik buat versi khusus untuk komputer dan mobile jika memang kesulitan untuk optimasi,Negatif
Sawako,5,2026-02-04 22:20:43,Wuthering Waves,"saya suka sekali sama game with waves ini.dari grafik, story telling nya, karakter desain nya,musik nya,mekanik bertarungnya dan ceritanya. gacha nya juga ramah untuk pemain f2p. tolong pertahankan dan kalau bisa di tingkatkan lagi.terimakasih kuro sudah membuat game wuthering waves ☺️",aku suka sekali sama game dengan waves ini dari grafik cerita telling nya karakter desain nya musik nya mekanik bertarungnya dan ceritanya undian nya juga ramah untuk pemain fp tolong pertahankan dan kalau bisa di tingkatkan lagi terimakasih kuro games sudah membuat game wuthering waves wajah tersenyum,Positif
Cid Kagenou,5,2026-02-04 22:14:07,Wuthering Waves,"tolong perbaiki size nya, buat kami player hp susah ngimbangin nya terlalu gede",tolong perbaiki ukuran nya buat kami player handphone susah ngimbangin nya terlalu besar,Negatif
Zero Zerooo,4,2026-02-04 22:06:35,Wuthering Waves,udah nggak bisa sudah nih game HP support tapi penyimpanan tidak support bye,sudah tidak bisa sudah ini game handphone dukung tapi penyimpanan tidak dukung selamat tinggal,Negatif
Muhammad Fathi Rafa,5,2026-02-04 21:49:44,Wuthering Waves,hoki,hoki,Positif
Satria Adliraka,5,2026-02-04 21:38:23,Wuthering Waves,"ini patch terakhir (3.1) gw main wuwa soalnya storage cuman 128 dan lagi nabung buat beli device baru,buat kuro great job soal gamenya udah bagus banget,makasih juga buat kuro game udah nemenin selama setahun",ini pembaruan terakhir saya main wuthering waves soalnya penyimpanan cuma dan lagi nabung buat beli perangkat baru buat kuro games great pekerjaan soal gamenya sudah bagus sekali terimakasih juga buat kuro games game sudah nemenin selama setahun,Positif
Mivan Van27,3,2026-02-04 21:26:20,Wuthering Waves,"dari awal main patch 1.0-2.0 masih suka ada bug dan feel ny kek kurang enak,dan di patch 2.0-2.7 udah lumayan nyaman di perangkat gue gak banyak drop,tapi saat update ke 2.8 feel ny jadi berat di hp banyak fps drop cepat panas dan sesekali FC tiba tiba.dan terakhir di awal patch 3.0 ku kira akan ada pengoptimalan yg lebih baik tapi nyatanya size game semakin bengkak gak karuan sampai lebih dari 50 GB di hp untuk sekarang dan terus akan bertambah seiring waktu,dengan kualitas di hp lumayan parah.",dari awal main pembaruan masih suka ada masalah teknis dan merasa nya seperti kurang enak dan di pembaruan sudah lumayan nyaman di perangkat aku tidak banyak turun tapi saat pembaruan ke merasa nya jadi berat di handphone banyak frame per detik turun cepat panas dan sesekali fc tiba tiba dan terakhir di awal pembaruan ku kira akan ada pengoptimalan yang lebih baik tapi nyatanya ukuran game semakin bengkak tidak karuan sampai lebih dari gb di handphone untuk sekarang dan terus akan bertambah seiring waktu dengan kualitas di handphone lumayan parah,Negatif
Tamm Ptraa,5,2026-02-04 21:23:19,Wuthering Waves,"gim baik mantap banget cik, banyak waifu tobrud😹😹",gim baik mantap sekali cik banyak karakter wanita tobrud wajah kucing gembira berurai air mata wajah kucing gembira berurai air mata,Positif
Ter Welu,1,2026-02-04 21:22:09,Wuthering Waves,"baru downlad data dan selesai 35gb, tinggal nunggu kopilasi shadernya, tiba tiba ada update, gw update lah, malah harus download data ulang sebesar 16GB. halah jem.",baru downlad data dan selesai gb tinggal nunggu kopilasi shadernya tiba tiba ada pembaruan saya pembaruan lah malah harus unduh data ulang sebesar gb halah jem,Negatif
marsel tukaedja sell,5,2026-02-04 21:05:27,Wuthering Waves,tingkatkan gacha supaya GK 50:50,tingkatkan undian supaya tidak,Negatif
rehanpratamaputra putra,5,2026-02-04 20:57:25,Wuthering Waves,👍,jempol ke atas,Positif
Jay Chow,5,2026-02-04 20:57:07,Wuthering Waves,the best open world game,sebuah terbaik buka world game,Positif
Uniciron Black,5,2026-02-04 20:52:56,Wuthering Waves,"gw suka gameplay sama mekanik nya soal nya gw dulu pernah main pgr dan itu menurut gw bagus bgt cuma,plisss lah kasih opsi hapus data quest lama banyak bgt numpuk tapi nggak guna,yang ada malah hapus text nya doang tapi nggak hapus data scene nya",saya suka permainan sama mekanik nya soal nya saya dulu pernah main pgr dan itu menurut saya bagus banget hanya plisss lah kasih pilihan hapus data misi lama banyak banget numpuk tapi tidak guna yang ada malah hapus obrol nya saja tapi tidak hapus data scene nya,Negatif
Rendi Pratama,5,2026-02-04 20:16:56,Wuthering Waves,bagus sekali untuk game rpg tapi ga ada Subtitle indonesia tolong untuk development untuk menambah lan Subtitle indonesia agar bisa lebih untuk menikmati game nya,bagus sekali untuk game rpg tapi tidak ada subtitle indonesia tolong untuk development untuk menambah lan subtitle indonesia agar bisa lebih untuk menikmati game nya,Positif
Fadhil Widadi,5,2026-02-04 15:57:29,Wuthering Waves,bagus banget,bagus sekali,Negatif
Gangsar Ari Prasetya,4,2026-02-04 15:00:24,Wuthering Waves,"tiap update patch size selalu besar banget dah, tolong lebih di optimalkan.",tiap pembaruan pembaruan ukuran selalu besar sekali sudah tolong lebih di optimalkan,Negatif
Roffy Faizal,2,2026-02-04 12:34:19,Wuthering Waves,"setelah update kenapa ukuran storage yg dibutuhkan bisa bengkak sampe sebesar ini sih?! tolong untuk update selanjutnya kalo bisa diperkecil lagi untuk storagenya terutama untuk device HP, masa harus ngabisin sampe 100 giga sih!!!",setelah pembaruan kenapa ukuran penyimpanan yang dibutuhkan bisa bengkak sampai sebesar ini sih tolong untuk pembaruan selanjutnya kalau bisa diperkecil lagi untuk storagenya terutama untuk perangkat handphone masa harus ngabisin sampai giga sih,Negatif
Windo Adong,5,2026-02-04 10:18:43,Wuthering Waves,"buat versi cloud, karena perangkat saya sudah tidak mampu berjalan lagi 😭 kuro mohon dengar kan pendapat saya, 110gb hanya untuk permainan mu",buat versi cloud karena perangkat aku sudah tidak mampu berjalan lagi wajah menangis keras kuro games mohon dengar kan pendapat aku gb hanya untuk permainan mu,Negatif
Muhammad Rezky,5,2026-02-04 08:37:30,Wuthering Waves,bagus jir sampe' hp gw tiba' mati trus suhu hpnya di 100°C😹,bagus jir sampai handphone saya tiba mati terus suhu hpnya di c wajah kucing gembira berurai air mata,Negatif
Rijal Doang,1,2026-02-04 08:26:14,Wuthering Waves,penyimpanan yang jadi kendala itu setiap update game size game di duplikat terlalu besar. dan akhirnya tidak kuat untuk menjalani game ini.,penyimpanan yang jadi kendala itu setiap pembaruan game ukuran game di duplikat terlalu besar dan akhirnya tidak kuat untuk menjalani game ini,Negatif
Hafid Razzaq,5,2026-02-04 04:52:49,Wuthering Waves,enak dimainin,enak dimainin,Positif
GAIUS Maji,1,2026-02-04 04:40:00,Wuthering Waves,pliss turun ukuran download tan ya,tolong turun ukuran unduh tan ya,Negatif
P N,2,2026-02-04 03:39:09,Wuthering Waves,"terlalu maksa konten baru, konten lama jadi tidak relevan dan menuh-menuhin storage doang.",terlalu maksa konten baru konten lama jadi tidak relevan dan menuh menuhin penyimpanan saja,Negatif
Boneka santet,1,2026-02-04 02:10:23,Wuthering Waves,Gem sangat berat.setiap update memakan ruaang sangat besar Sampek 100gb lebih.Calon Deat gem.sorry aku pensi duluan!,gem sangat berat setiap pembaruan memakan ruaang sangat besar sampai gb lebih calon deat gem maaf aku berhenti main duluan,Negatif
Haikal Kalcuy,5,2026-02-04 00:18:35,Wuthering Waves,"dari segi gameplay udah bagus sih mantap banget😍, tapi tolong lah buat developer nya kalau update jangan terlalu besar² kasiahan player lain yg HP nya masih tidak memadai",dari segi permainan sudah bagus sih mantap sekali wajah tersenyum lebar bermata hati tapi tolong lah buat developer nya kalau pembaruan jangan terlalu besar² kasiahan player lain yang handphone nya masih tidak memadai,Positif
ZakyWan,1,2026-02-03 21:40:57,Wuthering Waves,Jelek,jelek,Negatif
NADS gaming,1,2026-02-03 21:04:22,Wuthering Waves,"game gacha ini akan tetap sepi kalo setiap update nya bikin device entry level atau mid range sengaja di siksa demi grapich wow padahal ternyata developer dan fandom nya sama-sama egois suruh upgrade Device, btw mayoritas device para Rover di Indonesia 60% sampai 70%, device nya mid range, kalau tak di optimalisasi kan secara gameplay dan size aplikasi mereka akan berhenti, APALAGI subtitle Indonesia nya gak ada padahal banyak orang yang minta tapi ya sama tak i gubris selama bertahun-tahun..",game undian ini akan tetap sepi kalau setiap pembaruan nya membuat perangkat entry level atau uts range sengaja di siksa demi grapich wow padahal ternyata developer dan fan nya sama sama egois suruh upgrade perangkat omong mayoritas perangkat para rover di indonesia sampai perangkat nya uts range kalau tidak di optimalisasi kan secara permainan dan ukuran aplikasi mereka akan berhenti apalagi subtitle indonesia nya tidak ada padahal banyak orang yang minta tapi ya sama tidak i gubris selama bertahun tahun,Negatif
bianca,1,2026-02-03 20:38:50,Wuthering Waves,"kecewa gadapet iuno,2x lagi",kecewa gadapet iuno x lagi,Negatif
muhammad cikal,5,2026-02-03 20:09:04,Wuthering Waves,"Game Dgn gameplay terbaik, dengan storynya yang absolut cinema menjadikan game ini terbaik di kelasnya, semoga developer makin improve...",game dengan permainan terbaik dengan storynya yang absolut cinema menjadikan game ini terbaik di kelasnya semoga developer makin improve,Positif
renaldi sebastian,3,2026-02-03 18:06:18,Wuthering Waves,"Saya pemain Wuthering Waves sejak awal rilis. Saat ini ukuran game hampir 50 GB, yang sangat besar untuk versi mobile. Masalahnya, setiap update hampir selalu menambah 15–20 GB ke base game. Ini sangat membebani pemain dengan storage terbatas. Tanpa solusi seperti optimalisasi data atau penghapusan aset lama, kemungkinan saya bisa terpaksa berhenti bermain. Saya masih percaya Kuro Games masih mendengarkan keluhan fans semoga mereka bisa segera memperbaiki masalah ini.",aku pemain wuthering waves sejak awal rilis saat ini ukuran game hampir gb yang sangat besar untuk versi mobile masalahnya setiap pembaruan hampir selalu menambah gb ke base game ini sangat membebani pemain dengan penyimpanan terbatas tanpa solusi seperti optimalisasi data atau penghapusan aset lama kemungkinan aku bisa terpaksa berhenti bermain aku masih percaya kuro games games masih mendengarkan keluhan fans semoga mereka bisa segera memperbaiki masalah ini,Negatif
Mlbb Yopie,3,2026-02-03 16:34:41,Wuthering Waves,"reedem code terlalu cepat expired. ga semua orang punya waktu buat stay di web untuk dapat reedem code. saya sibuk kerja tetap sempat kan bermain meskipun sebentar. top up juga meskipun tidak banyak tapi rutin perbulan. masalah reedem code terlalu cepat expired, sudah berbulan"" kode reedem yang saya sengaja cari, selalu expired. kalian membuat kode reedem untuk hanya sebagian player kalian saja??",reedem code terlalu cepat expired tidak semua orang punya waktu buat tinggal di web untuk dapat reedem code aku sibuk kerja tetap sempat kan bermain meskipun sebentar top atas juga meskipun tidak banyak tapi rutin perbulan masalah reedem code terlalu cepat expired sudah berbulan kode reedem yang aku sengaja cari selalu expired kalian membuat kode reedem untuk hanya sebagian player kalian saja,Negatif
R Ryo,4,2026-02-03 15:49:57,Wuthering Waves,"untuk gamenya sudah sangat bagus dari segi apapun, cuma untuk masalah pengoptimalan harus di lakukan terutama buat di android karena sangat lag berutal meskipun sudah pakai device yang bagus",untuk gamenya sudah sangat bagus dari segi apapun hanya untuk masalah pengoptimalan harus di lakukan terutama buat di android karena sangat patah patah berutal meskipun sudah pakai perangkat yang bagus,Negatif
Ihsan,3,2026-02-03 15:38:19,Wuthering Waves,"bagus cuma rata rata cara berfikir karakter nya tidak realistis dengan apa yang terjadi pada dunia game nya, coba kalian pikirkan manusia akan berfikir apa jika mereka sering kali menghadapi penderitaan yang tidak wajar seperti kematian, tekanan, rasa sakit,mental yang di permainkan tetapi karakter masih bisa bisa nya berfikir mengorbankan dirinya sendiri demi hidup orang lain, seharusnya ada dampak stress terhadap karakter dan yang paling bikin ngakak,dalam keadaan drama mereka tidak pakai baju",bagus hanya rata rata cara berfikir karakter nya tidak realistis dengan apa yang terjadi pada dunia game nya coba kalian pikirkan manusia akan berfikir apa jika mereka sering kali menghadapi penderitaan yang tidak wajar seperti kematian tekanan rasa sakit mental yang di permainkan tetapi karakter masih bisa bisa nya berfikir mengorbankan dirinya sendiri demi hidup orang lain seharusnya ada dampak stress terhadap karakter dan yang paling membuat ngakak dalam keadaan drama mereka tidak pakai baju,Negatif
Ardi Julhamsah,5,2026-02-03 14:50:02,Wuthering Waves,setelah update ukuran untuk ponsel di 115 GB dan ya ini terkahir kali memainkan game ini.,setelah pembaruan ukuran untuk ponsel di gb dan ya ini terkahir kali memainkan game ini,Negatif
Riski Riski alipka,2,2026-02-03 12:59:59,Wuthering Waves,ini saat saya mengunduh pre-update 3.1 itu mengulang 2 dan itu suda mengunduh banyak tolong kuro game untuk dioptimalkan untuk downloadnya,ini saat aku mengunduh pre pembaruan itu mengulang dan itu suda mengunduh banyak tolong kuro games game untuk dioptimalkan untuk downloadnya,Negatif
Qxy,5,2026-02-03 12:06:48,Wuthering Waves,"10/07/24. Saya dukung game ini menjadi lebih baik, semangat tim kuro. Salam dari device low. Edit 03/02/26. Dari awal rilis maen sampai sekarang, sumpah wuwa semakin bagus dan sangat nyaman di mainkan di hp device low/kentang seperti saya. semoga kedepannya wuwa menjadi terbaik dari yang lain dan semoga hp device low atau kentang seperti saya bisa bermain dengan lancar. Semangat tim kuro❤",aku dukung game ini menjadi lebih baik semangat grup kuro games salam dari perangkat low edit dari awal rilis main sampai sekarang sumpah wuthering waves semakin bagus dan sangat nyaman di mainkan di handphone perangkat low spesifikasi rendah seperti aku semoga kedepannya wuthering waves menjadi terbaik dari yang lain dan semoga handphone perangkat low atau spesifikasi rendah seperti aku bisa bermain dengan lancar semangat grup kuro games hati merah,Positif
Ronny Widian,5,2026-02-03 11:56:40,Wuthering Waves,Sudah ga kuat memori hp ku 😅,sudah tidak kuat penyimpanan handphone ku wajah tersenyum lebar dan berkeringat,Negatif
wahidin ariansyah,1,2026-02-03 11:44:03,Wuthering Waves,mau comeback tapi pas lihat unduhan data gede banget udah hampir 33gb lebih harus download data tambahan 25gb!!,mau comeback tapi saat lihat unduhan data besar sekali sudah hampir gb lebih harus unduh data tambahan gb,Negatif
ambatusyam 69,2,2026-02-03 11:41:31,Wuthering Waves,Pas setiap update patch selalu bengkak ukuran ni game kocak,saat setiap pembaruan pembaruan selalu bengkak ukuran ini game kocak,Negatif
no names,5,2026-02-03 11:24:07,Wuthering Waves,"admin wuthering wave ada gak fitur reset quest,storage ku udah membengkak banget,tolong donk adain fitur reset quest kaya genshin impack,kalau dari segi grafik udah bagus ko sama jalan cerita aku suka.",admin wuthering wave ada tidak fitur reset misi penyimpanan ku sudah membengkak sekali tolong donk adain fitur reset misi seperti genshin impack kalau dari segi grafik sudah bagus ko sama jalan cerita aku suka,Negatif
Joshua Gamaliel Damanik,3,2026-02-03 10:56:09,Wuthering Waves,"game nya bagus namun tidak ada optimalisasi ruang penyimpanan, dibutuhkan banyak sekali space hanya untuk pra download saja. saran saya quest dari 1.0 yang sudah di kerjakan dapat dihapus data nya, serta event permanen yang sudah diselesaikan memiliki opsi untuk menghapus atau ada opsi download event permanen pada pengaturan agar tidak memakan banyak ruang",game nya bagus namun tidak ada optimalisasi ruang penyimpanan dibutuhkan banyak sekali penyimpanan hanya untuk pra unduh saja saran aku misi dari yang sudah di kerjakan dapat dihapus data nya serta acara permanen yang sudah diselesaikan memiliki pilihan untuk menghapus atau ada pilihan unduh acara permanen pada pengaturan agar tidak memakan banyak ruang,Negatif
DEWI Al MAHYRAH,4,2026-02-03 10:50:45,Wuthering Waves,selagi belum ada bahasa Indonesianya . saya tidak akan download .,selagi belum ada bahasa indonesianya aku tidak akan unduh,Negatif
U - DO,5,2026-02-03 10:42:03,Wuthering Waves,"Semoga lebih baik lagi dan lagi ke depannya, dan tolong bisa lebih di optimalkan lagi untuk device mid... Thanks...",semoga lebih baik lagi dan lagi ke depannya dan tolong bisa lebih di optimalkan lagi untuk perangkat uts terimakasih,Negatif
RE:projekt,5,2026-02-03 10:21:38,Wuthering Waves,Ini game kalo urusan size makin lama tambah rakus. update sebelumnya suruh nyisain 40GB free space. Update yg baru ini suruh nyisain 60GB. gilakkk.,ini game kalau urusan ukuran makin lama tambah rakus pembaruan sebelumnya suruh nyisain gb gratis penyimpanan pembaruan yang baru ini suruh nyisain gb gilakkk,Negatif
Sanjay Setiadi,1,2026-02-03 09:58:49,Wuthering Waves,"SENGAJA BANGET NYURUH PENSI, UPDATE 16GB MASA BUTUH SPACE NYA HARUS 60GB LEBIH, YANG BENER AJALAH,,, KECEWA GUA",sengaja sekali nyuruh berhenti main pembaruan gb masa butuh penyimpanan nya harus gb lebih yang benar ajalah kecewa saya,Negatif
Bang RID.95,3,2026-02-03 09:37:55,Wuthering Waves,jelek banget grafik nya padahal grafik udah ultra high,jelek sekali grafik nya padahal grafik sudah ultra high,Negatif
Zaki Kecebanget,5,2026-02-03 08:22:23,Wuthering Waves,"plis kasih bahasa Indonesia juga lahh, aku ada yang nggak ngerti juga dialog bahasa inggrisnya, plissss lahh",tolong kasih bahasa indonesia juga lahh aku ada yang tidak ngerti juga dialog bahasa inggrisnya plissss lahh,Negatif
Egardwi Januar,5,2026-02-03 07:56:23,Wuthering Waves,kereeennn,kereeennn,Positif
Atar Alfahrezi,5,2026-02-03 06:46:05,Wuthering Waves,lumayan,lumayan,Positif
Nur Mauluddin,5,2026-02-03 05:50:40,Wuthering Waves,"butuh bahasa Indonesia di dalam gamenya, mohon kuro ditambahkan, Storage full, Time to say goodbye WW🧤",butuh bahasa indonesia di dalam gamenya mohon kuro games ditambahkan penyimpanan penuh waktu ke say goodbye wuthering waves sarung tangan,Negatif
Vino Vano,5,2026-02-03 05:33:36,Wuthering Waves,grafik dan battlenya nya mantab,grafik dan battlenya nya mantab,Positif
Tri Bay,1,2026-02-03 04:36:41,Wuthering Waves,gua gak bisa masuk,saya tidak bisa masuk,Negatif
Rubennn Goa,5,2026-02-03 03:36:30,Wuthering Waves,dapat augusta 1 pull,dapat augusta pull,Positif
Rizki Teddy,5,2026-02-03 00:35:37,Wuthering Waves,mantap man gachanya,mantap man gachanya,Positif
Batagor the gaming,3,2026-02-03 00:21:07,Wuthering Waves,tambahkan bahasa Indonesia,tambahkan bahasa indonesia,Negatif
greo laster,1,2026-02-02 22:35:31,Wuthering Waves,battery killer,battery killer,Negatif
m arshal,1,2026-02-02 16:14:14,Wuthering Waves,"BURUK BANGET PERFORMANYA GAK OPTIMAL DI PATCH 3.0 INI, BERBEDA DENGAN PATCH SEBELUM NYA YANG SANGAT STABIL PADAHAL DEVICE SAYA SANGAT MEMADAI",buruk sekali performanya tidak optimal di pembaruan ini berbeda dengan pembaruan sebelum nya yang sangat stabil padahal perangkat aku sangat memadai,Negatif
RIZKY UMMARA,5,2026-02-02 14:16:23,Wuthering Waves,"secara gameplay itu seru! dalam eksplorasi, karakter, cerita, quest, dan hadiah chest yang melimpah. 👍🏻 saran aja buat pengembangan kedepannya, mungkin bisa ditambahkan subtitle Indonesia agar lebih mempermudah player dalam memahami cerita, dan juga mungkin bisa ditambahkan aplikasi khusus buat komunitas, bisa cek peta, hadiah login tambahan, agar bisa memperluas juga. itu aja semoga update berikutnya, lebih baik lagi.",secara permainan itu seru dalam eksplorasi karakter cerita misi dan hadiah chest yang melimpah jempol ke atas warna kulit cerah saran saja buat pengembangan kedepannya mungkin bisa ditambahkan subtitle indonesia agar lebih mempermudah player dalam memahami cerita dan juga mungkin bisa ditambahkan aplikasi khusus buat komunitas bisa cek peta hadiah masuk tambahan agar bisa memperluas juga itu saja semoga pembaruan berikutnya lebih baik lagi,Positif
Setia Budi,2,2026-02-02 12:53:03,Wuthering Waves,kurang nya di bahasa aja .. gak ada bahasa indo . nanti aja main lagi kalau udah ada bahasa indo,kurang nya di bahasa saja tidak ada bahasa indonesia nanti saja main lagi kalau sudah ada bahasa indonesia,Negatif
Hanya Orang biasa,1,2026-02-02 12:46:40,Wuthering Waves,makin berat ni game dah lah besok besok udah 100gb aja ni game uninstal aja dah gk ramah device low godbay wuwa,makin berat ini game sudah lah besok besok sudah gb saja ini game uninstall saja sudah tidak ramah perangkat low godbay wuthering waves,Negatif
Husein Indah,5,2026-02-02 09:52:27,Wuthering Waves,"gamennya bagus dan sangat realistis tapi pada saat main game saya merasa terganggu dengan jaringan tersebut namun aku tetap sabar dengan hal itu tapi jaringan itu terus yg menggangguku, kenapa aku kasih bintang 5 karena gamennya bagus dan sangat realistis ya walaupun keganggu ama jaringan tapi aku sangat suka bgt dengan game ini, yah semoga aja kedepannya kuro kasih game ini yang terbaik dan juga spinnya jangan disusahin yah :)",gamennya bagus dan sangat realistis tapi pada saat main game aku merasa terganggu dengan jaringan tersebut namun aku tetap sabar dengan hal itu tapi jaringan itu terus yang menggangguku kenapa aku kasih bintang karena gamennya bagus dan sangat realistis ya walaupun keganggu sama jaringan tapi aku sangat suka banget dengan game ini yah semoga saja kedepannya kuro games kasih game ini yang terbaik dan juga spinnya jangan disusahin yah,Negatif
Huda,2,2026-02-02 08:43:57,Wuthering Waves,Bahasa Indonesianya geng?! 😭😭,bahasa indonesianya geng wajah menangis keras wajah menangis keras,Negatif
Muhammad Reyhan,5,2026-02-02 05:37:19,Wuthering Waves,"absolute cinema sih cuma, ceritanya kurang tapi gak kurang banget. efek yang dihasilkan karakter udah sangat-sangat memuaskan cuma, masih sedikit kaku(menurut gw) terus perlu lebih dioptimalkan lagi gamenya biar fps lebih stabil soalnya hp yang mid-range aja udah gak kuat. grafik udah terbilang cukup di mobile dan sangat cukup di dekstop gw cuma pengen optimalisasi aja untuk sekarang. oh iya 1 lagi jangan kasih karakter perempuan mulu kasih juga laki-laki biar stabil",absolute cinema sih hanya ceritanya kurang tapi tidak kurang sekali efek yang dihasilkan karakter sudah sangat sangat memuaskan hanya masih sedikit kaku menurut saya terus perlu lebih dioptimalkan lagi gamenya supaya frame per detik lebih stabil soalnya handphone yang uts range saja sudah tidak kuat grafik sudah terbilang cukup di mobile dan sangat cukup di dekstop saya hanya ingin optimalisasi saja untuk sekarang oh iya lagi jangan kasih karakter perempuan terus kasih juga laki laki supaya stabil,Negatif
MCP 2005,4,2026-02-02 02:21:54,Wuthering Waves,semuanya bagus masalah nya hanya pada size game nya kebesaran jadi gabisa main lagi mungkin ini aja kalo mau main harus hapus game lain dulu sampai kosong 😅 tapi aku suka,semuanya bagus masalah nya hanya pada ukuran game nya kebesaran jadi gabisa main lagi mungkin ini saja kalau mau main harus hapus game lain dulu sampai kosong wajah tersenyum lebar dan berkeringat tapi aku suka,Negatif
Fathan Sus,3,2026-02-02 00:54:48,Wuthering Waves,"optimisasi nya masih kurang, main di snapdragon 7gen3 ngeleg parah itupun pakai grafik low",optimisasi nya masih kurang main di snapdragon gen ngeleg parah itupun pakai grafik low,Negatif
Ridho Setiawan,4,2026-02-01 19:24:40,Wuthering Waves,"macam mana nih saya dulu main lancar² aja sekarang habis update banyak lag nya, fix lag nya gak ngotak tolong di perbaiki lagi ya.",macam mana ini aku dulu main lancar² saja sekarang habis pembaruan banyak patah patah nya tetap patah patah nya tidak ngotak tolong di perbaiki lagi ya,Negatif
nihong,1,2026-02-01 18:35:22,Wuthering Waves,"game asu,kasih fiture terbang lagi di region baru",game anjing kasih fiture terbang lagi di region baru,Negatif
ilove carlmom,5,2026-02-01 12:22:50,Wuthering Waves,"Masterpiece, terimakasih karna telah memberikan pengalaman bermain yang luar biasa, tapi sayang harus berhenti karna hp sudah tak kuat dwag💔🥀",mahakarya terimakasih karena telah memberikan pengalaman bermain yang luar biasa tapi sayang harus berhenti karena handphone sudah tidak kuat dwag patah hati bunga layu,Negatif
Gunawan ab,1,2026-02-01 11:19:24,Wuthering Waves,"Eksplorasi capek. flopwaves dinyotek gbf, dll",eksplorasi kesal flopwaves dinyotek gbf dsb,Negatif
Serbet Belok,1,2026-02-01 10:16:23,Wuthering Waves,ini game apa sih lama banget loading nya,ini game apa sih lama sekali loading nya,Negatif
Godn zero,5,2026-02-01 09:56:12,Wuthering Waves,woke,woke,Positif
Muhammad Syamsul Huda,4,2026-02-01 08:25:19,Wuthering Waves,"bagus, tapi agak berat ya",bagus tapi agak berat ya,Positif
Tree,5,2026-02-01 08:15:43,Wuthering Waves,mantap,mantap,Positif
Pain Tendo,5,2026-02-01 07:19:02,Wuthering Waves,MMORPG dengan Grafis AAA non berbayar yang saya prioritaskan untuk kalian.. di dukung Audio dan Video Memukau patut di menjadi rekomendasi Bagi kalian para pecinta Eksplore Combat mekanik skill..,mmorpg dengan grafis aaa non berbayar yang aku prioritaskan untuk kalian di dukung audio dan video memukau patut di menjadi rekomendasi bagi kalian para pecinta eksplore combat mekanik skill,Positif
Rakha adiwitya Ardana,1,2026-02-01 05:58:59,Wuthering Waves,"Gamenya sebenarnya bagus, tapi gak ramah device seperti Hsr Dan Genshin. yah mau gimana lagi...",gamenya sebenarnya bagus tapi tidak ramah perangkat seperti hsr dan genshin yah mau gimana lagi,Negatif
Muhammad Rafi,5,2026-02-01 05:40:29,Wuthering Waves,"tolong dong min, tambah translate dialog nya b indo, gua g paham jer b. Inggris apalagi bahasa lain yg ada.... dialog aja terjemahannya b indo, voice jangan jelek.... tolong min huaaa cape gua belajar lagi",tolong dong admin tambah translate dialog nya b indonesia saya tidak paham jer b inggris apalagi bahasa lain yang ada dialog saja terjemahannya b indonesia suara jangan jelek tolong admin huaaa kesal saya belajar lagi,Negatif
Mizuki Inazuma,5,2026-02-01 04:57:55,Wuthering Waves,bagus bngttt,bagus bngttt,Positif
Suaka Lmao,4,2026-02-01 04:01:48,Wuthering Waves,mantap bagus game nya,mantap bagus game nya,Positif
Kavindra Keanu,5,2026-01-31 23:39:00,Wuthering Waves,bagus,bagus,Positif
Dark Dragon,5,2026-01-31 18:25:38,Wuthering Waves,"Best Game, Fight nya Keren, dan desain beberapa bos monster nya keren banget, juga sebagai penikmat story berharap game ini ada bahasa indonesianya mau banget lebih mendalami story dalam game nya",terbaik game fight nya keren dan desain beberapa bos monster nya keren sekali juga sebagai penikmat cerita berharap game ini ada bahasa indonesianya mau sekali lebih mendalami cerita dalam game nya,Positif
Santri jadmiko,4,2026-01-31 06:48:26,Wuthering Waves,fitur game nya udah bagus cuman saya berharap support bahasa Indonesia,fitur game nya sudah bagus cuma aku berharap dukung bahasa indonesia,Positif
Zet 752,5,2026-01-31 06:40:53,Wuthering Waves,game baik,game baik,Positif
Moe,5,2026-01-31 05:09:23,Wuthering Waves,"game terbaik yg pernah gw mainin, nyari chest mudah isinya 10 astrite ampe 30 astrite, gak kek game sebelah susah nyari dapatnya cuma 3 ampe 5 mana susah nyarinya, mekanik emang susah cuma udah gw atasi itu yg gak bisa karena skill issue",game terbaik yang pernah saya mainin nyari chest mudah isinya astrite sampai astrite tidak seperti game sebelah susah nyari dapatnya hanya sampai mana susah nyarinya mekanik memang susah hanya sudah saya atasi itu yang tidak bisa karena skill issue,Positif
Muhammad Albi,5,2026-01-31 04:47:30,Wuthering Waves,grafik nya sangat bagus dan efek dari karakter nya juga bagus,grafik nya sangat bagus dan efek dari karakter nya juga bagus,Positif
Yunohana Yuuna,5,2026-01-31 03:13:35,Wuthering Waves,game terbaik,game terbaik,Positif
Leoneve davinci,1,2026-01-31 02:11:33,Wuthering Waves,"kecewa berat kepada developer kuro games tentang game Wuthering waves ini ga di Optimalisasi untuk spek menengah seperti helio g99 , dulu saya suka karena lebih baik dari genshin impack, reward cukup oke lalu gacha ok tapi sekarang di persulit kadang rate off kadang on, setiap update makin bertambah dari 19/20 gb menjadi 50 gb termasuk map lahairoi yang sangat berat dibanding map rinas atau septimont, kecewa intinya saya udah berat lag lagi ga di optimalisasi. game ga ramah bintang 1",kecewa berat kepada developer kuro games games tentang game wuthering waves ini tidak di optimalisasi untuk spek menengah seperti helio tidak dulu aku suka karena lebih baik dari genshin impack hadiah cukup oke lalu undian ok tapi sekarang di persulit kadang rate mati kadang nyala setiap pembaruan makin bertambah dari gb menjadi gb termasuk peta lahairoi yang sangat berat dibanding peta rinas atau septimont kecewa intinya aku sudah berat patah patah lagi tidak di optimalisasi game tidak ramah bintang,Negatif
Give me light,5,2026-01-30 18:08:21,Wuthering Waves,"woy kuro, tambahin lah ladang asterite nya, gw aja sering berlangganan 30hari masih seret asterite gw, ayolah game nya lo asik gini, rugi gak di ksh event yg seger"", lebih inovatif lagi lah klo bikin event, dan jangan lupa di tambahin Hadiah asterite nya wkwkwkwkw",woy kuro games tambahkan lah ladang asterite nya saya saja sering berlangganan hari masih seret asterite saya ayolah game nya kamu asyik gini rugi tidak di ksh acara yang segar lebih inovatif lagi lah kalau membuat acara dan jangan lupa di tambahkan hadiah asterite nya wkwkwkwkw,Negatif
ndan Rf,1,2026-01-30 13:48:13,Wuthering Waves,kurang optimal,kurang optimal,Negatif
Hidd de shiina,5,2026-01-30 12:45:14,Wuthering Waves,"woi bisa ga sih klo ngasih rating tu mikir dikit? masalah lag lah bug lah kuro dah berusaha sebaik mungkin optimasi tapi kasih rating 1 cu, device lu lu pada aja yg ga kuat, *sadar diri lah cu*",woi bisa tidak sih kalau ngasih rating itu mikir sedikit masalah patah patah lah masalah teknis lah kuro games sudah berusaha sebaik mungkin optimasi tapi kasih rating cu perangkat lu lu pada saja yang tidak kuat sadar diri lah cu,Positif
Yusuf Mahendra,5,2026-01-30 12:15:36,Wuthering Waves,game mantab. wajib download kawan2.,game mantab wajib unduh teman,Positif
Abiy Yu,5,2026-01-30 11:56:31,Wuthering Waves,"sumpah ini bagus banget, apalgi story beh mantap pokonya",sumpah ini bagus sekali apa cerita beh mantap pokonya,Positif
Bagas Hermawan,5,2026-01-30 11:02:02,Wuthering Waves,tambahin bhasa indo bos,tambahkan bhasa indonesia bos,Positif
Cha Azriellya,4,2026-01-30 07:30:33,Wuthering Waves,game yang baik hati. gatcha nya mudah di dapatkan. cuma sayang dengan ukuran yang SEGEDE GABAN bikin HP demam kejang dan ngoshngoshan.kalo sdikit di kurangin size nya sh mungkin lebih asik buat di mainin lebih lama.,game yang baik hati gatcha nya mudah di dapatkan hanya sayang dengan ukuran yang segede gaban membuat handphone demam kejang dan ngoshngoshan kalau sdikit di kurangin ukuran nya sh mungkin lebih asyik buat di mainin lebih lama,Negatif
Yamaichii / Bryan Lionel Abielle,5,2026-01-30 06:13:06,Wuthering Waves,"keren euy, btw Chisa kapan rerun? 🗿",keren euy omong chisa kapan rilis ulang moai,Positif
Burnely Official,5,2026-01-30 02:08:50,Wuthering Waves,mantap,mantap,Positif
Mario Benedicto Rizal Latul,1,2026-01-29 20:23:41,Wuthering Waves,game sering tertutup sendiri padahal spek hp ku kuat untuk memainkannya,game sering tertutup sendiri padahal spek handphone ku kuat untuk memainkannya,Negatif
Radit Game House,5,2026-01-29 18:00:03,Wuthering Waves,"Pada Quest Vehicle Driving Tutorial 1 selalu stack atau freeze saat masuk lingkaran ketiga, ada apa? Tolong di perbaiki, kalau begitu terus tidak bisa selesai Questnya. Terima kasih... Overall Luar biasa.",pada misi vehicle driving tutorial selalu stack atau freeze saat masuk lingkaran ketiga ada apa tolong di perbaiki kalau begitu terus tidak bisa selesai questnya terima kasih overall luar biasa,Positif
Kenzie Aqila Manurung,4,2026-01-29 17:15:54,Wuthering Waves,"ceritanya agk kurehg krena terlalu menonjolkan cerita mc dengan char lain terutama char cewek(kek genre harem). tpi untuk gameplay seru mekanik ny juga asik, gk kikir cmn gk ad bahasa Indonesia aj yng buat agak susah paham dengan ceritanya.",ceritanya agk kurehg krena terlalu menonjolkan cerita mc dengan karakter lain terutama karakter cewek seperti genre harem tapi untuk permainan seru mekanik nya juga asyik tidak pelit cuma tidak ada bahasa indonesia saja yang buat agak susah paham dengan ceritanya,Negatif
Kelvin r,2,2026-01-29 14:20:35,Wuthering Waves,optimisasi game kurang,optimisasi game kurang,Negatif
Ahmad Akbar,5,2026-01-29 13:16:57,Wuthering Waves,setelah melihat kabar update wuthering waves 3.1 seperti mungkin saya dan beberapa orang yang bermain secara mobile dengan spek minimum akan pamit sedangkan untuk 3.0 pada map lahai roi saja sering frame drop apalagi ukuran game yang semakin bertambah terima kasih sudah membuat game yang bagus tapi sayang sekali untuk 3.1 tidak ada harapan lagi untuk bisa bermain dengan lancar,setelah melihat kabar pembaruan wuthering waves seperti mungkin aku dan beberapa orang yang bermain secara mobile dengan spek minimum akan pamit sedangkan untuk pada peta lahai roi saja sering frame turun apalagi ukuran game yang semakin bertambah terima kasih sudah membuat game yang bagus tapi sayang sekali untuk tidak ada harapan lagi untuk bisa bermain dengan lancar,Negatif
Muhammad Ivander,1,2026-01-29 11:03:25,Wuthering Waves,ni game kikir bet mana dapetin 4 bintangnya susah betul abis selesain misi cuman dapet 100 asteriye ini game atau apaan dah jelek bet UDAH KIKIR OPTIMISASI NYA SAMPAH BENER ABIS UPDATE BUG NAMBAH,ini game pelit sekali mana dapetin bintangnya susah betul habis selesain misi cuma dapat asteriye ini game atau apaan sudah jelek sekali sudah pelit optimisasi nya sampah benar habis pembaruan masalah teknis nambah,Negatif
Aqil Kamil,4,2026-01-29 09:32:59,Wuthering Waves,"gameplay bagus, story lumayan, graphic sangat bagus, 1 kekurang tolong pembelian dalam game atau top up di fix kan per regional harganya sebab KLO terus2 menerus dalam dolar harga bakal naik terus.",permainan bagus cerita lumayan graphic sangat bagus kekurang tolong pembelian dalam game atau top atas di tetap kan per regional harganya sebab kalau terus menerus dalam dolar harga akan naik terus,Negatif
Naural Mumtazah,5,2026-01-29 08:37:59,Wuthering Waves,"game nya cukup bagus dan menyenangkan, cuma tolong Adain hapus data game yang lama biar hemat penyimpanan dan tambahin subtitle Indonesia dong",game nya cukup bagus dan menyenangkan hanya tolong adain hapus data game yang lama supaya hemat penyimpanan dan tambahkan subtitle indonesia dong,Positif
Vioo,1,2026-01-29 06:27:47,Wuthering Waves,baru main udah lose 50/50,baru main sudah lose,Negatif
Iyep Rukmana,5,2026-01-29 06:05:01,Wuthering Waves,"61GB free storage buat versi 3.1 + 50GB ukuran game, tolong ukuran free storage yang dibutuhkan, dikondisikan",gb gratis penyimpanan buat versi gb ukuran game tolong ukuran gratis penyimpanan yang dibutuhkan dikondisikan,Negatif
Abdul khalik,5,2026-01-29 02:36:39,Wuthering Waves,"omg, setelah hampir 1 tahun ngga main terus main lagi banyak bgt perubahannya dan sistemnya juga sudah banyak yg di perbaiki, jadi makin semangat mau main lagi di tambah cerita yang baru dan lagu lagu nya beuhhh best mmorpg",tuhan setelah hampir tahun tidak main terus main lagi banyak banget perubahannya dan sistemnya juga sudah banyak yang di perbaiki jadi makin semangat mau main lagi di tambah cerita yang baru dan lagu lagu nya beuhhh terbaik mmorpg,Negatif
Ryan Ghiyats 25,1,2026-01-29 02:12:02,Wuthering Waves,bahasa Indonesia nya mana oy 💩👎,bahasa indonesia nya mana oy kotoran jempol ke bawah,Negatif
Fahri Fauzi,5,2026-01-28 23:14:53,Wuthering Waves,Game sangat bagus gameplay mudah dipahami dan gacha di game ini ga pelit,game sangat bagus permainan mudah dipahami dan undian di game ini tidak pelit,Positif
Aulia Afifa,5,2026-01-28 14:40:10,Wuthering Waves,"intinya game nya seru, story nya keren gabisa dijelaskan cmn dri kata"" saking keren nya soalnya",intinya game nya seru cerita nya keren gabisa dijelaskan cuma dari kata sampai keren nya soalnya,Positif
Riski Prayugo,5,2026-01-28 13:41:58,Wuthering Waves,"udh bagus bnget ni game, kekurangan nya cuma 1 yakni tolong tambahin bahasa indonesia dong",sudah bagus sekali ini game kekurangan nya hanya yakni tolong tambahkan bahasa indonesia dong,Positif
Mardian,3,2026-01-28 13:24:14,Wuthering Waves,terlalu berat buat kentang wkwk,terlalu berat buat spesifikasi rendah wkwk,Negatif
Hibat,2,2026-01-28 10:09:21,Wuthering Waves,"Tambah berat tambah lama tambah aduhhh, dulu seru padahal sekarang kebanyakan char cewe, yang lain lah kuro masa cwe mulu, knt ,l",tambah berat tambah lama tambah aduhhh dulu seru padahal sekarang kebanyakan karakter gadis yang lain lah kuro games masa cwe terus knt l,Negatif
Mei Aiharaa,4,2026-01-28 09:43:40,Wuthering Waves,Tolong kuro tambahin bahasa indonesia udh perfect kalo ada,tolong kuro games tambahkan bahasa indonesia sudah sempurna kalau ada,Positif
Nazla,4,2026-01-28 08:56:10,Wuthering Waves,minimal pas ngeloading resource dicepetin dikit untuk gamenya sih bagus,minimal saat ngeloading resource dicepetin sedikit untuk gamenya sih bagus,Positif
P entol,5,2026-01-28 06:55:06,Wuthering Waves,game bagus jalan di rtx 5090ti lancar😹,game bagus jalan di rtx ti lancar wajah kucing gembira berurai air mata,Positif
Another,1,2026-01-28 03:05:56,Wuthering Waves,saya kasih ranting 1karna penyimpanan geme ini sangat besar dan saya mau ada fitur hapus data terdahulu yang membuat penyimpanan geme di mobile agar tidak terlalu over tolong kasih fitur hapus data terdahulu,aku kasih ranting karena penyimpanan geme ini sangat besar dan aku mau ada fitur hapus data terdahulu yang membuat penyimpanan geme di mobile agar tidak terlalu over tolong kasih fitur hapus data terdahulu,Negatif
Maz Xameth,5,2026-01-27 18:47:03,Wuthering Waves,"versi 3.0 ini fps drop parah untuk mobile. bahkan kadang sampek lag. padahal gak kentang amat, udah SD 8 gen 3. terutama di Startorch Academy. Di bagian 3 race track juga sama. Lag mulai sering setelah mencapai lap ke 2 hingga sulit menyelesaikan balapan sesuai waktu tercepat. Tolong perbaiki di 3.1 mendatang.",versi ini frame per detik turun parah untuk mobile bahkan kadang sampai patah patah padahal tidak spesifikasi rendah sekali sudah sd gen terutama di startorch academy di bagian race track juga sama patah patah mulai sering setelah mencapai lap ke hingga sulit menyelesaikan balapan sesuai waktu tercepat tolong perbaiki di mendatang,Negatif
Rifky Zidane,4,2026-01-27 16:29:59,Wuthering Waves,"tolong kuro game, tolong kasih B. INDONESIA NYA, dan tolong di otomatis",tolong kuro games game tolong kasih b indonesia nya dan tolong di otomatis,Negatif
M4,4,2026-01-27 11:46:39,Wuthering Waves,Hp flagship kluaran 2023 ga mampu jalanin lancar gamenya.. asli berat banget..,handphone flagship kluaran tidak mampu jalanin lancar gamenya asli berat sekali,Negatif
Camus,4,2026-01-27 08:58:15,Wuthering Waves,"x3 losing 50/50 on hard pity! this game is friendly-player they said, LMFAOO what a fraud system!",x losing nyala hard jaminan gacha this game adalah friendly player they said lmfaoo apa a fraud system,Negatif
Is Mail,4,2026-01-27 04:31:23,Wuthering Waves,"perbaiki lagi untuk pengoptimalisasinya, karena terasa berat untuk mobile",perbaiki lagi untuk pengoptimalisasinya karena terasa berat untuk mobile,Negatif
Nando Purnomoaji,5,2026-01-27 04:28:41,Wuthering Waves,ok,ok,Positif
Rizky,5,2026-01-27 02:35:55,Wuthering Waves,pelit gacha,pelit undian,Negatif
Bintang,5,2026-01-27 01:26:23,Wuthering Waves,Tolong lebih di optimalkan lagi untuk versi mobile nya.,tolong lebih di optimalkan lagi untuk versi mobile nya,Negatif
Rmdn Mdn,5,2026-01-27 01:02:10,Wuthering Waves,tolong tambahan fitur transfer data biar enak,tolong tambahan fitur transfer data supaya enak,Negatif
Jokowi Modesawit,1,2026-01-26 20:25:48,Wuthering Waves,game jelek bayak bug lag ga ramah buat buat HP ketang,game jelek bayak masalah teknis patah patah tidak ramah buat buat handphone ketang,Negatif
Amsa2nd,5,2026-01-26 17:46:04,Wuthering Waves,"sering sering update optimalisi aja dari pada grafik terus biar bisa lebih lancer di hp atau di pc jangan jadi kan timpa data lagi ya kuro sekian ""terimakasih""",sering sering pembaruan optimalisi saja dari pada grafik terus supaya bisa lebih lancer di handphone atau di komputer jangan jadi kan timpa data lagi ya kuro games sekian terimakasih,Positif
Saidi Cool,3,2026-01-26 12:51:06,Wuthering Waves,"saya pernah main waktu di awal release namun saya berhenti bermain dan hapus apknya,hanya satu alasan "" tidak ada bahasa Indonesianya "" nanti kalau sudah ada bahasa indonesia mungkin saya mainkan lagi",aku pernah main waktu di awal release namun aku berhenti bermain dan hapus apknya hanya satu alasan tidak ada bahasa indonesianya nanti kalau sudah ada bahasa indonesia mungkin aku mainkan lagi,Negatif
Diki Hasanudin,5,2026-01-26 12:51:03,Wuthering Waves,bagus,bagus,Positif
Rizki Alfarizi,5,2026-01-26 10:47:42,Wuthering Waves,"Untuk overall game nya bagus tidak pernah sedikit pun menemukan bug atau gangguan apapun, dan untuk saya yang bermain f2p gacha atau mencari ressource sangat lah mudah, pengalaman saya bermain selama 3 bulan sudah mendapatkan banyak character bagus. cool wuthering waves i bet it will be a good game in the future.",untuk overall game nya bagus tidak pernah sedikit pun menemukan masalah teknis atau gangguan apapun dan untuk aku yang bermain fp undian atau mencari ressource sangat lah mudah pengalaman aku bermain selama bulan sudah mendapatkan banyak character bagus cool wuthering waves i sekali it akan be a good game di sebuah future,Positif
Mahwan Zxc,5,2026-01-26 08:40:52,Wuthering Waves,"reward banyak , dapetin astrite gampang(yang bilang susah ngga tau gw susah nya di mana , kalo di bandingin genshin lebih gampang ini), explore gampang, mekanik seru (yang bilang susah,emang noob,skill issue) , kalo cerita ngga tau jelek apa kagak, gw main cuma buat nikmatin mekanik combatnya",hadiah banyak dapetin astrite gampang yang bilang susah tidak tau saya susah nya di mana kalau di bandingin genshin lebih gampang ini explore gampang mekanik seru yang bilang susah memang noob skill issue kalau cerita tidak tau jelek apa kagak saya main hanya buat nikmatin mekanik combatnya,Positif
Reivandza yuda Guntara,1,2026-01-26 07:26:53,Wuthering Waves,game play bagus ada tombol skip tapi pls bikin lebih optimal lagi,game main bagus ada tombol lewati tapi tolong membuat lebih optimal lagi,Positif
Yoni Alfatah,5,2026-01-26 06:09:24,Wuthering Waves,terbaik,terbaik,Positif
Sugiatno Yatno,5,2026-01-26 05:17:02,Wuthering Waves,"story bagus , combat bagus, cinematic 👍",cerita bagus combat bagus cinematic jempol ke atas,Positif
Adelia Putri,5,2026-01-26 05:15:32,Wuthering Waves,"gua pengen download ini game lagi, tpi kaget banget pas masuk harus download 30-40 gb an bujett, waktu itu kalo ga salah cuma 12gb, agak nyesel hapus ini game 🥲🥲 soalnya gua orang nya ga sabaran bangett harus nunggu sampe 30 gb an",saya ingin unduh ini game lagi tapi kaget sekali saat masuk harus unduh gb an bujett waktu itu kalau tidak salah hanya gb agak nyesel hapus ini game wajah tersenyum dengan air mata wajah tersenyum dengan air mata soalnya saya orang nya tidak sabaran sekali harus nunggu sampai gb an,Negatif
Deren,5,2026-01-26 04:00:22,Wuthering Waves,"Tolong ""Kuro Games"" dioptimalkan lagi di HP android agar tidak ngelag lagi, kalau sudah, saya janji akan kasih bintang 5",tolong kuro games games dioptimalkan lagi di handphone android agar tidak patah patah lagi kalau sudah aku janji akan kasih bintang,Negatif
Albertt Yoo,5,2026-01-26 01:04:35,Wuthering Waves,"bagus bet grafiknya, walaupun ada sedikit bug grafik yaa,tapi tetap the best lahh,game RPG anime pertama gw 😋",bagus sekali grafiknya walaupun ada sedikit masalah teknis grafik yaa tapi tetap sebuah terbaik lahh game rpg anime pertama saya wajah menikmati,Positif
Rei Hnzzz45,5,2026-01-26 00:53:33,Wuthering Waves,"kenapa update ini aneh sekali, dulu rata kanan lancar saat 2.8 rata kanan lancar tapi sekarang rata kiri suka fc (hanya di area startorch academy saja) tolong perbaiki kasus fc ini. Karena 3.0 akan lebih sering di area startorch. Device Samsung A73",kenapa pembaruan ini aneh sekali dulu rata kanan lancar saat rata kanan lancar tapi sekarang rata kiri suka fc hanya di area startorch academy saja tolong perbaiki kasus fc ini karena akan lebih sering di area startorch perangkat samsung a,Negatif
miselea,5,2026-01-25 20:41:27,Wuthering Waves,"sistem gacha ga ribet, ftp termanjakan si.",sistem undian tidak ribet ftp termanjakan si,Positif
Bintang Andro Meda,5,2026-01-25 17:35:10,Wuthering Waves,abslout cinema ✋️😮✋️,abslout cinema telapak tangan terbuka dengan jari rapat wajah dengan mulut terbuka telapak tangan terbuka dengan jari rapat,Positif
Akbar Berianov,4,2026-01-25 16:41:27,Wuthering Waves,"Hi, tolong saya tidak bisa quest tutorial driving motor dinlaha roi selalu bug dan freezee",hi tolong aku tidak bisa misi tutorial driving motor dinlaha roi selalu masalah teknis dan freezee,Negatif
muhammad nabil,5,2026-01-25 13:47:37,Wuthering Waves,gacorrrr,gacorrrr,Positif
Hendika Ainur Rokhim,5,2026-01-25 11:41:46,Wuthering Waves,"apakah tidak ada fitur yg menghapus data terdahulu agar tidak memakan banyak memory, saya harap fitur tersebut segera di luncurkan",apakah tidak ada fitur yang menghapus data terdahulu agar tidak memakan banyak penyimpanan aku harap fitur tersebut segera di luncurkan,Negatif
Revi Aditya Pratama,5,2026-01-25 09:19:22,Wuthering Waves,"Gamenya overall bagus banget, baik dari cerita, grafik, map, eksplorasinya. tapi, tolong pengoptimalannya untuk hp.",gamenya overall bagus sekali baik dari cerita grafik peta eksplorasinya tapi tolong pengoptimalannya untuk handphone,Positif
Faniya Salsabillah,4,2026-01-25 08:42:56,Wuthering Waves,"gameplay nya bagus banget dialog sama animasinya keren, eksplorenya gampang karena banyak alat yg bantu bwat eksplore, bansosnya mantap, tapi storynya gak deh, opiniku🙏",permainan nya bagus sekali dialog sama animasinya keren eksplorenya gampang karena banyak alat yang bantu bwat eksplore bansosnya mantap tapi storynya tidak deh opiniku melipat tangan,Positif
Badus,4,2026-01-25 08:29:43,Wuthering Waves,"mantap bet , cuman aga kurang optimal nya aja",mantap sekali cuma aga kurang optimal nya saja,Positif
Al Alfarizy2,5,2026-01-25 06:41:53,Wuthering Waves,mantap,mantap,Positif
Shandi Desta,5,2026-01-25 06:13:39,Wuthering Waves,"game nya udah bagus ,tapi bisa gak kesulitan nya di tingkatkan, kayak pgr atau arknight Enfield, biar gak cepet mati boss nya ,kurang seru kalau terlalu cepat mati ,kalau bisa buat boss yang punya phase ,kayak 2 phase atau 3 ,tolong banget yaa",game nya sudah bagus tapi bisa tidak kesulitan nya di tingkatkan seperti pgr atau arknight enfield supaya tidak cepat mati bos nya kurang seru kalau terlalu cepat mati kalau bisa buat bos yang punya phase seperti phase atau tolong sekali yaa,Positif
Yusuf Maulana,5,2026-01-25 05:12:23,Wuthering Waves,terimakasih kuro,terimakasih kuro games,Positif
ryo,3,2026-01-25 03:49:27,Wuthering Waves,"duh, ga ada halus data misi lama, kasian yg hpnya mentok 128 gb, setidaknya kayak genshin, hsr dan game lain lah, bisa bisa game besar gini ga ada hapus data misi lama duh",aduh tidak ada halus data misi lama kasihan yang hpnya mentok gb setidaknya seperti genshin hsr dan game lain lah bisa bisa game besar gini tidak ada hapus data misi lama aduh,Negatif
Ihya M,3,2026-01-25 03:38:10,Wuthering Waves,tolong tambahkan bahasa indonesia,tolong tambahkan bahasa indonesia,Negatif
Andryanda Raihan,5,2026-01-25 02:20:37,Wuthering Waves,game keren habis dan developer selalu setia sama player ya,game keren habis dan developer selalu setia sama player ya,Negatif
14 Brian Gymnastio Hadinata,5,2026-01-24 18:45:29,Wuthering Waves,GAME BAGUS,game bagus,Positif
Akira,5,2026-01-24 18:40:11,Wuthering Waves,game baik,game baik,Positif
Arga Dahana,5,2026-01-24 16:49:37,Wuthering Waves,Tolong tambahkah subtitle bahasa indonsia,tolong tambahkah subtitle bahasa indonsia,Negatif
Harits Prabu,1,2026-01-24 16:36:33,Wuthering Waves,"game nya bagus tapi problem nya di penyimpanan, tuam kuro tolong dong penyimpanan nya di kecilkan, misi yg sudah selesai bisa di hapus",game nya bagus tapi masalah nya di penyimpanan tuam kuro games tolong dong penyimpanan nya di kecilkan misi yang sudah selesai bisa di hapus,Negatif
Naveen Mavi,2,2026-01-24 14:13:53,Wuthering Waves,"Jujur ini game baguus banget mulai dari dunianya,karakternya,sampe gameplay-nya mantep bener. Tapi sayang banget aku nemuin bug yang dimana boss yang harusnya aku lawan malah gak muncul dan jadi gabisa lanjutin eksplorasi. Udah di laporin ke cs sampe pake bukti video eh si cs malah kekeh nuduh aku pake mod (plugin pihak ketiga) ngerti pake mod aja kagak😔. Yaudah deh daripada bete mending aku hapus. Semoga kedepannya ni game bisa lebih pertimbangin keluhan dari pemainnya ya.",jujur ini game baguus sekali mulai dari dunianya karakternya sampai permainan nya mantap benar tapi sayang sekali aku nemuin masalah teknis yang dimana bos yang harusnya aku lawan malah tidak muncul dan jadi gabisa lanjutin eksplorasi sudah di laporin ke cs sampai pakai bukti video eh si cs malah kekeh nuduh aku pakai mod plugin pihak ketiga ngerti pakai mod saja kagak wajah merenung yasudah deh daripada bete mending aku hapus semoga kedepannya ini game bisa lebih pertimbangin keluhan dari pemainnya ya,Negatif
Muhammad Ilham Pramudya,5,2026-01-24 13:56:17,Wuthering Waves,game nya udah bagus tapi saya menemukan bug pada quest tutorial vehichle motor baru mengendarai motor beberapa meter tiba2 game nya force close tolong segera diperbaiki.,game nya sudah bagus tapi aku menemukan masalah teknis pada misi tutorial vehichle motor baru mengendarai motor beberapa meter tiba game nya force close tolong segera diperbaiki,Negatif
Valents,3,2026-01-24 12:01:44,Wuthering Waves,"Di lahai ro, banyak banget bug. Tiap mau nyelesain misi, game langsung crash, ga bisa gerak, terus tiba tiba keluar. Masuk lagi, nyelesain misi nya, crash lagi, apa coba yang salah. Kalo karena HP, udah android 15 masih ga kuat main nih game",di lahai ro banyak sekali masalah teknis tiap mau nyelesain misi game langsung tabrak tidak bisa gerak terus tiba tiba keluar masuk lagi nyelesain misi nya tabrak lagi apa coba yang salah kalau karena handphone sudah android masih tidak kuat main ini game,Negatif
NOGAMIKA,5,2026-01-24 11:23:23,Wuthering Waves,cakep,cakep,Positif
GUSTIAN PARAGOL,5,2026-01-24 11:10:59,Wuthering Waves,coba ada kalo ada subtitel indo,coba ada kalau ada subtitel indonesia,Negatif
dhevinajiewiguna,5,2026-01-24 09:40:34,Wuthering Waves,"Grafik mantap Poll,the best dah. btw gw pindahan dari player ghensin :D",grafik mantap paling sebuah terbaik sudah omong saya pindahan dari player ghensin di,Positif
Ken To,1,2026-01-24 09:35:38,Wuthering Waves,sumpah ni game. ngelag kali. sudah lah ngeframe. padahal sudah capek capek download data. yah malah ngeframe}:(,sumpah ini game patah patah kali sudah lah ngeframe padahal sudah kesal kesal unduh data yah malah ngeframe,Negatif
Bedegil,5,2026-01-24 08:48:56,Wuthering Waves,mantap jir gk kayak genshin,mantap jir tidak seperti genshin,Positif
Morax,5,2026-01-24 07:45:02,Wuthering Waves,absolute cinema game 🙌 💯💯💯,absolute cinema game mengangkat tangan nilai seratus nilai seratus nilai seratus,Positif
Xiaomi Baru,5,2026-01-24 03:40:12,Wuthering Waves,"keren, developer ga pelit, banyak bansos, dan dengerin keluhan player, tiap update selalu ada gebrakan baru yang bikin ga bosen maen",keren developer tidak pelit banyak hadiah dan dengerin keluhan player tiap pembaruan selalu ada gebrakan baru yang membuat tidak bosan main,Positif
Jayyn.,3,2026-01-24 03:23:44,Wuthering Waves,"sebenernya sih bagus, grafiknya juga enak tapi tolong ini game nya udah 50Gb an dulu itu 20 an gb dan lebih berat dan pas waktu mau explore map kada Force close dan di lahai roi ngelag nya minta ampun, tapi overall yang lain udah bagus sisa fps nya nge drop sama ms nya 200+ lebih dan tolong jangan diberatin karena sampai harus hapus game kesayangan ku gara² sekarang 50 an gb",sebenernya sih bagus grafiknya juga enak tapi tolong ini game nya sudah gb an dulu itu an gb dan lebih berat dan saat waktu mau explore peta kada force close dan di lahai roi patah patah nya minta ampun tapi overall yang lain sudah bagus sisa frame per detik nya nge turun sama ms nya lebih dan tolong jangan diberatin karena sampai harus hapus game kesayangan ku gara² sekarang an gb,Negatif
Saiful Riadi,1,2026-01-23 22:36:02,Wuthering Waves,"update terus, nambah baik mah kaga......",pembaruan terus nambah baik mah tidak,Negatif
Robbi Albarez,5,2026-01-23 21:58:20,Wuthering Waves,GIVE me subtitle BAHASA INDONESIA KURO... AKU CINTA KAMU KURO... PLEASE SUBTITLE BAHASA INDONESIA,beri aku subtitle bahasa indonesia kuro games aku cinta kamu kuro games tolong subtitle bahasa indonesia,Positif
Igud Kehed3,5,2026-01-23 17:19:47,Wuthering Waves,"so far so good selama gua maen, oh ya jgn lupa optimalisasi",jadi far jadi good selama saya main oh ya jangan lupa optimalisasi,Positif
Muhammadukiah,5,2026-01-23 16:00:58,Wuthering Waves,probabilitas kalah rate off sedikit,probabilitas kalah rate mati sedikit,Positif
林科余Delvin,5,2026-01-23 15:19:36,Wuthering Waves,good game,good game,Positif
Zenon Spade,1,2026-01-23 15:17:23,Wuthering Waves,"WW KENAPA GAME NYA MAKIN BURUK, ASTERIT MAKIN SEDIKIT SEKARANG DAPET DARI MAP NYA,SERING LAG,FORCE CLOSED BAHKAN NGE CRASH PAS MISI BALAPAN,DAN LAGI PENYIMPANAN MAKIN GEDE AJA 50GB TAPI KOK TURUN PERFORMANCE NYA 😮‍💨",wuthering waves kenapa game nya makin buruk asterit makin sedikit sekarang dapat dari peta nya sering patah patah force closed bahkan nge tabrak saat misi balapan dan lagi penyimpanan makin besar saja gb tapi kok turun performance nya wajah mengembuskan nafas,Negatif
Albhani Rama F.Z,5,2026-01-23 15:12:04,Wuthering Waves,game ramah tidak seperti kikir impack,game ramah tidak seperti pelit impack,Positif
DICKY WAHYUDI,5,2026-01-23 14:08:26,Wuthering Waves,kapan rilis bahas indonesianya,kapan rilis bahas indonesianya,Negatif
Sariffuyey,5,2026-01-23 13:16:53,Wuthering Waves,wuwa game baik terimakasih untuk gachanya,wuthering waves game baik terimakasih untuk gachanya,Positif
Arif Rizki,5,2026-01-23 12:25:15,Wuthering Waves,ABSOLUTE CINEMA,absolute cinema,Positif
Nathaniel Wu,4,2026-01-23 12:22:26,Wuthering Waves,"makin lama makin berat, bayangkan, saya hape sudah ROG 7 saja dgn grafik yg medium masih bsa hang setiap Lgi naek motor di lahai roi... tolong dioptimasi, makin lama makin tidak mumpuni utk dimainkan",makin lama makin berat bayangkan aku hp sudah rog saja dengan grafik yang medium masih bsa hang setiap lagi naek motor di lahai roi tolong dioptimasi makin lama makin tidak mumpuni untuk dimainkan,Negatif
Ibnu Fatihah,1,2026-01-23 12:07:17,Wuthering Waves,"development g bener, g suport semua jaringan internet. masa iya cuman buat login doang g bisa, apa iya harus ganti jaringan biar lancar. tolonglah buat player betah, udh tertarik masa management aplikasi nya g optimal!",development tidak benar tidak suport semua jaringan internet masa iya cuma buat masuk saja tidak bisa apa iya harus ganti jaringan supaya lancar tolonglah buat player betah sudah tertarik masa management aplikasi nya tidak optimal,Negatif
The God Of War Mydeimos,5,2026-01-23 11:57:28,Wuthering Waves,ILOVEYOU KURO GAMES,iloveyou kuro games games,Positif
Daffa Mahasin,3,2026-01-23 11:53:50,Wuthering Waves,"plis Lah itu apalah masa setiap hari update ulang, kok bisa error gitu sih udah mah update ulang nya puluhan gigabyte Lagi parah emang geh, itu quest sering stuck / black screen error, gak bisa ngapa ngapain, padahal device bagus dan sinyal juga bagus, itu kenapa bisa error gitu.",tolong lah itu apalah masa setiap hari pembaruan ulang kok bisa gangguan begitu sih sudah mah pembaruan ulang nya puluhan gigabyte lagi parah memang geh itu misi sering stuck black screen gangguan tidak bisa apa apa padahal perangkat bagus dan jaringan juga bagus itu kenapa bisa gangguan begitu,Negatif
DHANI Ardiansyah,5,2026-01-23 11:22:41,Wuthering Waves,mantab semoga menang selalu gacha nya,mantab semoga menang selalu undian nya,Positif
Jil,5,2026-01-23 11:22:24,Wuthering Waves,"cerita makin variatif, alur cukup menarik, gameplay nyaman dan bagus. side quest kualitas yang terbaik. hanya saja sayang akhir-akhir ini sering sekali force close",cerita makin variatif alur cukup menarik permainan nyaman dan bagus side misi kualitas yang terbaik hanya saja sayang akhir akhir ini sering sekali force close,Negatif
Ahmad Mulk,3,2026-01-23 11:03:49,Wuthering Waves,dulu saya pemain wuwa tapi semenjak kehilangan akun saya merasa kehilangan yang luar biasa🥀😞,dulu aku pemain wuthering waves tapi semenjak kehilangan akun aku merasa kehilangan yang luar biasa bunga layu wajah kecewa,Negatif
Dimazz AlAmin,5,2026-01-23 09:57:15,Wuthering Waves,"UNTUK KALIAN YANG BILANG SISTEM GACHANYA JELEK KALIAN ADALAH BADUT YANG TERLALU MALAS,DAH KALIAN YANG BILANG GAMENYA TERLALU BERAT MIKIR YA BADUT MAKIN KEDEPAN MAKIN HARD LORENYA JADI BIASAKAN DIRI UNTUK TIDAK MENGELUH SAMA MASALAH GAMENYA,INI DAH TERLALU BAGUS DAN DEVNYA MASIH MENDENGAR KELUHAN PELAYER JADI JANGAN KARENA KALIAN BADUT YANG PEMALAS TERJADI MASALAH SAMA GAMENYA",untuk kalian yang bilang sistem gachanya jelek kalian adalah badut yang terlalu malas sudah kalian yang bilang gamenya terlalu berat mikir ya badut makin kedepan makin hard lorenya jadi biasakan diri untuk tidak mengeluh sama masalah gamenya ini sudah terlalu bagus dan devnya masih mendengar keluhan pelayer jadi jangan karena kalian badut yang pemalas terjadi masalah sama gamenya,Positif
Zect,1,2026-01-23 09:56:51,Wuthering Waves,bagus,bagus,Positif
This mf's is let me cook,5,2026-01-23 08:49:35,Wuthering Waves,"udah ga ada bug, lanjutkan kuro",sudah tidak ada masalah teknis lanjutkan kuro games,Positif
Duwik Dinar,5,2026-01-23 06:20:02,Wuthering Waves,terimakasih sudah di perbaiki suka game nya,terimakasih sudah di perbaiki suka game nya,Positif
Aldi Putra,4,2026-01-23 04:02:56,Wuthering Waves,tolong kuro size nya kecilkan.. udah gak kuat ni HP ku😅,tolong kuro games ukuran nya kecilkan sudah tidak kuat ini handphone ku wajah tersenyum lebar dan berkeringat,Negatif
Zoduee_dou,4,2026-01-23 03:00:37,Wuthering Waves,tidak ada bahasa Indonesia,tidak ada bahasa indonesia,Negatif
Pengguna Google,5,2026-01-23 02:46:04,Wuthering Waves,"jumpboat, bynk alasan",jumpboat bynk alasan,Negatif
Rakan Abdoel Qadir,5,2026-01-23 02:44:11,Wuthering Waves,"Bagus tapi optimisasi buat mobile woi, ini ngelag banget anjir. masa dikit dikit harus pake config",bagus tapi optimisasi buat mobile woi ini patah patah sekali anjing masa sedikit sedikit harus pakai config,Negatif
Ki Too,5,2026-01-23 02:33:11,Wuthering Waves,gem nya sudah baguss dan grafik juga bagus cuma tolong kasih subtitle bahasa Indonesia dong 🙏🙏,gem nya sudah baguss dan grafik juga bagus hanya tolong kasih subtitle bahasa indonesia dong melipat tangan melipat tangan,Negatif
Farzan Elfaris,4,2026-01-23 00:51:57,Wuthering Waves,lumayan lah buat gw yg memori nya hampir penuh masih bisa download ni game rispek cuman yaa.......gacha gw Cok ampas jirrrr🗿🗿 tolong naikan ke hokian gw jadi 100%🗿🙏,lumayan lah buat saya yang penyimpanan nya hampir penuh masih bisa unduh ini game rispek cuma yaa undian saya jancuk jelek jirrrr moai moai tolong naikan ke hokian saya jadi moai melipat tangan,Negatif
Kausar Al fata,5,2026-01-22 19:08:42,Wuthering Waves,sangat ramah bintang 5,sangat ramah bintang,Positif
Afrizal Dwi Nugraha,5,2026-01-22 17:08:44,Wuthering Waves,bagus,bagus,Positif
Atha Darmawan,4,2026-01-22 15:48:16,Wuthering Waves,"ayo lah kuro, karakter ku udh bagus2 masa lgsg pensiun gini cuma dalam beberapa bulan, sekalinya update gede bener cok. coba di optimalkan lagi dong di chip menengah kaya Helio g99 dan yg setara, soalnya msh nabung nih buat beli laptop gaming",ayo lah kuro games karakter ku sudah bagus masa langsung pensiun gini hanya dalam beberapa bulan sekalinya pembaruan besar benar jancuk coba di optimalkan lagi dong di chip menengah seperti helio tidak dan yang setara soalnya masih nabung ini buat beli laptop gaming,Negatif
Kuro Auxenn,5,2026-01-22 14:25:33,Wuthering Waves,game baik,game baik,Positif
Irfan Ar,5,2026-01-22 10:05:31,Wuthering Waves,game baik gachanya harum,game baik gachanya harum,Positif
Muhammad Alfiansyah yusuf,5,2026-01-22 09:14:29,Wuthering Waves,keren tapi tolong dong di kecil lagi ukuran file nya,keren tapi tolong dong di kecil lagi ukuran file nya,Negatif
Fakhruddin Ilyasa,5,2026-01-22 07:43:15,Wuthering Waves,"seru game nya, dev terbaik selalu improve...please tambahin sub indonesia",seru game nya dev terbaik selalu improve tolong tambahkan sub indonesia,Positif
leye leye,5,2026-01-22 07:34:02,Wuthering Waves,"event main kartu ngebug energi ku gak bisa nambah meski udah, ngorbanin kartu.",acara main kartu ngebug energi ku tidak bisa nambah meski sudah ngorbanin kartu,Negatif
danu handaru,5,2026-01-22 05:51:13,Wuthering Waves,mantap,mantap,Positif
Teguh Maulana,5,2026-01-22 05:29:21,Wuthering Waves,gua suka para karakter cewe nya,saya suka para karakter gadis nya,Positif
Prinz Eugen,1,2026-01-22 04:56:39,Wuthering Waves,optimisasi nya jelek sama fandom suka mimpi basah dan pdf,optimisasi nya jelek sama fan suka mimpi basah dan pdf,Negatif
Hkl Ghifari,1,2026-01-22 04:51:55,Wuthering Waves,tolong compiling shadernya crash padahal udh download lama bgt,tolong compiling shadernya tabrak padahal sudah unduh lama banget,Negatif
Sarah Maryanthi,1,2026-01-22 00:36:45,Wuthering Waves,update nya gede,pembaruan nya besar,Negatif
Muhammad Atha Fathi,5,2026-01-21 23:32:19,Wuthering Waves,"jujur gameplay nya bagus , story dan karakter nya sistem gacha itu paling menarik karena ada soft pity nya",jujur permainan nya bagus cerita dan karakter nya sistem undian itu paling menarik karena ada soft jaminan gacha nya,Positif
Siapa ?,5,2026-01-21 18:21:19,Wuthering Waves,bagi kalian yang ngasih bintang satu karna karakter nggak bisa gerak minimal sadar diri hp kentang maksa main game berat,bagi kalian yang ngasih bintang satu karena karakter tidak bisa gerak minimal sadar diri handphone spesifikasi rendah maksa main game berat,Positif
dhani 93,2,2026-01-21 17:54:01,Wuthering Waves,"update gede map baru yg kota ga bsa dijelajahi karna ngfrem apa lgi pass quest motor g bsa sama sekali tolong lah gw masih Mao maen ini masa kudu ganti hp dlu,padahal game sebelah masih pada aman aman ajh.",pembaruan besar peta baru yang kota tidak bsa dijelajahi karena ngfrem apa lagi pas misi motor tidak bsa sama sekali tolong lah saya masih mao main ini masa harus ganti handphone dulu padahal game sebelah masih pada aman aman ajh,Negatif
Bar 147,4,2026-01-21 16:42:14,Wuthering Waves,8s gen 4 ngelek cok gimana ceritanya,s gen ngelek jancuk gimana ceritanya,Negatif
gery a-z,1,2026-01-21 16:07:25,Wuthering Waves,ancur lah versi baru crest,hancur lah versi baru crest,Negatif
suwun mas,3,2026-01-21 14:23:25,Wuthering Waves,kapan nambahin subtitle Indonesia ya?,kapan nambahin subtitle indonesia ya,Negatif
Sen Re,5,2026-01-21 14:04:33,Wuthering Waves,keren banget,keren sekali,Positif
Mario Isme,3,2026-01-21 13:26:25,Wuthering Waves,"dari game nya gw kadang masih bingung sama fungsinya, apalagi echo sama stats nya kalau bisa di biki lebih simple aja",dari game nya saya kadang masih bingung sama fungsinya apalagi echo sama stats nya kalau bisa di biki lebih simple saja,Negatif
Reggie Rastadhia,5,2026-01-21 13:18:14,Wuthering Waves,game gooner,game gooner,Negatif
M. Ghiffari Zakka Wali,5,2026-01-21 13:10:06,Wuthering Waves,"Best ARPG open world. Game ARPG open world gratis dengan playstyle battle karakter paling mewah saat ini, implementasi sempurna game sejenis ZZZ dan PGR yang dibawa ke open world sehingga memberikan kebebasan dalam battle yang tanpa batas. Kekurangan game ini cuma 1, memerlukan spesifikasi perangkat yang cukup tinggi agar bisa mendapatkan pengalaman bermain yang sempurna.",terbaik arpg buka world game arpg buka world gratis dengan playstyle battle karakter paling mewah saat ini implementasi sempurna game sejenis zzz dan pgr yang dibawa ke buka world sehingga memberikan kebebasan dalam battle yang tanpa batas kekurangan game ini hanya memerlukan spesifikasi perangkat yang cukup tinggi agar bisa mendapatkan pengalaman bermain yang sempurna,Positif
ananta desu,5,2026-01-21 11:42:43,Wuthering Waves,"Please add Indonesian language support (UI and Subtitles).""",tolong add indonesian language dukung ui dan subtitles,Negatif
Madha Dante,5,2026-01-21 06:08:36,Wuthering Waves,good,good,Positif
13. Jeremy Fletcher,5,2026-01-21 04:37:51,Wuthering Waves,"Aku udah kasih bintang 5, plis rate on aku ga mau nguli lagi",aku sudah kasih bintang tolong rate nyala aku tidak mau nguli lagi,Negatif
Faisal malik,1,2026-01-21 01:31:25,Wuthering Waves,"optimalisasi di hp sampah, lag banget pake nget nget nget",optimalisasi di handphone sampah patah patah sekali pakai nget nget nget,Negatif
Aryan Rizky P,5,2026-01-20 19:37:28,Wuthering Waves,dev baik,dev baik,Positif
Ichsan Candra,5,2026-01-20 19:29:41,Wuthering Waves,luar biasa,luar biasa,Positif
Leonidas Thunderlatte,2,2026-01-20 14:55:06,Wuthering Waves,"ada bug di quest yang melibatkan Mornye yang di lakukan di Submerged tunnel di Lahai-Roi. Di mana waktu berkendara saat mau putar balik, motornya cuma muter-muter doang.",ada masalah teknis di misi yang melibatkan mornye yang di lakukan di submerged tunnel di lahai roi di mana waktu berkendara saat mau putar balik motornya hanya muter muter saja,Negatif
Eurassia Enne Tuqyem,1,2026-01-20 13:39:46,Wuthering Waves,Boo!! shame on you wuthering waifuslop waves 🤬,boo shame nyala kamu wuthering waifuslop waves wajah dengan simbol pada mulut,Negatif
Habibi Noveri,4,2026-01-20 13:25:33,Wuthering Waves,"kenapa ya padahal waktu main bagus aja apalagi dapat karakter tingkat tinggi kayak tingkat SSR ADA 5,tapi waktu di update malah hilang apalagi harus ngulang dari awal dan pet naga tulang yang susah didapatin malah hilang balik ke karakter awal level 1 🥀",kenapa ya padahal waktu main bagus saja apalagi dapat karakter tingkat tinggi seperti tingkat ssr ada tapi waktu di pembaruan malah hilang apalagi harus ngulang dari awal dan pet naga tulang yang susah didapatin malah hilang balik ke karakter awal level bunga layu,Negatif
Muhammad Wildan,1,2026-01-20 11:16:11,Wuthering Waves,"tiap patch baru bug gak habis-habis nambah terus. sering crash, force close, karakter masuk ke tanah setengah badan, jalanannya goyang-goyang, dan masih banyak lainnya (terutama di lahai roi map). poco F7",tiap pembaruan baru masalah teknis tidak habis habis nambah terus sering tabrak force close karakter masuk ke tanah setengah badan jalanannya goyang goyang dan masih banyak lainnya terutama di lahai roi peta poco f,Negatif
Bondon Kopet,5,2026-01-20 09:28:01,Wuthering Waves,mantap,mantap,Positif
Maou,1,2026-01-20 09:06:39,Wuthering Waves,game sigma kasi b indonya dong 👿👿,game sigma kasih b indonya dong wajah marah dengan tanduk wajah marah dengan tanduk,Negatif
Hyasha Barin,5,2026-01-20 00:54:56,Wuthering Waves,"ini merupakan game terbaik yang pernah saya mainkan selama ini, terutama dalam desain karakter, animasi pertempuran nya serta grafik nya yang begitu halus dan memukau, tapi sayang nya selalu ampas saat gaca",ini merupakan game terbaik yang pernah aku mainkan selama ini terutama dalam desain karakter animasi pertempuran nya serta grafik nya yang begitu halus dan memukau tapi sayang nya selalu jelek saat gaca,Positif
agha Riyadi,5,2026-01-20 00:51:49,Wuthering Waves,baguss,baguss,Positif
Mrx nofan,5,2026-01-19 18:42:42,Wuthering Waves,nicee,nicee,Positif
Mylily Eyin,2,2026-01-19 14:18:33,Wuthering Waves,segera tambahkan bahasa Indonesia,segera tambahkan bahasa indonesia,Negatif
Nopal Muamatjorip,5,2026-01-19 11:20:40,Wuthering Waves,"kurooo, kasi napas dikit,hp ku ngos ngos-ngosan",kurooo kasih nafas sedikit handphone ku ngos ngos ngosan,Negatif
Salman Al - Farisi,1,2026-01-19 08:37:03,Wuthering Waves,optimalisasi untuk mobile sangat sampah,optimalisasi untuk mobile sangat sampah,Negatif
Chibi hassan,5,2026-01-19 07:40:58,Wuthering Waves,"menang rate off 2x bjir prolo sama mornye, makasih ireng.... uwwooooggghhh!!!!!!",menang rate mati x bjir prolo sama mornye terimakasih ireng uwwooooggghhh,Positif
Iqbal Qutaybah,5,2026-01-19 05:18:20,Wuthering Waves,"Tolong kalau bisa collab dengan anime seperti Naruto, Jujutsu Kaisen, One Piece, dll.",tolong kalau bisa collab dengan anime seperti naruto jujutsu kaisen satu piece dsb,Positif
Hary Ari,5,2026-01-19 04:01:27,Wuthering Waves,best 😍🤪 game ever 2025 and 2026,terbaik wajah tersenyum lebar bermata hati wajah konyol game ever dan,Positif
Umay Athallah,5,2026-01-19 02:58:12,Wuthering Waves,Seru,seru,Positif
Ardhi Arya,5,2026-01-19 02:31:43,Wuthering Waves,"jujur game ini selalu menemani saya di waktu luang, tapi sangat di sayangkan ukuran game ini terlalu over, hp saya sudah tak sanggup lagi, jadi mungkin next update saya akan pensiun. apalagi game ini sering freez, jaringan yang tidak stabil, mau di setting grafik seminimal mungkin tetap freez. saran saya adakan setting untuk lingkungan yang tidak bergerak, mungkin itu juga sangat mempengaruhi gameplay yang membuat hp semakin panas. terima kasih kuro, terus kembangan game ini... 🙏",jujur game ini selalu menemani aku di waktu luang tapi sangat di sayangkan ukuran game ini terlalu over handphone aku sudah tidak sanggup lagi jadi mungkin lanjut pembaruan aku akan pensiun apalagi game ini sering freez jaringan yang tidak stabil mau di setting grafik seminimal mungkin tetap freez saran aku adakan setting untuk lingkungan yang tidak bergerak mungkin itu juga sangat mempengaruhi permainan yang membuat handphone semakin panas terima kasih kuro games terus kembangan game ini melipat tangan,Positif
Hafiz Bagus,5,2026-01-19 01:11:33,Wuthering Waves,keren seru cuman spin agak ampas aja tapi oke bisa toleransi oleh gameplay yang seru banget,keren seru cuma spin agak jelek saja tapi oke bisa toleransi oleh permainan yang seru sekali,Positif
Ttata,1,2026-01-18 23:22:52,Wuthering Waves,"Dari grafis ya udah bagus walau optimalisasi masih kurang, sayangnya tidak ramah sekali buat player baru, setelah dapat karakter 5 star baru tapi gabisa nyari material upgrade karakter karna harus mainin story dulu buat ngebuka wilayah.",dari grafis ya sudah bagus walau optimalisasi masih kurang sayangnya tidak ramah sekali buat player baru setelah dapat karakter star baru tapi gabisa nyari material upgrade karakter karena harus mainin cerita dulu buat ngebuka wilayah,Negatif
Ksatria Dirgantara Putra,5,2026-01-18 22:26:28,Wuthering Waves,best,terbaik,Positif
Muhammad rizki,5,2026-01-18 14:44:48,Wuthering Waves,"lag nyoo HP gw, tapi mana bahasa Indonesia nya",patah patah nyoo handphone saya tapi mana bahasa indonesia nya,Negatif
Yescho AM2,5,2026-01-18 14:43:03,Wuthering Waves,keren banget ini game asli.. enteng juga di settingan medium balanced 30fps di IQOO Z7 RAM 12GB,keren sekali ini game asli enteng juga di settingan medium balanced frame per detik di iqoo z memori gb,Positif
Moonlight,1,2026-01-18 14:25:19,Wuthering Waves,"dari awal rilis ini game di android optimalisasi nya payah banget kayak gak didenger keluhan pengguna, size nya juga bengkak gak ada fitus hapus story terdahulu",dari awal rilis ini game di android optimalisasi nya payah sekali seperti tidak didenger keluhan pengguna ukuran nya juga bengkak tidak ada fitus hapus cerita terdahulu,Negatif
Rifai Al fatal,1,2026-01-18 13:49:48,Wuthering Waves,"Entah kenapa, sehabis download data, malah keluar dari game nya sendiri, aku coba masuk ke game nya lagi, sama aja, mungkin karna hp ku kentang jadinya keluar sendiri deh, aku jadi nggak bisa nyobain ini game.",entah kenapa sehabis unduh data malah keluar dari game nya sendiri aku coba masuk ke game nya lagi sama saja mungkin karena handphone ku spesifikasi rendah jadinya keluar sendiri deh aku jadi tidak bisa nyobain ini game,Negatif
Aditia Indra,5,2026-01-18 13:34:07,Wuthering Waves,tolong berikan sub indo karena sudah banyak player dari Indonesia,tolong berikan sub indonesia karena sudah banyak player dari indonesia,Positif
Ibnutzy Ibnutzy,4,2026-01-18 13:25:23,Wuthering Waves,bagsu tapi lag kalo update ngktak dikit size nya,bagsu tapi patah patah kalau pembaruan ngktak sedikit ukuran nya,Negatif
Haxxor,1,2026-01-18 12:27:36,Wuthering Waves,game baru 2 tahun aja udah 50gb+ di mobile. tolong dong itu quest sama event terdahulu kasih opsional bisa di hapus biar storage tetep aman.. ga semua player mobile punya hape spek tinggi. jangan upate feature mulu tp storage ga di perhatiin sama sekali,game baru tahun saja sudah gb di mobile tolong dong itu misi sama acara terdahulu kasih opsional bisa di hapus supaya penyimpanan tetap aman tidak semua player mobile punya hp spek tinggi jangan upate feature terus tapi penyimpanan tidak di perhatiin sama sekali,Negatif
Ravly Elvarizy,5,2026-01-18 12:00:21,Wuthering Waves,"singkat, gamenya bagus,ramah f2p",singkat gamenya bagus ramah fp,Positif
Danaldi Adan,5,2026-01-18 11:32:32,Wuthering Waves,game baik ramah pemula sangat rekomen untuk di download 👍👍,game baik ramah pemula sangat rekomen untuk di unduh jempol ke atas jempol ke atas,Positif
Bryan adams Wardhani,3,2026-01-18 10:56:39,Wuthering Waves,kuro tolong dong di optimalisasi lagi habis update ini terasa banget masalah frame drop,kuro games tolong dong di optimalisasi lagi habis pembaruan ini terasa sekali masalah frame turun,Negatif
WALKER,5,2026-01-18 08:34:23,Wuthering Waves,"tolong diperbaiki bug di quest tutorial mengendarai motor,dimana terjadi crash yg membuat keluar dari game",tolong diperbaiki masalah teknis di misi tutorial mengendarai motor dimana terjadi tabrak yang membuat keluar dari game,Negatif
Abdurrahman Marzuki,1,2026-01-18 08:18:21,Wuthering Waves,"banyak kali bug untuk mobile, tombol serangan hilang saat kembali turun setelah terbang. fitur repair malah membuat semua data hilang dan harus download 40 GIGABYTE DARI AWAL sangat mengecewakan",banyak kali masalah teknis untuk mobile tombol serangan hilang saat kembali turun setelah terbang fitur repair malah membuat semua data hilang dan harus unduh gigabyte dari awal sangat mengecewakan,Negatif
Aditya Ikhwanul Ikhsan,5,2026-01-18 08:11:10,Wuthering Waves,"pliss kuro, aku mohon player mobile dan PC tolong ringankan game ini sehingga memperingan device saat bermain. aku yakin ketika game ini saat dimainkan device nya mendukung maka akan banyak yg main... jujur aku tidak terlalu menikmati saat bermain ketika mengalami frame🥲🙏",tolong kuro games aku mohon player mobile dan komputer tolong ringankan game ini sehingga memperingan perangkat saat bermain aku yakin ketika game ini saat dimainkan perangkat nya mendukung maka akan banyak yang main jujur aku tidak terlalu menikmati saat bermain ketika mengalami frame wajah tersenyum dengan air mata melipat tangan,Negatif
Muhamad Rafli Ripaldi,1,2026-01-18 08:02:10,Wuthering Waves,"tambahin bahasa Indonesia dong, infokan kalo sudah.",tambahkan bahasa indonesia dong infokan kalau sudah,Negatif
VectoLogic,1,2026-01-18 07:22:56,Wuthering Waves,ga stabil,tidak stabil,Negatif
Holy Heart,1,2026-01-18 06:06:15,Wuthering Waves,"optimization nya sampah, gw main genshin udah size nya kecil lancar lagi",optimization nya sampah saya main genshin sudah ukuran nya kecil lancar lagi,Negatif
Dara Dzakiya,2,2026-01-18 04:48:33,Wuthering Waves,"bagus,tapi 52 GB gakuat anj..ga worth it",bagus tapi gb gakuat anjing tidak worth it,Negatif
Rendy Nelson Kailola,1,2026-01-18 03:54:23,Wuthering Waves,ngestuck di main quest 3.0,ngestuck di main misi,Negatif
Hafizh Nur,4,2026-01-18 03:20:29,Wuthering Waves,ini game nya kenapa si pas mau login malah keluar lagi dan lagi suka ngecras,ini game nya kenapa si saat mau masuk malah keluar lagi dan lagi suka ngecras,Negatif
Jihan Jihan pratiwi,5,2026-01-18 03:02:21,Wuthering Waves,bagus kak,bagus kakak,Positif
Wiramaha Dikarespati,5,2026-01-18 02:19:07,Wuthering Waves,"game baik, bansos melimpah",game baik hadiah melimpah,Positif
Kevin Jong,5,2026-01-18 01:50:41,Wuthering Waves,dari segi story karakter itu bagus apalagi dari kualitas grafis mantap pokoknya,dari segi cerita karakter itu bagus apalagi dari kualitas grafis mantap pokoknya,Positif
Agung pambuka putra,5,2026-01-18 01:08:10,Wuthering Waves,ukurannya makin membengkak dan makin berat dimainkan. Saya harap ada perbaikan karena makin banyak bug yang ditemukan semenjak Lahai-Roi rilis,ukurannya makin membengkak dan makin berat dimainkan aku harap ada perbaikan karena makin banyak masalah teknis yang ditemukan semenjak lahai roi rilis,Negatif
Bayuaji Satria Wijaya,5,2026-01-17 16:07:14,Wuthering Waves,MAKASIH KURO DAH NGASIH MY BINI ( IUNO ) PLUS SENJATA SIGNATUR NYAAAAAAA😋😋😋😋😋🔥🔥,terimakasih kuro games sudah ngasih punyaku bini iuno tambah senjata signatur nyaaaaaaa wajah menikmati wajah menikmati wajah menikmati wajah menikmati wajah menikmati api api,Positif
Misaki Tennoji,5,2026-01-17 13:59:45,Wuthering Waves,"Pliss Kuro Jangan Sering² Kasih Rate Off😭 Itu Aja, Terimakasih:)",tolong kuro games jangan sering² kasih rate mati wajah menangis keras itu saja terimakasih,Positif
Atmajaya Atmadja,4,2026-01-17 13:29:38,Wuthering Waves,"-1 bintang, terus semangat yak kuro, 1 bintang yang hilang ini adalah bagian optimalisasi nya, overall udah bagus tinggal optimalisasi aja sama bug-bug di mobile yang terlalu banyak",bintang terus semangat ya kuro games bintang yang hilang ini adalah bagian optimalisasi nya overall sudah bagus tinggal optimalisasi saja sama masalah teknis masalah teknis di mobile yang terlalu banyak,Negatif
mocha Zulfikar,2,2026-01-17 13:27:09,Wuthering Waves,"aku suka konten game nya serius, cuma pas main langsung kayak, gak kerasa berat tubuh karakternya jadi sedikit-sedikit loncat sana loncat sini, terus terkessn kayak ngejar banget kecantikan sampai setiap scene tuh zoom in zoom out sementara emosinya ketinggal, dan naik motor jadi kurang nyaman karna ngutamsin visual cantik berkendara bukan ke kenyamanan, jadi yah aku suka game ini buat nonton kontenya tapi bukan buat mainnya langsung kecuali kalau pake controller",aku suka konten game nya serius hanya saat main langsung seperti tidak kerasa berat tubuh karakternya jadi sedikit sedikit loncat sana loncat sini terus terkessn seperti ngejar sekali kecantikan sampai setiap scene itu zoom di zoom keluar sementara emosinya ketinggal dan naik motor jadi kurang nyaman karena ngutamsin visual cantik berkendara bukan ke kenyamanan jadi yah aku suka game ini buat nonton kontenya tapi bukan buat mainnya langsung kecuali kalau pakai controller,Positif
Rifai Taufiq,5,2026-01-17 13:18:39,Wuthering Waves,Keindahan cerita seperti gemuruh ombak Laut Rinascita akan semakin meresap jika disampaikan dalam bahasa yang akrab bagi pendengarnya. sebagai penggemar dengan hormat mengajukan subtitle bahasa Indonesia untuk konten di Wuthering Waves. Terima kasih atas karya luar biasa Wuthering Waves.,keindahan cerita seperti gemuruh ombak laut rinascita akan semakin meresap jika disampaikan dalam bahasa yang akrab bagi pendengarnya sebagai penggemar dengan hormat mengajukan subtitle bahasa indonesia untuk konten di wuthering waves terima kasih atas karya luar biasa wuthering waves,Positif
IRGENDETWAS10,4,2026-01-17 13:02:18,Wuthering Waves,"sejauh ini, ini game bagus banget dari segi mekanik dan juga story tapi menurut saya optimalisasi dari game ini masih kurang bgt jadi kadang masih frame drop dan patah-patah.Dan untuk game ini menurut saya sangat tidak cocok untuk yg hape nya dibawah snapdragon 835/mediatek G71 karena dapat meyebabkan lag yg sangat parah.....",sejauh ini ini game bagus sekali dari segi mekanik dan juga cerita tapi menurut aku optimalisasi dari game ini masih kurang banget jadi kadang masih frame turun dan patah patah dan untuk game ini menurut aku sangat tidak cocok untuk yang hp nya dibawah snapdragon mediatek tidak karena dapat meyebabkan patah patah yang sangat parah,Negatif
Ahmad Ahlun najad,1,2026-01-17 11:10:42,Wuthering Waves,"dalam kategori open world gamenya udah bagus tapi maaf aku kasih bintang 1 soalnya optimalisasi bug nya kurang cepet,terus kalo ada optimalisasi bug pasti harus download data lagi",dalam kategori buka world gamenya sudah bagus tapi maaf aku kasih bintang soalnya optimalisasi masalah teknis nya kurang cepat terus kalau ada optimalisasi masalah teknis pasti harus unduh data lagi,Negatif
Yoseph Darren Esprayenuno,1,2026-01-17 10:14:42,Wuthering Waves,"bencana 3.0, optimasi sangat buruk, size sangat besar dan berat",bencana optimasi sangat buruk ukuran sangat besar dan berat,Negatif
Christian Erwin,1,2026-01-17 07:26:59,Wuthering Waves,"sebenernya game ini bagus, cuma lag nya itu loh yang bikin geram. setiap kali main tu selalu patah patah ketika lompat dan nge dash. padahal hp gua infinix gt 30 pro loh. yang ngebuat gak nyaman itu grafiknya, pilihan dan settingnya itu terlalu banyak dan ribet. pemain yang terbiasa dengan grafik lembuk kayak grafik nya genshin tu jadi gak nyaman kalo main wuwa. udah gitu map nya terlalu luas lagi, walaupun itu bagus cuma jadi nya males kalo eksplore. terlebih, game ini tidak ada bahasa indo",sebenernya game ini bagus hanya patah patah nya itu loh yang membuat geram setiap kali main itu selalu patah patah ketika lompat dan nge dash padahal handphone saya infinix gitu pro loh yang ngebuat tidak nyaman itu grafiknya pilihan dan settingnya itu terlalu banyak dan ribet pemain yang terbiasa dengan grafik lembuk seperti grafik nya genshin itu jadi tidak nyaman kalau main wuthering waves sudah begitu peta nya terlalu luas lagi walaupun itu bagus hanya jadi nya malas kalau eksplore terlebih game ini tidak ada bahasa indonesia,Negatif
Asw Bajing,3,2026-01-17 06:13:21,Wuthering Waves,makin ga jelas nih kebanyakan update in-game mana gede-gede lagi gntd,makin tidak jelas ini kebanyakan pembaruan di game mana besar besar lagi gntd,Negatif
Alzam Rabbani,5,2026-01-17 00:52:41,Wuthering Waves,game baik,game baik,Positif
M ASF,5,2026-01-17 00:22:37,Wuthering Waves,"perfect, yang blg banyak bug, force close, signal, mslh login, fix hp klian kentang, mending main ff aja, jgn kasih ratting bintang 1 dikarenakan device klian yg bermasalah, mikir👍",sempurna yang blg banyak masalah teknis force close jaringan mslh masuk tetap handphone klian spesifikasi rendah mending main ff saja jangan kasih ratting bintang dikarenakan perangkat klian yang bermasalah mikir jempol ke atas,Positif
Mirza Harry Ramadhan,5,2026-01-17 00:12:38,Wuthering Waves,"game nya seru banget, jujur untuk grafik entah itu rata kanan atau satu sebelum rata kiri memanjakan mata dan satu hal yang saya suka dari Wuthering ini adalah di dalam nya terdapat istri saya Carlotta 😋😋☕☕",game nya seru sekali jujur untuk grafik entah itu rata kanan atau satu sebelum rata kiri memanjakan mata dan satu hal yang aku suka dari wuthering ini adalah di dalam nya terdapat istri aku carlotta wajah menikmati wajah menikmati minuman hangat minuman hangat,Positif
DiamondCrystal 717,1,2026-01-16 22:20:27,Wuthering Waves,"saya mengalami bug force close pada tutorial quest tepatnya vehicle driving tutorial 1, tolong segera diperbaiki karena ini membuat saya jengkel",aku mengalami masalah teknis force close pada tutorial misi tepatnya vehicle driving tutorial tolong segera diperbaiki karena ini membuat aku jengkel,Negatif
Sepa Tegar Pradana GG,1,2026-01-16 17:18:38,Wuthering Waves,"Sistem gachanya BURUKK, akun yang hoki terus terusan hoki yang gak hoki terus terusan gak hoki, punya dua akun soalnya yang satu hoki terus dari awal main, yang satu gak hoki dari awal main. Coba di buat acak sistem gachanya jadi jangan ada yang hoki banget dan buruk banget. Gamenya jg berat bgt dan story nya juga bukan yang bagus banget. Yang menurut ku bagus ada di combat sama design char aja sih",sistem gachanya burukk akun yang hoki terus terusan hoki yang tidak hoki terus terusan tidak hoki punya dua akun soalnya yang satu hoki terus dari awal main yang satu tidak hoki dari awal main coba di buat acak sistem gachanya jadi jangan ada yang hoki sekali dan buruk sekali gamenya juga berat banget dan cerita nya juga bukan yang bagus sekali yang menurut ku bagus ada di combat sama design karakter saja sih,Negatif
Muhammad Rezki,5,2026-01-16 16:03:30,Wuthering Waves,Game baik.,game baik,Positif
Johan Fahjar,2,2026-01-16 15:03:21,Wuthering Waves,size nya terlalu besar untuk ukuran mobile,ukuran nya terlalu besar untuk ukuran mobile,Negatif
Sakura ID,1,2026-01-16 14:12:03,Wuthering Waves,hilangkan tune break ganggu aja,hilangkan tune break ganggu saja,Negatif
fadel muh,5,2026-01-16 13:58:52,Wuthering Waves,"game nya sangat seruu, semoga aku mendapatkan augustaa",game nya sangat seruu semoga aku mendapatkan augustaa,Positif
Muhammad Mukarram,5,2026-01-16 13:08:11,Wuthering Waves,"Tolong tambahkan subtitle Indonesia, di Indonesia lumayan banyak orang yang memainkan game ini.",tolong tambahkan subtitle indonesia di indonesia lumayan banyak orang yang memainkan game ini,Positif
Abu Dzar Al Ghifari,1,2026-01-16 12:41:24,Wuthering Waves,"gak ramah newbie f2p, gachanya busuk banget rate bohongan",tidak ramah newbie fp gachanya busuk sekali rate bohongan,Negatif
hadi rosadi,5,2026-01-16 11:08:14,Wuthering Waves,"game yang bagus dan cukup kompleks baik dari segi grafis maupun cerita, tapi saran saya harusnya dalam story utama sekali kali tokoh yang di tonjolkan itu karakter laki laki jangan karakter perempuan melulu.",game yang bagus dan cukup kompleks baik dari segi grafis maupun cerita tapi saran aku harusnya dalam cerita utama sekali kali tokoh yang di tonjolkan itu karakter laki laki jangan karakter perempuan melulu,Positif
Tegar Nurfahrezy,4,2026-01-16 10:42:11,Wuthering Waves,mantap GK terlalu kikir kyk ghensin 🗿,mantap tidak terlalu pelit seperti ghensin moai,Positif
Muhammad Harits,4,2026-01-16 09:03:27,Wuthering Waves,"Gamenya bagus, keren, asik juga gameplay-nya. Tapi baru-baru ini dapet bug saat mau dialog sama NPC, tiba-tiba error layar tidak bisa dipencet, bahkan itupun tidak sedang berdialog, mohon segera diperbaiki walaupun ini jarang terjadi🙏🏻",gamenya bagus keren asyik juga permainan nya tapi baru baru ini dapat masalah teknis saat mau dialog sama npc tiba tiba gangguan layar tidak bisa dipencet bahkan itupun tidak sedang berdialog mohon segera diperbaiki walaupun ini jarang terjadi melipat tangan warna kulit cerah,Positif
IMFC Channel,5,2026-01-16 08:56:32,Wuthering Waves,3.0 grafik nya' bikin sakit Mata.. Nge blur.... tolong di optimalkan..,grafik nya membuat sakit mata nge buram tolong di optimalkan,Negatif
Dimas Kurniawan,5,2026-01-16 06:58:13,Wuthering Waves,mekasih,mekasih,Positif
MPP Channel,5,2026-01-16 06:03:05,Wuthering Waves,Terima kasih NEXON telah membuatkan game sebagus ini,terima kasih nexon telah membuatkan game sebagus ini,Positif
alfa riski 27,1,2026-01-16 02:43:13,Wuthering Waves,mana sistem 50/50 itu kuro? kenapa saya selalu kalah dan pity diatas 60? game gblog banget jing,mana sistem itu kuro games kenapa aku selalu kalah dan jaminan gacha diatas game gblog sekali jing,Negatif
Nulfail Kun kun,5,2026-01-16 02:08:38,Wuthering Waves,game mantap lah,game mantap lah,Positif
Trinity Suak,3,2026-01-16 02:08:14,Wuthering Waves,"aku gak bisa menikmati game nya karena layar nya jadi hitam, gak ada gambar/ pemandangan nya. mulai dari loading screen sampai gameplay-nya blackscreen, palingan cmn muncul tombol ama teks doang tolong dev fix bug ini biar aku bisa main",aku tidak bisa menikmati game nya karena layar nya jadi hitam tidak ada gambar pemandangan nya mulai dari loading screen sampai permainan nya blackscreen palingan cuma muncul tombol sama teks saja tolong dev tetap masalah teknis ini supaya aku bisa main,Negatif
Ridzmal Sabtal,5,2026-01-16 00:31:29,Wuthering Waves,goood,goood,Positif
Verrel Arya Wijaya,3,2026-01-15 21:04:55,Wuthering Waves,tolong tambahkan fitur download data di layar belakang soalnya nunggu download nya lama banget,tolong tambahkan fitur unduh data di layar belakang soalnya nunggu unduh nya lama sekali,Negatif
Dyasta Shindo,5,2026-01-15 18:13:24,Wuthering Waves,nice,baik,Positif
Arkan Naisu,4,2026-01-15 17:59:22,Wuthering Waves,Baik baik game panjang,baik baik game panjang,Positif
Yotti,5,2026-01-15 17:23:11,Wuthering Waves,nyuruh adek gua pull dapet mornye gelo soft pity lagi emang game baik😍,nyuruh adik saya pull dapat mornye gelo soft jaminan gacha lagi memang game baik wajah tersenyum lebar bermata hati,Positif
Rizqi,5,2026-01-15 16:33:15,Wuthering Waves,ok,ok,Positif
Amura Keyto,5,2026-01-15 16:23:10,Wuthering Waves,"benget si lein siga bool babi, geleh aing setiap maneh na ngomong ""ini wajib si ini wajib si"". eh bajingan te setiap jelma siga maneh bangsat, te setiap jelma bisa top up berjuta-juta siga maneh. wujab wajib benget sia Tah wajib di tajong ari ngomong maneh teh kudu rilet jeng jelma Free to win, maneh kudu siga player-player eta ulah ngagenah Ken maneh. maneh ngenah setiap rate off Haigh pity asterid beak tinggal ngagesek. ngenah maneh jujur hirupna tapi ngomong sangenahna wae.",benget si lein siga bool babi geleh aku setiap maneh na ngomong ini wajib si ini wajib si eh bajingan te setiap jelma siga maneh bangsat te setiap jelma bisa top atas berjuta juta siga maneh wujab wajib benget sia tah wajib di tajong ari ngomong maneh teh harus rilet jeng jelma gratis ke win maneh harus siga player player eta ulah ngagenah ken maneh maneh ngenah setiap rate mati haigh jaminan gacha asterid beak tinggal ngagesek ngenah maneh jujur hirupna tapi ngomong sangenahna saja,Negatif
dermawan axel,5,2026-01-15 14:47:53,Wuthering Waves,mantap,mantap,Positif
Om Semant,5,2026-01-15 14:36:35,Wuthering Waves,"semenjak topup, gacha gue ampas sengaja ya biar gue topup terus",semenjak topup undian aku jelek sengaja ya supaya aku topup terus,Negatif
Reza Fernandez,5,2026-01-15 12:21:17,Wuthering Waves,game baik dan bagus walau menyiksa hpku hehehe,game baik dan bagus walau menyiksa hpku hehehe,Negatif
Doni Hafist,5,2026-01-15 12:05:54,Wuthering Waves,game baik dan bagus,game baik dan bagus,Positif
Zalika zaka,1,2026-01-15 11:46:20,Wuthering Waves,ada bug stak dan leg kadang force close juga di vehicle driving tutorial tolong ya di perbaiki... kalo sudah di perbaiki ulasan akanku ganti,ada masalah teknis stak dan leg kadang force close juga di vehicle driving tutorial tolong ya di perbaiki kalau sudah di perbaiki ulasan akanku ganti,Negatif
Akhmad Raffi,5,2026-01-15 11:13:58,Wuthering Waves,mantepppp kuroooo,mantepppp kuroooo,Positif
Gusti Satria,5,2026-01-15 10:43:18,Wuthering Waves,"Tolonglah kuro. perbaiki quest 'What Burns Beneath Frostland' yang 'Talk To Mornye', masak setelah keluar quest, tidak bisa kembali lagi main quest nya.",tolonglah kuro games perbaiki misi apa burns beneath frostland yang bicara ke mornye masak setelah keluar misi tidak bisa kembali lagi main misi nya,Negatif
Rayyan furry,3,2026-01-15 09:41:20,Wuthering Waves,apakah akan ada wuwa cloud atau semacam nya?,apakah akan ada wuthering waves cloud atau semacam nya,Positif
Uryuu San,5,2026-01-15 09:39:50,Wuthering Waves,"bagus, tapi gak ramah untuk hp 🥔",bagus tapi tidak ramah untuk handphone spesifikasi rendah,Positif
クンアサヒ,5,2026-01-15 09:05:31,Wuthering Waves,makacih kuro ><,makacih kuro games,Positif
Fasaha Kiana,5,2026-01-15 07:57:50,Wuthering Waves,mantap kurro,mantap kurro,Positif
Reyhan Abyzar,5,2026-01-15 07:06:03,Wuthering Waves,Mantapppppp,mantapppppp,Positif
Rey Vano,3,2026-01-15 06:44:33,Wuthering Waves,"mantappp , setelah bilang gini entah kenapa jadi jarang hoki 🥲",mantappp setelah bilang gini entah kenapa jadi jarang hoki wajah tersenyum dengan air mata,Positif
Maryama Maryama,1,2026-01-15 06:20:17,Wuthering Waves,gem yang bagus semangat untuk kuro tolong op timal kan penyim paman plis semoga di dengar,gem yang bagus semangat untuk kuro games tolong sangat kuat timal kan penyim paman tolong semoga di dengar,Positif
Eko Susanto,1,2026-01-15 05:23:16,Wuthering Waves,"kikir anjir, sia2 login tiap hari nguli, spend lunit subscription",pelit anjing sia masuk tiap hari nguli spend lunit subscription,Negatif
Mhmd_ Zuhron,1,2026-01-15 04:29:47,Wuthering Waves,baru main udh rate off,baru main sudah rate mati,Negatif
Felia Aulia,5,2026-01-15 04:16:07,Wuthering Waves,"Game nya bagus banget, grafiknya juga gk main² lebih bagus lagi di kasih sub indo biar lebih ngerti yang gk bisa bahasa English",game nya bagus sekali grafiknya juga tidak main² lebih bagus lagi di kasih sub indonesia supaya lebih ngerti yang tidak bisa bahasa english,Positif
MrX Whisky,5,2026-01-15 03:39:52,Wuthering Waves,"ini game bagus,setiap patch/versi pasti ada hal baru yang dimasukan,ya pokoknya Dev dari game ini selalu mempermudah para pemainnya, mau dari segi fitur ataupun gameplay sangat mudah untuk dipahami dan setiap masing-masing karakternya punya hal unik,terus lebih bagusnya lagi,kita sebagai pemain gak harus nge gacha setiap karakter baru yang rilis! jadi terserah kepada kita,yah pokonya ini bagus banget! kalau mau tau sisanya yah coba install dan mainin aja👍",ini game bagus setiap pembaruan versi pasti ada hal baru yang dimasukan ya pokoknya dev dari game ini selalu mempermudah para pemainnya mau dari segi fitur ataupun permainan sangat mudah untuk dipahami dan setiap masing masing karakternya punya hal unik terus lebih bagusnya lagi kita sebagai pemain tidak harus nge undian setiap karakter baru yang rilis jadi terserah kepada kita yah pokonya ini bagus sekali kalau mau tau sisanya yah coba install dan mainin saja jempol ke atas,Positif
Koizo,1,2026-01-15 03:16:48,Wuthering Waves,bau bgt main ni game,bau banget main ini game,Negatif
Ng Reyhan utomo,1,2026-01-15 03:11:53,Wuthering Waves,oiiii knp gua udah pull sampai 70 pul tapi di riwayat gua masih pity 0 ??????,oiiii kenapa saya sudah pull sampai pul tapi di riwayat saya masih jaminan gacha,Negatif
Maxi Lakaba,5,2026-01-15 02:53:43,Wuthering Waves,Game terlalu baik nda sama kyk sebelah,game terlalu baik nda sama seperti sebelah,Positif
muhammad albi,5,2026-01-15 02:43:57,Wuthering Waves,mantappp,mantappp,Positif
Rizky Pramana,5,2026-01-15 02:16:05,Wuthering Waves,"makasih mas kuro, tolong gacha ku di kasih makin wangi lagii",terimakasih kakak kuro games tolong undian ku di kasih makin wangi lagi,Positif
Nur Fajrul Chamdani,5,2026-01-15 02:09:08,Wuthering Waves,"bagus, tapi bisakah menambahkan bahasa Indonesia supaya saya bisa menikmati story",bagus tapi bisakah menambahkan bahasa indonesia supaya aku bisa menikmati cerita,Positif
Ibnu Falah A,5,2026-01-15 02:03:04,Wuthering Waves,mantap man,mantap man,Positif
Arbil Jam an,5,2026-01-15 02:02:26,Wuthering Waves,gamebaik 🥰🥰🥰🥰,gamebaik wajah tersenyum dengan 3 hati wajah tersenyum dengan 3 hati wajah tersenyum dengan 3 hati wajah tersenyum dengan 3 hati,Positif
Alhaska Ammar,1,2026-01-15 00:56:06,Wuthering Waves,Game Kurang Optimal di perangkat mid end,game kurang optimal di perangkat uts akhir,Negatif
UBAY OFICIAL,3,2026-01-14 21:56:25,Wuthering Waves,memori ku belum penuh tapi notif download datanya penuh,penyimpanan ku belum penuh tapi pemberitahuan unduh datanya penuh,Negatif
Rahman Gege,5,2026-01-14 16:59:36,Wuthering Waves,Ok,ok,Positif
Rahmad 245,5,2026-01-14 16:05:15,Wuthering Waves,Bgus dari segi grafis dan pertempuran saya sebagai pemain tolong lebih d realistis kan gambar agar lebih hd,bgus dari segi grafis dan pertempuran aku sebagai pemain tolong lebih di realistis kan gambar agar lebih hd,Positif
Fitto Mufid,5,2026-01-14 15:47:44,Wuthering Waves,sangat gachoer dan wangi char sayah disini,sangat gachoer dan wangi karakter sayah disini,Positif
Agus Sudarma,5,2026-01-14 15:28:04,Wuthering Waves,"mendengarkan pendapat dan saran dari player serta perkembangan yang sangat bagus, semoga sampai kedepannya tetap jadi game yang stabil",mendengarkan pendapat dan saran dari player serta perkembangan yang sangat bagus semoga sampai kedepannya tetap jadi game yang stabil,Positif
Zein Fauzi Sahil,5,2026-01-14 13:06:15,Wuthering Waves,game awak,game awak,Positif
Ahmad_LacKer,3,2026-01-14 12:54:08,Wuthering Waves,hp spek menengah agak berat bahkan rata kiri terlalu ancur texturenya kalo bisa dibagusi lgi agar yg spek menengah bisa menikmati agar tambah minat pemain.,handphone spek menengah agak berat bahkan rata kiri terlalu hancur texturenya kalau bisa dibagusi lagi agar yang spek menengah bisa menikmati agar tambah minat pemain,Negatif
••,1,2026-01-14 12:04:31,Wuthering Waves,tolong dong ada fitur hapus data quest yang udah selesai dan plss ini udah 50 GB annn,tolong dong ada fitur hapus data misi yang sudah selesai dan plss ini sudah gb annn,Negatif
Made Juminten,3,2026-01-14 11:55:41,Wuthering Waves,"Ga cocok buat hp kentang, memorinya harus banyak, setiap patch update harus sedia wifi, bejibun 30~50gb. Kalo main, sudah jelas dimanjakan mata dgn grapik rata kanan, tapi tetap bikin hp panas padahal baru di loading screen aja. Dari Gameplay itu mekanisme seru dan mudah dipahami. Event banyak yang mempermudah player claim hadiah, bukan puzzle dan ada tombol skip dialog. dari v.1~v2.9 Sejauh ini sy ga bisa lanjut, harus tunggu beli device baru. Untung ga kebeli skin Zani, dah ga bisa main lagi.",tidak cocok buat handphone spesifikasi rendah memorinya harus banyak setiap pembaruan pembaruan harus sedia wifi banyak gb kalau main sudah jelas dimanjakan mata dengan grapik rata kanan tapi tetap membuat handphone panas padahal baru di loading screen saja dari permainan itu mekanisme seru dan mudah dipahami acara banyak yang mempermudah player claim hadiah bukan puzzle dan ada tombol lewati dialog dari v v sejauh ini sy tidak bisa lanjut harus tunggu beli perangkat baru untung tidak kebeli skin zani sudah tidak bisa main lagi,Negatif
Raii X Kotomi,4,2026-01-14 11:01:02,Wuthering Waves,geme nya sih bagus dan juga seru tapi saya kasih bintang 4 karena minus nya jaringan pas pake wifi sering error lag tolong kuro geme optimalin lagi jaringan nya padahal jaringan saya lancar lancar aja saat bermain geme lain udah itu aja sih keluhannya terimakasih tolong di optimalkan🙏,geme nya sih bagus dan juga seru tapi aku kasih bintang karena minus nya jaringan saat pakai wifi sering gangguan patah patah tolong kuro games geme optimalin lagi jaringan nya padahal jaringan aku lancar lancar saja saat bermain geme lain sudah itu saja sih keluhannya terimakasih tolong di optimalkan melipat tangan,Negatif
ULTRAMAN,5,2026-01-14 09:27:45,Wuthering Waves,game nya bagus cuman ga ada bahasa indonesia jadi kurang buat nikmatin storynya,game nya bagus cuma tidak ada bahasa indonesia jadi kurang buat nikmatin storynya,Negatif
Rizzx FtxG,5,2026-01-14 09:02:29,Wuthering Waves,game burik,game jelek,Negatif
Alpin •,5,2026-01-14 08:34:39,Wuthering Waves,WOW,wow,Positif
Dwifa Yuda,1,2026-01-14 04:05:10,Wuthering Waves,pensi karena update 3.0 ga ngotak😔,berhenti main karena pembaruan tidak ngotak wajah merenung,Negatif
Ristopan Safitri,5,2026-01-14 03:40:20,Wuthering Waves,"mohon perbaiki bug misi driving tutorial, eror mulu, kasian yang mau beresin misi nya harus muter balik dulu baru bisa beres bug nya",mohon perbaiki masalah teknis misi driving tutorial gangguan terus kasihan yang mau beresin misi nya harus muter balik dulu baru bisa selesai masalah teknis nya,Negatif
Nina Wulan Lestari,1,2026-01-14 03:03:45,Wuthering Waves,"sayang sekali, tidak bisa dimainkan di device kentang",sayang sekali tidak bisa dimainkan di perangkat spesifikasi rendah,Negatif
Muhammad Ardi,1,2026-01-14 02:58:23,Wuthering Waves,update baru banyak bug. gk di pc gk di hp sama,pembaruan baru banyak masalah teknis tidak di komputer tidak di handphone sama,Negatif
Zephyr 01,5,2026-01-14 02:33:24,Wuthering Waves,game baik dan bagus,game baik dan bagus,Positif
Raiden Shougun,5,2026-01-14 01:36:29,Wuthering Waves,game baik,game baik,Positif
Cristhovel Runtunuwu (Ovel),1,2026-01-14 01:10:54,Wuthering Waves,game bagus tapi sayang ga pernah optimal saat main. tiap update harus re instal dan ubah2 setting grafik,game bagus tapi sayang tidak pernah optimal saat main tiap pembaruan harus re instal dan ubah setting grafik,Negatif
Khansa Qais Fernanda,5,2026-01-14 00:01:50,Wuthering Waves,game baik,game baik,Positif
Ihtiar Mubarak,5,2026-01-13 20:06:44,Wuthering Waves,mantap,mantap,Positif
drian,5,2026-01-13 19:21:38,Wuthering Waves,"optimalisasikan lagi, sebelum update lahai roy lancar + stabil wlau cmn dpet 40fps tapi visual juga bagus, nah sesudah update berat bnget walau dah disable total shadow dll juga intinya OPTIMALIN LAGI",optimalisasikan lagi sebelum pembaruan lahai roy lancar stabil wlau cuma dpet frame per detik tapi visual juga bagus nah sesudah pembaruan berat sekali walau sudah disable total shadow dsb juga intinya optimalin lagi,Negatif
Mara Chan,5,2026-01-13 16:36:35,Wuthering Waves,🙂,wajah agak tersenyum,Positif
Garry Ramdhani,5,2026-01-13 16:15:22,Wuthering Waves,i lop this game,i lop this game,Positif
Zafrans Wijaya,5,2026-01-13 15:35:51,Wuthering Waves,"ramah free to play,banyak ladang,topp",ramah gratis ke main banyak ladang topp,Positif
Ahmad Tsaqif,5,2026-01-13 15:00:42,Wuthering Waves,singkat saja... I love this game,singkat saja i suka this game,Positif
Rditya Raffi,5,2026-01-13 14:37:38,Wuthering Waves,dah mentokin di 50gb aja penyimpanan nya kuro klo di lebihin bisa²pada ga kuat device nya,sudah mentokin di gb saja penyimpanan nya kuro games kalau di lebihin bisa²pada tidak kuat perangkat nya,Negatif
akmal priatamvan,5,2026-01-13 10:58:55,Wuthering Waves,game baik,game baik,Positif
風のように,5,2026-01-13 10:43:14,Wuthering Waves,mantul,mantul,Positif
apalah ini,1,2026-01-13 10:31:53,Wuthering Waves,"balikin visual canta kaya awal rilis sama rating 15+ nya, bocil ngapain main wuwa",balikin visual canta seperti awal rilis sama rating nya bocil apa main wuthering waves,Negatif
Zakaria Junior,5,2026-01-13 10:17:57,Wuthering Waves,"Jujur awalnya ngira bakal nge-lag mainin ini game di device ini, tapi ternyata ini game punya optimalisasi yang wah.",jujur awalnya ngira akan nge patah patah mainin ini game di perangkat ini tapi ternyata ini game punya optimalisasi yang wah,Positif
Muhammad Alfayas Darmansyah putra,5,2026-01-13 07:55:29,Wuthering Waves,game nya bagus #chisa my bini,game nya bagus chisa punyaku bini,Positif
Dodi Noval,5,2026-01-13 06:52:51,Wuthering Waves,game ini sangat cocok untuk pencari wife dan para karbit,game ini sangat cocok untuk pencari wife dan para karbit,Positif
cj,5,2026-01-13 06:09:37,Wuthering Waves,saya menaruh rasa hormat sedalam dalamnya buat pihak developer trimakasih karna suda bekerja membuat map yang luar biasa trimakasih sedalam dalamnya,aku menaruh rasa hormat sedalam dalamnya buat pihak developer trimakasih karena suda bekerja membuat peta yang luar biasa trimakasih sedalam dalamnya,Positif
LEMONY ZERO,2,2026-01-13 01:35:44,Wuthering Waves,padahal cuma main lewat cloudmoon tiba tiba ke banned,padahal hanya main lewat cloudmoon tiba tiba ke banned,Negatif
Zen Din AL Harits,5,2026-01-13 00:05:01,Wuthering Waves,thaksss kuroooo,thaksss kuroooo,Positif
Ilham PR,5,2026-01-12 23:01:30,Wuthering Waves,W Kuro!!!,aku kuro games,Positif
Frida Ciprut123,5,2026-01-12 20:39:40,Wuthering Waves,game baik,game baik,Positif
Vadhilah,2,2026-01-12 19:23:17,Wuthering Waves,"sementara aku kurangi bintangnya. patch 3.0 ini parah sekali optimalisasinya, di mobile sering frame drop, sebelumnya gak seperti itu.",sementara aku kurangi bintangnya pembaruan ini parah sekali optimalisasinya di mobile sering frame turun sebelumnya tidak seperti itu,Negatif
Ale Xeno,5,2026-01-12 16:33:23,Wuthering Waves,mantap,mantap,Positif
Rizki Musthofa (Rizki),4,2026-01-12 14:55:41,Wuthering Waves,"kualitas visual mantap, music BANGER, story agak kurang lah, sejak companion quest di hapus main storynya agak kurang jadinya",kualitas visual mantap musik banger cerita agak kurang lah sejak companion misi di hapus main storynya agak kurang jadinya,Negatif
Lionpky,4,2026-01-12 14:51:08,Wuthering Waves,tonlong perbaiki sering keluar sediri setelah update 3.0 ini,tonlong perbaiki sering keluar sediri setelah pembaruan ini,Negatif
M.Risky Saputra,5,2026-01-12 13:24:03,Wuthering Waves,"gamenya bagus dan tentunya ramah untuk f2p. tapi tolong lebih cepat dalam optimalisasinya, karena jadi tidak bisa menikmati game yang bagus ini",gamenya bagus dan tentunya ramah untuk fp tapi tolong lebih cepat dalam optimalisasinya karena jadi tidak bisa menikmati game yang bagus ini,Negatif
Kenzie Adyatama,5,2026-01-12 12:44:57,Wuthering Waves,"bagus gamenya , tapi developer kalo update dipikir, kasian sama yang low device ngelag2 jadinya 😅",bagus gamenya tapi developer kalau pembaruan dipikir kasihan sama yang low perangkat patah patah jadinya wajah tersenyum lebar dan berkeringat,Positif
ri co,2,2026-01-12 12:37:36,Wuthering Waves,banyak bug. kadang kualitas bermain di beberapa tempat menurun karena lag.,banyak masalah teknis kadang kualitas bermain di beberapa tempat menurun karena patah patah,Negatif
Rakha Fayrooz Haq,5,2026-01-12 12:25:17,Wuthering Waves,"enjoyable, dan saya sebagai pemula memiliki pengalaman bermain yg baik. Karena player f2p seperti saya dpt 3 char + signature hanya dalam sebulan",enjoyable dan aku sebagai pemula memiliki pengalaman bermain yang baik karena player fp seperti aku dapat karakter signature hanya dalam sebulan,Positif
Ismail Kerzy,5,2026-01-12 11:56:31,Wuthering Waves,I Hope Kuro Give banyak fitur² Sesuatu yg bisa dilakukan lagi ketika mode coop agar tidak memberikan nuansa bosan. ada bagusnya bila ada kesulitan ekstra (Meningkatnya Union Level) di coop mode Untuk Meningkatkan REWARD Yang didapatkan Overall Tiap update Absolute Cinema Banget 👍,i hope kuro games beri banyak fitur² sesuatu yang bisa dilakukan lagi ketika mode coop agar tidak memberikan nuansa bosan ada bagusnya bila ada kesulitan ekstra meningkatnya union level di coop mode untuk meningkatkan hadiah yang didapatkan overall tiap pembaruan absolute cinema sekali jempol ke atas,Positif
johe,5,2026-01-12 11:34:41,Wuthering Waves,makasih kuro udah bikin wuwa,terimakasih kuro games sudah membuat wuthering waves,Positif
Luchife r,5,2026-01-12 11:30:18,Wuthering Waves,kasih Xy gratis lagi doang aku ketinggalan please kuro,kasih xy gratis lagi saja aku ketinggalan tolong kuro games,Positif
ZinnnTM,5,2026-01-12 11:20:15,Wuthering Waves,"Please Kuro tambahkan bahasa Indonesia agar lebih di mengerti, dari segi gameplay sudah bagus, tapi karena ada yang kurang tidak ada bahasa Indonesia, semoga kedepannya di tambahkan bahasa Indonesia.. Terimakasih",tolong kuro games tambahkan bahasa indonesia agar lebih di mengerti dari segi permainan sudah bagus tapi karena ada yang kurang tidak ada bahasa indonesia semoga kedepannya di tambahkan bahasa indonesia terimakasih,Negatif
RCYΛL,5,2026-01-12 11:18:33,Wuthering Waves,jujur gamenya seru tapi tolong untuk kualitas grafiknya di perbaiki lagi tolong tambahin pengaturan grafik lanjutan agar bisa menurunkan kualitas resolusi dari tekstur alam/map nya karna kualitas grafiknya terlalu tinggi jadi membuat gameplay menjadi lag walaupun sudah grafik low,jujur gamenya seru tapi tolong untuk kualitas grafiknya di perbaiki lagi tolong tambahkan pengaturan grafik lanjutan agar bisa menurunkan kualitas resolusi dari tekstur alam peta nya karena kualitas grafiknya terlalu tinggi jadi membuat permainan menjadi patah patah walaupun sudah grafik low,Negatif
Raden Siswo,5,2026-01-12 11:18:00,Wuthering Waves,Sinyal AXIS bapuk banget!!!,jaringan axis bapuk sekali,Negatif
Bashar,5,2026-01-12 10:21:44,Wuthering Waves,"gacor, tpi kasih bahasa Indonesia plis kuro, biar gk terlalu pusing pas quest",gacor tapi kasih bahasa indonesia tolong kuro games supaya tidak terlalu pusing saat misi,Positif
Sopia Latjuba,4,2026-01-12 10:13:46,Wuthering Waves,banyak kali makan GB jir tapi game nya bagus tolong tambahkan bahasa indonesia min capek pake otak pas pengen baca cerita,banyak kali makan gb jir tapi game nya bagus tolong tambahkan bahasa indonesia admin kesal pakai otak saat ingin baca cerita,Negatif
Rangga Adityaa,4,2026-01-12 09:24:23,Wuthering Waves,"gada subtitle bahsa Indonesia tolong adakan, dan tolong optimalisasi",tidak ada subtitle bahsa indonesia tolong adakan dan tolong optimalisasi,Negatif
Dendy Saputra,5,2026-01-12 08:45:20,Wuthering Waves,akhirnya ketemu juga game yang cocok buat gw. buat daily ga perlu makan waktu banyak jadi masih bisa main klo lagi sibuk kerja. ga nyesel sih top up di game ini karena sesuai apa yg di dapet sama waktu dan uang yg gw keluarin. gameplay dan mekaniknya juga bagus dan ga bikin bosen. apalagi design 3D karakter nya sesuai sama Splash art. graphic nya ga ada lawan udah kaya game Triple A klo main lewat PC. klo main di hp buat daily aja masih aman. terakhir Optimasi tlng di tingkat lagi thank's,akhirnya ketemu juga game yang cocok buat saya buat daily tidak perlu makan waktu banyak jadi masih bisa main kalau lagi sibuk kerja tidak nyesel sih top atas di game ini karena sesuai apa yang di dapat sama waktu dan uang yang saya keluarin permainan dan mekaniknya juga bagus dan tidak membuat bosan apalagi design di karakter nya sesuai sama splash art graphic nya tidak ada lawan sudah seperti game triple a kalau main lewat komputer kalau main di handphone buat daily saja masih aman terakhir optimasi tlng di tingkat lagi thank s,Positif
Anda,3,2026-01-12 04:44:42,Wuthering Waves,"min, pas di misi ""Vehicle Driving Tutorial"" kenapa layar gw ngefreeze ya min? gk pernah saya sekalipun ngefreeze kyk sekarang, udah coba login ulang masih sama juga, tolong di fix ya min",admin saat di misi vehicle driving tutorial kenapa layar saya ngefreeze ya admin tidak pernah aku sekalipun ngefreeze seperti sekarang sudah coba masuk ulang masih sama juga tolong di tetap ya admin,Negatif
Tiwul Jelek,5,2026-01-12 03:50:55,Wuthering Waves,keren,keren,Positif
24. M. Nazriel Rizky,5,2026-01-12 01:29:41,Wuthering Waves,mantapbang kuro,mantapbang kuro games,Positif
Qori Fathul Haris,5,2026-01-11 19:13:21,Wuthering Waves,setelah mikir matang matang dengan event yang di sajikan saya merasa event nya terlalu membebani dan membuat game tidak menyenangkan. intinya tidak mengerjakan event=tidak dapat asterid=pensi,setelah mikir matang matang dengan acara yang di sajikan aku merasa acara nya terlalu membebani dan membuat game tidak menyenangkan intinya tidak mengerjakan acara tidak dapat asterid berhenti main,Negatif
Sheva AR,5,2026-01-11 17:59:08,Wuthering Waves,"mantap gamenya, story bisa di skip sangat mempermudah player yang memang tidak punya waktu banyak main game. saran untuk animasi print, jump, dan dash lebih di improve. karena dari awal 1.0 sampai sekarang anime nya masih terlihat kaku menurut saya.",mantap gamenya cerita bisa di lewati sangat mempermudah player yang memang tidak punya waktu banyak main game saran untuk animasi print jump dan dash lebih di improve karena dari awal sampai sekarang anime nya masih terlihat kaku menurut aku,Positif
Andy Sofyan,3,2026-01-11 16:38:09,Wuthering Waves,"ini kenapa saya sekarang sering force closed ya, setelah update lahairoi, device saya infinix GT 20 pro, sblm update lancar"" saja",ini kenapa aku sekarang sering force closed ya setelah pembaruan lahairoi perangkat aku infinix gitu pro sblm pembaruan lancar saja,Negatif
Aldi Nurrohmandii,5,2026-01-11 16:19:54,Wuthering Waves,Thank kuro,thank kuro games,Positif
Kayaysa Kamila,5,2026-01-11 15:59:44,Wuthering Waves,gem baik,gem baik,Positif
Poco Android,4,2026-01-11 15:37:20,Wuthering Waves,"jujurly awal download agak gimana gitu yah soalnya animasi geraknya agak kaku tapi sekarang menurut aku sih udah lumayan smooth sih, tapi yang disayangkan chara cowo di game ini dikit banget padalan model cowo disini tuh lumayan bagus",jujurly awal unduh agak gimana begitu yah soalnya animasi geraknya agak kaku tapi sekarang menurut aku sih sudah lumayan smooth sih tapi yang disayangkan chara cowok di game ini sedikit sekali padalan model cowok disini itu lumayan bagus,Negatif
ARP,5,2026-01-11 14:26:21,Wuthering Waves,ini game absolute cinema cukk story visual apalagi main ni game rata kanan behh grafik ny memanjakan mata bet mungkin,ini game absolute cinema cukk cerita visual apalagi main ini game rata kanan behh grafik nya memanjakan mata sekali mungkin,Positif
Pablo Yùzúrü,5,2026-01-11 13:50:31,Wuthering Waves,untuk karakter sangat baik tapi kalo bisa untuk download nya bisa dikecilkan gak🗿,untuk karakter sangat baik tapi kalau bisa untuk unduh nya bisa dikecilkan tidak moai,Positif
Usui Miyu,1,2026-01-11 13:48:05,Wuthering Waves,"misi melawan cacing gak ada Seve zone nya, gagal mulai dari awal. membosankan!",misi melawan cacing tidak ada seve zone nya gagal mulai dari awal membosankan,Negatif
Reza Nurrahman,1,2026-01-11 13:37:02,Wuthering Waves,"penanganan costumer servicenya terlalu parah, meminta diskusi sehat saja dijawab hal yang sama berulang-ulang, mengecewakan.",penanganan costumer servicenya terlalu parah meminta diskusi sehat saja dijawab hal yang sama berulang ulang mengecewakan,Negatif
Wahyu,3,2026-01-11 13:15:26,Wuthering Waves,sebagai pengguna handphone masih sering stuck saat melakasanakan tutorial vehicle 1. tolong segera diperbaiki 🙏,sebagai pengguna handphone masih sering stuck saat melakasanakan tutorial vehicle tolong segera diperbaiki melipat tangan,Negatif
Muhamad Fachry Alfadilah (FrinnTzy),5,2026-01-11 12:37:29,Wuthering Waves,good game,good game,Positif
Kayu Manis,5,2026-01-11 12:11:59,Wuthering Waves,"game nya bagus,tpi maaf kuro,device saya sudah tidak kuat buat wuthering waves,,,,,",game nya bagus tapi maaf kuro games perangkat aku sudah tidak kuat buat wuthering waves,Negatif
Muhammad Rifai,2,2026-01-11 11:41:48,Wuthering Waves,"Tolong lah kuro games, di bagian Region lahai roi di startorch academy tolong di optimalkan lagi, frame drop nya parah banget disitu",tolong lah kuro games games di bagian region lahai roi di startorch academy tolong di optimalkan lagi frame turun nya parah sekali disitu,Negatif
rifki anggara,5,2026-01-11 11:23:56,Wuthering Waves,keren,keren,Positif
Agus Wahyu,5,2026-01-11 11:15:35,Wuthering Waves,mantap,mantap,Positif
Bilqis Amelinski,4,2026-01-11 10:59:36,Wuthering Waves,"gamenya bagus, hanya saja selalu ada kendala lag parah dari jaringan padahal saat bermain game sebelah tidak lag parah seperti main wuthering. tolong diperbaiki lagi yah😁🫰🏻",gamenya bagus hanya saja selalu ada kendala patah patah parah dari jaringan padahal saat bermain game sebelah tidak patah patah parah seperti main wuthering tolong diperbaiki lagi yah wajah gembira dengan mata bahagia tangan dengan jari telunjuk dan ibu jari menyilang warna kulit cerah,Negatif
azizah nur,1,2026-01-11 08:57:38,Wuthering Waves,"boong bgt jir aku udah main selama seminggu, ga ada tuh 93 free pulls",bohong banget jir aku sudah main selama seminggu tidak ada itu gratis pulls,Negatif
Sopiyullah 03,5,2026-01-11 07:54:05,Wuthering Waves,mantap,mantap,Positif
Shoutin Yuwaffiq,5,2026-01-11 07:52:42,Wuthering Waves,the best,sebuah terbaik,Positif
Franklin,5,2026-01-11 06:53:38,Wuthering Waves,mantap,mantap,Positif
Arya Arya,5,2026-01-11 05:05:27,Wuthering Waves,"game nya keren min, gak ada rencana buat sistem cloud min hehe",game nya keren admin tidak ada rencana buat sistem cloud admin hehe,Positif
Fikri Muzaki,5,2026-01-11 04:24:53,Wuthering Waves,w game,aku game,Positif
Aurora Azzahra,5,2026-01-11 02:46:09,Wuthering Waves,"aelaa, gw download se abad ga selesai-selesai dan akhirnya... yapp -- ga ke download, tapi sumpa ini mah bagus si ya 😋 aku pakai hp ip nya kakakku, dan pas ku download si bagus sumpaaa, kya walau ga selamanya aku dipinjami hp! tapi aku syukaa",aelaa saya unduh se abad tidak selesai selesai dan akhirnya yapp tidak ke unduh tapi sumpa ini mah bagus si ya wajah menikmati aku pakai handphone ip nya kakakku dan saat ku unduh si bagus sumpaaa kya walau tidak selamanya aku dipinjami handphone tapi aku syukaa,Positif
Raja Rajaardian,5,2026-01-11 02:31:21,Wuthering Waves,terimakasih buat developer karena game ini saya lebih bahagia,terimakasih buat developer karena game ini aku lebih bahagia,Positif
Arche Arche,5,2026-01-11 02:29:05,Wuthering Waves,bagus nya cuyyy dadi seni grafik dan lain-lainnya 😎👍mantap,bagus nya cuyyy dadi seni grafik dan lain lainnya wajah berkacamata hitam jempol ke atas mantap,Positif
Kadek Amelia,1,2026-01-11 01:51:56,Wuthering Waves,bansos nya dikit ... pasti karena temenan Ama dawei 😭,hadiah nya sedikit pasti karena temenan sama dawei wajah menangis keras,Negatif
Malik IL,5,2026-01-10 23:24:02,Wuthering Waves,game terbagus,game terbagus,Positif
Raihasya,4,2026-01-10 18:27:15,Wuthering Waves,"udah update ver 3.x jadi gk optimal gini, patcj kemarin² pdhal lancar aja",sudah pembaruan ver x jadi tidak optimal gini patcj kemarin² padahal lancar saja,Negatif
Farhan Alfarisi,5,2026-01-10 14:09:33,Wuthering Waves,tambahkan bahasa Indonesia,tambahkan bahasa indonesia,Negatif
Eka Hendra,5,2026-01-10 13:55:20,Wuthering Waves,"game yg sangat bagus, tapi terlalu membutuhkan penyimpanan yg sangat besar",game yang sangat bagus tapi terlalu membutuhkan penyimpanan yang sangat besar,Negatif
ShinoAk1,4,2026-01-10 13:05:59,Wuthering Waves,kok g ada subtitle indo?,kok tidak ada subtitle indonesia,Negatif
Fauzan S,5,2026-01-10 12:17:33,Wuthering Waves,gas keuuun,gas keuuun,Positif
Ivan Mahesa,3,2026-01-10 04:40:44,Wuthering Waves,"Tolong untuk Developer sizenya mohon diperkecil sedikit, untuk 50gb itu terlalu besar, mohon dongg🙏🏻🙏🏻🙏🏻🙏🏻",tolong untuk developer sizenya mohon diperkecil sedikit untuk gb itu terlalu besar mohon dongg melipat tangan warna kulit cerah melipat tangan warna kulit cerah melipat tangan warna kulit cerah melipat tangan warna kulit cerah,Negatif
Tensai Kayo,5,2026-01-10 04:30:40,Wuthering Waves,good game,good game,Positif
valentino rifqy,1,2026-01-10 02:31:12,Wuthering Waves,"kasih bintang satu karena udah capek² grinding buat starter gacha malah tidak dapat character yang diinginkan, udah makan memori banyak, gacha dapat ampas mulu.",kasih bintang satu karena sudah capek² mencari material buat starter undian malah tidak dapat character yang diinginkan sudah makan penyimpanan banyak undian dapat jelek terus,Negatif
Lavaca Saturno,5,2026-01-10 02:05:42,Wuthering Waves,bagus,bagus,Positif
Asep Jajang,2,2026-01-09 22:50:00,Wuthering Waves,"kenapa di update 3.0 ini banyak bug terutama di motor bike simulator trus game nya sering ngecras,gimana mau nyelesain ques klau tiba tiba berhenti ga bisa di pencet,tolong dong tim kuro di perbaiki,masalah ini untuk persi hp",kenapa di pembaruan ini banyak masalah teknis terutama di motor bike simulator terus game nya sering ngecras gimana mau nyelesain ques kalau tiba tiba berhenti tidak bisa di pencet tolong dong grup kuro games di perbaiki masalah ini untuk persi handphone,Negatif
Ahmad Rizki Pratama,5,2026-01-09 22:27:44,Wuthering Waves,"game terbaik, cuma ada sedikit bug di quest tutorial riding pas melewati lingkaran yang berwarna emas. tolong di perbaiki bug tersebut.",game terbaik hanya ada sedikit masalah teknis di misi tutorial riding saat melewati lingkaran yang berwarna emas tolong di perbaiki masalah teknis tersebut,Positif
Rendi Cihuy,1,2026-01-09 20:31:47,Wuthering Waves,ini bug nya gimana sih misi yg naik motor itu yg harus ber lindung di bangun nanruntuh pas lawan monster cacing yg lagi ngamuk udh pencet bosst gak nyampe yampe,ini masalah teknis nya gimana sih misi yang naik motor itu yang harus ber lindung di bangun nanruntuh saat lawan monster cacing yang lagi ngamuk sudah pencet bosst tidak nyampe yampe,Negatif
Abghiii,5,2026-01-09 15:28:41,Wuthering Waves,game baik,game baik,Positif
Nanggala yudha Kurnia sandi,5,2026-01-09 15:17:29,Wuthering Waves,favorit game,favorit game,Positif
Rendy Jay Ramdhani,5,2026-01-09 15:12:47,Wuthering Waves,kenapa ga bisa masuk di gamenya?? pdhal kmren² bisa,kenapa tidak bisa masuk di gamenya padahal kmren² bisa,Negatif
Koi Zamba,5,2026-01-09 14:54:20,Wuthering Waves,kerja bagus,kerja bagus,Positif
Eko Andrymawan,5,2026-01-09 14:06:14,Wuthering Waves,tolong dong min sediakan teks bahasa Indonesia nya. overall ini game udah bagus. 🙏,tolong dong admin sediakan teks bahasa indonesia nya overall ini game sudah bagus melipat tangan,Positif
zulmi salam,1,2026-01-09 13:42:55,Wuthering Waves,terlalu besar ukuran download nya 47GB,terlalu besar ukuran unduh nya gb,Negatif
༺_BINTANG_༻ -,3,2026-01-09 13:35:28,Wuthering Waves,tex indonya mana 🤔,tex indonya mana wajah berpikir,Negatif
Muklis Junaidi,3,2026-01-09 11:45:51,Wuthering Waves,"Developer baik🥰 [edit] update lahai roi ngeleg bgt edan🗿 ping kayak pelangi merah kuning hijau, emang chipset ku Helio g100 cuman sebelum ke lahai roi gak separah ini, masa dapet 8 fps wey, tolong di apain lah biar gak apa kali",developer baik wajah tersenyum dengan 3 hati edit pembaruan lahai roi ngeleg banget edan moai ping seperti pelangi merah kuning hijau memang chipset ku helio tidak cuma sebelum ke lahai roi tidak separah ini masa dapat frame per detik wey tolong di apa lah supaya tidak apa kali,Negatif
Nu Pea,3,2026-01-09 11:15:13,Wuthering Waves,game nya seru cuma gak ada bahasa Indonesia nya jadi gak ngerti dari segi ceritanya kalo ada bahasa Indonesia kan enak mainin nya juga moga aja nanti ada,game nya seru hanya tidak ada bahasa indonesia nya jadi tidak ngerti dari segi ceritanya kalau ada bahasa indonesia kan enak mainin nya juga moga saja nanti ada,Negatif
abdi afdillah,5,2026-01-09 10:32:34,Wuthering Waves,gg gemink mantap,gg gemink mantap,Positif
THE sun,1,2026-01-09 06:38:35,Wuthering Waves,update nya gak ngotak 55gb,pembaruan nya tidak ngotak gb,Negatif
Cak Wied,5,2026-01-09 05:11:15,Wuthering Waves,"dari 1.0 sampai 3.0, wah.. GG sih developer ningkatin game ini",dari sampai wah gg sih developer ningkatin game ini,Positif
Bayu Mardiansyah,5,2026-01-09 04:43:42,Wuthering Waves,bagus gilak,bagus gila,Positif
F san,5,2026-01-09 03:26:42,Wuthering Waves,"Kuro Games emang ga pernah ngecewain di setiap game yang Kuro buat emang bagus banget, grafik, fighting, gak lupa karakter karakternya juga (mwehehehe 😁), tapi tolong dioptimalin ya soalnya makin di update makin berat gamenya, kalo udah aku nilai 💯🔥🔥",kuro games games memang tidak pernah ngecewain di setiap game yang kuro games buat memang bagus sekali grafik berjuang tidak lupa karakter karakternya juga mwehehehe wajah gembira dengan mata bahagia tapi tolong dioptimalin ya soalnya makin di pembaruan makin berat gamenya kalau sudah aku nilai nilai seratus api api,Positif
Ikhmal Ihsan,5,2026-01-09 03:20:26,Wuthering Waves,sangat mantapp ni game,sangat mantap ini game,Positif
Fariz AlHakim,5,2026-01-09 01:46:03,Wuthering Waves,"suka banget sama game yang seperti ini, cuma ini game tidak support bahasa Indonesia. tolong pihak developer menambahkan bahasa Indonesia.",suka sekali sama game yang seperti ini hanya ini game tidak dukung bahasa indonesia tolong pihak developer menambahkan bahasa indonesia,Negatif
Eldo Pradikdo,1,2026-01-08 20:29:18,Wuthering Waves,"open game force close, open again and force close in lahai roi map. my device dimensity 6080 set all low, this game not for mobile.",buka game force close buka lagi dan force close di lahai roi peta punyaku perangkat dimensity setengah semua low this game tidak untuk mobile,Negatif
Rahmat Baddu,3,2026-01-08 17:20:29,Wuthering Waves,"tolong untuk size gamenya di perhatikan tolong di kurangin dikit, untuk bugnya jga di perbaiki saya pake snapdrgon 8s gen 4 fpsnya kadang drop ke 10, tolong yah papi kuro di perbaiki. terimah kasih",tolong untuk ukuran gamenya di perhatikan tolong di kurangin sedikit untuk bugnya jga di perbaiki aku pakai snapdrgon s gen fpsnya kadang turun ke tolong yah papi kuro games di perbaiki terimah kasih,Negatif
Eka Maulana,5,2026-01-08 16:56:28,Wuthering Waves,gamenya seru bgttt,gamenya seru bgttt,Positif
Rafif Hasibuan,5,2026-01-08 16:29:25,Wuthering Waves,mantap,mantap,Positif
Vgl Official,1,2026-01-08 15:45:07,Wuthering Waves,gapernah menang rate off game jelek,gapernah menang rate mati game jelek,Negatif
Egi Putra p,5,2026-01-08 15:40:42,Wuthering Waves,"seru game nya mekaniknya baru, tapi sayangnya blom ada bahasa Indonesia",seru game nya mekaniknya baru tapi sayangnya blom ada bahasa indonesia,Negatif
Clod4,5,2026-01-08 14:20:45,Wuthering Waves,"kuro games kenapa gacha 50/50 hard pity mulu, kasih lah pity low ,selain itu absolute cinema",kuro games games kenapa undian hard jaminan gacha terus kasih lah jaminan gacha low selain itu absolute cinema,Negatif
bubble mi,5,2026-01-08 12:30:05,Wuthering Waves,w game,aku game,Positif
davaa,1,2026-01-08 11:28:35,Wuthering Waves,"3.0 banyak bug, hp gw force close mlu, sebelumnya hp gw kuat rata kanan maen dengan lancar tapi setelah 3.0 jadi force close map ngebug sinyal jelek",banyak masalah teknis handphone saya force close selalu sebelumnya handphone saya kuat rata kanan main dengan lancar tapi setelah jadi force close peta ngebug jaringan jelek,Negatif
Hilarius Salvador Rao,5,2026-01-08 11:09:48,Wuthering Waves,"ini game gilaaa.. keren parah!!! tapi please bahasa Indonesia nya dong di adain, pleaseee.. gua player baru, kalo diadakan bahasa Indonesia nya gue top up banyak deh, janji gue",ini game gilaaa keren parah tapi tolong bahasa indonesia nya dong di adain pleaseee saya player baru kalau diadakan bahasa indonesia nya aku top atas banyak deh janji aku,Positif
Rido Afianto,1,2026-01-08 07:29:46,Wuthering Waves,👎⚠️,jempol ke bawah peringatan,Negatif
Hengki Gifari,1,2026-01-08 05:55:59,Wuthering Waves,game jelek,game jelek,Negatif
Alvin Alvian,5,2026-01-08 04:26:20,Wuthering Waves,seru,seru,Positif
Muhammad irfan Malik,5,2026-01-08 04:20:49,Wuthering Waves,"bagus min, cuma kurang subtitle bahasa Indonesia",bagus admin hanya kurang subtitle bahasa indonesia,Negatif
Honey Bun11,5,2026-01-08 02:35:40,Wuthering Waves,"game bagus so far, yang ngeluh lag main di laptop dan gajinya bapakny dibawah 10juta perbulan",game bagus jadi far yang ngeluh patah patah main di laptop dan gajinya bapakny dibawah juta perbulan,Positif
Apandi Mardiansyah,5,2026-01-08 00:48:01,Wuthering Waves,Disini saya menemukan my kisah,disini aku menemukan punyaku kisah,Positif
Maulana lana,1,2026-01-07 23:49:08,Wuthering Waves,update ke 3.0.1 banyak bug nya. tolong perbaiki. saya pengguna mobile,pembaruan ke banyak masalah teknis nya tolong perbaiki aku pengguna mobile,Negatif
Muhammad Arfin,5,2026-01-07 23:21:15,Wuthering Waves,"kuro tolong perbaiki lahroi misi motor selalu lag, tolong perbaiki ketidak nyamanan ini",kuro games tolong perbaiki lahroi misi motor selalu patah patah tolong perbaiki ketidak nyamanan ini,Negatif
Randy Sayfulloh 16,4,2026-01-07 22:54:46,Wuthering Waves,untuk game udah sangat bagus jalan cerita juga menarik grafik juga bagus tapi tolong dong tambahin bahasa Indonesia agar player Indonesia bisa memahami alur ceritanya dengan baik,untuk game sudah sangat bagus jalan cerita juga menarik grafik juga bagus tapi tolong dong tambahkan bahasa indonesia agar player indonesia bisa memahami alur ceritanya dengan baik,Negatif
Raizaka Kurosora,1,2026-01-07 19:07:54,Wuthering Waves,respon chat balasan di official website lambat ataupun lewat Gmail,respon chat balasan di official website lambat ataupun lewat gmail,Negatif
stok,5,2026-01-07 19:04:11,Wuthering Waves,good,good,Positif
Boymin Clasher32,5,2026-01-07 16:42:04,Wuthering Waves,Seru,seru,Positif
Muppie,5,2026-01-07 15:18:47,Wuthering Waves,"jujur. game nya bagus banget, tapi dikit kecewa, awal main langsung kalah gacha, trs di pity tinggi terus. memang sih bisa explore, tapi masalah nya udah main ber jam jam sampai mual. walaupun gitu, tetep game yg bagus bngt dan bakal ku mainin terus😓",jujur game nya bagus sekali tapi sedikit kecewa awal main langsung kalah undian terus di jaminan gacha tinggi terus memang sih bisa explore tapi masalah nya sudah main ber jam jam sampai mual walaupun begitu tetap game yang bagus sekali dan akan ku mainin terus wajah berkeringat,Positif
muhammad hilman pratama,5,2026-01-07 14:35:56,Wuthering Waves,game baik,game baik,Positif
Radit Putra,5,2026-01-07 09:58:24,Wuthering Waves,game kikir map dikit update dikit banyak bug kurang bansos,game pelit peta sedikit pembaruan sedikit banyak masalah teknis kurang hadiah,Negatif
Dika Jefrianto,2,2026-01-07 09:45:04,Wuthering Waves,"apaan sih dev,, makin kesini makin gak jelas banget asli,,update berkepanjangan,,tapi percuma gak optimal,,tolonglah dev, player yang punya device low kayak saya merasa gak nyaman,,sebelum²nya gak ada masalah deh,,lancar dan aman aja,,semenjak update patch makin gak optimal nih game",apaan sih dev makin kesini makin tidak jelas sekali asli pembaruan berkepanjangan tapi percuma tidak optimal tolonglah dev player yang punya perangkat low seperti aku merasa tidak nyaman sebelum²nya tidak ada masalah deh lancar dan aman saja semenjak pembaruan pembaruan makin tidak optimal ini game,Negatif
Jeffan,5,2026-01-07 09:28:45,Wuthering Waves,minta zhezhi,minta zhezhi,Positif
JULZ kris,3,2026-01-07 08:38:09,Wuthering Waves,game nyaa baguss tapi bahasa nyaa tolong ada in bahasa indonesia nyaa,game nyaa baguss tapi bahasa nyaa tolong ada di bahasa indonesia nyaa,Negatif
Codename - Kyoro,4,2026-01-07 08:21:27,Wuthering Waves,Nice,baik,Positif
Leon KURAP,5,2026-01-07 08:08:00,Wuthering Waves,bagus banget game nya,bagus sekali game nya,Positif
Shafwa Khairinnisa,5,2026-01-07 07:00:45,Wuthering Waves,sangat keren,sangat keren,Positif
Rusman Lesmana,5,2026-01-07 06:34:24,Wuthering Waves,"game ini sangat baik sekali, pliss kuro, signature cartheyia ku belum pulang udah pity 40😭",game ini sangat baik sekali tolong kuro games signature cartheyia ku belum pulang sudah jaminan gacha wajah menangis keras,Positif
NAFIS GAME,5,2026-01-07 05:42:03,Wuthering Waves,"i love this game , good job kuro ,nice game",i suka this game good pekerjaan kuro games baik game,Positif
Ricky Darmawan,5,2026-01-07 02:45:28,Wuthering Waves,game baik 👌,game baik oke,Positif
game - game seru bagi aku,1,2026-01-07 01:36:26,Wuthering Waves,berat banget tolong di optimalkan lagi,berat sekali tolong di optimalkan lagi,Negatif
BlackBoy,5,2026-01-07 01:19:31,Wuthering Waves,Nice,baik,Positif
Amier Mb,2,2026-01-06 23:27:46,Wuthering Waves,"gacha ampas, motor suka ngebug",undian jelek motor suka ngebug,Negatif
Muhammad AlFAIZ,3,2026-01-06 21:58:42,Wuthering Waves,"Saat login dengan WiFi tidak bisa, malah force close dan harus menggunakan data seluler terlebih dahulu, tapi untungnya masih bisa dimainkan menggunakan WiFi, bermasalah saat login saja, tolong masalah ini difix segera",saat masuk dengan wifi tidak bisa malah force close dan harus menggunakan data seluler terlebih dahulu tapi untungnya masih bisa dimainkan menggunakan wifi bermasalah saat masuk saja tolong masalah ini difix segera,Negatif
Galih Pratama,5,2026-01-06 20:04:39,Wuthering Waves,such a great game!! i have no comment for this game,such a great game i punya no komentar untuk this game,Positif
Alfin Marisa,5,2026-01-06 19:08:17,Wuthering Waves,sangatlah bagus,sangatlah bagus,Positif
Harianto Lim,2,2026-01-06 18:07:34,Wuthering Waves,"perbaiki gamenya.. game nya ngeframe parah semenjak update map baru, fps drop terus,susah untuk bermain explore doang dan main daily jadinya, perbaiki masalah ini segera",perbaiki gamenya game nya ngeframe parah semenjak pembaruan peta baru frame per detik turun terus susah untuk bermain explore saja dan main daily jadinya perbaiki masalah ini segera,Negatif
Sanny New email,5,2026-01-06 15:30:44,Wuthering Waves,"udah bagus min, tapi kurang sub bahasa Indonesia aja 😊",sudah bagus admin tapi kurang sub bahasa indonesia saja wajah tersenyum dengan mata bahagia,Positif
Arief Nurcahyono,5,2026-01-06 15:12:48,Wuthering Waves,mantap sekali,mantap sekali,Positif
Marni Chania,5,2026-01-06 15:05:36,Wuthering Waves,excellent,excellent,Positif
03_Bintang shafa pratama,5,2026-01-06 15:01:14,Wuthering Waves,seru banget,seru sekali,Positif
Gilberth Silalahi,5,2026-01-06 14:52:03,Wuthering Waves,5 star di 10 roll pertama,star di roll pertama,Positif
Red Magic,4,2026-01-06 14:31:56,Wuthering Waves,Gamenya bagus. tapi kenapa suka mental sendiri. bikin kesel,gamenya bagus tapi kenapa suka mental sendiri membuat kesal,Negatif
NadRam26,2,2026-01-06 14:31:47,Wuthering Waves,"update 3.0 ini masih blm stabil sering lag, stuttering, ngefreeze, bahkan fc di map barunya padahal device sudah bagus tapi tetep ngelag di atur ke grafik low juga masih sama aja tolong diperbaiki/di optimalisasikan lagi kuro biar nyaman bermainnya",pembaruan ini masih blm stabil sering patah patah stuttering ngefreeze bahkan fc di peta barunya padahal perangkat sudah bagus tapi tetap patah patah di atur ke grafik low juga masih sama saja tolong diperbaiki di optimalisasikan lagi kuro games supaya nyaman bermainnya,Negatif
Samuel Denny,5,2026-01-06 13:55:00,Wuthering Waves,Bintang 5 tapi ku bukan ancaman. Ku bukan Polisi ku buatmu angkat tangan,bintang tapi ku bukan ancaman ku bukan polisi ku buatmu angkat tangan,Positif
Shidiq Satriawan,1,2026-01-06 13:44:02,Wuthering Waves,Game tai,game tahi,Negatif
ITARA,2,2026-01-06 13:27:30,Wuthering Waves,bad optimalization 🥀,bad optimalization bunga layu,Negatif
Rafli Maulana,1,2026-01-06 12:52:16,Wuthering Waves,game nya banyak bug sering FC,game nya banyak masalah teknis sering fc,Negatif
Restu Cross,1,2026-01-06 11:51:28,Wuthering Waves,katanya bisa hapus data quest nyatanya kagak awkwkwkwk,katanya bisa hapus data misi nyatanya kagak awkwkwkwk,Negatif
icey,5,2026-01-06 11:27:08,Wuthering Waves,"MASTERPIECE GAME STORY+RESONATOR+VOICE ACTOR, HOPE KURO GAMES GIVE ME SOFT PITY ALWAYS XD",mahakarya game cerita resonator suara actor hope kuro games games beri aku soft jaminan gacha always xd,Positif
Ama Pratama,4,2026-01-06 11:20:42,Wuthering Waves,Aku harap bisa bermain lagi,aku harap bisa bermain lagi,Positif
Dede Mustopa,4,2026-01-06 10:06:12,Wuthering Waves,"Overall bagus sih game nya, dari tiap patch ke patch selalu ada improve. Kecuali untuk optimalisasi di beberapa bagian tertentu frame drop parah, rate RNG critical nya parah banget, yakali 3 dari 5 serangan gagal critical, padahal critical rate 90%",overall bagus sih game nya dari tiap pembaruan ke pembaruan selalu ada improve kecuali untuk optimalisasi di beberapa bagian tertentu frame turun parah rate rng critical nya parah sekali yakali dari serangan gagal critical padahal critical rate,Negatif
Naufalgaya,4,2026-01-06 10:00:50,Wuthering Waves,gede bet Jing buat main game ini 30+GB cocote,besar sekali jing buat main game ini gb cocote,Negatif
Ikrar Ahmad berlian,5,2026-01-06 07:09:14,Wuthering Waves,gamenya bagus dan mas kuro tambahin lagi hadiah toa nya,gamenya bagus dan kakak kuro games tambahkan lagi hadiah toa nya,Positif
Kenji Runer,4,2026-01-06 06:50:38,Wuthering Waves,ok,ok,Positif
Dark KINGG,1,2026-01-06 03:40:15,Wuthering Waves,"gamenya Sangat² kurang Stabil Di android mau di akalin pakek Setingan Low Tp Grafis Di andro tergolong Kurang jernih/Kayak Orang gk Rabun di pakek in Kacamata Minus 4,terus Suaranya Jadi kayak Suara Setan Nyandet² gk jelas di tambaj sekarang ukuran gamenya udah 50anGB jadinya udah gak friendly di hp yang lama lama kelamaan antara harus beli yang ukurannya lebih gede atau pensi DAN PASTI SUARANYA KETIKA DI MAINKAN DAN MAU NGEREKAM LAYAR PERMASALAHANNYA MASIH SAMA JADI KAYAK RADIO RUSAK😭😭🤮",gamenya sangat² kurang stabil di android mau di akalin pakai setingan low tapi grafis di andro tergolong kurang jernih seperti orang tidak rabun di pakai di kacamata minus terus suaranya jadi seperti suara setan nyandet² tidak jelas di tambaj sekarang ukuran gamenya sudah angb jadinya sudah tidak friendly di handphone yang lama lama kelamaan antara harus beli yang ukurannya lebih besar atau berhenti main dan pasti suaranya ketika di mainkan dan mau ngerekam layar permasalahannya masih sama jadi seperti radio rusak wajah menangis keras wajah menangis keras wajah muntah,Negatif
Zxu Can,5,2026-01-06 00:35:54,Wuthering Waves,game baik 🗿,game baik moai,Positif
Cinnamon Senpai,5,2026-01-05 22:37:13,Wuthering Waves,"Improve dan Optimalisasi terus mas Kuro, dan juga aku tak bosan-bosan mengatakan—Kuro, Indonesian subtitle please... i need this...",improve dan optimalisasi terus kakak kuro games dan juga aku tidak bosan bosan mengatakan kuro games indonesian subtitle tolong i butuh this,Positif
Muhammad Fardan,5,2026-01-05 19:06:24,Wuthering Waves,keren,keren,Positif
thief boy,1,2026-01-05 18:29:25,Wuthering Waves,goblog game kenapa ga sekalian aja jadi plagiat genshin impact buka map aja harus jalanin cerita sudah ceritanya sampah,goblog game kenapa tidak sekalian saja jadi plagiat genshin impact buka peta saja harus jalanin cerita sudah ceritanya sampah,Negatif
KaylaA A,5,2026-01-05 18:21:01,Wuthering Waves,"Hey hey, udah dikasih bintang 5. Tolong pulangkan sign Cartethyia dan Ciaccona kepadakuuuu. UDAH DAPET SEMUANYAAA, MAKASIH KUROOO.",hey hey sudah dikasih bintang tolong pulangkan sign cartethyia dan ciaccona kepadakuuuu sudah dapat semuanyaaa terimakasih kurooo,Positif
Neo z strike,5,2026-01-05 15:18:55,Wuthering Waves,absolut cinema,absolut cinema,Positif
Muhammad Alvianor,5,2026-01-05 14:50:01,Wuthering Waves,petualangan nya menarik,petualangan nya menarik,Positif
The Black Thunder,2,2026-01-05 14:43:25,Wuthering Waves,"sering mengalami crash ataupun force close saat menjalankan misi challenge motor, layar tiba tiba nge freeze padahal hp saya cukup mumpuni di grafik low, mohon bantuannya saya sangat suka game ini",sering mengalami tabrak ataupun force close saat menjalankan misi challenge motor layar tiba tiba nge freeze padahal handphone aku cukup mumpuni di grafik low mohon bantuannya aku sangat suka game ini,Negatif
Fauzi Abdillah,5,2026-01-05 14:10:16,Wuthering Waves,bagus game nyah,bagus game nyah,Positif
Rioo Tomo,5,2026-01-05 13:20:21,Wuthering Waves,"game bagus, ga pelit",game bagus tidak pelit,Positif
Faishal Farras Naufal Abdillah,5,2026-01-05 13:03:35,Wuthering Waves,"kemren absolute cinema, tambahin event please buat player baru bisa bisa gacha lynae",kemren absolute cinema tambahkan acara tolong buat player baru bisa bisa undian lynae,Positif
Shin,5,2026-01-05 12:46:55,Wuthering Waves,worth it,worth it,Positif
andrian ramadhan,5,2026-01-05 11:28:54,Wuthering Waves,tolong dong di perbanyak lagi fiturnya biar nambah berat game nya. biar si miskin miskin itu ngga mainnlagi,tolong dong di perbanyak lagi fiturnya supaya nambah berat game nya supaya si miskin miskin itu tidak mainnlagi,Negatif
Eka Bara,1,2026-01-05 10:49:50,Wuthering Waves,malas banyak bug,malas banyak masalah teknis,Negatif
Astael_Ajah,1,2026-01-05 09:53:09,Wuthering Waves,"gila memo penuh cuma gara-gara ni game doang bjir padahal realme c53 loh, tolong ya dev tolong optimal kn",gila memo penuh hanya gara gara ini game saja bjir padahal realme c loh tolong ya dev tolong optimal kn,Negatif
Shea,5,2026-01-05 09:33:30,Wuthering Waves,"mantap bet gamenya, banyak waifu yang bisa kita jadikan istri",mantap sekali gamenya banyak karakter wanita yang bisa kita jadikan istri,Positif
TNR frog,5,2026-01-05 08:38:58,Wuthering Waves,size nya wuwa bikin penyimpanan hp menangis 😭,ukuran nya wuthering waves membuat penyimpanan handphone menangis wajah menangis keras,Negatif
Moh Hendra,1,2026-01-05 08:06:12,Wuthering Waves,tidak ada bahasa indonesia nya,tidak ada bahasa indonesia nya,Negatif
kukuruyuk,4,2026-01-05 07:59:59,Wuthering Waves,dear developer. aku tidak bisa mengerjakan quest tutorial di region terbaru. tiap ngerjain selalu nge crash. aku berfikir mungkin setelah update bisa diselesaikan tapi tetap aja tidak bisa sampai hari ini tertanggal 5 Januari 2026,sayang developer aku tidak bisa mengerjakan misi tutorial di region terbaru tiap ngerjain selalu nge tabrak aku berfikir mungkin setelah pembaruan bisa diselesaikan tapi tetap saja tidak bisa sampai hari ini tertanggal januari,Negatif
SSR Protect,4,2026-01-05 03:48:21,Wuthering Waves,makin lag,makin patah patah,Negatif
Chasan NN,1,2026-01-05 00:14:36,Wuthering Waves,sekali lagi ngak bisa di update gw hapus nih game,sekali lagi tidak bisa di pembaruan saya hapus ini game,Negatif
Code name Davin,1,2026-01-04 18:35:21,Wuthering Waves,"tolong beri kami kesempatan user 6 gb ram/128 rom kami ingin menikmati wuthering waves di versi 3.0 sampai seterusnya, dibutuhkannya 60 gb untuk update selanjutnya sehingga tidak dapat update karena kurang ruang penyimpanan untuk wuthering waves sedangkan memori yang tersisa hanya 30/40 gb 😭😭😭😭😭😭😭😭😭😭😭",tolong beri kami kesempatan user gb memori rom kami ingin menikmati wuthering waves di versi sampai seterusnya dibutuhkannya gb untuk pembaruan selanjutnya sehingga tidak dapat pembaruan karena kurang ruang penyimpanan untuk wuthering waves sedangkan penyimpanan yang tersisa hanya gb wajah menangis keras wajah menangis keras wajah menangis keras wajah menangis keras wajah menangis keras wajah menangis keras wajah menangis keras wajah menangis keras wajah menangis keras wajah menangis keras wajah menangis keras,Negatif
Afid2 Bayusetiawan,5,2026-01-04 18:16:11,Wuthering Waves,"game baik, semoga saja kedepannya lebih baik lagi mulai dari optimasi untuk chipset dimensity agar bisa mendapatkan frame generation",game baik semoga saja kedepannya lebih baik lagi mulai dari optimasi untuk chipset dimensity agar bisa mendapatkan frame generation,Positif
Rey Ali,5,2026-01-04 17:13:29,Wuthering Waves,terimakasih atas perbaikanya,terimakasih atas perbaikanya,Positif
Zimmi Fadlizhar,5,2026-01-04 17:11:39,Wuthering Waves,Game baik coooooy,game baik coooooy,Positif
Naufal Zhoryf,5,2026-01-04 16:54:25,Wuthering Waves,indonesian language please,indonesian language tolong,Negatif
Sadewa Patiselano,5,2026-01-04 15:32:24,Wuthering Waves,"Gw tau sih ga bakal di baca 🗿, tapi kalau Collab sama Frieren saya pull Fern smpe S6 🗿",saya tau sih tidak akan di baca moai tapi kalau collab sama frieren aku pull fern sampai s moai,Positif
Rin Rin,1,2026-01-04 15:13:35,Wuthering Waves,"aku udh lama banget main game ini, tpi update 3.0 membuat ku kecewa, karena kejadian 1.0 terulang kembali, sebagus2 nya QoL tpi klo optimasi jelek ya ga bisa dimainkan. semoga di versi terbaru sesuai dgn harapan lah, minimal optimasi nya bagus.",aku sudah lama sekali main game ini tapi pembaruan membuat ku kecewa karena kejadian terulang kembali sebagus nya qol tapi kalau optimasi jelek ya tidak bisa dimainkan semoga di versi terbaru sesuai dengan harapan lah minimal optimasi nya bagus,Negatif
lz media,5,2026-01-04 14:53:33,Wuthering Waves,developer baik,developer baik,Positif
Zakaria _A,3,2026-01-04 13:57:30,Wuthering Waves,tolong kuro tambah kan bahasa Indonesia,tolong kuro games tambah kan bahasa indonesia,Negatif
Ghulam Niyazi,5,2026-01-04 13:53:30,Wuthering Waves,"terimakasih kuro sudah membuat game yang sangat bagus seperti ini! saya sangat suka visual grafik dan cerita yang diberi oleh game ini, saya selalu merasa tersentuh saat bermain game ini, musik yang dibagikan juga sangat bagus! sekali lagi, terimakasih... saya senang dengan ini.",terimakasih kuro games sudah membuat game yang sangat bagus seperti ini aku sangat suka visual grafik dan cerita yang diberi oleh game ini aku selalu merasa tersentuh saat bermain game ini musik yang dibagikan juga sangat bagus sekali lagi terimakasih aku senang dengan ini,Positif
i komang ada guna artha,5,2026-01-04 13:40:05,Wuthering Waves,"banyak gondal gandul jirr, GILAAAA OJI INIMAH SETARA HENDRA KUN, LANJUTKAN",banyak gondal gandul anjing gilaaaa oji ini setara hendra kun lanjutkan,Positif
Ihsan Zidane,5,2026-01-04 13:11:36,Wuthering Waves,"alur cerita bagus ga vacum, perfect lah pokoknya",alur cerita bagus tidak vacum sempurna lah pokoknya,Positif
Jonathan stepanus,3,2026-01-04 13:07:24,Wuthering Waves,"wuwa sekarang sangat berat untuk di mainkan dengan hp spek menengah ke bawah, total penyimpanan yang di gunakan bisa sampai 50Gb lebih dan pengoptimalan untuk device kentang mungkin akan terasa lag saat di mainkan, saran gua upgrade dulu device kalian ke hp flagship baru kalian main wuwa.",wuthering waves sekarang sangat berat untuk di mainkan dengan handphone spek menengah ke bawah total penyimpanan yang di gunakan bisa sampai gb lebih dan pengoptimalan untuk perangkat spesifikasi rendah mungkin akan terasa patah patah saat di mainkan saran saya upgrade dulu perangkat kalian ke handphone flagship baru kalian main wuthering waves,Negatif
Desmond Toretto,5,2026-01-04 11:39:59,Wuthering Waves,"keren game nya,,,tapi kadang suka ada bug kayak batu berubah warna jadi ungu pdahal saya gk pake config sama sekali,trs sonance yang gk keliatan,pas relog baru keliatan",keren game nya tapi kadang suka ada masalah teknis seperti batu berubah warna jadi ungu padahal aku tidak pakai config sama sekali terus sonance yang tidak keliatan saat relog baru keliatan,Negatif
Rohid Mohammad,5,2026-01-04 10:20:53,Wuthering Waves,Keren cihuy,keren cihuy,Positif
Anaya,5,2026-01-04 09:38:04,Wuthering Waves,30 pity dpt waifu,jaminan gacha dapat karakter wanita,Positif
Elaina Pacar gw,5,2026-01-04 09:06:49,Wuthering Waves,game yg sangat bagus dan keren ini,game yang sangat bagus dan keren ini,Positif
Nabil•ナビル,5,2026-01-04 08:46:40,Wuthering Waves,kalo bisa tolong di tambah bahasa indonesia plis.,kalau bisa tolong di tambah bahasa indonesia tolong,Negatif
Arvieano Elgiansyah,4,2026-01-04 08:21:53,Wuthering Waves,size nya gede sih ga masalah pokoknya optimalisasi nya bagus tapi kalau masih jelek ya bete juga majnnya,ukuran nya besar sih tidak masalah pokoknya optimalisasi nya bagus tapi kalau masih jelek ya bete juga majnnya,Negatif
Ridho Rasyid,5,2026-01-04 06:58:26,Wuthering Waves,game bagus. kalau bisa tambahkan bahasa Indonesia karena banyak player yang main game ini berasal dari indonesia❤,game bagus kalau bisa tambahkan bahasa indonesia karena banyak player yang main game ini berasal dari indonesia hati merah,Positif
Muhammad Zidan ibrahim,5,2026-01-04 06:21:33,Wuthering Waves,best,terbaik,Positif
muh rafly,1,2026-01-04 06:06:59,Wuthering Waves,"optimalisasi untuk mobile jelek, sekian",optimalisasi untuk mobile jelek sekian,Negatif
KhaTeki A_D_I,5,2026-01-04 05:11:39,Wuthering Waves,"game RPG terkeren menurut gue ,hanya saja tidak ada SUBTITLE INDONESIA MOHON DEVELOPER ADAIN SUBTITLE INDONESIA NYA BIAR bisa lebih menikmati game play dan paham story 🙏🙏🙏",game rpg terkeren menurut aku hanya saja tidak ada subtitle indonesia mohon developer adain subtitle indonesia nya supaya bisa lebih menikmati game main dan paham cerita melipat tangan melipat tangan melipat tangan,Positif
Muhammad munawar zaki,5,2026-01-04 04:12:25,Wuthering Waves,mantap,mantap,Positif
Inaya Azmi,5,2026-01-04 02:03:23,Wuthering Waves,"halo, kuro games! disini aku ingin menyampaikan pendapatku. game ini sangat bagus! aku main di laptop dan handphone, tapi untuk handphone yang sudah jelek ( maaf ya ;< ... ) saya tidak merekomendasikan untuk semua yang memiliki handphone dengan penyimpanan yang kecil.. saya sudah mencoba di handphone saya dengan penyimpanan kecil. jadi saya merekomendasikan untuk memainkan ini dengan handphone/laptop yang sudah didukung oleh game ini. terima kasih, walaupun, game gacha ini juga bagus kok!! <3 ^^",halo kuro games games disini aku ingin menyampaikan pendapatku game ini sangat bagus aku main di laptop dan handphone tapi untuk handphone yang sudah jelek maaf ya aku tidak merekomendasikan untuk semua yang memiliki handphone dengan penyimpanan yang kecil aku sudah mencoba di handphone aku dengan penyimpanan kecil jadi aku merekomendasikan untuk memainkan ini dengan handphone laptop yang sudah didukung oleh game ini terima kasih walaupun game undian ini juga bagus kok,Positif
ILHAM WILYA PUTRA,1,2026-01-04 00:14:20,Wuthering Waves,force close mediatek dimensity 9400+,force close mediatek dimensity,Negatif
baggas fikrianto,3,2026-01-04 00:06:07,Wuthering Waves,ada bug pas di misi vehicle drive tutorial selalu crash dan force close mulu,ada masalah teknis saat di misi vehicle drive tutorial selalu tabrak dan force close terus,Negatif
MadiatKun,5,2026-01-04 00:02:30,Wuthering Waves,makasih kak,terimakasih kakak,Positif
Angga Bintang,4,2026-01-03 23:25:03,Wuthering Waves,semua dalam game ini udah bagus cuma tolong ukuranya kalau bisa di perkecil. sejak update ke 3.0 ukurannya jadi besar banget dan kadang kalau main tuh patah patah banget😭😭,semua dalam game ini sudah bagus hanya tolong ukuranya kalau bisa di perkecil sejak pembaruan ke ukurannya jadi besar sekali dan kadang kalau main itu patah patah sekali wajah menangis keras wajah menangis keras,Negatif
Lukman Nurhidayat,3,2026-01-03 19:40:41,Wuthering Waves,data nya besar banget,data nya besar sekali,Negatif
Lintang Anggareksa,1,2026-01-03 19:21:41,Wuthering Waves,"tolong gamenya lebih dioptimalkan buat hp android, masa maen di hp rog9 pake kipas tetep force close, udh diturunin pake low grafik masih suka force close.",tolong gamenya lebih dioptimalkan buat handphone android masa main di handphone rog pakai kipas tetap force close sudah diturunin pakai low grafik masih suka force close,Negatif
Sans up Sans up,4,2026-01-03 19:13:36,Wuthering Waves,"game nya bagus, tapi perangkat saya gk memadai. jd saya akan kembali nanti saat perangkat sy sudah bagus",game nya bagus tapi perangkat aku tidak memadai jadi aku akan kembali nanti saat perangkat sy sudah bagus,Positif
Ans Hoshinova,5,2026-01-03 19:07:22,Wuthering Waves,BEST OF THE BEST,terbaik of sebuah terbaik,Positif
Dia juga,5,2026-01-03 18:49:59,Wuthering Waves,👍2024,jempol ke atas,Positif
CMR• ARMOR,5,2026-01-03 18:00:08,Wuthering Waves,maskuro gw kasih aemeath pull ke 50 jangan kasih rate off yak,maskuro saya kasih aemeath pull ke jangan kasih rate mati ya,Positif
Alexa,4,2026-01-03 16:30:29,Wuthering Waves,tolong sediakan bahasa Indonesia,tolong sediakan bahasa indonesia,Negatif
Sky Walker,5,2026-01-03 16:01:56,Wuthering Waves,Minimal Device Mumpuni :v Bru Ngeluh,minimal perangkat mumpuni v baru ngeluh,Positif
Hi`Luffy,4,2026-01-03 13:11:54,Wuthering Waves,lebih baik untuk update kedepannya fokus optimalisasi,lebih baik untuk pembaruan kedepannya fokus optimalisasi,Negatif
Baby Shark,1,2026-01-03 12:42:08,Wuthering Waves,game jelek penyimpanan besar frame drop dan jaringan tida stabil developer yang buat game gila,game jelek penyimpanan besar frame turun dan jaringan tida stabil developer yang buat game gila,Negatif
Bravoocuy,5,2026-01-03 12:40:48,Wuthering Waves,"gg cik,storylinenya seru,grafiknya bagus,karakter development nya lumayan",gg cik storylinenya seru grafiknya bagus karakter development nya lumayan,Positif
Royyan Ardiansyah,5,2026-01-03 12:40:35,Wuthering Waves,game gacha bagus ga kaku banyak hal inovatif semoga next update kedepan banyak hal hal yang baru dan size game semoga ga semakin membengkak,game undian bagus tidak kaku banyak hal inovatif semoga lanjut pembaruan kedepan banyak hal hal yang baru dan ukuran game semoga tidak semakin membengkak,Positif
Aditya,1,2026-01-03 12:16:20,Wuthering Waves,ngelag banget,patah patah sekali,Negatif
RAIS,2,2026-01-03 11:04:00,Wuthering Waves,ngebag pas Iven bawa motor,ngebag saat iven bawa motor,Negatif
Hafidz Rafi,2,2026-01-03 10:35:49,Wuthering Waves,"ini game sekarang ga optimal sekali anjir, percuma ngejar ngejar grafik pc di mobile kalo para user device nya kentank kaya gw, tolong di optimal kan ulang seperti pada versi versi sebelum 3.0, apa lagi di continent barunya, sumpah ngeleg kali anjir",ini game sekarang tidak optimal sekali anjing percuma ngejar ngejar grafik komputer di mobile kalau para user perangkat nya kentank seperti saya tolong di optimal kan ulang seperti pada versi versi sebelum apa lagi di continent barunya sumpah ngeleg kali anjing,Negatif
Sugar Ken,5,2026-01-03 10:06:42,Wuthering Waves,good game,good game,Positif
ajimas dwi hariyokho,1,2026-01-03 09:27:19,Wuthering Waves,"Update kali ini bikin ponselku sampe ngestuck, udah mau 60gb Top dah, terimkasih tapi cukup sampai disini",pembaruan kali ini membuat ponselku sampai ngestuck sudah mau gb top sudah terimkasih tapi cukup sampai disini,Negatif
Kohaku,1,2026-01-03 09:08:52,Wuthering Waves,optimalisasi sampah,optimalisasi sampah,Negatif
Hansen Saputra,5,2026-01-03 08:14:26,Wuthering Waves,yey,yey,Positif
Alexandrina Sebastiane,4,2026-01-03 05:15:29,Wuthering Waves,"Sebenarnya sih no komen buat game ini, tapi saya mau mengangkat masalah optimalisasi pada patch 3.0 yang terbaru mengingat banyaknya masalah pada update terbaru ini. Yang paling banyak dikeluhkan adalah bug pada tutorial quest driving tutorial dimana ketika melewati cincin emas game nya freeze, juga banyak yang mengeluhkan kalau FPS mereka jadi sangat drop terutama saat battle pasca update, yang mana ini sangat berpengaruh terutama pada konten endgame seperti Whiwa, dan ToA",sebenarnya sih no komen buat game ini tapi aku mau mengangkat masalah optimalisasi pada pembaruan yang terbaru mengingat banyaknya masalah pada pembaruan terbaru ini yang paling banyak dikeluhkan adalah masalah teknis pada tutorial misi driving tutorial dimana ketika melewati cincin emas game nya freeze juga banyak yang mengeluhkan kalau frame per detik mereka jadi sangat turun terutama saat battle pasca pembaruan yang mana ini sangat berpengaruh terutama pada konten endgame seperti whiwa dan toa,Negatif
Agli,5,2026-01-03 05:14:40,Wuthering Waves,gamenya bagus tapi optimalin dong untuk hp kentang,gamenya bagus tapi optimalin dong untuk handphone spesifikasi rendah,Negatif
MHD Sukhron Bahari,4,2026-01-03 00:21:01,Wuthering Waves,optimalisasi nya lagi dong biar tambah wah,optimalisasi nya lagi dong supaya tambah wah,Negatif
Lawrens Rey,4,2026-01-02 19:22:19,Wuthering Waves,Wuthering waves tolong lah kasih hadiah F2P susah memainkan nya karena karakter nya susah di dapat,wuthering waves tolong lah kasih hadiah fp susah memainkan nya karena karakter nya susah di dapat,Negatif
IYUGAMI,5,2026-01-02 18:59:43,Wuthering Waves,"atmin baik hati, 10x kasih my bini😋",atmin baik hati x kasih punyaku bini wajah menikmati,Positif
Manusia Biasa,5,2026-01-02 18:37:25,Wuthering Waves,game bayik aku dikasih memang rate off low pity dua kali anjayy hahay,game bayik aku dikasih memang rate mati low jaminan gacha dua kali anjayy hahay,Positif
Shinoa Chan,5,2026-01-02 16:25:07,Wuthering Waves,game baik,game baik,Positif
Hairul Naiim,5,2026-01-02 15:32:08,Wuthering Waves,mohon maaf untuk developer kuro saya mau pensi main wuthering waves soalnya hp saya kentang dan gak sanggup lagi main wuthering waves..!!! thank you developer 🙏🙏,mohon maaf untuk developer kuro games aku mau berhenti main main wuthering waves soalnya handphone aku spesifikasi rendah dan tidak sanggup lagi main wuthering waves thank kamu developer melipat tangan melipat tangan,Negatif
Irgi Zelly76,5,2026-01-02 15:10:49,Wuthering Waves,ko mau login kluar Mulu yah? apakah kalian sama,ko mau masuk kluar terus yah apakah kalian sama,Negatif
Miftahul Ihsan,1,2026-01-02 14:55:12,Wuthering Waves,"Force Close saat Vehicle Driving Tutorial 1 Help For subtitle indonesia, Please .. saat upgrade weapon ataupun lainya saya ingin membaca deskripsi, saya tidak mengerti inggris.. dalam penulisannya saja indonesia.. tidak perlu berbicara / speaking, tidak apa apa... i will revision Star, If Revision Accept",force close saat vehicle driving tutorial bantu untuk subtitle indonesia tolong saat upgrade weapon ataupun lainya aku ingin membaca deskripsi aku tidak mengerti inggris dalam penulisannya saja indonesia tidak perlu berbicara bicara tidak apa apa i akan revision star if revision accept,Negatif
Yoona,1,2026-01-02 14:49:49,Wuthering Waves,"Game ini tidak worth it untuk dimainkan. gamenya berat dan terkadang patah-patah layarnya. sudah begitu, pity nya tinggi-tinggi. aku sebagai player baru kesal sekali, karena masih baru gacha udah dapat rate off. padahal aku pemain baru loh. selain itu, isinya cuman fan servis dan cerita cukup monoton. quest Rata-rata ribet. Hasil yang didapat untuk astire nya juga sedikit. Player terpaksa bekerja keras untuk hasil yang mengecewakan. adik saya yang pertama kali main pun hasilnya langsung rate off",game ini tidak worth it untuk dimainkan gamenya berat dan terkadang patah patah layarnya sudah begitu jaminan gacha nya tinggi tinggi aku sebagai player baru kesal sekali karena masih baru undian sudah dapat rate mati padahal aku pemain baru loh selain itu isinya cuma fan servis dan cerita cukup monoton misi rata rata ribet hasil yang didapat untuk astire nya juga sedikit player terpaksa bekerja keras untuk hasil yang mengecewakan adik aku yang pertama kali main pun hasilnya langsung rate mati,Negatif
Andre Aswindani,5,2026-01-02 13:33:42,Wuthering Waves,kumohon ada bahasa Indonesia,kumohon ada bahasa indonesia,Negatif
H Zaki,5,2026-01-02 12:43:11,Wuthering Waves,"serius, aku pengen banget ngasih ni game bintang 5+ tapi tolong banget buat admin kuro games... performa untuk mobile... bener bener di tingkatin lagi...😭😉",serius aku ingin sekali ngasih ini game bintang tapi tolong sekali buat admin kuro games games performa untuk mobile benar benar di tingkatin lagi wajah menangis keras wajah berkedip,Negatif
Gracella S,5,2026-01-02 11:51:00,Wuthering Waves,game kerennn,game kerennn,Positif
Andika Bimantoro,1,2026-01-02 11:09:44,Wuthering Waves,beneran optimalisasi nya kuro,beneran optimalisasi nya kuro games,Positif
Konco 24,1,2026-01-02 11:05:21,Wuthering Waves,semenjak update yang baru ini sering for close padahal main aman aman aja gak leg gak apa tiba freze sedetik for close hp Realme gt master edition,semenjak pembaruan yang baru ini sering untuk close padahal main aman aman saja tidak leg tidak apa tiba freze sedetik untuk close handphone realme gitu master edition,Negatif
ReenRiz Q,1,2026-01-02 10:41:09,Wuthering Waves,"gak friendly banget game ini buat hp Mid ke bawah, terpaksa harus rata kiri di tambah itupun gak lancar alias sering frame drop? emang gw tau grafis bagus tu butuh sistem kuat juga cuman why? tambahin opsi Grafik kentang sekalian biar banyak player atleast masih bertahan/mencoba download game ini, Apa mau yapping device issue? Emang! kebanyakan org indo tu hp nya mid ke bawah jadinya ni game gacocok buat di indo, Apa mau lancar di pc rata kanan? meh buat apa gw punya pc bagus main game ginian..",tidak friendly sekali game ini buat handphone uts ke bawah terpaksa harus rata kiri di tambah itupun tidak lancar alias sering frame turun memang saya tau grafis bagus itu butuh sistem kuat juga cuma kenapa tambahkan pilihan grafik spesifikasi rendah sekalian supaya banyak player atleast masih bertahan mencoba unduh game ini apa mau yapping perangkat issue memang kebanyakan orang indonesia itu handphone nya uts ke bawah jadinya ini game gacocok buat di indonesia apa mau lancar di komputer rata kanan meh buat apa saya punya komputer bagus main game ginian,Negatif
Yoga Kurnia algifari,5,2026-01-02 08:29:28,Wuthering Waves,"buatkan versi cloud pliss, penyimpanan hp saya sudah penuh😢",buatkan versi cloud tolong penyimpanan handphone aku sudah penuh wajah menangis,Negatif
Raffa Aqila,5,2026-01-02 07:45:40,Wuthering Waves,"mulai dari grafik, chara, story, world building, sama lain lain nya udahh baguss bangett, ditambah aku dapat carte modal 30x pull win rate off🥰😁😁 tyy kurooo",mulai dari grafik chara cerita world building sama lain lain nya udahh baguss sekali ditambah aku dapat carte modal x pull win rate mati wajah tersenyum dengan 3 hati wajah gembira dengan mata bahagia wajah gembira dengan mata bahagia tyy kurooo,Positif
Vann,3,2026-01-02 07:16:34,Wuthering Waves,"Aku udh main dri awal rilisnya tpi knp semenjak update ini jadi ga optimal lagi ya? Dulu awal rilis ya wajar lah masih blm optimal, lah skrng malah makin lag dari sebelum nya jirlah di Poco X6 Pro di lock 45fps walau sudah pakai cooler + mode performa settingan low atau medium pun masih tetep lock 45fps yg paling parah malah 30fps. Mungkin ini masalah device nya yg otomatis ngelock fpsnya atau emg dari game nya yg kurang optimal aku jg gtw. Ya aku jg main di PC sih hehe.",aku sudah main dari awal rilisnya tapi kenapa semenjak pembaruan ini jadi tidak optimal lagi ya dulu awal rilis ya wajar lah masih blm optimal lah sekarang malah makin patah patah dari sebelum nya jirlah di poco x pro di lock frame per detik walau sudah pakai cooler mode performa settingan low atau medium pun masih tetap lock frame per detik yang paling parah malah frame per detik mungkin ini masalah perangkat nya yang otomatis ngelock fpsnya atau memang dari game nya yang kurang optimal aku juga gtw ya aku juga main di komputer sih hehe,Negatif
Andika MR,5,2026-01-02 03:09:21,Wuthering Waves,"update kali ini bener bener gila dah,,, dari grafik geloo abiss,,,dari event baguss,,, story meningkat feelnya,, battle juga mana yang gk bagus dari kuro,, fitur dan qol yang benar benar memuaskan,, yang paling gw apresiasi,, ini new mapnya,,, wah bener"" gila dah,,, agak kasian sih yang device kentang,,,banyak yg bilang makin ngelag ...UDAH 2026 MASI KENTANG?🫵🫵🫵UPGRADE LAH.....",pembaruan kali ini benar benar gila sudah dari grafik geloo abiss dari acara baguss cerita meningkat feelnya battle juga mana yang tidak bagus dari kuro games fitur dan qol yang benar benar memuaskan yang paling saya apresiasi ini baru mapnya wah benar gila sudah agak kasihan sih yang perangkat spesifikasi rendah banyak yang bilang makin patah patah sudah masih spesifikasi rendah jari telunjuk menunjuk penonton jari telunjuk menunjuk penonton jari telunjuk menunjuk penonton upgrade lah,Positif
Khanis Wirayudha Nata Raharja,5,2026-01-02 02:54:38,Wuthering Waves,Tq Developer udah perhatiin gamenya dengan sangat detail👍👍👍,tq developer sudah perhatiin gamenya dengan sangat detail jempol ke atas jempol ke atas jempol ke atas,Positif
Grh Shrmn,5,2026-01-01 20:54:40,Wuthering Waves,"untuk pihak kuro tolong lebih dioptimalkan untuk user mobile, lalu keluhan diriku ini di patch 3.0 selalu ada update. diriku tidak mempermasalahkan soal updatenya, hanya saja sangat muak menunggu compiling shadernya. setiap hari update tapi tidak ada pengoptimalan yang membuat kita nyaman saat bermain game ini, tolong ya kepada pihak kuro lebih dimaksimalkan game ini jadi semakin berat untuk user handphone low dan mid range",untuk pihak kuro games tolong lebih dioptimalkan untuk user mobile lalu keluhan diriku ini di pembaruan selalu ada pembaruan diriku tidak mempermasalahkan soal updatenya hanya saja sangat muak menunggu compiling shadernya setiap hari pembaruan tapi tidak ada pengoptimalan yang membuat kita nyaman saat bermain game ini tolong ya kepada pihak kuro games lebih dimaksimalkan game ini jadi semakin berat untuk user handphone low dan uts range,Negatif
Junico Ardi S.,5,2026-01-01 19:27:39,Wuthering Waves,"game baik jir aseli, pity nya bagus semua, nguli nya sangat ramah apalagi bansos nya. sehat sehat developer baik",game baik jir aseli jaminan gacha nya bagus semua nguli nya sangat ramah apalagi hadiah nya sehat sehat developer baik,Positif
Own Brenzy,5,2026-01-01 18:23:14,Wuthering Waves,optimalisasi nya mantap kan lagi,optimalisasi nya mantap kan lagi,Negatif
Zhafi Bima Avichena,1,2026-01-01 17:56:13,Wuthering Waves,Woi diperpanjang lah waktunya misi voidstorm g ngotak cepet banget mana ngebug lagi perpanjangan waktu escape voidstorm,woi diperpanjang lah waktunya misi voidstorm tidak ngotak cepat sekali mana ngebug lagi perpanjangan waktu escape voidstorm,Negatif
Amantura,5,2026-01-01 15:58:09,Wuthering Waves,game baik,game baik,Positif
Septian Nurjati,5,2026-01-01 15:56:44,Wuthering Waves,gamenya hebat kuro,gamenya hebat kuro games,Positif
Fadhlan Rahman,5,2026-01-01 15:23:39,Wuthering Waves,gilak game ini,gila game ini,Positif
Gusti Putu Kartikawati,5,2026-01-01 13:50:23,Wuthering Waves,good,good,Positif
Stenly Almaarif,3,2026-01-01 12:55:48,Wuthering Waves,"game lumayan bagus... andaikan suport bahasa Indonesia pasti lebih mudah dipahami untuk kami yg bahasa Inggris nya pas""an",game lumayan bagus andaikan suport bahasa indonesia pasti lebih mudah dipahami untuk kami yang bahasa inggris nya saat an,Negatif
Amura Vold17,5,2026-01-01 12:51:26,Wuthering Waves,game baik,game baik,Positif
Herwanto,5,2026-01-01 11:39:45,Wuthering Waves,Pembaruan terbaru 3.0 memberikan kualitas eksplorasi baru aku sangat menyukainya,pembaruan terbaru memberikan kualitas eksplorasi baru aku sangat menyukainya,Positif
Fandi mei Santoro,1,2026-01-01 11:06:27,Wuthering Waves,"mengecewakan bikin malas main, gacha ampas setelah kalian kasih chalvaro",mengecewakan membuat malas main undian jelek setelah kalian kasih chalvaro,Negatif
Muhammad akbar al pahrukh,2,2026-01-01 10:00:33,Wuthering Waves,kok ak terjebak ya di download resources?,kok aku terjebak ya di unduh resources,Negatif
Louis Aureus,1,2026-01-01 09:45:04,Wuthering Waves,"GAME BERAT BUAT HANDPHONE, NGGA USAH BEREKSPETASI TINGGI MASUK NOMINASI BEST GAME MOBILE WKWKWK!!!! 😹",game berat buat handphone tidak usah berekspetasi tinggi masuk nominasi terbaik game mobile wkwkwk wajah kucing gembira berurai air mata,Negatif
Nobel Valentino,5,2026-01-01 09:30:33,Wuthering Waves,hebat,hebat,Positif
Andrean,4,2026-01-01 09:07:02,Wuthering Waves,tolong kasih subtitle bahasa Indonesia,tolong kasih subtitle bahasa indonesia,Negatif
JebolGamingYT,1,2026-01-01 08:56:09,Wuthering Waves,tolong di kasih subtitel indonesia nya dong,tolong di kasih subtitel indonesia nya dong,Negatif
Fajar Rizky Andika Dwi Putra,4,2026-01-01 08:12:26,Wuthering Waves,Tolong adain bahasa Indonesia min. mines di subtitle doang nih,tolong adain bahasa indonesia admin mines di subtitle saja ini,Negatif
dika,5,2026-01-01 01:55:36,Wuthering Waves,game baik dikasih karakter limited terus,game baik dikasih karakter limited terus,Positif
Zakaria Rahmat,4,2026-01-01 00:36:14,Wuthering Waves,device kentang ku mulai kewalahan di versi terbaru😭,perangkat spesifikasi rendah ku mulai kewalahan di versi terbaru wajah menangis keras,Negatif
Nauval Abbiyu,3,2025-12-31 23:35:04,Wuthering Waves,map baru ngga stabil frame parah,peta baru tidak stabil frame parah,Negatif
AndhikaZ,5,2025-12-31 22:13:53,Wuthering Waves,tolong tambahkan terjemahan bahasa Indonesia,tolong tambahkan terjemahan bahasa indonesia,Negatif
Widi Pratama,5,2025-12-31 20:13:37,Wuthering Waves,story ny bagus. animasi battle ny keren.,cerita nya bagus animasi battle nya keren,Negatif
Kaelzy,5,2025-12-31 19:00:45,Wuthering Waves,"Good game, gacha jarang busuk",good game undian jarang busuk,Positif
Arkan Zain,4,2025-12-31 18:16:59,Wuthering Waves,gamenya lumayan bagus cuman masih banyak bug seperti tanda quest yg posisinya tidak tepat,gamenya lumayan bagus cuma masih banyak masalah teknis seperti tanda misi yang posisinya tidak tepat,Negatif
pipin kurniawan,5,2025-12-31 17:40:50,Wuthering Waves,Jika di perbolehkan bisa di kasih mod untuk yg 18+,jika di perbolehkan bisa di kasih mod untuk yang,Positif
ARCHIELLO WISNU,5,2025-12-31 17:39:35,Wuthering Waves,"gacor kang, gacha saya wangy",gacor kang undian aku wangy,Positif
Abdul Selian,1,2025-12-31 16:55:07,Wuthering Waves,"keseringan aku dapat bug di game ini bikin kecewa, padahal udh lama main game ini bahkan lvl udh 66 rank 7 setelah di apdet mkin byak bug nya,, padahal game nya bgus, hadeh harus pensi lah, kerja misi nyangkut tiba² kluar dari apk, hadeh",keseringan aku dapat masalah teknis di game ini membuat kecewa padahal sudah lama main game ini bahkan lvl sudah peringkat setelah di apdet semakin byak masalah teknis nya padahal game nya bgus aduh harus berhenti main lah kerja misi nyangkut tiba² kluar dari apk aduh,Negatif
Clown Company,5,2025-12-31 14:44:20,Wuthering Waves,🙏👍,melipat tangan jempol ke atas,Positif
Kurang Turu,5,2025-12-31 13:48:39,Wuthering Waves,saya akan tetap bermain game ini tapi buat developer tolong di fix 3.0 yang sangat berat di mobile ngefreeze dan force close,aku akan tetap bermain game ini tapi buat developer tolong di tetap yang sangat berat di mobile ngefreeze dan force close,Negatif
Muhamad Luthfi,5,2025-12-31 13:34:45,Wuthering Waves,"game terbaik yg bisa melibas genshin, serta mendengarkan keluh para player",game terbaik yang bisa melibas genshin serta mendengarkan keluh para player,Positif
mamang,5,2025-12-31 13:29:54,Wuthering Waves,lebih dioptimalkan lagi untuk rendering 3.0 sering mengalami bug bug kecil tapi tidak terlalu pengaruh dan map lahai-roi texture nya terlalu tajam membuat perangkat cepat panas mohon di optimalkan lagi,lebih dioptimalkan lagi untuk rendering sering mengalami masalah teknis masalah teknis kecil tapi tidak terlalu pengaruh dan peta lahai roi texture nya terlalu tajam membuat perangkat cepat panas mohon di optimalkan lagi,Negatif
Rovik Hidayat,5,2025-12-31 12:55:10,Wuthering Waves,game gacorrr,game gacorrr,Positif
Haziq Abqary,5,2025-12-31 12:43:40,Wuthering Waves,mantap,mantap,Positif
Ronggot Baru,5,2025-12-31 12:20:47,Wuthering Waves,awalnya saya lihat game ini dari tiktok dan saya mencoba game ini tanggal 24 mei 2025 dan sejak itu saya tidak pernah bosan sampai sekarang (31 Desember 2025) karena sangat bagus walau saya main di hp kentang dan sangat patah saya harap kurogame memberikan saya hp iphone 17pro max,awalnya aku lihat game ini dari tiktok dan aku mencoba game ini tanggal mei dan sejak itu aku tidak pernah bosan sampai sekarang desember karena sangat bagus walau aku main di handphone spesifikasi rendah dan sangat patah aku harap kurogame memberikan aku handphone iphone pro max,Positif
Keano Agha,5,2025-12-31 11:51:13,Wuthering Waves,"wah, gila ini game yang paling bagus menurut gw, battlenya itu lho keren banget. Tapi storynya aja kureng",wah gila ini game yang paling bagus menurut saya battlenya itu lho keren sekali tapi storynya saja kureng,Positif
thesaa Serliana,4,2025-12-31 11:47:14,Wuthering Waves,tolong tambahkan bahasa Indonesia untuk mempermudah orang Indonesia membaca lore atau storynya,tolong tambahkan bahasa indonesia untuk mempermudah orang indonesia membaca lore atau storynya,Negatif
Khae Ikhi,1,2025-12-31 10:49:42,Wuthering Waves,update 3.0 banyak bug. hp cepat panas. sering crash.,pembaruan banyak masalah teknis handphone cepat panas sering tabrak,Negatif
Yudi Ansyah,5,2025-12-31 10:31:08,Wuthering Waves,"saya cukup puas dengan game ini, dri char, story, qol, npc npc yg tersebar di lahai roi, sampe dev yg terus berkembang, terima kasih kuro",aku cukup puas dengan game ini dari karakter cerita qol npc npc yang tersebar di lahai roi sampai dev yang terus berkembang terima kasih kuro games,Positif
Ahmad Zanky,1,2025-12-31 09:20:17,Wuthering Waves,mohon pihak wuwa gw main nyelesain misi yang worm use the Dodge to attack susah banget gagal terus waktu di awal ini gimana,mohon pihak wuthering waves saya main nyelesain misi yang worm use sebuah dodge ke serang susah sekali gagal terus waktu di awal ini gimana,Negatif
Attar Rizqullah,5,2025-12-31 08:46:27,Wuthering Waves,makasih carte nya,terimakasih carte nya,Positif
Adit Adit,1,2025-12-31 08:45:37,Wuthering Waves,banyak bug,banyak masalah teknis,Negatif
Alvino Betrand yoseanama,4,2025-12-31 07:32:20,Wuthering Waves,untuk update terbaru overall bagus banget tapi tolong untuk di optimalkan lagi kestabilan untuk penguna android sebelum nya gak separah ini tapi setelah update frem nya kerasa banget tolong di perhatikan 👍,untuk pembaruan terbaru overall bagus sekali tapi tolong untuk di optimalkan lagi kestabilan untuk penguna android sebelum nya tidak separah ini tapi setelah pembaruan frem nya kerasa sekali tolong di perhatikan jempol ke atas,Negatif
Randy Rahmat,5,2025-12-31 07:28:08,Wuthering Waves,optimalisasi? device lu benerin,optimalisasi perangkat lu benerin,Positif
yassin fadlillah,1,2025-12-31 06:57:14,Wuthering Waves,"Masih Terlalu Berat Untuk Android, Bahkan Dengan GPU Adreno 650 Dan Chipset Snapdragon 885... Belajarlah Dari Game Mobile Seven Knights 2,Grafis Sangat Keren Seperti Game Konsol Namun Sangat Ringan Dan Lancar Di Android,Pengoptimalan Untuk Ponsel Masih Terlalu Payah",masih terlalu berat untuk android bahkan dengan gpu adreno dan chipset snapdragon belajarlah dari game mobile seven knights grafis sangat keren seperti game konsol namun sangat ringan dan lancar di android pengoptimalan untuk ponsel masih terlalu payah,Negatif
Samuel Jeremy,2,2025-12-31 04:41:41,Wuthering Waves,"After the 3.0 update, the game still looks great and plays well, but performance issues remain — lag and crashes can still happen on a mid-range phone. There’s also no Indonesian subtitle support, and storage keeps growing with no proper data-cleanup option. The potential is there, but it urgently needs better optimization, subtitles, and cleaner data management. See you next time!",after sebuah pembaruan sebuah game still looks great dan plays well but performance issues remain patah patah dan crashes dapat still happen nyala a uts range phone there s juga no indonesian subtitle dukung dan penyimpanan keeps growing dengan no layak data cleanup option sebuah potential adalah there but it urgently needs better optimization subtitles dan cleaner data management lihat kamu lanjut waktu,Negatif
Dikri anakbaik,5,2025-12-31 04:34:05,Wuthering Waves,game my seru,game punyaku seru,Positif
Dafa,5,2025-12-31 04:29:44,Wuthering Waves,"tolong bug nya diperbaiki di event kartu, ga bisa dipencet mmk",tolong masalah teknis nya diperbaiki di acara kartu tidak bisa dipencet mmk,Negatif
yustia FH,5,2025-12-31 03:21:30,Wuthering Waves,"untuk papa kuro , plis tambahkan subtitle Indonesia karna sulit memahami bahasa inggris mudahan bahasa indinesia bisa ditambahkan",untuk papa kuro games tolong tambahkan subtitle indonesia karena sulit memahami bahasa inggris mudahan bahasa indinesia bisa ditambahkan,Negatif
wie Wiyono,5,2025-12-31 03:13:53,Wuthering Waves,game bagus seret penyimpanan rek😹😹 sisa 9GB punya gw,game bagus seret penyimpanan teman wajah kucing gembira berurai air mata wajah kucing gembira berurai air mata sisa gb punya saya,Negatif
31_Tristan viijananda Atmaja,5,2025-12-31 02:51:37,Wuthering Waves,"jangan macam"" sama istri gw bg",jangan macam sama istri saya bg,Positif
Revan Aditya,4,2025-12-31 00:44:18,Wuthering Waves,"game nya bagus, saya sangat menyukai combat style nya, apalagi beberapa karakter memiliki combat style nya masing masing, saya sangat menyukainya, namun ada satu hal yang saya tidak suka yaitu optimalisasi game ini di android sangat buruk, saya sering menemukan bug atau frame drop yang menganggu gameplay saya, saya berharap game ini dapat berkembang dengan lebih baik lagi. terima kasih",game nya bagus aku sangat menyukai combat style nya apalagi beberapa karakter memiliki combat style nya masing masing aku sangat menyukainya namun ada satu hal yang aku tidak suka yaitu optimalisasi game ini di android sangat buruk aku sering menemukan masalah teknis atau frame turun yang menganggu permainan aku aku berharap game ini dapat berkembang dengan lebih baik lagi terima kasih,Negatif
Tasya Elizayadi,5,2025-12-31 00:40:04,Wuthering Waves,intinya... best lah. game favorit gue. 💯,intinya terbaik lah game favorit aku nilai seratus,Positif
Gilang Maulana,5,2025-12-31 00:33:10,Wuthering Waves,game baik,game baik,Positif
Divatha Suryo,2,2025-12-30 23:30:01,Wuthering Waves,"update lahai roi gak optimal, ada bug yg belum di fix.",pembaruan lahai roi tidak optimal ada masalah teknis yang belum di tetap,Negatif
YT Junior,5,2025-12-30 23:28:33,Wuthering Waves,"akhirnya di perbaiki , jadi bisa Login lagi, Thanks 🌹❤🙏",akhirnya di perbaiki jadi bisa masuk lagi terimakasih mawar hati merah melipat tangan,Positif
N V I M,3,2025-12-30 22:41:26,Wuthering Waves,ngecrash terus setiap mau tutorial motor step 1 padahal yang lain aman dan debice mendukung.,ngecrash terus setiap mau tutorial motor step padahal yang lain aman dan debice mendukung,Negatif
Mbeeww,5,2025-12-30 22:36:33,Wuthering Waves,bagus bnget gamenya,bagus sekali gamenya,Positif
Manisha Satriani,5,2025-12-30 22:26:16,Wuthering Waves,tolong adain indonesian language. ini bagus bangetttttt bangetttt,tolong adain indonesian language ini bagus bangetttttt bangetttt,Positif
Rizki A,5,2025-12-30 21:05:39,Wuthering Waves,BAGUS BANGET ASLI WAJIB MAEN,bagus sekali asli wajib main,Positif
I wayan Artana,1,2025-12-30 16:55:23,Wuthering Waves,setelah update bug overclose di tutorial berkendara yang pertama,setelah pembaruan masalah teknis overclose di tutorial berkendara yang pertama,Negatif
Faza XP,5,2025-12-30 15:47:37,Wuthering Waves,"makasih mas kuro yang udah buatin game sekeren ini, meski gw harus berhenti main nih game karena mau fokus real life (device issue) yah makasih banyak buat nih game🙌",terimakasih kakak kuro games yang sudah buatin game sekeren ini meski saya harus berhenti main ini game karena mau fokus nyata hidup perangkat issue yah terimakasih banyak buat ini game mengangkat tangan,Positif
Adet ya,2,2025-12-30 15:11:34,Wuthering Waves,"tolong yang map lahai roi dioptimalkan dong kuro, masa iya waktu dimap lain aman aman aja giliran di lahai roi frame drop parah",tolong yang peta lahai roi dioptimalkan dong kuro games masa iya waktu dimap lain aman aman saja giliran di lahai roi frame turun parah,Negatif
Faruq 02,5,2025-12-30 13:30:25,Wuthering Waves,"malas sistem gachanya, kapan bahasa indonya ga malas english",malas sistem gachanya kapan bahasa indonya tidak malas english,Negatif
Adam Rizky,1,2025-12-30 13:29:33,Wuthering Waves,Developer pemalas.... poster jiplak blue archive,developer pemalas poster jiplak blue archive,Negatif
Faisal Reza,3,2025-12-30 13:22:59,Wuthering Waves,"Game nya seru mantap, sudah optimal juga di POCO X5 Snapdragon 695 5G. [New Note] Setelah update kenapa jadi berat ya? Tolong dioptimalisasi lagi, thanks.",game nya seru mantap sudah optimal juga di poco x snapdragon tidak baru note setelah pembaruan kenapa jadi berat ya tolong dioptimalisasi lagi terimakasih,Negatif
Raka Muzakkii Jumaedi,3,2025-12-30 12:56:02,Wuthering Waves,sebenarnya seru sih dari gameplaynya dan karakternya cuman tolong banget saya gak bisa menikmati storynya soalnya pake bahasa inggris jika bisa tolong tambah kan bahasa Indonesia ke dalam gamenya agar banyak orang yang dapat menikmati storynya terimakasih 🙏,sebenarnya seru sih dari gameplaynya dan karakternya cuma tolong sekali aku tidak bisa menikmati storynya soalnya pakai bahasa inggris jika bisa tolong tambah kan bahasa indonesia ke dalam gamenya agar banyak orang yang dapat menikmati storynya terimakasih melipat tangan,Negatif
Tan Yiung,3,2025-12-30 12:55:53,Wuthering Waves,please kuro optimalisasi lagi dihp redmi 14 pro 5g yg misi tutorial warna orange sewaktu dimainkan ngefreeze,tolong kuro games optimalisasi lagi dihp redmi pro tidak yang misi tutorial warna orange sewaktu dimainkan ngefreeze,Negatif
Taufiq Kurahman,1,2025-12-30 12:52:37,Wuthering Waves,"serius gua nanya, ini bag apa gimana udah berapa kali gua downlod data 200mb kalau mau update sekalian jangan dikit- dikit.",serius saya tanya ini bag apa gimana sudah berapa kali saya downlod data mb kalau mau pembaruan sekalian jangan sedikit sedikit,Negatif
Jeb,5,2025-12-30 12:49:46,Wuthering Waves,"<33 Desain karakter top tier sihh, gameplaynya SERU PAKE ABIS AISSUSJAK, semuanya peak. Story peak, karakter peak, desain peak, map nya juga peak. Yang kurang peak, size nya 🥲 Tapi untuk game yang emang wow ini, ga heran sih. Coba aja aku punya device yang lebih memumpuni ahaha",desain karakter top tier sihh gameplaynya seru pakai habis aissusjak semuanya peak cerita peak karakter peak desain peak peta nya juga peak yang kurang peak ukuran nya wajah tersenyum dengan air mata tapi untuk game yang memang wow ini tidak heran sih coba saja aku punya perangkat yang lebih memumpuni ahaha,Positif
Muhammad AFIF AZMI,5,2025-12-30 12:43:21,Wuthering Waves,story di game ini sangat bagus dan mempunyai kualitas grafis yang sangat indah 🤭😂,cerita di game ini sangat bagus dan mempunyai kualitas grafis yang sangat indah wajah dengan tangan menutup mulut wajah gembira berurai air mata,Positif
Unda Hadi,5,2025-12-30 12:33:32,Wuthering Waves,geloooo. 3.0 NPC nya cakep cakep semua.. yang paling sempurna dan istimewa NPC AI I.R.I.S. bisa main gitar dan nyanyi.. trus gerakan petik senar real cuy.,geloooo npc nya cakep cakep semua yang paling sempurna dan istimewa npc ai i r i s bisa main gitar dan nyanyi terus gerakan petik senar nyata cuy,Positif
ムハンマド •リズキー,1,2025-12-30 12:22:53,Wuthering Waves,"update tiap hari bukannya dibenerin malah main ngbug, skrg update malah jadi sering mental",pembaruan tiap hari bukannya dibenerin malah main ngbug sekarang pembaruan malah jadi sering mental,Negatif
Muhammad Moreno sucipto,4,2025-12-30 12:11:46,Wuthering Waves,"tolong dong ini siap update 3.0 asal masuk ke menu event ngefrezz mulu, entah saya aja atau orang lain begini juga",tolong dong ini siap pembaruan asal masuk ke menu acara ngefrezz terus entah aku saja atau orang lain begini juga,Negatif
Mlebu Penak,5,2025-12-30 11:38:05,Wuthering Waves,update mulu,pembaruan terus,Negatif
Kyu Monz,1,2025-12-30 11:05:04,Wuthering Waves,gada bahasa indo,tidak ada bahasa indonesia,Negatif
Ali Nur Hakim,4,2025-12-30 11:03:37,Wuthering Waves,jujur nunggu punya hp yg support buat main game ini🥲,jujur nunggu punya handphone yang dukung buat main game ini wajah tersenyum dengan air mata,Negatif
SCP 049,5,2025-12-30 10:10:55,Wuthering Waves,"I dont know how to describe this masterpiece game, every patch we got some improvement and now this game reach AAA level for me",i jangan know bagaimana ke describe this mahakarya game setiap pembaruan kita got some improvement dan now this game reach aaa level untuk aku,Negatif
Fania Indriyan,5,2025-12-30 10:09:43,Wuthering Waves,Game baik,game baik,Positif
Faisal GachaYT,5,2025-12-30 10:08:46,Wuthering Waves,GOOD GAME,good game,Negatif
Ferry Dwinata,5,2025-12-30 09:38:56,Wuthering Waves,best,terbaik,Positif
Duke Daffa,4,2025-12-30 09:24:27,Wuthering Waves,tolong ditambahkan bahasa Indonesia Dev🙏 banyak kata-kata bahasa inggris yang jarang digunakan sehari-hari menjadi bingung.Masa harus lihat You tube untuk tahu Lore cerita game nya kan g asik banget 😔 MOHON DITAMBAHKAN BAHASA INDONESIA🙏,tolong ditambahkan bahasa indonesia dev melipat tangan banyak kata kata bahasa inggris yang jarang digunakan sehari hari menjadi bingung masa harus lihat kamu tube untuk tahu lore cerita game nya kan tidak asyik sekali wajah merenung mohon ditambahkan bahasa indonesia melipat tangan,Negatif
Adam Sahrul,5,2025-12-30 07:59:44,Wuthering Waves,aplikasi tolol banyak bkpnya tapi bagus juga hee,aplikasi bodoh banyak bkpnya tapi bagus juga hee,Negatif
Resta,5,2025-12-30 06:57:05,Wuthering Waves,good,good,Negatif
Super Spica,1,2025-12-30 06:53:20,Wuthering Waves,Game paling busuk optimalisasinya ga di mobile ga di pc sama,game paling busuk optimalisasinya tidak di mobile tidak di komputer sama,Negatif
Nada Adena,5,2025-12-30 06:05:54,Wuthering Waves,SUKAAA,sukaaa,Positif
Fajar Alita,1,2025-12-30 05:56:30,Wuthering Waves,ko semejak 3.0 ini gem aneh banyak bug dan cepat panas,ko semejak ini gem aneh banyak masalah teknis dan cepat panas,Negatif
Pitox Ap,5,2025-12-30 03:41:23,Wuthering Waves,"entahlah sudah nggak kuat lagi kemarin septimont sekarang region baru di kota academy malah nambah parah bukannya di berbagus kek gitu kek dioptimalkan biar playernya dengan device yang seadanya masih kuat, septimont kemarin dapetnya cuman 25 fps kalau nggak ada fight scene disana ya kalau ada tau lah drop nya kek mana ini di academy gila bukannya ""video game"" malah jadi ""picture game"" (terima kasih sahabat""",entahlah sudah tidak kuat lagi kemarin septimont sekarang region baru di kota academy malah nambah parah bukannya di berbagus seperti begitu seperti dioptimalkan supaya playernya dengan perangkat yang seadanya masih kuat septimont kemarin dapetnya cuma frame per detik kalau tidak ada fight scene disana ya kalau ada tau lah turun nya seperti mana ini di academy gila bukannya video game malah jadi picture game terima kasih sahabat,Negatif
Aby,3,2025-12-30 03:05:48,Wuthering Waves,"jujur saya sebagai mantan player wuthering waves di platform mobile sangat kecewa sekali dengan game ini karena game ini sudah terlalu banyak memakan storage sampai 50>gb dan game ini masih tergolong belum optimal di mobile, walaupun di update terbaru ada udah ada fitur untuk menghapus file-file dalam game yang udah ga terpakai lagi tapi menurut saya itu kurang membantu jadi tolong kepada pihak kuro games agar size game ini lebih diperkecil lagi dan gamenya lebih di optimalkan lagi",jujur aku sebagai mantan player wuthering waves di platform mobile sangat kecewa sekali dengan game ini karena game ini sudah terlalu banyak memakan penyimpanan sampai gb dan game ini masih tergolong belum optimal di mobile walaupun di pembaruan terbaru ada sudah ada fitur untuk menghapus file file dalam game yang sudah tidak terpakai lagi tapi menurut aku itu kurang membantu jadi tolong kepada pihak kuro games games agar ukuran game ini lebih diperkecil lagi dan gamenya lebih di optimalkan lagi,Negatif
Nase Nase,5,2025-12-30 02:30:29,Wuthering Waves,terbaikkk,terbaikkk,Positif
Fajarr Saja,5,2025-12-30 01:55:23,Wuthering Waves,ABSOLUTE KURO sebagai gamers ini adalah game gacha terbaik menurut ku,absolute kuro games sebagai gamers ini adalah game undian terbaik menurut ku,Positif
Robert Adiputra sanawi,3,2025-12-30 01:51:45,Wuthering Waves,untuk gamenya sudah bagus tapi untuk ukuran game disesuaikan dengan penggunaan hp supaya tidak memberatkan,untuk gamenya sudah bagus tapi untuk ukuran game disesuaikan dengan penggunaan handphone supaya tidak memberatkan,Negatif
Azzam Alfarisi,5,2025-12-30 01:37:46,Wuthering Waves,game ini sangatttt bagusss,game ini sangat bagusss,Positif
Dayan Iyan,2,2025-12-30 00:50:59,Wuthering Waves,terlalu berat untuk ram 8 snap 700,terlalu berat untuk memori snap,Negatif
Ryan Aditya,5,2025-12-30 00:44:04,Wuthering Waves,ok,ok,Positif
Marvenda Rizal,5,2025-12-29 19:17:13,Wuthering Waves,New outfit for rover please 😇😇,baru pakaian untuk rover tolong wajah malaikat wajah malaikat,Positif
HNim3 _,2,2025-12-29 19:02:18,Wuthering Waves,"Bagus, cuma perlu optimalisasi lagi untuk update 3.0, ini Berat bet Wak padahal sudah pakai SD 870, minimal lancar 30fps walaupun burik, ini kaga patah banget sampai fors close (cuma terjadi di map baru 3.0)",bagus hanya perlu optimalisasi lagi untuk pembaruan ini berat sekali wak padahal sudah pakai sd minimal lancar frame per detik walaupun jelek ini tidak patah sekali sampai fors close hanya terjadi di peta baru,Negatif
SAMURAI ID,1,2025-12-29 18:56:11,Wuthering Waves,"udah main satu tahun lebih, kecewa sama grafiknya, padahal udah rata kanan semua masih aja keliatan pecah, udah gitu bayangan objek bentuknya pixel",sudah main satu tahun lebih kecewa sama grafiknya padahal sudah rata kanan semua masih saja keliatan pecah sudah begitu bayangan objek bentuknya pixel,Negatif
Rohul Amin,2,2025-12-29 17:46:41,Wuthering Waves,kok qust terbaru banyak bug nya ini saya berulangkali belum selesai,kok qust terbaru banyak masalah teknis nya ini aku berulangkali belum selesai,Negatif
GameML Danibjm02,5,2025-12-29 17:20:22,Wuthering Waves,kagak kikir ty,kagak pelit ty,Positif
TEH Lejen,5,2025-12-29 16:53:02,Wuthering Waves,keren coy,keren coy,Positif
arongalangsatria aron,5,2025-12-29 15:22:25,Wuthering Waves,"idk how to say, but very great game brooo gilaaa ga expect sebagus inii",idk bagaimana ke say but sangat great game brooo gilaaa tidak expect sebagus inii,Positif
we are tank,4,2025-12-29 14:42:13,Wuthering Waves,size-nya tolong di press lagi 47gb terlalu makan penyimpanan,ukuran nya tolong di press lagi gb terlalu makan penyimpanan,Negatif
Rika Ch.,5,2025-12-29 14:30:20,Wuthering Waves,"lumayan puas dengan ceritanya dan model karakter nya.. tapi masih ada beberapa bug yang harus di perbaiki lagi... kuro i want more male Characters 🥺 sekian dari saya, terimakasih",lumayan puas dengan ceritanya dan model karakter nya tapi masih ada beberapa masalah teknis yang harus di perbaiki lagi kuro games i want more male characters wajah memelas sekian dari aku terimakasih,Negatif
Rehan Choco,5,2025-12-29 13:51:09,Wuthering Waves,"Aduh rek kuro ini baik banget loh cik, dikasih menang rate off 5x...barusan dapet lynae pity 70an makasih banyak kuro, btw boleh kali kasih signature lynae di pity 30an klo bisa dapet Mornye dipity 10😹🔥 #GameBaik #GameDermawan",aduh teman kuro games ini baik sekali loh cik dikasih menang rate mati x barusan dapat lynae jaminan gacha an terimakasih banyak kuro games omong boleh kali kasih signature lynae di jaminan gacha an kalau bisa dapat mornye dipity wajah kucing gembira berurai air mata api gamebaik gamedermawan,Positif
Nabil Aldhefa,1,2025-12-29 13:22:49,Wuthering Waves,"Tolong buat developer game, setelah update 3.0 bnyk bug, scene nya patah patah dll dan juga ini utk ke sekian kalinya saya disuruh update gk jelas sebanyak 200 mb kalau begini terus habis lah paket saya",tolong buat developer game setelah pembaruan banyak masalah teknis scene nya patah patah dsb dan juga ini untuk ke sekian kalinya aku disuruh pembaruan tidak jelas sebanyak mb kalau begini terus habis lah paket aku,Negatif
Muhamad Habil,4,2025-12-29 13:05:26,Wuthering Waves,kapan bahasa indo nya min,kapan bahasa indonesia nya admin,Negatif
Muhamadrijal Rupawan,2,2025-12-29 12:55:22,Wuthering Waves,makin susah sih main di HP harus pake. PC,makin susah sih main di handphone harus pakai komputer,Negatif
Muhammad,5,2025-12-29 12:09:57,Wuthering Waves,kerenn,kerenn,Positif
Zurren TheAnimation,5,2025-12-29 11:50:22,Wuthering Waves,"kapanlah aku bisa main game bagus ini, mohon do'akan kebeli leptop spek gahar buat main ni game",kapanlah aku bisa main game bagus ini mohon do akan kebeli leptop spek gahar buat main ini game,Positif
Eko Cahyo,5,2025-12-29 11:44:29,Wuthering Waves,kembalikan mode terbang di map terbaru😭,kembalikan mode terbang di peta terbaru wajah menangis keras,Positif
Nurwidhi “PraTomo”,5,2025-12-29 11:43:53,Wuthering Waves,Game Pembaik 😎😎👍👍🔥🔥,game pembaik wajah berkacamata hitam wajah berkacamata hitam jempol ke atas jempol ke atas api api,Positif
Khoirul Anam,1,2025-12-29 11:35:51,Wuthering Waves,ini gimana kuro update 3.0 banyak bug aku main pada tanggal 29/12/25 ga bisa login ku hapus terus ku download ulang gak bisa gimana ni,ini gimana kuro games pembaruan banyak masalah teknis aku main pada tanggal tidak bisa masuk ku hapus terus ku unduh ulang tidak bisa gimana ini,Negatif
Gabriel Ryandika,5,2025-12-29 10:50:39,Wuthering Waves,"Gacha sangat bagus tetapi grafik tetap blur padahal udah di atur paling tinggi, tolong segera diperbaiki",undian sangat bagus tetapi grafik tetap buram padahal sudah di atur paling tinggi tolong segera diperbaiki,Negatif
Dani Karya,1,2025-12-29 10:19:29,Wuthering Waves,kena download data ulang 3x,kena unduh data ulang x,Negatif
Wildan Athala Rifqi,5,2025-12-29 09:30:44,Wuthering Waves,semenjak lahai roi berattt bgtttttt,semenjak lahai roi berattt bgtttttt,Negatif
EZ Rev,5,2025-12-29 09:29:11,Wuthering Waves,apik,apik,Positif
Ridho Mudzaki,5,2025-12-29 09:25:20,Wuthering Waves,tolong dikasih sub indo plis gw bukan elitis english,tolong dikasih sub indonesia tolong saya bukan elitis english,Negatif
johan ruth prapaska,1,2025-12-29 08:44:10,Wuthering Waves,"semenjak update 3.0 sering eror, baru main challenge fantasia tiba tiba force close, mau log in ulang Samapi sekarang tidak bisa, force close terus, jadi sayang sudah langganan lunite tapi tidak bisa dibuka gamenya",semenjak pembaruan sering gangguan baru main challenge fantasia tiba tiba force close mau log di ulang samapi sekarang tidak bisa force close terus jadi sayang sudah langganan lunite tapi tidak bisa dibuka gamenya,Negatif
I gede Vikantara,5,2025-12-29 08:17:27,Wuthering Waves,game bagus cuma gacha gw nya ampas bet,game bagus hanya undian saya nya jelek sekali,Negatif
Daniel Febrian,5,2025-12-29 06:15:56,Wuthering Waves,game keren dan banyak bansos😘,game keren dan banyak hadiah wajah memberikan ciuman jauh,Positif
Oktavianda 98,5,2025-12-29 06:12:15,Wuthering Waves,terbaik,terbaik,Positif
Hanzxsarr14,3,2025-12-29 05:54:42,Wuthering Waves,"tolong optimalkan kembali pada perangkat kelas bawah atau low end device, perbaiki masalah ping atau ms yang tinggi, dan perbaiki beberapa bug yang ada di dalam game seperti tekstur yang ber ubah"" bentuk dan agak delay saat bermain, jaringan saya sudah bagus dan lancar namun saat bermain game ini banyak masalah dalam jaringan ""TOLONG OPTIMALKAN!!""/""PLEASE OPTIMIZE GAMEPLAY FOR LOW END DEVICE""",tolong optimalkan kembali pada perangkat kelas bawah atau low akhir perangkat perbaiki masalah ping atau ms yang tinggi dan perbaiki beberapa masalah teknis yang ada di dalam game seperti tekstur yang ber ubah bentuk dan agak delay saat bermain jaringan aku sudah bagus dan lancar namun saat bermain game ini banyak masalah dalam jaringan tolong optimalkan tolong optimize permainan untuk low akhir perangkat,Negatif
Fahriza. M.I,5,2025-12-29 05:27:23,Wuthering Waves,mantaap,mantaap,Positif
Jutha Safura Kirana,1,2025-12-29 03:44:02,Wuthering Waves,"masuk 3.0 knp jadi ampas gini ya jadinya , jaringan bagus memori masih lapang tapi knp jadi suka patah' dan lag ga jelas udh maen dari awal rilis ampe skrg dan ini yang paling parah ngelagnya hadehhh , suka kebiasaan dev nya kalo setiap update jadinya begini tolong dong ini grafik udh sampe di rata kiri in abis masih aja begitu",masuk kenapa jadi jelek gini ya jadinya jaringan bagus penyimpanan masih lapang tapi kenapa jadi suka patah dan patah patah tidak jelas sudah main dari awal rilis sampai sekarang dan ini yang paling parah ngelagnya hadehhh suka kebiasaan dev nya kalau setiap pembaruan jadinya begini tolong dong ini grafik sudah sampai di rata kiri di habis masih saja begitu,Negatif
arya rizki,5,2025-12-29 03:23:30,Wuthering Waves,mantap kali wak pity 40 weapon ny carte😁,mantap kali wak jaminan gacha weapon nya carte wajah gembira dengan mata bahagia,Positif
Al Zikri Riski,5,2025-12-29 03:07:11,Wuthering Waves,Gacor,gacor,Positif
Angput 22,5,2025-12-29 02:32:07,Wuthering Waves,game bagus game baik saya rekomendasikan game ini untuk semua kalangan,game bagus game baik aku rekomendasikan game ini untuk semua kalangan,Positif
XO XO,5,2025-12-29 00:57:37,Wuthering Waves,stuck di loding compiling shader habis itu fore close ada yg main di sd 660 masih bisa masuk punyaku aja sd 845 gak bisa,stuck di loding compiling shader habis itu fore close ada yang main di sd masih bisa masuk punyaku saja sd tidak bisa,Negatif
Ulqiorra Shifer,5,2025-12-29 00:15:59,Wuthering Waves,game yang sangat bagus dari segi grafik dan story pokoknya absolute cinema,game yang sangat bagus dari segi grafik dan cerita pokoknya absolute cinema,Positif
Mr Dimas,5,2025-12-28 23:38:38,Wuthering Waves,"kenapa gak coba cloud gaming, jd yg spek2 low end bisa main, apalagi kebutuhan spesifik game makin tinggi, pasar handphone kena dampak dari kelangkaan kebutuhan ram dan storage. kayaknya jd solusi yang bijak sih",kenapa tidak coba cloud gaming jadi yang spek low akhir bisa main apalagi kebutuhan spesifik game makin tinggi pasar handphone kena dampak dari kelangkaan kebutuhan memori dan penyimpanan kayaknya jadi solusi yang bijak sih,Positif
rival Adi,5,2025-12-28 19:53:38,Wuthering Waves,"TERIMAKASIH DEV BAIK, SANGAT BAIK DAN BAIKK BANGET",terimakasih dev baik sangat baik dan baikk sekali,Positif
Ali Wufron,5,2025-12-28 19:20:47,Wuthering Waves,selamat datang main,selamat datang main,Positif
Daffa Ferdiansyah,1,2025-12-28 19:12:52,Wuthering Waves,"makin gk ngotak ni game di pc tembus 116GB di hp apalagi yg makan tempat banget, di kompres ireng size nya biar ngotak",makin tidak ngotak ini game di komputer tembus gb di handphone apalagi yang makan tempat sekali di kompres ireng ukuran nya supaya ngotak,Negatif
Samsung S24ultra,5,2025-12-28 18:04:55,Wuthering Waves,"Game bagus banget,meski game berat gpp penting aku suka🤭",game bagus sekali meski game berat tidak apa penting aku suka wajah dengan tangan menutup mulut,Positif
Wong Batang,3,2025-12-28 16:27:05,Wuthering Waves,size mengalahkan GTA V🤓🤓,ukuran mengalahkan gta v wajah kutu buku wajah kutu buku,Negatif
Farel Pratama,1,2025-12-28 15:35:39,Wuthering Waves,"woy game ngebug bisa bisa nya lagi misi tiba"" bug mana ga bisa di keluarkan dari misi story",woy game ngebug bisa bisa nya lagi misi tiba masalah teknis mana tidak bisa di keluarkan dari misi cerita,Negatif
Bintang Gumilang,5,2025-12-28 14:50:43,Wuthering Waves,mungkin untuk mobile bisa lebih di tambah kan grafik latar nya,mungkin untuk mobile bisa lebih di tambah kan grafik latar nya,Negatif
restu gaming,1,2025-12-28 14:39:41,Wuthering Waves,map barunya tolong ngelag banget GK gerak hp ku GK bisa log in aku main gensin aja rata kanan bisa loh dapat 40 fps ini ngelag,peta barunya tolong patah patah sekali tidak gerak handphone ku tidak bisa log di aku main gensin saja rata kanan bisa loh dapat frame per detik ini patah patah,Negatif
Oktagaram Oktagaram,5,2025-12-28 14:21:45,Wuthering Waves,game play nya bagus cuman ada berapah bug pas region Laha roi pas cehgellan coba motorbike nya kelura sendiri semoga kuro game bisa perbaiki bug tersebut.. sejauh inih game bagus 👌,game main nya bagus cuma ada berapah masalah teknis saat region laha roi saat cehgellan coba motorbike nya kelura sendiri semoga kuro games game bisa perbaiki masalah teknis tersebut sejauh inih game bagus oke,Positif
Jurig Sawah,5,2025-12-28 14:07:33,Wuthering Waves,Mantap dan puas di mainkan. kata kata nya : mamam tuh hp kentang,mantap dan puas di mainkan kata kata nya mamam itu handphone spesifikasi rendah,Positif
Clyde Spencer,5,2025-12-28 13:38:13,Wuthering Waves,"untuk game ini secara keseluruhan sudah sangat baik baik secara gameplay, grapich, dan combatnya. gamenya sudah bagus tapi kurasa untuk storynya masih kurang. itu saja sih",untuk game ini secara keseluruhan sudah sangat baik baik secara permainan grapich dan combatnya gamenya sudah bagus tapi kurasa untuk storynya masih kurang itu saja sih,Negatif
Dennis imasuly,5,2025-12-28 13:20:00,Wuthering Waves,keren parah,keren parah,Positif
ORANG GABUT,5,2025-12-28 13:00:48,Wuthering Waves,beri saya senjata Agusta,beri aku senjata agusta,Positif
muhamad yosha,2,2025-12-28 12:55:25,Wuthering Waves,update nya berapa GB sampe 5gb blom bisa maen,pembaruan nya berapa gb sampai gb blom bisa main,Negatif
Wahyuning Jagat Sukmo Jati,1,2025-12-28 12:13:55,Wuthering Waves,Perbaikan dievent dimana langsung diem sendiri,perbaikan dievent dimana langsung diam sendiri,Negatif
Ammar Thoqna,5,2025-12-28 12:11:18,Wuthering Waves,yg ngide bikin fitur motor GOAT 🔥 main berjam-jam pun ku gas kan walaupun jadi rada lag si (sebenernya agak parah si lag nya kalo udah 1 jam lebih 🗿),yang ngide membuat fitur motor goat api main berjam jam pun ku gas kan walaupun jadi rada patah patah si sebenernya agak parah si patah patah nya kalau sudah jam lebih moai,Positif
Yokura,5,2025-12-28 11:59:50,Wuthering Waves,"update nya ga pernah mengecewakan, game berkualitas emang ini, sehat sehat developer haha",pembaruan nya tidak pernah mengecewakan game berkualitas memang ini sehat sehat developer haha,Positif
Aye Ricky,5,2025-12-28 11:48:18,Wuthering Waves,Soalnya Dapet Carte 2 kali,soalnya dapat carte kali,Positif
ADIB BIL ANUFA,4,2025-12-28 11:36:22,Wuthering Waves,"aku cuman bilang aja ini game bagus banget dan betulan absolute cinema, Tapi... kalian kalau mau main game seperti ini lebih baik main di PC ketimbang di hp. karena di hp beda banget sama di PC dan juga adrenaline nya jauh berbeda. tapi ya minus nya 1 aja yaitu game ini gak bisa kompetible dengan hp jikalau main game ini kelamaan... itu aja sih selebihnya bagus banget. tolong kuro klo setiap update jangan bikin semua hp orang jadi potato gegara game elu..",aku cuma bilang saja ini game bagus sekali dan betulan absolute cinema tapi kalian kalau mau main game seperti ini lebih baik main di komputer ketimbang di handphone karena di handphone beda sekali sama di komputer dan juga adrenaline nya jauh berbeda tapi ya minus nya saja yaitu game ini tidak bisa kompetible dengan handphone jikalau main game ini kelamaan itu saja sih selebihnya bagus sekali tolong kuro games kalau setiap pembaruan jangan membuat semua handphone orang jadi potato karena game elu,Positif
Juan Juan,5,2025-12-28 11:32:40,Wuthering Waves,"anjim padet nya ga ngotak sampe gw APUS,mau nyaingi GTA kah😹tapi ceweknya mantep banget apalagi shorekepwr sama cangli😹",anjing padet nya tidak ngotak sampai saya hapus mau nyaingi gta kah wajah kucing gembira berurai air mata tapi ceweknya mantap sekali apalagi shorekepwr sama cangli wajah kucing gembira berurai air mata,Negatif
Sgamers,4,2025-12-28 11:17:05,Wuthering Waves,tolong masukan bahasa Indonesia,tolong masukan bahasa indonesia,Negatif
Nur Rofiko,3,2025-12-28 11:02:51,Wuthering Waves,"IQOO NEO 10, Update 3.0 rata kiri 30fps. Woilah, baru balik main udah 50GB aja udh paling bener gk comeback ini mah. Apaan ini Fly nya Rinascita gk bisa dipakai di region baru. Ganti motor cuma susah di hp buat control nya pakai auto mode kelamaan rute nya pada kejauhan, tak tinggal bikin mi instan pun blm sampai 😟. Map Lahai-Roi nya pun jelek, letak antar tempat kejauhan cuma buat bikin jalan tol kebanyakan spot kosong -masih bagusan Jinzhou jadi males buat eksplor 😒",iqoo neo pembaruan rata kiri frame per detik woilah baru balik main sudah gb saja sudah paling benar tidak comeback ini mah apaan ini fly nya rinascita tidak bisa dipakai di region baru ganti motor hanya susah di handphone buat control nya pakai auto mode kelamaan rute nya pada kejauhan tidak tinggal membuat mi instan pun blm sampai wajah cemas peta lahai roi nya pun jelek letak antar tempat kejauhan hanya buat membuat jalan tol kebanyakan titik kosong masih bagusan jinzhou jadi malas buat eksplor wajah bosan,Negatif
Nanda Dwi,5,2025-12-28 11:00:14,Wuthering Waves,game seru banget asli. no fake fake,game seru sekali asli no palsu palsu,Positif
Wang Lin,2,2025-12-28 10:51:48,Wuthering Waves,game nya bagus tapi ga ada bahasa Indonesia nya 😔,game nya bagus tapi tidak ada bahasa indonesia nya wajah merenung,Positif
Baskoro Radhitya Firdaus,2,2025-12-28 10:06:07,Wuthering Waves,"game nya bagus, gw download karna mau tau alur cerita nya tapi ada keterbatasan karna gw g terlalu bisa bhs Inggris, tolong adain bhs Indonesia",game nya bagus saya unduh karena mau tau alur cerita nya tapi ada keterbatasan karena saya tidak terlalu bisa bhs inggris tolong adain bhs indonesia,Negatif
Nadeo Afandi,5,2025-12-28 09:35:34,Wuthering Waves,menul menull cowoknya,menul menull cowoknya,Positif
akmal izzanul,5,2025-12-28 09:19:01,Wuthering Waves,Ditunggu Bahasa Indonesianya,ditunggu bahasa indonesianya,Positif
Hanzz Keren,5,2025-12-28 07:13:22,Wuthering Waves,mantap,mantap,Positif
tonton Wae,5,2025-12-28 06:58:15,Wuthering Waves,pelis buat gem ini kuragi gb ya hp kentang ku udh gak kuat kaya di genshin 25,pelis buat gem ini kuragi gb ya handphone spesifikasi rendah ku sudah tidak kuat seperti di genshin,Negatif
Dimas Dewa,5,2025-12-28 06:46:51,Wuthering Waves,gamenya bagus,gamenya bagus,Positif
Bambang Berjuang,5,2025-12-28 06:21:30,Wuthering Waves,😋,wajah menikmati,Positif
Arcan Zateky,4,2025-12-28 06:04:57,Wuthering Waves,"Aku pemain baru di Wuthering Waves dan baru sebulan aku main game ini (sudah masuk season kedua : Rinascita), namun setelah update Laha Roi aku hampir tidak sanggup main lagi karena gamenya yang makin berat sehingga mengalami lag dan frame ketika battle di Rinascita, mungkin tidak ada yang salah dengan gamenya mungkin memang saya yang terlambat memainkan game ini karena baru bulan lalu saya ganti HP dan langsung mencoba game Wuthering Waves sebelum update besar",aku pemain baru di wuthering waves dan baru sebulan aku main game ini sudah masuk season kedua rinascita namun setelah pembaruan laha roi aku hampir tidak sanggup main lagi karena gamenya yang makin berat sehingga mengalami patah patah dan frame ketika battle di rinascita mungkin tidak ada yang salah dengan gamenya mungkin memang aku yang terlambat memainkan game ini karena baru bulan lalu aku ganti handphone dan langsung mencoba game wuthering waves sebelum pembaruan besar,Negatif
Shin ZX,5,2025-12-28 05:45:17,Wuthering Waves,masih di tunggu sub indo nya 😊,masih di tunggu sub indonesia nya wajah tersenyum dengan mata bahagia,Positif
Serem24,1,2025-12-28 03:35:10,Wuthering Waves,gacha terlalu ampas,undian terlalu jelek,Negatif
Ilham Dzikru Ramadhan,5,2025-12-28 03:32:02,Wuthering Waves,Bagus,bagus,Positif
INGAT! OKE?,4,2025-12-28 03:11:48,Wuthering Waves,gamenya bagusss bangett cumn masalahnya hp ku udh ga support,gamenya bagusss sekali cumn masalahnya handphone ku sudah tidak dukung,Positif
Anjas gaming,5,2025-12-28 02:56:33,Wuthering Waves,Gamenya Sebenarnya seru cuma hp gw nya yang gak kuat lagi buat mainin ini game,gamenya sebenarnya seru hanya handphone saya nya yang tidak kuat lagi buat mainin ini game,Positif
Ridho,5,2025-12-28 02:40:47,Wuthering Waves,Game baik,game baik,Positif
dimas hidayatullah,5,2025-12-28 02:40:23,Wuthering Waves,"dev, vihicle driving tutorial error, tolong diperbaiki di Xiaomi pad 6",dev vihicle driving tutorial gangguan tolong diperbaiki di xiaomi pad,Negatif
Rizki Galang,5,2025-12-28 02:32:46,Wuthering Waves,keren,keren,Positif
Reginald Pradana,3,2025-12-28 02:15:56,Wuthering Waves,hapus lah event yang sudah lewat itu Menuhin memori,hapus lah acara yang sudah lewat itu menuhin penyimpanan,Negatif
Estomihi Rotama,5,2025-12-28 01:32:42,Wuthering Waves,"game nya seru gk ngebosenin banyak banget fitur fitur nya dan ramah terhadap player baru,dan animasi nya keren dan di buat niat banget bagus dah",game nya seru tidak ngebosenin banyak sekali fitur fitur nya dan ramah terhadap player baru dan animasi nya keren dan di buat niat sekali bagus sudah,Positif
ubai dillah,1,2025-12-28 00:57:14,Wuthering Waves,"update versi 3.0 ini gak tau,bug atau apa setiap kali login dalam game malah black screen dan ketika hp di mulai ulang game nya kehapus sendiri dan harus install ulang tolong di perbaiki bugnya kuro,terimakasih.",pembaruan versi ini tidak tau masalah teknis atau apa setiap kali masuk dalam game malah black screen dan ketika handphone di mulai ulang game nya kehapus sendiri dan harus install ulang tolong di perbaiki bugnya kuro games terimakasih,Negatif
Mochamad Asep,2,2025-12-27 23:32:23,Wuthering Waves,bang game nya ngebug. dari tadi ngestuck di story itu Mulu. mohon untuk diperbaiki,kakak game nya ngebug dari tadi ngestuck di cerita itu terus mohon untuk diperbaiki,Negatif
Unaa,5,2025-12-27 22:57:12,Wuthering Waves,gem baik lop yu kuroo,gem baik lop ayo kuroo,Positif
Flyy,1,2025-12-27 22:50:34,Wuthering Waves,"Optimalisasi Update 3.0 jelek, Force Close setiap di Map Baru",optimalisasi pembaruan jelek force close setiap di peta baru,Negatif
Didik Pratama,5,2025-12-27 20:56:32,Wuthering Waves,terbaik,terbaik,Positif
Maz Gombalz,5,2025-12-27 20:25:38,Wuthering Waves,habis update kenapa malah stuck waktu tutorial berkendara,habis pembaruan kenapa malah stuck waktu tutorial berkendara,Negatif
Arifin Rahqel,5,2025-12-27 19:46:17,Wuthering Waves,wuwa..kenapa hard banget gachaa nya udah hampir 150 kali gacha lynae ga pulang² gw belom gacha signature nya pliss lah kuroo..akun lama ini😭😭,wuthering waves kenapa hard sekali gachaa nya sudah hampir kali undian lynae tidak pulang² saya belum undian signature nya tolong lah kuroo akun lama ini wajah menangis keras wajah menangis keras,Negatif
Wiwit Wahyudi,5,2025-12-27 19:16:14,Wuthering Waves,"ni game bagus banget,,ga pelit seru juga mohon lh Dev agak di ringanin dikit buat hp yg speknya minim lh hehehe terlalu berat ni game",ini game bagus sekali tidak pelit seru juga mohon lh dev agak di ringanin sedikit buat handphone yang speknya minim lh hehehe terlalu berat ini game,Positif
Agus Hardiyan S.E,3,2025-12-27 18:54:27,Wuthering Waves,"setelah update Lahai Roi, entah mengpa banyak bug di map baru ini, mulai dari joystick yg stuck, fps fluktuasi parah, hingga force close, meskipun setting di performance. padahal di map lainnya lancar meski di setting max dan 60 fps. tolong diperbaiki. device saya Xiaomi pad 7",setelah pembaruan lahai roi entah mengpa banyak masalah teknis di peta baru ini mulai dari joystick yang stuck frame per detik fluktuasi parah hingga force close meskipun setting di performance padahal di peta lainnya lancar meski di setting max dan frame per detik tolong diperbaiki perangkat aku xiaomi pad,Negatif
12. Esa Rhenaldi V2 -XTOC,4,2025-12-27 18:31:17,Wuthering Waves,bansos tambahin bos,hadiah tambahkan bos,Negatif
Rayhando Ardiansyah,3,2025-12-27 17:34:24,Wuthering Waves,"tolong untuk tingkatin optimasi terutama pada android 16, gw pakai spec Snapdragon 8 gen 3 force close karena file shader nya belum optimal",tolong untuk tingkatin optimasi terutama pada android saya pakai spec snapdragon gen force close karena file shader nya belum optimal,Negatif
Muhammad Isma,4,2025-12-27 16:39:56,Wuthering Waves,"semenjak update v3.0 Game WuWa menjadi lebih berat. saya menggunakan Helio G99 Ulti pas versi2 sebelumnya lancar2 aja di setingan rata kiri, skrng walau udah setting rata kiri tetep berat.",semenjak pembaruan v game wuthering waves menjadi lebih berat aku menggunakan helio tidak ulti saat versi sebelumnya lancar saja di setingan rata kiri sekarang walau sudah setting rata kiri tetap berat,Negatif
Arif Maulana,4,2025-12-27 16:36:14,Wuthering Waves,gg 100% dapet weapon,gg dapat weapon,Positif
Nabil Makarim Martadiredja,3,2025-12-27 16:28:14,Wuthering Waves,"game terbaik tapi sayangnya kurang lancar karena grafik game nya, saran saya mending grafik nya diubah jadi 3D kartunis ala anime maksudku saranku grafik gamenya diubah menjadi seperti game guilty gear strive",game terbaik tapi sayangnya kurang lancar karena grafik game nya saran aku mending grafik nya diubah jadi di kartunis ala anime maksudku saranku grafik gamenya diubah menjadi seperti game guilty gear strive,Negatif
Tedwin,5,2025-12-27 15:35:19,Wuthering Waves,updet baru jadi patah patah tolong,updet baru jadi patah patah tolong,Negatif
Rosdiana Pangestu,5,2025-12-27 14:40:49,Wuthering Waves,"game gacha paling peak menurutku. fitur banyak banget bejibun, utility ngga pelit. cuma sayang memory nya tiap update kegedean. nggak cukup di hp ku yg cuma 128 GB. nanti kalo udah pindah device bakal download lagi",game undian paling peak menurutku fitur banyak sekali banyak utility tidak pelit hanya sayang penyimpanan nya tiap pembaruan kegedean tidak cukup di handphone ku yang hanya gb nanti kalau sudah pindah perangkat akan unduh lagi,Negatif
Adithia AL,1,2025-12-27 14:30:56,Wuthering Waves,Game wuthering waves sangat berat di perangkat poco x3 pro saya benar-benar tidak layak untuk di mainkan di perangkat saya,game wuthering waves sangat berat di perangkat poco x pro aku benar benar tidak layak untuk di mainkan di perangkat aku,Negatif
Khresno Bayu,5,2025-12-27 14:08:56,Wuthering Waves,"setelah update kok jadi berang banget, kondisi settingan grafis sama sebelum update. tapi kerasa berat banget setelah update",setelah pembaruan kok jadi berang sekali kondisi settingan grafis sama sebelum pembaruan tapi kerasa berat sekali setelah pembaruan,Negatif
M Zufar,5,2025-12-27 14:05:07,Wuthering Waves,gacor reek,gacor reek,Positif
Mohammad Afif,1,2025-12-27 14:00:04,Wuthering Waves,game hama,game hama,Negatif
Nanan,4,2025-12-27 12:17:26,Wuthering Waves,"ada bug salah satu quest dan bug nya itu lumayan ganggu, yg pertama game bakal nge freeze dan yg kedua bakal force close, tolong di perbaiki kuro",ada masalah teknis salah satu misi dan masalah teknis nya itu lumayan ganggu yang pertama game akan nge freeze dan yang kedua akan force close tolong di perbaiki kuro games,Negatif
Loopy Lopez,1,2025-12-27 11:29:44,Wuthering Waves,"in the new update 3.0 there are lots of problems such as lag, crashes and I have never experienced this since the game was released, so this is the first time I have experienced this problem, can the developer fix this problem as soon as possible??? this is very annoying for me",di sebuah baru pembaruan there are lots of problems such sebagai patah patah crashes dan i punya never experienced this since sebuah game was released jadi this adalah sebuah pertama waktu i punya experienced this masalah dapat sebuah developer tetap this masalah sebagai soon sebagai possible this adalah sangat annoying untuk aku,Negatif
Dika Pratama,5,2025-12-27 11:19:48,Wuthering Waves,game baik,game baik,Positif
Nizar Nizar,4,2025-12-27 11:14:17,Wuthering Waves,baik :),baik,Positif
AMDH 1996,1,2025-12-27 09:52:05,Wuthering Waves,"Makin berat aja buat ponsel, tolonglah jangan cuma PC yang didengerin, ponsel juga diperhatikan",makin berat saja buat ponsel tolonglah jangan hanya komputer yang didengerin ponsel juga diperhatikan,Negatif
Eko Arifianto,2,2025-12-27 09:32:43,Wuthering Waves,gila semenjak update Region baru Lahai doi saya merasakan frame drop dimana mana mungkin karena device saya yg sudah gak kuat atau game ini harus perlu improve lagi,gila semenjak pembaruan region baru lahai dia aku merasakan frame turun dimana mana mungkin karena perangkat aku yang sudah tidak kuat atau game ini harus perlu improve lagi,Negatif
Mohammad Annan Makruf Mustofa,3,2025-12-27 09:31:32,Wuthering Waves,"Story terlalu fokus romance, ga seru",cerita terlalu fokus romance tidak seru,Negatif
indra irawan,1,2025-12-27 09:28:32,Wuthering Waves,Kurang banyak gachanya kalau bisa di bikin 1000kali gacha baru dapat,kurang banyak gachanya kalau bisa di membuat kali undian baru dapat,Negatif
Rifki Wahyudin,2,2025-12-27 09:25:09,Wuthering Waves,tambahkan subtitle Indonesiaan,tambahkan subtitle indonesiaan,Negatif
Muhammad Ridha,5,2025-12-27 08:30:38,Wuthering Waves,Ada masalah waktu di dalam startorch academy pingnya merah sedangkan waktu di luar kotanya normal saja pingnya,ada masalah waktu di dalam startorch academy pingnya merah sedangkan waktu di luar kotanya normal saja pingnya,Negatif
Ikram Nour Wahid,5,2025-12-27 08:12:05,Wuthering Waves,kuro tolong lah kalo update jangan gede banget atuh gk kuat penyimpanan gw,kuro games tolong lah kalau pembaruan jangan besar sekali aduh tidak kuat penyimpanan saya,Negatif
mistergatah,5,2025-12-27 08:09:03,Wuthering Waves,plis kasi gacha saya low pity,tolong kasih undian aku low jaminan gacha,Positif
Nova Refca Saputri,5,2025-12-27 07:52:10,Wuthering Waves,bagus,bagus,Positif
Fajrin,5,2025-12-27 07:44:10,Wuthering Waves,"Halo Kuro games, jujur optimalisasi 3.0 sangat jelek, berbeda dengan sebelumnya. Bahkan di 3.0 saya baru merasakan Frime rate down parah, dan banyak bug terkhusus di mobile. Saya player mobile tentu tidak nyaman di 3.0, semoga bisa cepat di optimalisasi. Terimakasih saya sudah mengirim laporannya ke Gmail anda",halo kuro games games jujur optimalisasi sangat jelek berbeda dengan sebelumnya bahkan di aku baru merasakan frime rate down parah dan banyak masalah teknis terkhusus di mobile aku player mobile tentu tidak nyaman di semoga bisa cepat di optimalisasi terimakasih aku sudah mengirim laporannya ke gmail kamu,Negatif
Herrscher,1,2025-12-27 07:38:36,Wuthering Waves,Game gak bagus buat user android banyak bug developer malas memperbaiki,game tidak bagus buat user android banyak masalah teknis developer malas memperbaiki,Negatif
Muhammad Farhan,5,2025-12-27 07:11:53,Wuthering Waves,"Dari segi battle dan desain bagus, tapi kedepannya tolong di optimasikan untuk hp mid-range agar tidak terlalu lag (walaupun rata kiri) dan tolong diberikan subtitle Indonesia.",dari segi battle dan desain bagus tapi kedepannya tolong di optimasikan untuk handphone uts range agar tidak terlalu patah patah walaupun rata kiri dan tolong diberikan subtitle indonesia,Negatif
Adisutisna,3,2025-12-27 07:01:32,Wuthering Waves,"ini yg komen komen bagus tentang game ini , player atau developer player",ini yang komen komen bagus tentang game ini player atau developer player,Negatif
Gian,1,2025-12-27 06:44:00,Wuthering Waves,size gamenya dipikir mas,ukuran gamenya dipikir kakak,Negatif
Ezekiel E.S,5,2025-12-27 05:38:02,Wuthering Waves,TERIMAKASIH KURO,terimakasih kuro games,Positif
Znovier,4,2025-12-27 05:35:07,Wuthering Waves,"Pada mekanik combatnya mungkin ini adalah salah satu game terbaik pada bidangnya,tetapi pada grafisnya mungkin harus ditingkatkan lagi texture renderingnya dan ketajaman texturnya,karena meskipun saya bermain di settingan grafis tertinggi masih terdapat banyak sekali texture yang flat dan hanya texture di dekat karakter saja yang terender,itupun masih terlihat flat dan kurang enak dipandang.Jadi,mungkin di next update bisa di pertajam lagi texture worldnya dan diperluas lagi texture renderingnya",pada mekanik combatnya mungkin ini adalah salah satu game terbaik pada bidangnya tetapi pada grafisnya mungkin harus ditingkatkan lagi texture renderingnya dan ketajaman texturnya karena meskipun aku bermain di settingan grafis tertinggi masih terdapat banyak sekali texture yang datar dan hanya texture di dekat karakter saja yang terender itupun masih terlihat datar dan kurang enak dipandang jadi mungkin di lanjut pembaruan bisa di pertajam lagi texture worldnya dan diperluas lagi texture renderingnya,Positif
Aditya Rafka,2,2025-12-27 05:23:20,Wuthering Waves,banyak bug,banyak masalah teknis,Negatif
Master Opang,5,2025-12-27 05:14:41,Wuthering Waves,TOLONG KURANGI UKURAN DATA GAMENYA!!!!!!!!!!,tolong kurangi ukuran data gamenya,Negatif
Dodol,5,2025-12-27 04:28:34,Wuthering Waves,bagus banget ni gameeeeee,bagus sekali ini gameeeeee,Positif
Muhamad fiqqri Hidayat,5,2025-12-27 04:07:11,Wuthering Waves,gacha nya wangi,undian nya wangi,Positif
Christopher Rafael,5,2025-12-27 04:00:05,Wuthering Waves,"tolong kepada developer untuk memperbaiki optimasi pada perangkat mobile setelah update 3.0, karena di kondisi ke-2 hp saya terdapat bug dimana karakter tidak bisa digerakkan, namun fitur lainnya masih bisa digunakan dan dipencet. 🙏",tolong kepada developer untuk memperbaiki optimasi pada perangkat mobile setelah pembaruan karena di kondisi ke handphone aku terdapat masalah teknis dimana karakter tidak bisa digerakkan namun fitur lainnya masih bisa digunakan dan dipencet melipat tangan,Negatif
Adistyo Nugroho,5,2025-12-27 03:54:53,Wuthering Waves,"Gamenya bagus keren explorasi bebas dan juga ada tambahan pinjaman character banyak games semenjak update makin ok sedikit saran tambahan fraksi jahat baru tidak soal menyangkut seputar Threnodian, Leviathan, Fenomena, lamen, Fractsidus dan imperator saja supaya story makin terkejut dan tidak tertebak ada beberapa bos fight yang double seperti melawan Threnodian, Sovereign, dan Fractsidus, dan beberapa villain karakter yang masih menjadi misteri itu saja",gamenya bagus keren eksplorasi bebas dan juga ada tambahan pinjaman character banyak games semenjak pembaruan makin ok sedikit saran tambahan fraksi jahat baru tidak soal menyangkut seputar threnodian leviathan fenomena lamen fractsidus dan imperator saja supaya cerita makin terkejut dan tidak tertebak ada beberapa bos fight yang double seperti melawan threnodian sovereign dan fractsidus dan beberapa villain karakter yang masih menjadi misteri itu saja,Positif
Daeng Muhammad Zamzami,3,2025-12-27 03:14:18,Wuthering Waves,mohon di perbaiki rekomendasi penyimpanan hp pas tiap mau update patch padahal cuman perlu 17gb tapi di minta kosongkan penyimpanan Sampai 51 GB padahal tidak perlu penyimpanan sampai segitu,mohon di perbaiki rekomendasi penyimpanan handphone saat tiap mau pembaruan pembaruan padahal cuma perlu gb tapi di minta kosongkan penyimpanan sampai gb padahal tidak perlu penyimpanan sampai segitu,Negatif
Dhiya Naufarizq,4,2025-12-27 02:50:36,Wuthering Waves,berat banget sumpah min padahal di genshin g gitu 😮‍💨 tapi game nya baguss,berat sekali sumpah admin padahal di genshin tidak begitu wajah mengembuskan nafas tapi game nya baguss,Negatif
Firdi Muhammad,5,2025-12-27 02:34:23,Wuthering Waves,"game bagus ramah player F2P tapi sayang nya udh GK bisa main setelah update ini di karenakan ram hp ku sudah tidak cukup, agak kaget patch 3.0 ini sangat besar storage nya🥲",game bagus ramah player fp tapi sayang nya sudah tidak bisa main setelah pembaruan ini di karenakan memori handphone ku sudah tidak cukup agak kaget pembaruan ini sangat besar penyimpanan nya wajah tersenyum dengan air mata,Negatif
Sulthan Rahmatullah,5,2025-12-27 02:04:47,Wuthering Waves,Crowless nya ber aura,crowless nya ber aura,Positif
RK21 21RK,4,2025-12-27 02:03:42,Wuthering Waves,"Menantikan cerita yang lebih menarik Selama mas Rover mencari istri kembali ke la,hei,roi,",menantikan cerita yang lebih menarik selama kakak rover mencari istri kembali ke la hei roi,Positif
Erdhawisnupratama Pratama,5,2025-12-27 01:54:04,Wuthering Waves,mantap,mantap,Positif
Taupik H,5,2025-12-27 01:14:51,Wuthering Waves,"kemarin kan ada pre download 4gb, kok malah download lagi 4gb ya?",kemarin kan ada pre unduh gb kok malah unduh lagi gb ya,Negatif
Noni Dwi,5,2025-12-27 01:12:50,Wuthering Waves,bagus banget grafik nya tapi kurang ada bahasa Indonesia,bagus sekali grafik nya tapi kurang ada bahasa indonesia,Negatif
hari hari,1,2025-12-27 01:08:01,Wuthering Waves,game tai,game tahi,Negatif
Nabil Harizon,5,2025-12-27 00:39:32,Wuthering Waves,terima kasih kuro karena rate gacha ku sangat wangi saking wanginya dapet verina terus🥰,terima kasih kuro games karena rate undian ku sangat wangi sampai wanginya dapat verina terus wajah tersenyum dengan 3 hati,Positif
Sandi ???,5,2025-12-26 23:18:10,Wuthering Waves,"defnya baik hati, tidak kikir😋😋",defnya baik hati tidak pelit wajah menikmati wajah menikmati,Positif
Muhammad Raafi Gustyan,5,2025-12-26 22:32:37,Wuthering Waves,"devnya baik atau gw yang kelewat hoki, tapi yang jelas setiap banner karakter baru ratenya kayak di tinggiin, gak sampe 50x pull udah di pastikan 89% dapet dan gak pernah di atas 80x pull gak dapet.",devnya baik atau saya yang kelewat hoki tapi yang jelas setiap banner karakter baru ratenya seperti di tinggiin tidak sampai x pull sudah di pastikan dapat dan tidak pernah di atas x pull tidak dapat,Positif
Bima AkunReal,5,2025-12-26 22:13:02,Wuthering Waves,mntap min dpat carte+sign sering2 kasi menang yaa,mntap admin dpat carte sign sering kasih menang yaa,Positif
Fadzil Rabbi,5,2025-12-26 21:50:14,Wuthering Waves,semoga update wuthering waves berikutnya ada bahasa indonesia,semoga pembaruan wuthering waves berikutnya ada bahasa indonesia,Negatif
Shadow,5,2025-12-26 21:01:28,Wuthering Waves,mantap,mantap,Positif
Tama yulkhoas Y,5,2025-12-26 20:30:22,Wuthering Waves,game ini sangatp baik dan keren,game ini sangatp baik dan keren,Positif
Bintang,5,2025-12-26 17:36:22,Wuthering Waves,game yang benar benar luar Biasa,game yang benar benar luar biasa,Positif
Fachri Febrian Mujadi Ahmad,2,2025-12-26 17:34:12,Wuthering Waves,sumpah malah makin berat gamenya,sumpah malah makin berat gamenya,Negatif
Kerina Priscilia,4,2025-12-26 17:31:29,Wuthering Waves,Please fix the network because it often shows red and yellow.,tolong tetap sebuah network karena it often shows red dan yellow,Negatif
Kevin Richardo,1,2025-12-26 16:34:19,Wuthering Waves,Woy botak game loh kenapa sih haaa kok loading kok lama banget sumpah tolong lah di perbaiki lagi dong game yg game pelit GACHA GAK DAPET² GG,woy botak game loh kenapa sih haaa kok loading kok lama sekali sumpah tolong lah di perbaiki lagi dong game yang game pelit undian tidak dapet² gg,Negatif
Sey Salehudin,2,2025-12-26 16:10:08,Wuthering Waves,ga ngerti bahasa Inggris,tidak ngerti bahasa inggris,Negatif
Andika Putra,3,2025-12-26 16:04:33,Wuthering Waves,"Tolong segera untuk dioptimalisasi game nya karena ukuran nya sudah mencapai ± 50gb di mobile, dan kalau bisa fitur hapus resource harus bisa menghapus lebih banyak resource yang tidak dipakai.",tolong segera untuk dioptimalisasi game nya karena ukuran nya sudah mencapai gb di mobile dan kalau bisa fitur hapus resource harus bisa menghapus lebih banyak resource yang tidak dipakai,Negatif
Muhammad Jefri,5,2025-12-26 15:59:55,Wuthering Waves,game santai gak kompe,game santai tidak kompe,Positif
Muhammad Devano,5,2025-12-26 15:43:13,Wuthering Waves,"Karakternya bagus dan menarik saya sangat suka, tapi mungkin tampilan gamenya bisa dipisahkan antara buat PC dan smartphone karena di smartphone kelas medium gamenya suka berat gak seringan kompetitor. Hanya sekedar saran",karakternya bagus dan menarik aku sangat suka tapi mungkin tampilan gamenya bisa dipisahkan antara buat komputer dan smartphone karena di smartphone kelas medium gamenya suka berat tidak seringan kompetitor hanya sekedar saran,Positif
video games,5,2025-12-26 15:38:47,Wuthering Waves,"game bagus dan baik dan kasi bansos banyak lagi aku cinta wuwa, dan aku menyukai mu wahai developer terimakasih sudah membuat game dan aku sangat bersyukur sudah ada game ini membuat hati gembira, dan hemat uang",game bagus dan baik dan kasih hadiah banyak lagi aku cinta wuthering waves dan aku menyukai mu wahai developer terimakasih sudah membuat game dan aku sangat bersyukur sudah ada game ini membuat hati gembira dan hemat uang,Positif
Hatsune Miku,5,2025-12-26 15:31:01,Wuthering Waves,setiap update pasti ad yang baru gk cuma story aj . jadi gk pernah bosen setiap next update . mantap bgt kuro game . semoga next update beneran dpt skin rover .,setiap pembaruan pasti ada yang baru tidak hanya cerita saja jadi tidak pernah bosan setiap lanjut pembaruan mantap banget kuro games game semoga lanjut pembaruan beneran dapat skin rover,Positif
Faridz Bembi Permana,1,2025-12-26 14:16:56,Wuthering Waves,optimalisasi mobile sangat SAMPAH kalo mau nyaingin genshin MOHON BENARKAN OPTIMALISASI NYA sehabis update 3.0 force close terus menerus!!!,optimalisasi mobile sangat sampah kalau mau nyaingin genshin mohon benarkan optimalisasi nya sehabis pembaruan force close terus menerus,Negatif
Akhmad Muharam,1,2025-12-26 14:07:28,Wuthering Waves,"update 3.0 banyak bug dan bikin device cepat panas padahal sebelumnya ga separah ini. tolong untuk lebih dioptimalisasi lg, sekalian size nya juga tolong diperhatikan, kalo banyak masalah gini bikin ga enak main.",pembaruan banyak masalah teknis dan membuat perangkat cepat panas padahal sebelumnya tidak separah ini tolong untuk lebih dioptimalisasi lagi sekalian ukuran nya juga tolong diperhatikan kalau banyak masalah gini membuat tidak enak main,Negatif
DIAN ANSYAH,3,2025-12-26 13:55:16,Wuthering Waves,"ada kendala sedikit mengenai game ini jadi saya masih pemula game ini karena saya kemari karena teman saya, saya liat dia main game ini dan saya bilang bro lu main Wuthering Waves? nah setelah itu saya ikut juga main dan Doawnlod/instal ini game gejala nya disini! saya mau login tapi keluar dari permainan?) kenapa ya bisa gitu.... tolongin jelasin admin/ developer",ada kendala sedikit mengenai game ini jadi aku masih pemula game ini karena aku kemari karena teman aku aku lihat dia main game ini dan aku bilang bro lu main wuthering waves nah setelah itu aku ikut juga main dan doawnlod instal ini game gejala nya disini aku mau masuk tapi keluar dari permainan kenapa ya bisa begitu tolongin jelasin admin developer,Negatif
Haruko Miyuki,5,2025-12-26 13:50:55,Wuthering Waves,makasih bnyk papa kuro,terimakasih banyak papa kuro games,Positif
Badriah Aah,1,2025-12-26 13:11:15,Wuthering Waves,pas login malah keluar Mulu gak bisa login,saat masuk malah keluar terus tidak bisa masuk,Negatif
lucky cristiyanto,5,2025-12-26 12:24:15,Wuthering Waves,game open world yang sangat seru dan game play nya berbeda dengan game open world lain,game buka world yang sangat seru dan game main nya berbeda dengan game buka world lain,Positif
aska Gemilang,5,2025-12-26 12:06:16,Wuthering Waves,makasih udah buat game sebaik ini,terimakasih sudah buat game sebaik ini,Positif
Manga Ku,5,2025-12-26 10:54:48,Wuthering Waves,"sangat menyenangkan main suka, grafis bagus, karakter cantik""",sangat menyenangkan main suka grafis bagus karakter cantik,Positif
Sevin Pn,3,2025-12-26 09:51:04,Wuthering Waves,tolong kasih opsi bahasa indo.mau pakai aplikasi pihak ketiga buat nerjemahin takut ke ban,tolong kasih pilihan bahasa indonesia mau pakai aplikasi pihak ketiga buat nerjemahin takut ke ban,Negatif
Riswan Anggara,5,2025-12-26 09:45:50,Wuthering Waves,"bikin versi cloudnya dong kayak genshin impact,biar yang device nya kurang memadai bisa main juga 😁",membuat versi cloudnya dong seperti genshin impact supaya yang perangkat nya kurang memadai bisa main juga wajah gembira dengan mata bahagia,Negatif
Haerul Kusuma,5,2025-12-26 09:40:12,Wuthering Waves,"setelah update 3.0 ada tutorial quest baru yg gk bisa saya clear malah keluar sendiri terus berkali-kali, tolong di fix, saya sangat menyukai gamenya, semoga tidak berhenti karena bug dari device yang kurang",setelah pembaruan ada tutorial misi baru yang tidak bisa aku clear malah keluar sendiri terus berkali kali tolong di tetap aku sangat menyukai gamenya semoga tidak berhenti karena masalah teknis dari perangkat yang kurang,Negatif
Toni,1,2025-12-26 09:11:28,Wuthering Waves,"berat banget woi patch baru, udah gk playable di mobile ini mah 🥲",berat sekali woi pembaruan baru sudah tidak playable di mobile ini mah wajah tersenyum dengan air mata,Negatif
Muhammad Husnan,5,2025-12-26 09:01:38,Wuthering Waves,LUARBIASA BANGET,luarbiasa sekali,Positif
Akhdan Hasbi,5,2025-12-26 08:31:03,Wuthering Waves,"game nya nyaman, grafik Hd, karakternya cantik cantik lagi, pengen deh nikahin Robin imut soalnya",game nya nyaman grafik hd karakternya cantik cantik lagi ingin deh nikahin robin imut soalnya,Positif
Iwantz,2,2025-12-26 08:25:38,Wuthering Waves,50gb untuk mobile di patch terakhir ini? ayolah... 🙃,gb untuk mobile di pembaruan terakhir ini ayolah wajah terbalik,Negatif
Luqman Al Hakim,1,2025-12-26 08:07:22,Wuthering Waves,udh 3 kali ngeframe pas lgi battle,sudah kali ngeframe saat lagi battle,Negatif
Sholichul Hadi,5,2025-12-26 08:02:05,Wuthering Waves,sasuga goldenboy... ini sebenernya developer segabut apa coba? hampir semua permintaan player(bahkan yang aneh-aneh pun) satu persatu diturutin bjir... aga laen emang kuro bikin ini game🗿,sasuga goldenboy ini sebenernya developer segabut apa coba hampir semua permintaan player bahkan yang aneh aneh pun satu persatu diturutin bjir aga laen memang kuro games membuat ini game moai,Positif
Wulangsya JotaRangga,2,2025-12-26 07:25:38,Wuthering Waves,"tolong kenapa pas mau quest selalu nge stuck, kadamg ngebug dan ga bisa mulai dari awal, tolong perbaiki, saya ga bisa ekplor kalau questnya belum selesai",tolong kenapa saat mau misi selalu nge stuck kadamg ngebug dan tidak bisa mulai dari awal tolong perbaiki aku tidak bisa ekplor kalau questnya belum selesai,Negatif
Aziz Firmansyah,5,2025-12-26 07:08:41,Wuthering Waves,"Game nya seru, komunitas nya ramah, setiap patch selalu improve, selalu mendengarkan keluh kesah player wuthering waves is the best game 2025. tapi apakah kuro berkenan untuk menambahkan Bahasa Indonesia ke dalam game nya? Saya sangat terbantu bila kuro menerapkan bahasa Indonesia pada game nya, dan juga saya ingin berkenan jika ada player yg memakai config untuk membuat game nya jadi lebih lancar, jangan mem blokir/ban akun player tersebut. Sekian dari saya terimakasih ☺️ 🙏",game nya seru komunitas nya ramah setiap pembaruan selalu improve selalu mendengarkan keluh kesah player wuthering waves adalah sebuah terbaik game tapi apakah kuro games berkenan untuk menambahkan bahasa indonesia ke dalam game nya aku sangat terbantu bila kuro games menerapkan bahasa indonesia pada game nya dan juga aku ingin berkenan jika ada player yang memakai config untuk membuat game nya jadi lebih lancar jangan mem blokir ban akun player tersebut sekian dari aku terimakasih wajah tersenyum melipat tangan,Positif
Muhamad Faris Effendi,2,2025-12-26 06:56:47,Wuthering Waves,"Habis update game jadi ga optimal, lag dan crash terus",habis pembaruan game jadi tidak optimal patah patah dan tabrak terus,Negatif
Satria Fu,5,2025-12-26 06:49:11,Wuthering Waves,game nya dah bagus tapi pas mau selesaikan misi tutorial Quest yang baru tiba tiba frezee gak mau gerak tolong segera di perbaiki,game nya sudah bagus tapi saat mau selesaikan misi tutorial misi yang baru tiba tiba frezee tidak mau gerak tolong segera di perbaiki,Negatif
Muhammad Agil Masruri,4,2025-12-26 06:39:46,Wuthering Waves,"ada bug di update acara terbaru saat mengerjakan quest menaiki motor. saat dimainkan pada sesi tersebut, game ngefreeze",ada masalah teknis di pembaruan acara terbaru saat mengerjakan misi menaiki motor saat dimainkan pada sesi tersebut game ngefreeze,Negatif
Fadil voldigoad,1,2025-12-26 06:22:54,Wuthering Waves,mohon untuk developer nya kok saya patah patah yah padahl ram tersisa 310 gb dan jaringan lancar mohon diperbaiki,mohon untuk developer nya kok aku patah patah yah padahl memori tersisa gb dan jaringan lancar mohon diperbaiki,Negatif
Ubi cilembu,5,2025-12-26 05:43:30,Wuthering Waves,SERUUU,seruuu,Positif
Anas Sholikhin,5,2025-12-26 05:15:57,Wuthering Waves,coba ah,coba ah,Positif
Ndra Irawan,3,2025-12-26 05:11:32,Wuthering Waves,"semenjak update 3.0 banyak terjadi crash pada permainan,",semenjak pembaruan banyak terjadi tabrak pada permainan,Negatif
Itsu Fuby,5,2025-12-26 04:59:20,Wuthering Waves,"game ini sangat baik,bagus bijakk,dan sangat baik,saya sangat suka game ini",game ini sangat baik bagus bijakk dan sangat baik aku sangat suka game ini,Positif
Alby 12,4,2025-12-26 04:25:18,Wuthering Waves,ini kok kenapa ya ruang penyimpanan masih banyak tapi pas download update terbaru ga bisa download padahal udah klik continue minta di perbaiki kuro,ini kok kenapa ya ruang penyimpanan masih banyak tapi saat unduh pembaruan terbaru tidak bisa unduh padahal sudah klik continue minta di perbaiki kuro games,Negatif
botolnya Nrealt,1,2025-12-26 04:11:32,Wuthering Waves,optimalisasi sangat buruk,optimalisasi sangat buruk,Negatif
Refan Flf,3,2025-12-26 04:05:47,Wuthering Waves,"Pas update 3.0 ini, saya lanjutin story saya di bagian cartethyia lawan echo Lupa, trs pas lgi story sering nge-crash keluar sendiri pas mke skill terbaru tune break,mungkin karna itu skill baru yg ditambahkan dan saya lgi main story 2.4 jdi blum ke trigger skill nya di story lama, pdahal klo lgi tdk main story bisa bisa saja mke skill tune break, tolong kuro games benerin bug ini 🙏🏼, sama tolong kecilkan sedikit ukuran game nya saya main pke HP redmi note 13 pro ram 12 masih sdikit lag 😅",saat pembaruan ini aku lanjutin cerita aku di bagian cartethyia lawan echo lupa terus saat lagi cerita sering nge tabrak keluar sendiri saat mke skill terbaru tune break mungkin karena itu skill baru yang ditambahkan dan aku lagi main cerita jadi blum ke trigger skill nya di cerita lama padahal kalau lagi tidak main cerita bisa bisa saja mke skill tune break tolong kuro games games benerin masalah teknis ini melipat tangan warna kulit cerah sedang sama tolong kecilkan sedikit ukuran game nya aku main pke handphone redmi note pro memori masih sdikit patah patah wajah tersenyum lebar dan berkeringat,Negatif
Baka Vann,1,2025-12-26 04:04:34,Wuthering Waves,"Astaghfirullah, hei bung, updatenya kalo bisa jangan seperti download ulang, ringankan lah versi mobile, itu saja saran kritik dariku bung",astaghfirullah hei bung updatenya kalau bisa jangan seperti unduh ulang ringankan lah versi mobile itu saja saran kritik dariku bung,Negatif
Aldo Aldo,5,2025-12-26 03:35:23,Wuthering Waves,game seru wak rugi ga download,game seru wak rugi tidak unduh,Positif
Shiraishi Urara,4,2025-12-26 03:08:46,Wuthering Waves,seteh update lah parah ..,seteh pembaruan lah parah,Negatif
H D,1,2025-12-26 02:58:27,Wuthering Waves,"Tidak ada sub Indonesia nya, masih ada bug setelah update 3.0",tidak ada sub indonesia nya masih ada masalah teknis setelah pembaruan,Negatif
Nawaf Nabilah,5,2025-12-26 02:55:25,Wuthering Waves,"sejak update lahai roi jadi makin parah, sering nge frame, sering force close padahal settingan udah low masih aja susah padahal sebelum update grafik high masih aman-aman aja",sejak pembaruan lahai roi jadi makin parah sering nge frame sering force close padahal settingan sudah low masih saja susah padahal sebelum pembaruan grafik high masih aman aman saja,Negatif
Debi Pranatania,2,2025-12-26 02:48:56,Wuthering Waves,"please fix your storage issue kuro, as a mobile player i can't play ur game anymore.",tolong tetap your penyimpanan issue kuro games sebagai a mobile player i dapat t main ur game anymore,Negatif
Randa Randa,5,2025-12-26 02:39:21,Wuthering Waves,"untung developer,jinshi mana Mulu dah.gua mau gacha jinshi",untung developer jinshi mana terus sudah saya mau undian jinshi,Positif
Muh Yusril,5,2025-12-26 02:32:05,Wuthering Waves,"game nya bagus. tapi kok setelah di update apk nya keluar paksa terus, itu kita2 kenapa ya?",game nya bagus tapi kok setelah di pembaruan apk nya keluar paksa terus itu kita kenapa ya,Negatif
Ahwan Syah,5,2025-12-26 02:11:03,Wuthering Waves,"buat wuwa untuk sementara gua uninstall dulu makasih buat kuro udah bikin game sebagus ini... tapi gua janji kalo gua dah ada device yg mumpuni gua pasti balik maen, buat sekarang sampai jumpa dulu🙂",buat wuthering waves untuk sementara saya uninstall dulu terimakasih buat kuro games sudah membuat game sebagus ini tapi saya janji kalau saya sudah ada perangkat yang mumpuni saya pasti balik main buat sekarang sampai jumpa dulu wajah agak tersenyum,Positif
Ega Reyking,5,2025-12-26 01:58:00,Wuthering Waves,hahah aku harus pensiun main game nya karena device ku sudah tidak mampu buat update game nya 😭,hahah aku harus pensiun main game nya karena perangkat ku sudah tidak mampu buat pembaruan game nya wajah menangis keras,Negatif
Rizky Rama,5,2025-12-26 01:56:49,Wuthering Waves,storage hp bengkak musti pake PC biar aman tapi ok sih,penyimpanan handphone bengkak musti pakai komputer supaya aman tapi ok sih,Negatif
Pecinta Alam,4,2025-12-26 01:46:31,Wuthering Waves,sizenya gede bngttt anjirr 46 gb full data gemenya,sizenya besar bngttt anjirr gb penuh data gemenya,Negatif
Ferdynand Adinata,5,2025-12-26 01:26:40,Wuthering Waves,"gacor bet sebagai game mobile, sayang banget kalah tga 2025, semoga next dapet",gacor sekali sebagai game mobile sayang sekali kalah tga semoga lanjut dapat,Positif
lmao ngap,5,2025-12-26 01:14:49,Wuthering Waves,"3.0 force close saat download resource! tidak ada app background yang berjalan, tapi tetap saja force close setiap sekian menit! but it's alright, game-nya berjalan smooth tanpa force close setelah berhasil download resource👍",force close saat unduh resource tidak ada aplikasi background yang berjalan tapi tetap saja force close setiap sekian menit but it s alright game nya berjalan smooth tanpa force close setelah berhasil unduh resource jempol ke atas,Negatif
Hirohito,5,2025-12-26 00:46:07,Wuthering Waves,gw main dari awal rilis sampe sekarang... tetep enjoy aja nikmatin alur nya.. walaupun sekali update makan banyak ruang penyimpanan,saya main dari awal rilis sampai sekarang tetap nikmat saja nikmatin alur nya walaupun sekali pembaruan makan banyak ruang penyimpanan,Positif
Nawawi Polo,1,2025-12-26 00:38:14,Wuthering Waves,pity nya dikondisikan pler,jaminan gacha nya dikondisikan pler,Negatif
Wolter And Wilti,3,2025-12-26 00:25:22,Wuthering Waves,"Suka sih design nya, Tapi Lore nya Gak ada, Kalau ini mah Yang suka Combat nya Cepat dan Story telling nya juga. rekomendasi Jika ada yang suka itu, Tapi bagi saya sebagai penyuka Lore, Saya gak rekomendasi karena setiap update gak ada Koneksi untuk semua region nya. seperti mereka bisa ubah Lore nya sesuka mereka. Tapi beneran rekomendasi kalau suka story telling bukan Lore.",suka sih design nya tapi lore nya tidak ada kalau ini mah yang suka combat nya cepat dan cerita telling nya juga rekomendasi jika ada yang suka itu tapi bagi aku sebagai penyuka lore aku tidak rekomendasi karena setiap pembaruan tidak ada koneksi untuk semua region nya seperti mereka bisa ubah lore nya sesuka mereka tapi beneran rekomendasi kalau suka cerita telling bukan lore,Negatif
Arba Safwan,5,2025-12-26 00:12:22,Wuthering Waves,kenyang bansos,kenyang hadiah,Positif
Ghaza Al Ghifari,3,2025-12-26 00:00:29,Wuthering Waves,"tolong saya main di samsung S24 FE kenapa suka out sendiri gamenya, bahkan tiap main 5 menit tbtb out, padahal jaringan lancar. tolong diperbaiki",tolong aku main di samsung s fe kenapa suka keluar sendiri gamenya bahkan tiap main menit tbtb keluar padahal jaringan lancar tolong diperbaiki,Negatif
Ramadhan Al qadri,5,2025-12-25 23:55:15,Wuthering Waves,"Tak bosan bosan, aku menyebut game PEAK!",tidak bosan bosan aku menyebut game peak,Positif
Ai M,4,2025-12-25 23:19:22,Wuthering Waves,"sedikit saran -tambahin bahasa Indonesia, karna gk semua orng Indonesia ngerti bahasa Inggris -banyakin karakter cwo jangan cwe trs -adain apk wuthering waves cloud biar yg hpnya kentang tpi pengen main bisa main di wuwa cloud itu (kan klo ada top-up nya juga kalian yg untung) jdi tolong adain ya karna kami butuh banget oke, kami tunggu",sedikit saran tambahkan bahasa indonesia karena tidak semua orang indonesia ngerti bahasa inggris banyakin karakter cwo jangan cwe terus adain apk wuthering waves cloud supaya yang hpnya spesifikasi rendah tapi ingin main bisa main di wuthering waves cloud itu kan kalau ada top atas nya juga kalian yang untung jadi tolong adain ya karena kami butuh sekali oke kami tunggu,Negatif
Muhammad Fiqran Din Nur Taslim,5,2025-12-25 23:15:32,Wuthering Waves,Keren banget. Terutama gameplay dan grafiknya. Serta Fitur explorasinya yang sudah bervariasi tiap wilayah. Nggak nyesel gua main dari rilis pertama. walaupun sempat bug di awal banyak. Tapi tim Kuro berusaha improve. 👏🏻👏🏻👏🏻😤,keren sekali terutama permainan dan grafiknya serta fitur explorasinya yang sudah bervariasi tiap wilayah tidak nyesel saya main dari rilis pertama walaupun sempat masalah teknis di awal banyak tapi grup kuro games berusaha improve tepuk tangan warna kulit cerah tepuk tangan warna kulit cerah tepuk tangan warna kulit cerah wajah bersungguh sungguh,Positif
Bylusky,5,2025-12-25 21:27:52,Wuthering Waves,terbaik 👍,terbaik jempol ke atas,Positif
Alal Kahfi,2,2025-12-25 20:53:10,Wuthering Waves,"gila baru juga main kemaren habis download 24,7 G sekarang mau maen langsung di sodorin update 0,94 G Terus disuruh download lagi 25,3 G (GILA GILA 🤬🤬🤬🤬🤬🤬🤬)",gila baru juga main kemarin habis unduh tidak sekarang mau main langsung di sodorin pembaruan tidak terus disuruh unduh lagi tidak gila gila wajah dengan simbol pada mulut wajah dengan simbol pada mulut wajah dengan simbol pada mulut wajah dengan simbol pada mulut wajah dengan simbol pada mulut wajah dengan simbol pada mulut wajah dengan simbol pada mulut,Negatif
TOMI SANJAYA,5,2025-12-25 19:57:35,Wuthering Waves,game baik😁,game baik wajah gembira dengan mata bahagia,Positif
Maros Adi,1,2025-12-25 18:55:40,Wuthering Waves,"mulai jadi game pembunuh storage,,space udh memadai masih disuruh hapus lagi",mulai jadi game pembunuh penyimpanan penyimpanan sudah memadai masih disuruh hapus lagi,Negatif
Ahmad Ridha,5,2025-12-25 18:51:44,Wuthering Waves,Absolutely Cinema 👏🏻👏🏻👏🏻 tiap update makin improve gamenya Terimakasih Kurogames telah membuat game terbaik Wuthering Waves 👍🏻👍🏻👍🏻,absolutely cinema tepuk tangan warna kulit cerah tepuk tangan warna kulit cerah tepuk tangan warna kulit cerah tiap pembaruan makin improve gamenya terimakasih kurogames telah membuat game terbaik wuthering waves jempol ke atas warna kulit cerah jempol ke atas warna kulit cerah jempol ke atas warna kulit cerah,Positif
Ryze,1,2025-12-25 18:04:48,Wuthering Waves,"Game tolol , optimasi game nya makin busuk , tolong lebih niat lagi optimasi game nya, gw ga peduli mau engine lu apa tapi kalau ga bisa optimasi dengan baik ya tetap aja ampas, makin ke sinih makin parah game nya dah masalah optimasi game nya makin tidak di pedulikan. gw bukan buzzer hoyo ya, game yg gw mainin cuman dari kurogames doang jujur gw kecewa banget nih developer makin ga becus untuk optimalisasi game nya, Rendering nya aja buruk banget,ga usah nyalahin hp kentang,game nya aja busuk",game bodoh optimasi game nya makin busuk tolong lebih niat lagi optimasi game nya saya tidak peduli mau engine lu apa tapi kalau tidak bisa optimasi dengan baik ya tetap saja jelek makin ke sinih makin parah game nya sudah masalah optimasi game nya makin tidak di pedulikan saya bukan buzzer hoyo ya game yang saya mainin cuma dari kurogames saja jujur saya kecewa sekali ini developer makin tidak becus untuk optimalisasi game nya rendering nya saja buruk sekali tidak usah nyalahin handphone spesifikasi rendah game nya saja busuk,Negatif
Chairil Rusdy Official (Chairil rusdy),5,2025-12-25 17:29:25,Wuthering Waves,seru,seru,Positif
Muhammad Fadhil adyaksa,5,2025-12-25 17:24:56,Wuthering Waves,"update client yang sekarang KOK GEDE BANGET OIII! HP GUA UDH KEBANYAKAN GAME MASSA HRS GUA HAPUS SIHH.. perasaan genshin update client kecil,zzz juga,LAH INI KOK GEDE BUENER KURO TULUNGLAH CLIENT DOANG LOOO...",pembaruan klien yang sekarang kok besar sekali oiii handphone saya sudah kebanyakan game massa harus saya hapus sihh perasaan genshin pembaruan klien kecil zzz juga lah ini kok besar buener kuro games tulunglah klien saja looo,Negatif
Zyon,5,2025-12-25 17:17:21,Wuthering Waves,Sub Indonesia,sub indonesia,Positif
Virda Annisa,5,2025-12-25 17:11:46,Wuthering Waves,bagus,bagus,Positif
Reyhan Isyraf Yasid,5,2025-12-25 17:02:00,Wuthering Waves,terimakasih kuro 😭😭🙏🏿,terimakasih kuro games wajah menangis keras wajah menangis keras melipat tangan warna kulit gelap,Positif
Ahmad fauzy Zulkarnaen,1,2025-12-25 16:09:51,Wuthering Waves,maaf banget ya pihak kuro game semenjak update 3.0 ini optimalisasi nya makin jelek dan parah🙏 kalo bisa optimalisasi nya di buat lebih bagus lagi ya🙏,maaf sekali ya pihak kuro games game semenjak pembaruan ini optimalisasi nya makin jelek dan parah melipat tangan kalau bisa optimalisasi nya di buat lebih bagus lagi ya melipat tangan,Negatif
Fachri Alzufri,1,2025-12-25 16:07:48,Wuthering Waves,sekalinya update langsung melebihi genshin impact,sekalinya pembaruan langsung melebihi genshin impact,Negatif
Tommywilliam Lim,5,2025-12-25 15:56:08,Wuthering Waves,keren,keren,Positif
Irvan,5,2025-12-25 15:20:55,Wuthering Waves,"game open world mobile terbaik the real genshin killer.gacha nya juga udh pasti dapet seperti di banner nya, bansos nya banyak udh gak bakal bingung lagi event nya seru².optimalisasi udh lancar tapi di ping nya agak ngaruh kalo tiba² ping nya merah lag.update terbaru ngambil storage 86,6GB wah untuk game mobile sih",game buka world mobile terbaik sebuah nyata genshin killer undian nya juga sudah pasti dapat seperti di banner nya hadiah nya banyak sudah tidak akan bingung lagi acara nya seru² optimalisasi sudah lancar tapi di ping nya agak ngaruh kalau tiba² ping nya merah patah patah pembaruan terbaru ngambil penyimpanan gb wah untuk game mobile sih,Positif
Chelsea _Imanuella,5,2025-12-25 15:13:46,Wuthering Waves,CINTA DEH SAMA KUROO,cinta deh sama kuroo,Positif
Ridwan Smith,5,2025-12-25 14:53:56,Wuthering Waves,tiap kali upgrade gede bget 17 GB.. yg di perkampungan sinyal ngempot wkwkwk,tiap kali upgrade besar bget gb yang di perkampungan jaringan ngempot wkwkwk,Negatif
Raka Atha Dipa,5,2025-12-25 14:44:53,Wuthering Waves,main dari awal rilis terus tinggalin sekarang main lagi dan cukup seru sih,main dari awal rilis terus tinggalin sekarang main lagi dan cukup seru sih,Negatif
Um Da,5,2025-12-25 14:35:49,Wuthering Waves,"bagus si game nya tapi update 3.0 perlu 70 gb device ku ga bisa handle,jadi ya bye² wuwa ak udh pensi,makasih pengalamnnya selama 2 tahun 🫡",bagus si game nya tapi pembaruan perlu gb perangkat ku tidak bisa handle jadi ya bye² wuthering waves aku sudah berhenti main terimakasih pengalamnnya selama tahun wajah memberi hormat,Negatif
hanif idham,5,2025-12-25 14:20:37,Wuthering Waves,mantap,mantap,Positif
Thony Azis,1,2025-12-25 14:14:51,Wuthering Waves,game jelek,game jelek,Negatif
Lizar Samtidar,5,2025-12-25 14:05:51,Wuthering Waves,Game terbaik,game terbaik,Positif
hanase sotaa,5,2025-12-25 13:56:41,Wuthering Waves,gem terbail sepanjang masa semoga diberi b5 limited low pull,gem terbail sepanjang masa semoga diberi b limited low pull,Positif
deodatusrevitoaryasena,5,2025-12-25 13:54:30,Wuthering Waves,game baik :^),game baik,Positif
Ibam Gamer,3,2025-12-25 13:44:03,Wuthering Waves,tolonglah kuro... aku cuman mau download data dalam wuwa aja selalu force close mulu dah... Tolong pikirkan komunitas gaming mobile juga,tolonglah kuro games aku cuma mau unduh data dalam wuthering waves saja selalu force close terus sudah tolong pikirkan komunitas gaming mobile juga,Negatif
Alex-_,3,2025-12-25 13:42:09,Wuthering Waves,bug!! update versi 3.0 gabisa donwload data padahal sudah di tekan continue,masalah teknis pembaruan versi gabisa donwload data padahal sudah di tekan continue,Negatif
Rifaldi3 Prayogi,5,2025-12-25 13:37:57,Wuthering Waves,game keren!!!!,game keren,Positif
KYO KUSANAGI,3,2025-12-25 13:12:00,Wuthering Waves,game ini bagus tapi memori terlalu banyak sekitar 90 GB saat mendownload data tersebut nanti 3.1 diusahakan untuk mengecilkan memori seperti 31 GB perangkat saat download game tersebut agar pemain dengan perangkat memori rendah agar bisa bermain lebih berpengalaman dan mudah tidak patah atau bisa ada fitur penghapusan data saat story sudah selesai agar bisa memori jadi lebih berkurang,game ini bagus tapi penyimpanan terlalu banyak sekitar gb saat mendownload data tersebut nanti diusahakan untuk mengecilkan penyimpanan seperti gb perangkat saat unduh game tersebut agar pemain dengan perangkat penyimpanan rendah agar bisa bermain lebih berpengalaman dan mudah tidak patah atau bisa ada fitur penghapusan data saat cerita sudah selesai agar bisa penyimpanan jadi lebih berkurang,Negatif
NotFound Gmail,1,2025-12-25 12:47:26,Wuthering Waves,"content end game lu yang baru susah konbaik, kurang kurangin dah kyk gitu game konbaik.",content akhir game lu yang baru susah konbaik kurang kurangin sudah seperti begitu game konbaik,Negatif
Baalダニ,5,2025-12-25 12:41:42,Wuthering Waves,gacor kang🤑🤑🤑🤑🤑🤑,gacor kang wajah materialistis wajah materialistis wajah materialistis wajah materialistis wajah materialistis wajah materialistis,Positif
bunga,5,2025-12-25 11:57:03,Wuthering Waves,"developer, tolong ini kenapa yaa setiap mau download data wuwanya selalu error, yang ngecrash, tiba-tiba keluar sendiri, kadang ad notif sistem download gagal. padahal device yang saya gunain masih aman. udah saya coba restart, unistal, instal lagi tapi masih tetep aja gagal buat download data. apakah ada solusi buat perbaikinnya?",developer tolong ini kenapa yaa setiap mau unduh data wuwanya selalu gangguan yang ngecrash tiba tiba keluar sendiri kadang ada pemberitahuan sistem unduh gagal padahal perangkat yang aku gunain masih aman sudah aku coba restart unistal instal lagi tapi masih tetap saja gagal buat unduh data apakah ada solusi buat perbaikinnya,Negatif
Agung,5,2025-12-25 11:30:23,Wuthering Waves,gak kikir,tidak pelit,Positif
Somad Keluarga,5,2025-12-25 11:30:22,Wuthering Waves,Saat mengunduh bagian dalam saya sering force close atau aplikasi suka tertutup sendiri. Hal ini mengakibatkan saya tidak bisa melanjutkan download kira-kira kenpa ya??,saat mengunduh bagian dalam aku sering force close atau aplikasi suka tertutup sendiri hal ini mengakibatkan aku tidak bisa melanjutkan unduh kira kira kenpa ya,Negatif
Ratna Kurnia,5,2025-12-25 11:17:29,Wuthering Waves,seru..... ceuk aku mah teuing mun ceuk batur,seru ceuk aku mah teuing mun ceuk batur,Positif
Yt Agus Official,1,2025-12-25 11:09:52,Wuthering Waves,game qmpas gacha ampas,game qmpas undian jelek,Negatif
Zhao Muxi,5,2025-12-25 10:51:05,Wuthering Waves,gue suka kasih bintang full udah itu aja gak perlu komen banyak capek ngetik wkwkwk,aku suka kasih bintang penuh sudah itu saja tidak perlu komen banyak kesal ngetik wkwkwk,Positif
Saifullah Salim,5,2025-12-25 10:46:48,Wuthering Waves,sehat² game baik,sehat² game baik,Positif
Muhammad Habibie,5,2025-12-25 10:34:12,Wuthering Waves,game ini sudah semakin bagus aku juga pindah game sebelah ke game ini kalian juga wajib download klo ga kata gw nyesel makasih,game ini sudah semakin bagus aku juga pindah game sebelah ke game ini kalian juga wajib unduh kalau tidak kata saya nyesel terimakasih,Positif
RIFKISME,4,2025-12-25 10:26:50,Wuthering Waves,"Game nya udah bagus banget, tapi optimalisasi baik gameplay-nya, grafik, bug, sama jaringan yang menurut saya lebih baik di optimalkan lagi, selebihnya udah bagus kok. pls kalo update 3.0 atau 4.0 jangan besar besar amat",game nya sudah bagus sekali tapi optimalisasi baik permainan nya grafik masalah teknis sama jaringan yang menurut aku lebih baik di optimalkan lagi selebihnya sudah bagus kok tolong kalau pembaruan atau jangan besar besar sekali,Positif
Heru Ismanto,3,2025-12-25 09:42:12,Wuthering Waves,versi 3.0 gameplay tidak ramah ke pengguna mobile👎,versi permainan tidak ramah ke pengguna mobile jempol ke bawah,Negatif
Doni Outro,1,2025-12-25 09:39:58,Wuthering Waves,habis update 3.0 main forced close mulu.mau di android atau di iPhone .parah bgt.,habis pembaruan main forced close terus mau di android atau di iphone parah banget,Negatif
Hilal Alexandra,5,2025-12-25 09:34:06,Wuthering Waves,good,good,Positif
IKVV PUNK,5,2025-12-25 09:31:02,Wuthering Waves,bagus berkualitas tinggi,bagus berkualitas tinggi,Positif
zia ulhaq,1,2025-12-25 09:08:37,Wuthering Waves,game pelit player baru gacha aj udh langsung kalah di banner limited parah banget gini harusny menang untuk pertama kali main gimana mau dapat kesenangan ketika gacha dapat warna emas eh dapat chalcaro apaan dah game pelit kikir gk beda jauh sma gensin sma sama pelit udh kecewa bngt sma ni game gk nyangka orng baru main aj diginiin apalagi udh lama main.,game pelit player baru undian saja sudah langsung kalah di banner limited parah sekali gini harusny menang untuk pertama kali main gimana mau dapat kesenangan ketika undian dapat warna emas eh dapat chalcaro apaan sudah game pelit pelit tidak beda jauh sma gensin sma sama pelit sudah kecewa sekali sma ini game tidak nyangka orang baru main saja diginiin apalagi sudah lama main,Negatif
pelangi zk,1,2025-12-25 09:06:43,Wuthering Waves,pensi pensi setelah update ngeleg parah,berhenti main berhenti main setelah pembaruan ngeleg parah,Negatif
Savrel,5,2025-12-25 09:05:24,Wuthering Waves,makasih game baik gak seperti sebelah dev budeg,terimakasih game baik tidak seperti sebelah dev tuli,Positif
Rayhan Rahmadhani,5,2025-12-25 09:00:26,Wuthering Waves,sangat keren tapi tolong kalau update jangan besar betul ukurannya kalo bisa dikompres sekecilnya dari saya awal main selalu pra unduh serasa download baru,sangat keren tapi tolong kalau pembaruan jangan besar betul ukurannya kalau bisa dikompres sekecilnya dari aku awal main selalu pra unduh serasa unduh baru,Positif
Frida Mutria Defi,5,2025-12-25 08:55:46,Wuthering Waves,"story bagus. event juga bagus, cara bertarung nya juga seru, tapi sayang device gak kuat lagi di uptade sekarang dan terpaksa pensi, kapan kapan main lagi kalo udh beli device baru.",cerita bagus acara juga bagus cara bertarung nya juga seru tapi sayang perangkat tidak kuat lagi di uptade sekarang dan terpaksa berhenti main kapan kapan main lagi kalau sudah beli perangkat baru,Positif
Yuanqi,5,2025-12-25 08:51:13,Wuthering Waves,Sebelumnya ak udah main PGR dan ternyata setelah lama hiatus dari dunia game dan ketemu berita Wuwa bakal rilis itu bener bener udah excited karena menurutku gameplay mereka unik. Walau awal perilisan memang agak kacau tapi Developer bener-bener berusaha keras buat optimal game mereka.. dan sampai sekarang aku main ini game makin hari makin terkesima sama proyek game ini..,sebelumnya aku sudah main pgr dan ternyata setelah lama hiatus dari dunia game dan ketemu berita wuthering waves akan rilis itu benar benar sudah semangat karena menurutku permainan mereka unik walau awal perilisan memang agak kacau tapi developer benar benar berusaha keras buat optimal game mereka dan sampai sekarang aku main ini game makin hari makin terkesima sama proyek game ini,Positif
Wan Muhammad Reyhandika,3,2025-12-25 08:47:28,Wuthering Waves,"Secara teknis ini game PC yang di port ke android, tentu untuk pengalaman terbaik yaitu bermain di PC. Belum lagi system requirements minimumnya juga berat. Susah untuk memainkannya jika mengandalkan device rendah, perlu device besar dan mahal. Mau kamu mengakalinya juga tidak bisa. Intinya ini game mahal bro😅, bukan harga game tetapi harga device.",secara teknis ini game komputer yang di port ke android tentu untuk pengalaman terbaik yaitu bermain di komputer belum lagi system requirements minimumnya juga berat susah untuk memainkannya jika mengandalkan perangkat rendah perlu perangkat besar dan mahal mau kamu mengakalinya juga tidak bisa intinya ini game mahal bro wajah tersenyum lebar dan berkeringat bukan harga game tetapi harga perangkat,Negatif
V-RUS,5,2025-12-25 08:23:24,Wuthering Waves,walaupun tiap update gede nya gak ngotak tapi sepadan ama isi nya. makasih kuro ireng 👍,walaupun tiap pembaruan besar nya tidak ngotak tapi sepadan sama isi nya terimakasih kuro games ireng jempol ke atas,Positif
Fauzi Fauzi,5,2025-12-25 08:11:30,Wuthering Waves,"tapi permasalahannya setiap update selalu memiliki penyimpanan yg cukup besar, mohon segera didengar. walaupun scr gameplay cukup bagus tapi secara penyimpanan di mobile terlalu besar, ini menjadi kendala yg cukup penting. soalnya jika terus terjadi akan banyak seiring waktu para pemain akan tidak ingin bermain lagi. soalnya banyak pengguna HP mobile tidak cukup memiliki penyimpanan yg cukup tolong dijawab development.",tapi permasalahannya setiap pembaruan selalu memiliki penyimpanan yang cukup besar mohon segera didengar walaupun secara permainan cukup bagus tapi secara penyimpanan di mobile terlalu besar ini menjadi kendala yang cukup penting soalnya jika terus terjadi akan banyak seiring waktu para pemain akan tidak ingin bermain lagi soalnya banyak pengguna handphone mobile tidak cukup memiliki penyimpanan yang cukup tolong dijawab development,Negatif
RBP,5,2025-12-25 07:51:43,Wuthering Waves,tengkyuu,tengkyuu,Positif
fajri akatsuki,5,2025-12-25 07:47:20,Wuthering Waves,keren,keren,Positif
Muhammad Yanto,5,2025-12-25 07:39:08,Wuthering Waves,Keren sih...,keren sih,Positif
teguh Rahmad,3,2025-12-25 07:32:07,Wuthering Waves,"game ini ngelaaag, sering close program, padahal device ku udah standar loh, tapi masih aja kenak close program",game ini ngelaaag sering close program padahal perangkat ku sudah standar loh tapi masih saja kenak close program,Negatif
Rama Satria,5,2025-12-25 07:29:32,Wuthering Waves,GILA F2P PARAH,gila fp parah,Positif
School Rider,5,2025-12-25 06:41:31,Wuthering Waves,sangat susah bagi pemula. terutama Ascension Phase dan Battle Boss. Dogde sangat susah. Game harusnya bikin rileks malah stres.,sangat susah bagi pemula terutama ascension phase dan battle bos dogde sangat susah game harusnya membuat rileks malah stress,Negatif
Wildan Al hafidz,5,2025-12-25 06:22:37,Wuthering Waves,muantep,muantep,Positif
yu-otosaka and ToMoRi,4,2025-12-25 06:12:55,Wuthering Waves,KURO SIZE NYA TURUNIN Gw mau main ga bisa 😭,kuro games ukuran nya turunin saya mau main tidak bisa wajah menangis keras,Negatif
Abdurrahman Bakhid,5,2025-12-25 06:08:38,Wuthering Waves,i love you makasih semoga rate on jangan rate off. hoki bet gweh,i suka kamu terimakasih semoga rate nyala jangan rate mati hoki sekali gweh,Positif
Adzka Samha saufa,5,2025-12-25 06:08:13,Wuthering Waves,game dengan developer yang mencintai game nya,game dengan developer yang mencintai game nya,Positif
Dicky rio,5,2025-12-25 06:06:45,Wuthering Waves,bagus bbgt woy tpi hp gua sesak napas 🙂,bagus bbgt woy tapi handphone saya sesak nafas wajah agak tersenyum,Positif
Liant Tegar,5,2025-12-25 05:58:50,Wuthering Waves,lambat dalam pengerjaan laporan,lambat dalam pengerjaan laporan,Negatif
Valda Khalisha,5,2025-12-25 05:51:18,Wuthering Waves,"gameplay cakep, developer perhatian dan pengertian, event seru, minim bug, cmn design karakter aja yg memang terbuka. tapi sejauh ini masih favorit dan tersayang. Tapi plis Kuro tolong dibenerin penyimpanan nya. ini kalo menyentuh 100gb di mobile, bisa aja mengeliminasi player mobile karena device nya ga kuat",permainan cakep developer perhatian dan pengertian acara seru minim masalah teknis cuma design karakter saja yang memang terbuka tapi sejauh ini masih favorit dan tersayang tapi tolong kuro games tolong dibenerin penyimpanan nya ini kalau menyentuh gb di mobile bisa saja mengeliminasi player mobile karena perangkat nya tidak kuat,Positif
April 4413,5,2025-12-25 05:51:06,Wuthering Waves,game baik,game baik,Positif
Iyar Lokiarsih,1,2025-12-25 05:43:45,Wuthering Waves,terlalu big sizenya untuk update versi 3. gak merhatiin keinginan player yg sebenernya lebih sederhana. dan selamat. versi 3 jadi versi pembuat beberapa player harus pensiun dini.,terlalu big sizenya untuk pembaruan versi tidak merhatiin keinginan player yang sebenernya lebih sederhana dan selamat versi jadi versi pembuat beberapa player harus pensiun dini,Negatif
Mhd Adittia,5,2025-12-25 05:36:40,Wuthering Waves,"akhirnya kedownload juga🥹🥹,waktu awal rilis cuma bisa liat aja,gara2 hp kentang",akhirnya kedownload juga wajah menahan air mata wajah menahan air mata waktu awal rilis hanya bisa lihat saja gara handphone spesifikasi rendah,Positif
Kalinggabintangpertiwi13,5,2025-12-25 05:32:19,Wuthering Waves,gacor 🔥🔥 grafiknya mantep apalagi desain karakternya juga keren keren 🥹🥹🤘,gacor api api grafiknya mantap apalagi desain karakternya juga keren keren wajah menahan air mata wajah menahan air mata lambang tanduk,Positif
Al Rizky,5,2025-12-25 05:31:16,Wuthering Waves,handphone ga kuat aja masih enak look-nya.,handphone tidak kuat saja masih enak look nya,Positif
rama dani,5,2025-12-25 05:14:07,Wuthering Waves,"good game, aku di kasih momi canterella😋",good game aku di kasih momi canterella wajah menikmati,Positif
Cray Exceed (Gy),5,2025-12-25 05:13:24,Wuthering Waves,"Chinematik , Bgm , Story , Event , Hadiah , animasi , effect , grafik , feature , kemudahan explore , Semuanya Udah mantep banget. ❤️",chinematik bgm cerita acara hadiah animasi effect grafik feature kemudahan explore semuanya sudah mantap sekali hati merah,Positif
Arya Kusuma,5,2025-12-25 05:11:05,Wuthering Waves,nice udh grafik bagus visual mantap wifulible nice lah pokoknyaa,baik sudah grafik bagus visual mantap wifulible baik lah pokoknyaa,Positif
Yudho Anggoro,5,2025-12-25 05:09:22,Wuthering Waves,tidak banyak waktu untuk memainkannya,tidak banyak waktu untuk memainkannya,Positif
ARA NAMI,3,2025-12-25 05:06:24,Wuthering Waves,bangke gacha di spam char standar,bangke undian di spam karakter standar,Negatif
Insomnia Dragoonmusicc,5,2025-12-25 05:04:00,Wuthering Waves,"datanya newasin 3 generasi. 32gb,64gb,128gb",datanya newasin generasi gb gb gb,Negatif
Mahiru Shiina,5,2025-12-25 04:52:29,Wuthering Waves,"Kuro Game, Update Game Sudah Sangat Bagus, Tapi Kalau Boleh Tolong Jangan Duplikat Resource Pack Update Yang Baru Dengan Data Yang Dulu, Sebab Storage Saya Kecil, Dan Harus Berulang Balik, Untuk Memadam Data Ketika Update, Please Respon Ulasan Saya Kuro Game!",kuro games game pembaruan game sudah sangat bagus tapi kalau boleh tolong jangan duplikat resource pack pembaruan yang baru dengan data yang dulu sebab penyimpanan aku kecil dan harus berulang balik untuk memadam data ketika pembaruan tolong respon ulasan aku kuro games game,Positif
Agah Yana,5,2025-12-25 04:51:09,Wuthering Waves,game baik,game baik,Positif
Ming Zhuuuq,5,2025-12-25 04:43:04,Wuthering Waves,bagussss bangettt,bagussss sekali,Positif
Sujang huntu,5,2025-12-25 04:42:57,Wuthering Waves,makin keren aja ni game,makin keren saja ini game,Positif
IraOne,5,2025-12-25 04:32:19,Wuthering Waves,"grafiknya, musin, gamplay karakter dandesain karakter keren abis",grafiknya musin gamplay karakter dandesain karakter keren habis,Positif
Kenn Shiki,5,2025-12-25 04:24:02,Wuthering Waves,"bagus banget game nya mulai dari grafik, karakter, story dll. pokonya perfect dah bansos nya juga melimpah",bagus sekali game nya mulai dari grafik karakter cerita dsb pokonya sempurna sudah hadiah nya juga melimpah,Positif
Farras Abiyyu,5,2025-12-25 04:19:45,Wuthering Waves,mantap kali wak,mantap kali wak,Positif
Mang Rizky,5,2025-12-25 04:17:53,Wuthering Waves,game terbaik kuro anak solehh,game terbaik kuro games anak solehh,Positif
Hanz The Honored One,5,2025-12-25 04:17:07,Wuthering Waves,"game baik banyak bansos, i love Kuro mwah mwah mwahhh",game baik banyak hadiah i suka kuro games mwah mwah mwahhh,Positif
Azmi Muhammad,5,2025-12-25 04:01:46,Wuthering Waves,"Terimakasih game baik, dev baik , cinta sama wuthering waves, semoga sukses wuwa,",terimakasih game baik dev baik cinta sama wuthering waves semoga sukses wuthering waves,Positif
Sakti,5,2025-12-25 03:54:35,Wuthering Waves,"Kuro, Lu kalau nambahin bahasa Indonesia pasti mantep si game nya. Cuma selebih nya emang bagus game ini, Dari grafik juga mantep walau kadang fps turun parah banget serta panas hp, Dan end game konten yang lumayan bervariasi ya, Serta Eksplor nya seru dan gampang, Event yang menarik, Dan reward nya ga pelit si kuro. The Best deh, Cuma kuro akalin gimana cara nya biar device yang low bisa main juga kaya saya karena pengen banget grafik rata kanan, tapi ini rata kiri aja masih pnas dan fps low",kuro games lu kalau nambahin bahasa indonesia pasti mantap si game nya hanya selebih nya memang bagus game ini dari grafik juga mantap walau kadang frame per detik turun parah sekali serta panas handphone dan akhir game konten yang lumayan bervariasi ya serta eksplor nya seru dan gampang acara yang menarik dan hadiah nya tidak pelit si kuro games sebuah terbaik deh hanya kuro games akalin gimana cara nya supaya perangkat yang low bisa main juga seperti aku karena ingin sekali grafik rata kanan tapi ini rata kiri saja masih pnas dan frame per detik low,Positif
Albara Dhafir,5,2025-12-25 03:48:42,Wuthering Waves,"NO KIKIR KIKIR, BANYAK BANSOSNYA OMG",no pelit pelit banyak bansosnya tuhan,Positif
Khefin Firmansah,5,2025-12-25 03:47:13,Wuthering Waves,"Terimakasih kuro sudah membuat game sebagus ini sumpah, udahlah banyak bansos, jalan ceritanya unik, character nya keren semua, pokoknya semuanya 10/10, wajib banget sih semuanya buat main game Wuthering waves ini, keren deh pokoknya",terimakasih kuro games sudah membuat game sebagus ini sumpah sudah banyak hadiah jalan ceritanya unik character nya keren semua pokoknya semuanya wajib sekali sih semuanya buat main game wuthering waves ini keren deh pokoknya,Positif
Rifaldi bintang Bramanthio,5,2025-12-25 03:45:05,Wuthering Waves,TERIMAKASIH UNTUK C1 LYNAE NYA KURO....,terimakasih untuk c lynae nya kuro games,Positif
Y- BOT,5,2025-12-25 03:44:14,Wuthering Waves,Design setiap karakter sangat menawannnn✨,design setiap karakter sangat menawannnn berkilau,Positif
Bias Bagaskara,5,2025-12-25 03:40:52,Wuthering Waves,"Game yang selalu berkembang dan selalu mencoba untuk berikan yang terbaik, selalu ingin memperbaiki kesalahan. Big Respect untuk Developer ✨",game yang selalu berkembang dan selalu mencoba untuk berikan yang terbaik selalu ingin memperbaiki kesalahan big hormat untuk developer berkilau,Positif
Riza Fahlani,5,2025-12-25 03:36:18,Wuthering Waves,mantap,mantap,Positif
Adam Latif,5,2025-12-25 03:32:25,Wuthering Waves,walau ngentod tapi ok👍,walau ngentod tapi ok jempol ke atas,Negatif
sesa sesi,5,2025-12-25 03:22:34,Wuthering Waves,"Absolute Cinema. hp saya kentang tapi kuat grafik rata kanan, mana karakter Ama gameplay nya cakep semua. GG sih nih gane",absolute cinema handphone aku spesifikasi rendah tapi kuat grafik rata kanan mana karakter sama permainan nya cakep semua gg sih ini gane,Positif
Nouval Arif,5,2025-12-25 03:19:05,Wuthering Waves,"ini game jujur aja bagus banget.. cuman masalah utama game ini adalah game nya yg size-nya guedeeee banget,gw aja Ampe rela hapus roblox,data YouTube,data tiktok,data yg lain demi bisa lanjut main",ini game jujur saja bagus sekali cuma masalah utama game ini adalah game nya yang ukuran nya guedeeee sekali saya saja sampai rela hapus roblox data youtube data tiktok data yang lain demi bisa lanjut main,Negatif
Umarr.lsm23,5,2025-12-25 03:18:17,Wuthering Waves,gamenya gak kikir kek game sebelah,gamenya tidak pelit seperti game sebelah,Positif
mardha tillah,3,2025-12-25 03:15:01,Wuthering Waves,"sering force close pas lagi update, padahal dari dulu ga pernah bahkan pas lagi main, baru update ini aja, internal masih banyak ruang",sering force close saat lagi pembaruan padahal dari dulu tidak pernah bahkan saat lagi main baru pembaruan ini saja internal masih banyak ruang,Negatif
Fariz Surya Jaya,5,2025-12-25 03:08:41,Wuthering Waves,setelah update pada hari ini (3 juni) wuwa force close dari smartphone infinix zero 5g 2023. sehingga saya tidak bisa bermain lagi.,setelah pembaruan pada hari ini juni wuthering waves force close dari smartphone infinix zero tidak sehingga aku tidak bisa bermain lagi,Negatif
Abdur Rozaq,5,2025-12-25 03:07:30,Wuthering Waves,"kuro listened,game yang selalu setiap update pasti di tingkatkan kearah kenyaman player dari awal-awal 1.0 yang waduh sampe sekarang 3.0 yang wow",kuro games listened game yang selalu setiap pembaruan pasti di tingkatkan kearah kenyaman player dari awal awal yang aduh sampai sekarang yang wow,Positif
Aljatul Rohib,5,2025-12-25 03:01:39,Wuthering Waves,"game nya seru, grafiknya juga bagus",game nya seru grafiknya juga bagus,Positif
Matthew Adley,5,2025-12-25 02:54:36,Wuthering Waves,bagus bgt game nya story nya bagus bgt apalagi cutscene nya owah sangat absolute cinema dan juga bisa kete phibi my my dan juga setiap gacha di game ini hoki terus:D,bagus banget game nya cerita nya bagus banget apalagi cutscene nya owah sangat absolute cinema dan juga bisa kete phibi punyaku punyaku dan juga setiap undian di game ini hoki terus di,Positif
Rizky Hady,5,2025-12-25 02:53:53,Wuthering Waves,"Game nya ga kikir,gak kek game sebelah",game nya tidak pelit tidak seperti game sebelah,Positif
Galaksi J7,5,2025-12-25 02:52:49,Wuthering Waves,game baik,game baik,Positif
vynrequiem010,5,2025-12-25 02:52:44,Wuthering Waves,"game favorit gw jir, story yang semakin kesini semakin bagus, terus combat style yang asik dan gak nggak ngebosenin, sama reward untuk F2P juga melimpah, gak sia sia investasi di game ini, itu aja ratingnya semoga ni game terus berkembang dan menjadi lebih baik kedepannya",game favorit saya jir cerita yang semakin kesini semakin bagus terus combat style yang asyik dan tidak tidak ngebosenin sama hadiah untuk fp juga melimpah tidak sia sia investasi di game ini itu saja ratingnya semoga ini game terus berkembang dan menjadi lebih baik kedepannya,Positif
ETRY's Funrey28,5,2025-12-25 02:48:23,Wuthering Waves,ini kenapa dah pas lgi download data update ke force close mulu.,ini kenapa sudah saat lagi unduh data pembaruan ke force close terus,Negatif
Satrio Ramadan,4,2025-12-25 02:47:55,Wuthering Waves,"gamenya sudah bagus dan grafik nya yang sangat keren tapi apa bisa data untuk pengguna android sedikit dikurangi,aku Masih nak main tapi memo ga kuat resolusinya kurangjn dong untuk pengguna android",gamenya sudah bagus dan grafik nya yang sangat keren tapi apa bisa data untuk pengguna android sedikit dikurangi aku masih anak main tapi memo tidak kuat resolusinya kurangjn dong untuk pengguna android,Negatif
Pencilgon,5,2025-12-25 02:44:25,Wuthering Waves,🤩🤩🤩,wajah dengan mata berbentuk bintang wajah dengan mata berbentuk bintang wajah dengan mata berbentuk bintang,Positif
Dian Rembul,5,2025-12-25 02:41:23,Wuthering Waves,game baik saya sukaa😋,game baik aku sukaa wajah menikmati,Positif
sofian gonzales,5,2025-12-25 02:39:19,Wuthering Waves,"aku dah mulai suka, tinggal menunggu bahasa indonesia",aku sudah mulai suka tinggal menunggu bahasa indonesia,Positif
Aqsanul Khaer,2,2025-12-25 02:37:42,Wuthering Waves,"tambahkan fitur manage storage untuk android, storage hpku membengkak karena file lama gk kehapus, gw udh gk bisa login wuwa😭😭😭",tambahkan fitur atur penyimpanan untuk android penyimpanan hpku membengkak karena file lama tidak kehapus saya sudah tidak bisa masuk wuthering waves wajah menangis keras wajah menangis keras wajah menangis keras,Negatif
Rino Nugroho satriya,5,2025-12-25 02:34:17,Wuthering Waves,"hebat,tidak kikir grafik bagus walaupun berat",hebat tidak pelit grafik bagus walaupun berat,Positif
Qivano Diyan Nugraha,3,2025-12-25 02:32:06,Wuthering Waves,grafisnya bgus.,grafisnya bgus,Positif
Irwan Arizki,5,2025-12-25 01:58:13,Wuthering Waves,untuk gemplay sangan menarik grafik sangan bagus karna bisa pake config HDR tampa berbayar cuma satu yang kurang gada bahasa indonesia t,untuk gemplay sangan menarik grafik sangan bagus karena bisa pakai config hdr tampa berbayar hanya satu yang kurang tidak ada bahasa indonesia t,Positif
Cici Mochici,4,2025-12-25 01:56:43,Wuthering Waves,ku kasi bintang 5 kalo menang rate of,ku kasih bintang kalau menang rate of,Positif
Oyit Story,5,2025-12-25 01:56:38,Wuthering Waves,suka si tapi makin lama penyimpanan membengkak sekarang dah nyentuh 96GB desember 2025,suka si tapi makin lama penyimpanan membengkak sekarang sudah nyentuh gb desember,Negatif
Rifky bayu,5,2025-12-25 01:56:19,Wuthering Waves,"seru sih ni game, grafiknya mantap banget, charnya juga bagus, nice bansos, game baik",seru sih ini game grafiknya mantap sekali charnya juga bagus baik hadiah game baik,Positif
MA gimang,5,2025-12-25 01:54:11,Wuthering Waves,mantap dev baik,mantap dev baik,Positif
Rizqi Maulana,5,2025-12-25 01:50:59,Wuthering Waves,Best Game Anime Adventure Yang pernah Gw mainin,terbaik game anime adventure yang pernah saya mainin,Positif
La Tiful,1,2025-12-25 01:27:16,Wuthering Waves,"kuro tolong kasih bahasa indonesia, aku balik lagi kasih b5 kalo dah ada sub indo",kuro games tolong kasih bahasa indonesia aku balik lagi kasih b kalau sudah ada sub indonesia,Negatif
Vivers Adreith,5,2025-12-25 01:21:41,Wuthering Waves,"rate gacha ampas semua akun, high pity kalah rate off, dipaksa bgt buat top up",rate undian jelek semua akun high jaminan gacha kalah rate mati dipaksa banget buat top atas,Negatif
herry wanto,5,2025-12-25 01:17:15,Wuthering Waves,cerita lumayan bagus,cerita lumayan bagus,Positif
Lazmov.,5,2025-12-25 01:01:46,Wuthering Waves,"main dari hari pertama rilis, dulu masih belum optimal, banyak bug. Sekarang sih gokill improve abiss. GG kuro",main dari hari pertama rilis dulu masih belum optimal banyak masalah teknis sekarang sih gokil improve abiss gg kuro games,Positif
Vais Muharom,5,2025-12-25 01:01:26,Wuthering Waves,game bagus tapi kenapa kuro Waifu gw GK bisa di nikahin kecewa banget,game bagus tapi kenapa kuro games karakter wanita saya tidak bisa di nikahin kecewa sekali,Negatif
rofi aulaulia,5,2025-12-25 01:00:41,Wuthering Waves,keren,keren,Positif
Andy Santoso,5,2025-12-25 01:00:30,Wuthering Waves,"game terbaik! game anti kikir, memuaskan!",game terbaik game anti pelit memuaskan,Positif
Cece Game,5,2025-12-25 00:47:26,Wuthering Waves,"main dari awal rilis yang banyak bug, update tiap hari, banyak yg caci maki tp makin kesini sudah banyak improve dan ngasih experience yg beda dr game lain salut buat tim Dev yg kerja keras. please kuro kasih domain buat farming seal tube sendiri jgn jadi satu sama echo udh penuh nih tas dan kasih opsi bhasa indonesia ya.",main dari awal rilis yang banyak masalah teknis pembaruan tiap hari banyak yang caci maki tapi makin kesini sudah banyak improve dan ngasih pengalaman yang beda dari game lain salut buat grup dev yang kerja keras tolong kuro games kasih domain buat farming seal tube sendiri jangan jadi satu sama echo sudah penuh ini tas dan kasih pilihan bhasa indonesia ya,Positif
wahyuhidayath4433,5,2025-12-25 00:35:14,Wuthering Waves,"jauh improve & optimalisasi makin ok, cuma ga ada sub Indonesia aja",jauh improve optimalisasi makin ok hanya tidak ada sub indonesia saja,Positif
Andre,4,2025-12-25 00:32:08,Wuthering Waves,bagus banget tapi gk ada bahasa Indonesia dan gampang lag tapi okelah -min kasih bahasa Indonesia dong min pils🙏,bagus sekali tapi tidak ada bahasa indonesia dan gampang patah patah tapi okelah admin kasih bahasa indonesia dong admin pils melipat tangan,Negatif
Willy Kun,5,2025-12-25 00:25:23,Wuthering Waves,"Yups, Overall gw bilang ini game open world terbaik, menurut opini gw, dan gw juga happy aja sih bawaan nya game nya, dan gw juga lebih mendalami di tiap karakter nya masing-masing, thanks kuro you are made a the best game.",yups overall saya bilang ini game buka world terbaik menurut opini saya dan saya juga senang saja sih bawaan nya game nya dan saya juga lebih mendalami di tiap karakter nya masing masing terimakasih kuro games kamu are made a sebuah terbaik game,Positif
Hizkia Abisha laksono,5,2025-12-25 00:21:03,Wuthering Waves,"bagus banget dari grafik, karakter, efek nya semua nya mantapp",bagus sekali dari grafik karakter efek nya semua nya mantap,Positif
Hikaru. Jr,5,2025-12-25 00:18:39,Wuthering Waves,gamenya sangat bagus hanya saja minim story nya. gak kayak game sebelah... saran juga : berikan subtitle bahasa indonesia,gamenya sangat bagus hanya saja minim cerita nya tidak seperti game sebelah saran juga berikan subtitle bahasa indonesia,Negatif
Nicholas Ndahawali,1,2025-12-25 00:12:59,Wuthering Waves,apa ini update di mobile 43GB,apa ini pembaruan di mobile gb,Negatif
Zetory0003,5,2025-12-25 00:08:33,Wuthering Waves,"mantul poollll. cuman satu aja mungkin yang aku harap diperbauki. Astrite hariannya ditambah lagi, biar yg udah habis map farming nya dah habis nggak cape kelamaan nabung astrite, apalagi yang F2P",mantul poollll cuma satu saja mungkin yang aku harap diperbauki astrite hariannya ditambah lagi supaya yang sudah habis peta farming nya sudah habis tidak kesal kelamaan nabung astrite apalagi yang fp,Positif
Hamzah Game,5,2025-12-24 23:46:03,Wuthering Waves,"tolong untuk kuro game, tambahin translate bahasa indonesia dong, kami yg bhs inggrisnya kurang atau bahkan gk bisa bahasa inggris sulit untuk memahami, dan bingung juga dengan alur story nya, saya pun juga sulit untuk paham sama jalan cerita wuthering waves, dan untuk mengerjakan quest2 juga sangat bingung arahnya kemana, tolong yaa plis kuro baik tambahin bahasa indonesia🙏🙏",tolong untuk kuro games game tambahkan translate bahasa indonesia dong kami yang bhs inggrisnya kurang atau bahkan tidak bisa bahasa inggris sulit untuk memahami dan bingung juga dengan alur cerita nya aku pun juga sulit untuk paham sama jalan cerita wuthering waves dan untuk mengerjakan misi juga sangat bingung arahnya kemana tolong yaa tolong kuro games baik tambahkan bahasa indonesia melipat tangan melipat tangan,Negatif
CK INDO,5,2025-12-24 23:27:53,Wuthering Waves,TOLONG ukuran game diperkecil karena untuk sebagian stroge ini terlalu besar untuk 1 game,tolong ukuran game diperkecil karena untuk sebagian stroge ini terlalu besar untuk game,Negatif
Muhammad Ridho,5,2025-12-24 23:24:29,Wuthering Waves,bagus tapii hp ku ga kuat lagi memorinya wkwk gede banget memorib128 siap siap aja kalau ada update mau ga mau harus hapus wawa terus instal ulang,bagus tapi handphone ku tidak kuat lagi memorinya wkwk besar sekali memorib siap siap saja kalau ada pembaruan mau tidak mau harus hapus wawa terus instal ulang,Negatif
Venry Cloryn,5,2025-12-24 23:03:19,Wuthering Waves,game open world terbagus yang pernah saya mainkan,game buka world terbagus yang pernah aku mainkan,Positif
camellya69,5,2025-12-24 22:55:56,Wuthering Waves,Tap tap tap mantap,tap tap tap mantap,Positif
Ridhoreynaldi Reynaldi,1,2025-12-24 22:55:38,Wuthering Waves,"kenapa update harus ngosongin 50gb padahal updatenya cuma 15gb?, terus setiap update seperti download ulang, data update terlalu besar.",kenapa pembaruan harus ngosongin gb padahal updatenya hanya gb terus setiap pembaruan seperti unduh ulang data pembaruan terlalu besar,Negatif
Muhammad Firmansyah,5,2025-12-24 22:41:57,Wuthering Waves,Gacor,gacor,Positif
Farel Farel,5,2025-12-24 22:40:06,Wuthering Waves,gamenya bagus dari gachanya juga bagus saya rate on sampai mentok pity dan questnya juga bagus saya sampe pusing nyelesain questnya yg amat bagus dan bansos nya 100% bagus saya suka sekali dibagian ini dan ada juga beberapa bug semoga nanti bug nya hilang dan gamenya menjadi top,gamenya bagus dari gachanya juga bagus aku rate nyala sampai mentok jaminan gacha dan questnya juga bagus aku sampai pusing nyelesain questnya yang sekali bagus dan hadiah nya bagus aku suka sekali dibagian ini dan ada juga beberapa masalah teknis semoga nanti masalah teknis nya hilang dan gamenya menjadi top,Positif
Smoky Boy,5,2025-12-24 22:39:25,Wuthering Waves,comeback karena ada event bebas pilih char b 5 pas aniv sampe skrg msh main tanks kuro,comeback karena ada acara bebas pilih karakter b saat aniv sampai sekarang masih main tanks kuro games,Positif
Muh. Sukri,5,2025-12-24 22:35:43,Wuthering Waves,terbaik!! 👍👍👍,terbaik jempol ke atas jempol ke atas jempol ke atas,Positif
Santri Rau,5,2025-12-24 22:22:33,Wuthering Waves,pliss tambah kan artinya ke bahasa indonesia . mohon dukungan nnya,tolong tambah kan artinya ke bahasa indonesia mohon dukungan nnya,Negatif
AZHAR,5,2025-12-24 22:18:09,Wuthering Waves,"mas kuro carthe 3.0 Rerun nanti , menang 50/50 lah.",kakak kuro games carthe rilis ulang nanti menang lah,Positif
DHiKA NATION67,5,2025-12-24 22:18:09,Wuthering Waves,Game Baik,game baik,Positif
alyashakila Irawan,5,2025-12-24 22:06:28,Wuthering Waves,"gamenya baguss apalagi make ue4 jadi kerasa realistis dev nya juga ngasih qol yang mudah bgt mekaniknya agak susah , design karakter sudah semakin bagus sesuai dengan tema region, story juga bagus, saran aku lebih ke penyimpanan sih agar stabil dan engga terlalu las waktu mainin di hp thanks kuro",gamenya baguss apalagi pakai ue jadi kerasa realistis dev nya juga ngasih qol yang mudah banget mekaniknya agak susah design karakter sudah semakin bagus sesuai dengan tema region cerita juga bagus saran aku lebih ke penyimpanan sih agar stabil dan tidak terlalu las waktu mainin di handphone terimakasih kuro games,Positif
Kuriri,5,2025-12-24 22:05:29,Wuthering Waves,Lebih berkembang lagi game baik,lebih berkembang lagi game baik,Positif
Rafi Arif Wardoyo,4,2025-12-24 22:00:37,Wuthering Waves,sebenernya bagus bbrp char lagi complete tapi berat bet memori gak kuat kuro 🥲,sebenernya bagus beberapa karakter lagi complete tapi berat sekali penyimpanan tidak kuat kuro games wajah tersenyum dengan air mata,Negatif
Alfaldy Ektyas,5,2025-12-24 21:55:30,Wuthering Waves,"Emang mantep banget wuwa, main dari patch 2.0 walaupun gacha ampas diawal tpi overall amazing nih game combat nya satisfying",memang mantap sekali wuthering waves main dari pembaruan walaupun undian jelek diawal tapi overall amazing ini game combat nya satisfying,Positif
achmad daffi,5,2025-12-24 21:54:15,Wuthering Waves,"yang bilang game nya banyak bug, hp nya kentank 🗿",yang bilang game nya banyak masalah teknis handphone nya kentank moai,Positif
Natsuno Kirihime,5,2025-12-24 21:52:35,Wuthering Waves,kapan ada fitur hapus data ?,kapan ada fitur hapus data,Positif
Bad Privacy,5,2025-12-24 21:41:16,Wuthering Waves,"game mantap, mekanik nya selalu improve ga pernah ngebosenin,world building nya bagus bgt,VA mc jepang nya aku suka banget, music nya bintang 5, untuk cerita relatif kadang mid kadang bagus,goodjob lah.",game mantap mekanik nya selalu improve tidak pernah ngebosenin world building nya bagus banget va mc jepang nya aku suka sekali musik nya bintang untuk cerita relatif kadang uts kadang bagus goodjob lah,Positif
Thoriq Alkhadler,5,2025-12-24 21:35:20,Wuthering Waves,game yang sangat bagus 👍👍,game yang sangat bagus jempol ke atas jempol ke atas,Positif
Seblak geprek,5,2025-12-24 21:30:48,Wuthering Waves,game yang bikin gue top up sampe 2 digit,game yang membuat aku top atas sampai digit,Positif
Bagus Niam,5,2025-12-24 21:25:25,Wuthering Waves,"gamenya bagus, story nya juga oke tapi hp saya ga kuat wkwkw untuk kuro mohon penyimpanannya jangan kegedean dipatch 3.0 terlalu memakan data😭😭🗿",gamenya bagus cerita nya juga oke tapi handphone aku tidak kuat wkwkw untuk kuro games mohon penyimpanannya jangan kegedean dipatch terlalu memakan data wajah menangis keras wajah menangis keras moai,Negatif
Andres,4,2025-12-24 21:21:54,Wuthering Waves,"game bagus, tapi tidak ada bahasa Indonesia🥲. tolong lah Dev tambahkan bahasa Indonesia supaya kita orang bisa mengerti😀",game bagus tapi tidak ada bahasa indonesia wajah tersenyum dengan air mata tolong lah dev tambahkan bahasa indonesia supaya kita orang bisa mengerti wajah gembira,Negatif
EF CAL,5,2025-12-24 21:18:50,Wuthering Waves,game terbaik di tahun 2025!!!!!!!! tolong tambahin bahasa indonesiaaaaa,game terbaik di tahun tolong tambahkan bahasa indonesiaaaaa,Positif
Jeremy Lesmana,4,2025-12-24 20:49:20,Wuthering Waves,optimalisasi mungkin bisa lebih baik lagi aja sih,optimalisasi mungkin bisa lebih baik lagi saja sih,Negatif
Gheriya Cahya Pramudita,4,2025-12-24 19:40:49,Wuthering Waves,"gamenya bagus, story absolute, karakter menarik, tapi sizenya ga main-main",gamenya bagus cerita absolute karakter menarik tapi sizenya tidak main main,Positif
Nafas Nurani,5,2025-12-24 16:59:10,Wuthering Waves,game baik,game baik,Positif
Dio Rafel Mandey,5,2025-12-24 16:58:12,Wuthering Waves,"Dari segi mekanik game ini sangat bagus ketimbang game sebelah:v terlebih khusus untuk Skip Cerita sangat2 membantu ditambah lagi kami dari player sering dikasih bansos sama dev kuro,, terima kasih KuroGame anda baik sekali 😁",dari segi mekanik game ini sangat bagus ketimbang game sebelah v terlebih khusus untuk lewati cerita sangat membantu ditambah lagi kami dari player sering dikasih hadiah sama dev kuro games terima kasih kurogame kamu baik sekali wajah gembira dengan mata bahagia,Positif
EDIT VIDEO MUHLIS,5,2025-12-24 14:12:21,Wuthering Waves,perlu optimalkan grafik nya untuk mobile,perlu optimalkan grafik nya untuk mobile,Negatif
Adhy Shergil,5,2025-12-24 12:58:40,Wuthering Waves,"Bagus banget sih, cuman game ini yang buat aku bertahan main sampe sekarang.",bagus sekali sih cuma game ini yang buat aku bertahan main sampai sekarang,Positif
Bima Pratama M,5,2025-12-24 11:59:25,Wuthering Waves,dapet char b5 first try wkwk,dapat karakter b pertama try wkwk,Positif
ハディくん,5,2025-12-24 10:05:23,Wuthering Waves,aku sukaaaaaaaaaaaaaaaa sama game ini semoga main nya lancar dan membaga berkah bagi si pemain nya🥰🥰🥰,aku sukaaaaaaaaaaaaaaaa sama game ini semoga main nya lancar dan membaga berkah bagi si pemain nya wajah tersenyum dengan 3 hati wajah tersenyum dengan 3 hati wajah tersenyum dengan 3 hati,Positif
Islan Bintang,5,2025-12-24 08:39:03,Wuthering Waves,Game baik,game baik,Positif
Mas Lana,5,2025-12-24 08:07:23,Wuthering Waves,bruh gw Tau game ini game rpg terbaik sekarang tapi size nya bludak banget,bruh saya tau game ini game rpg terbaik sekarang tapi ukuran nya bludak sekali,Negatif
Mars Venus,5,2025-12-24 07:56:46,Wuthering Waves,"Overall, game nya sangat bagus Kuro, terutama pada mekanik combat dan grafiknya, tapi kenapa global filter yg sudah di setting tidak masuk kedalam scene dialog, ya? namun, yg digunakan malah yang default. Karena saya kurang puas dengan pewarnaan dalam filter default. Jadi, semoga update selanjutnya global filter bisa masuk scene dialog, agar saya bisa lebih menikmatinya. Thanks Kuro.",overall game nya sangat bagus kuro games terutama pada mekanik combat dan grafiknya tapi kenapa global filter yang sudah di setting tidak masuk kedalam scene dialog ya namun yang digunakan malah yang default karena aku kurang puas dengan pewarnaan dalam filter default jadi semoga pembaruan selanjutnya global filter bisa masuk scene dialog agar aku bisa lebih menikmatinya terimakasih kuro games,Positif
Mister Han,5,2025-12-24 06:47:44,Wuthering Waves,"dear develover, kalo update jangan membutuhkan storage gede lah ini mah update nya cuma 15GB ruang penyimpanan kosong nya harus ada 50GB hp gw penuh memorinya kasian harus unistal aplikasi lain dulu. ok terimakasih",sayang develover kalau pembaruan jangan membutuhkan penyimpanan besar lah ini mah pembaruan nya hanya gb ruang penyimpanan kosong nya harus ada gb handphone saya penuh memorinya kasihan harus unistal aplikasi lain dulu ok terimakasih,Negatif
Rio Zcoandi,5,2025-12-24 06:22:28,Wuthering Waves,"CINTA BGTTT SAMA NI GAMEE💓💓,bansos nya banyak,setiap aku gacha karakter selalu dapet apa yang ku mauuu💖💖 trus buat grafik nya cakepp gilaa,ramah di player f2p dan ramah bagi pengguna HP makasih kuro udh ciptain game sebaguss iniii💗💗🤩",cinta bgttt sama ini gamee hati berdetak hati berdetak hadiah nya banyak setiap aku undian karakter selalu dapat apa yang ku mauuu hati bersinar hati bersinar terus buat grafik nya cakepp gilaa ramah di player fp dan ramah bagi pengguna handphone terimakasih kuro games sudah ciptain game sebaguss iniii hati membesar hati membesar wajah dengan mata berbentuk bintang,Positif
MobChazz,5,2025-12-24 05:54:46,Wuthering Waves,game nya bagus tetapi jika ditambahkan bahasa Indonesia sepertinya bakal bagus,game nya bagus tetapi jika ditambahkan bahasa indonesia sepertinya akan bagus,Positif
edi kelbek,5,2025-12-24 05:46:43,Wuthering Waves,tolong bansosnya buat 3.0 di banyakin hhe,tolong bansosnya buat di banyakin hhe,Positif
Azmi,5,2025-12-24 04:59:33,Wuthering Waves,"game nya udah bagus, dari segi kombat, grafik,dll, tapi sayang nya, kami dari Indonesia kurang bisa bahasa inggris, Kalau sempet, kasih subtitle Indonesia, supaya bisa di nikmati oleh player dari Indonesia",game nya sudah bagus dari segi kombat grafik dsb tapi sayang nya kami dari indonesia kurang bisa bahasa inggris kalau sempet kasih subtitle indonesia supaya bisa di nikmati oleh player dari indonesia,Negatif
ReyyFan,5,2025-12-24 03:17:03,Wuthering Waves,mntap,mntap,Positif
M Teguh S,4,2025-12-24 02:51:40,Wuthering Waves,"tolong dong developer size nya kurangi, data quest yang sudah beres bisa di hapus biar size penyimpanan gak bengkak.",tolong dong developer ukuran nya kurangi data misi yang sudah selesai bisa di hapus supaya ukuran penyimpanan tidak bengkak,Negatif
Lann Sptra,5,2025-12-24 00:54:00,Wuthering Waves,"Menurut ku Dari segi Grafik,Story,dan lainya sudah bagus,cuman 1 yang agak kurang,yakni Manajemen Data dari game nya,Tolong Pihak Dev Kuro Tambakan Manajemen data Seperti Hapus data yang terdahulu supaya Pas Update atau Pra Unduh Tidak Membengkak,Di Pra Unduh 3.0 ini Storage ny udah Hampir memakan 70% penyimpanan saya Yang di 256 GB Yang sudah hampir 100 GB,Itu saja sih semoga di dengar:).",menurut ku dari segi grafik cerita dan lainya sudah bagus cuma yang agak kurang yakni manajemen data dari game nya tolong pihak dev kuro games tambakan manajemen data seperti hapus data yang terdahulu supaya saat pembaruan atau pra unduh tidak membengkak di pra unduh ini penyimpanan nya sudah hampir memakan penyimpanan aku yang di gb yang sudah hampir gb itu saja sih semoga di dengar,Negatif
Sai Akuto,1,2025-12-23 23:46:25,Wuthering Waves,"Anj update apaan 17 GB jembot,bagus sih tapi ,banyak bansos.",anjing pembaruan apaan gb jembot bagus sih tapi banyak hadiah,Negatif
tomvel,5,2025-12-23 23:16:38,Wuthering Waves,"GAME BAIKKKKKK, BEST GAME GACHA FOR TODAY",game baikkkkkk terbaik game undian untuk today,Positif
Evan,1,2025-12-23 22:56:23,Wuthering Waves,storynya sangat jelek,storynya sangat jelek,Negatif
Ryyy,5,2025-12-23 22:11:31,Wuthering Waves,"bgus bgt gamenya,TPI knp pas shader stack di 60 mulu",bgus banget gamenya tapi kenapa saat shader stack di terus,Positif
Razan Pratama,5,2025-12-23 21:19:15,Wuthering Waves,tolong adakan sub indo,tolong adakan sub indonesia,Negatif
Afdal Barokah,5,2025-12-23 21:12:39,Wuthering Waves,mantab,mantab,Positif
Muhammad Nursim,5,2025-12-23 18:02:23,Wuthering Waves,game bagus,game bagus,Positif
daffa erfano,5,2025-12-23 17:11:28,Wuthering Waves,hadirin bahasa Indonesia biar gampang main nya,hadirin bahasa indonesia supaya gampang main nya,Negatif
Arga,5,2025-12-23 15:26:40,Wuthering Waves,game nya oke,game nya oke,Positif
Muhammad Hafidh Ma'ruf,4,2025-12-23 14:37:44,Wuthering Waves,"Jujur saya suka dengan semuanya, Tetapi ada satu yang saya tidak suka, yaitu Size Memori nya sangat besar. Sepertinya di Version 3.0 Saya akan pensi karena Size Memori sangat besar sekali. Mohon Pertimbangan dan Semoga KuroGames bisa mencari solusinya. Saya tunggu Kabar baiknya. agar saya main lagi. Ini Alasan saya memberikan Star 4. Terima kasih KuroGames.",jujur aku suka dengan semuanya tetapi ada satu yang aku tidak suka yaitu ukuran penyimpanan nya sangat besar sepertinya di version aku akan berhenti main karena ukuran penyimpanan sangat besar sekali mohon pertimbangan dan semoga kurogames bisa mencari solusinya aku tunggu kabar baiknya agar aku main lagi ini alasan aku memberikan star terima kasih kurogames,Negatif
Zee Always,5,2025-12-23 12:00:09,Wuthering Waves,game bagus gak kikir/pelit cerita sangat keren,game bagus tidak pelit pelit cerita sangat keren,Positif
bambang siswanto,5,2025-12-23 08:09:17,Wuthering Waves,game baik,game baik,Positif
Christina Novania,5,2025-12-23 06:23:55,Wuthering Waves,"Perbaiki bug nya oii nanti kasih bintang 5 kalo dah fix, bismillah menang rate off selalu aamiin.",perbaiki masalah teknis nya oii nanti kasih bintang kalau sudah tetap bismillah menang rate mati selalu amin,Negatif
Akun,5,2025-12-23 05:12:55,Wuthering Waves,game bagus,game bagus,Positif
Kakarotto Kakarotto07,5,2025-12-23 05:03:41,Wuthering Waves,mantap banget,mantap sekali,Positif
Focalors Del Fontaine,1,2025-12-23 04:16:09,Wuthering Waves,"wuthering waves adalah game yang sangat kusukai setara dengan genshin impact, Namun karena ini game udah kelewat batas tentang the goon alhasil aku jadi malas buat login, takutnya nanti ada perasaan yang mengganjal ketika bermain dan jadi g terlalu fokus nikmatin game nya.",wuthering waves adalah game yang sangat kusukai setara dengan genshin impact namun karena ini game sudah kelewat batas tentang sebuah goon hasil aku jadi malas buat masuk takutnya nanti ada perasaan yang mengganjal ketika bermain dan jadi tidak terlalu fokus nikmatin game nya,Positif
Al ZIKRI,5,2025-12-23 03:52:45,Wuthering Waves,"mantap sih tapi gachanya mohon di perbaiki ,dan kualitas skill bertarungnya mohom di tingkatkan juga",mantap sih tapi gachanya mohon di perbaiki dan kualitas skill bertarungnya mohom di tingkatkan juga,Positif
disxto,5,2025-12-23 03:03:19,Wuthering Waves,banyak waifu,banyak karakter wanita,Positif
Muhammad ansyari,5,2025-12-23 00:50:37,Wuthering Waves,mantap,mantap,Positif
MagerU GabutO malesU,1,2025-12-22 23:15:51,Wuthering Waves,game gk bisa di buka. hadehh,game tidak bisa di buka hadehh,Negatif
Muhammad daffa raihan Daffa,5,2025-12-22 14:29:46,Wuthering Waves,geme nya bagus tapi gak ada translate Indonesia,geme nya bagus tapi tidak ada translate indonesia,Negatif
Freeg Gg44,1,2025-12-22 12:27:55,Wuthering Waves,gada bahasa indo mending genshin😏😏😏,tidak ada bahasa indonesia mending genshin wajah tersenyum sombong wajah tersenyum sombong wajah tersenyum sombong,Negatif
Ramaj Rill,5,2025-12-22 10:37:41,Wuthering Waves,"GAME MANTAP GW DAPAT KARAKTER BINTANG 5 PADAHAL PLAYER NEW, KARAKTERNYA MANTAP"" SEMOK"" GA KIKIR AWWW",game mantap saya dapat karakter bintang padahal player baru karakternya mantap semok tidak pelit awww,Positif
Al Bara Muhammad,5,2025-12-22 09:03:43,Wuthering Waves,"kuro game lu udah bagus banget dari visual, grafik, gameplay, bahkan story nya juga bagus, gk kikir juga lagi kek game sebelah, selalu mempermudah player nya, tapi tolong dong kuro gua minta satu hal, tolong adain subtitle Indonesia biar gua makin bisa menghayati story nya, kalo bisa juga gua pengen grafik nya dibikin bagus lagi, dibikin lebih realitas kek di pc/leptop, gakpapa dah lu bikin ukuran game nya jadi 60-70gb gua pengen banget bisa maen di grafik/visual kek dipc tapi gua gk punya pc😭",kuro games game lu sudah bagus sekali dari visual grafik permainan bahkan cerita nya juga bagus tidak pelit juga lagi seperti game sebelah selalu mempermudah player nya tapi tolong dong kuro games saya minta satu hal tolong adain subtitle indonesia supaya saya makin bisa menghayati cerita nya kalau bisa juga saya ingin grafik nya dibikin bagus lagi dibikin lebih realitas seperti di komputer leptop gakpapa sudah lu membuat ukuran game nya jadi gb saya ingin sekali bisa main di grafik visual seperti dipc tapi saya tidak punya komputer wajah menangis keras,Positif
Yoga Gunawan,5,2025-12-22 08:05:07,Wuthering Waves,Game baik.,game baik,Positif
Akmal Ranan,4,2025-12-22 07:07:18,Wuthering Waves,"seru banget dari karakter,map, gameplay yang menyenangkan dan apalagi update mendatang bisa naik motor beh gimana rasanya nya ya",seru sekali dari karakter peta permainan yang menyenangkan dan apalagi pembaruan mendatang bisa naik motor beh gimana rasanya nya ya,Positif
Kevin S.,5,2025-12-22 06:47:48,Wuthering Waves,"Peak game. Dari segi manapun game ini benar-benar bagus, gameplay seru, event nya juga asik, developer nya bisa dibilang sangat mendengarkan pemain nya. Lore nya menarik, apalagi dengan world building dan storytelling yang diberikan, bisa di bilang wuthering waves merupakan salah satu atau bahkan yang terbaik di antara game sejenis nya.",peak game dari segi manapun game ini benar benar bagus permainan seru acara nya juga asyik developer nya bisa dibilang sangat mendengarkan pemain nya lore nya menarik apalagi dengan world building dan storytelling yang diberikan bisa di bilang wuthering waves merupakan salah satu atau bahkan yang terbaik di antara game sejenis nya,Positif
Have You,5,2025-12-22 03:56:58,Wuthering Waves,oke mantap dapet 2 biji,oke mantap dapat biji,Positif
Arsandya Wirasena,5,2025-12-22 03:34:08,Wuthering Waves,"Luar biasa, game ini benar-benar bisa membuat saya betah bermain dalam waktu lama. Gameplay-nya seru, mekaniknya menarik, dan tidak terasa membosankan meskipun dimainkan berulang kali. Visualnya juga enak dipandang serta didukung dengan performa yang cukup stabil. Secara keseluruhan, game ini sangat menghibur dan layak untuk terus dimainkan😆👌",luar biasa game ini benar benar bisa membuat aku betah bermain dalam waktu lama permainan nya seru mekaniknya menarik dan tidak terasa membosankan meskipun dimainkan berulang kali visualnya juga enak dipandang serta didukung dengan performa yang cukup stabil secara keseluruhan game ini sangat menghibur dan layak untuk terus dimainkan wajah tersenyum lebar dan memejamkan mata oke,Positif
Firman Ramadhan,5,2025-12-21 15:30:13,Wuthering Waves,mantap tidak kikir,mantap tidak pelit,Positif
Fachri Nasution,5,2025-12-21 13:53:55,Wuthering Waves,kuroo game baik tidak kikir🥳🥳🥳,kuroo game baik tidak pelit wajah pesta wajah pesta wajah pesta,Positif
STRohma Rizky,5,2025-12-21 13:23:58,Wuthering Waves,"Tolong dong gamenya agar di optimalkan lagi, masih terasa berat di snapdragon 8 gen 3",tolong dong gamenya agar di optimalkan lagi masih terasa berat di snapdragon gen,Negatif
Diyy y,5,2025-12-21 13:23:16,Wuthering Waves,sangat bagus,sangat bagus,Positif
Haris Praja,2,2025-12-21 13:20:24,Wuthering Waves,"overall bagus, minus di sinyal, ping kuning merah terus",overall bagus minus di jaringan ping kuning merah terus,Negatif
Fahri Al-luthfi.S,5,2025-12-21 13:11:32,Wuthering Waves,bagus dan tidak pelit hadiah,bagus dan tidak pelit hadiah,Positif
Saiful Malik,5,2025-12-21 12:49:01,Wuthering Waves,game nya bagus bgt. trs banyak cewe cantiknya. mweheheheh,game nya bagus banget terus banyak gadis cantiknya mweheheheh,Positif
Jumayati Sikui,4,2025-12-21 12:45:32,Wuthering Waves,bagus mohon hadiah hadiah gratisannya bisa diperbanyak lagi dan mohon sediakan bahasa khususnya indonesia,bagus mohon hadiah hadiah gratisannya bisa diperbanyak lagi dan mohon sediakan bahasa khususnya indonesia,Positif
Roudhoh Fouzi,5,2025-12-21 10:54:34,Wuthering Waves,mohon tambahkan opsi bahasa indonesia,mohon tambahkan pilihan bahasa indonesia,Negatif
Dafa Dafa,5,2025-12-21 08:01:52,Wuthering Waves,"sumpah game seru banget game baik, love developer",sumpah game seru sekali game baik suka developer,Positif
Lauren Monikasari,5,2025-12-21 06:22:12,Wuthering Waves,cantarella cantik bgt woy,cantarella cantik banget woy,Positif
Zefan,5,2025-12-21 04:57:11,Wuthering Waves,SERUUUUU SEKALEHH,seruuuuu sekalehh,Positif
Naufal Aja,5,2025-12-21 03:20:29,Wuthering Waves,bags banget,bags sekali,Positif
Mryn AlDnzz,5,2025-12-21 01:41:06,Wuthering Waves,"gweee suka banget ama ni game, gw udh main 1 tahun lebih, dan experience nya bener bener memukau, mulai dari grafis, story, lore, map, eksplorasi mechanic combat developer, gacha sistem, semuanya udh perfect, dan respect banget developer selalu mendengarkan para player nya akan QOL yang mereka pgn ada di game, dan sedikit demi sedikit di kabulin, salut juga ama dev, nge improve game nya ga main², dari 1.0 terus berkembang sampai sekarang, I LOVE KURO GAME💯♥️",gweee suka sekali sama ini game saya sudah main tahun lebih dan pengalaman nya benar benar memukau mulai dari grafis cerita lore peta eksplorasi mechanic combat developer undian sistem semuanya sudah sempurna dan hormat sekali developer selalu mendengarkan para player nya akan qol yang mereka ingin ada di game dan sedikit demi sedikit di kabulin salut juga sama dev nge improve game nya tidak main² dari terus berkembang sampai sekarang i suka kuro games game nilai seratus hati,Positif
Khadafi Rabbani,4,2025-12-20 23:17:08,Wuthering Waves,jir lah 40gb,jir lah gb,Negatif
Syafara Fairyshel,5,2025-12-20 22:05:31,Wuthering Waves,bagus banget tolong kasih sub Indonesia di hp,bagus sekali tolong kasih sub indonesia di handphone,Positif
Ra Ma,5,2025-12-20 16:15:56,Wuthering Waves,mantap banget sayangggg🥰🥰🥰🥰😘,mantap sekali sayangggg wajah tersenyum dengan 3 hati wajah tersenyum dengan 3 hati wajah tersenyum dengan 3 hati wajah tersenyum dengan 3 hati wajah memberikan ciuman jauh,Positif
Septia Aye,1,2025-12-20 14:51:53,Wuthering Waves,mau update atau mau download versi baru tapi tiba-tiba ada notif memori penuh sedangkan udah hapus hampir semua aplikasi engga dipakai dan juga hapus data² juga masih ada ada notif memori membutuhkan ruang tolong dong dikasih keringanan buat masalah ini,mau pembaruan atau mau unduh versi baru tapi tiba tiba ada pemberitahuan penyimpanan penuh sedangkan sudah hapus hampir semua aplikasi tidak dipakai dan juga hapus data² juga masih ada ada pemberitahuan penyimpanan membutuhkan ruang tolong dong dikasih keringanan buat masalah ini,Negatif
Maho hernawan,5,2025-12-20 11:01:05,Wuthering Waves,seruu,seruu,Positif
Aisyah Salsabilla,5,2025-12-20 10:50:14,Wuthering Waves,akuu pertama kali mainin ini eehh taunya malahh ketagihan baguss bangett🤍,aku pertama kali mainin ini eehh taunya malahh ketagihan baguss sekali hati putih,Positif
Azikri Ramdani,5,2025-12-20 10:34:02,Wuthering Waves,bagus gerafik nya hd udah ituh aja,bagus gerafik nya hd sudah ituh saja,Positif
wibi sendiri,5,2025-12-20 10:07:46,Wuthering Waves,"bintang 5 lama jadi ga guna bintang 4 S6 ga guna kec sanhua n mortefi perlu balance damage dan revamp Hero bintang 4 n 5, F2P jadi males main,asal daily sdh lanjut mlbb saja",bintang lama jadi tidak guna bintang s tidak guna kec sanhua n mortefi perlu imbang damage dan revamp hero bintang n fp jadi malas main asal daily sdh lanjut mlbb saja,Positif
Dava Muhammad Aprizal,5,2025-12-20 09:10:48,Wuthering Waves,Game bagus,game bagus,Positif
Legi Riyatmi,5,2025-12-20 07:55:46,Wuthering Waves,keren,keren,Positif
Eko Purwanto,5,2025-12-20 06:30:31,Wuthering Waves,"Overall suka banget, tapi tolong tambahkan bahasa Indonesia agar bisa lebih mudah menikmati storynya",overall suka sekali tapi tolong tambahkan bahasa indonesia agar bisa lebih mudah menikmati storynya,Positif
Sandy Rencakaprawa,1,2025-12-20 00:54:23,Wuthering Waves,game nya lag bgt,game nya patah patah banget,Negatif
Robby Abdul aziz,4,2025-12-20 00:52:08,Wuthering Waves,"yap,gw download lagi karna ada char cantik🗿 secara keseluruhan game ini bagus dan yg paling bisa ku banggakan dari game ini adalah gameplay nya yg menarik,latar dunia yg bagus,kuntuk cerita menurut gw mid 8,5/10,terlalu mimpi basahhh,btw,bahasa Indonesia nya mana woi dasar developer hitam🗿",yap saya unduh lagi karena ada karakter cantik moai secara keseluruhan game ini bagus dan yang paling bisa ku banggakan dari game ini adalah permainan nya yang menarik latar dunia yang bagus kuntuk cerita menurut saya uts terlalu mimpi basahhh omong bahasa indonesia nya mana woi dasar developer hitam moai,Positif
Iqbal Kazuto,5,2025-12-19 17:32:54,Wuthering Waves,suka gua harus epic cinema terus,suka saya harus epic cinema terus,Positif
RAM chan,5,2025-12-19 15:35:20,Wuthering Waves,mungkin anda sekalian harus memperbaiki bagian visual di mobile,mungkin kamu sekalian harus memperbaiki bagian visual di mobile,Negatif
Vinnn,5,2025-12-19 14:32:10,Wuthering Waves,"Kuro saya sangat kecewa!!!. Sistem gacha rate on tidak menjamin bakal rate on, setiap saya mau sign my istri saya, sangat susah sllu dpt barongsai sm psht, istri saya banyak yg tidak dpt di sign in karena sllu klh rate off 🥀",kuro games aku sangat kecewa sistem undian rate nyala tidak menjamin akan rate nyala setiap aku mau sign punyaku istri aku sangat susah sllu dapat barongsai sama psht istri aku banyak yang tidak dapat di sign di karena sllu klh rate mati bunga layu,Negatif
arya sumargo,5,2025-12-19 12:02:56,Wuthering Waves,"MAKASIIHH MIIIINNNN, AKU HOKII",makasiihh miiiinnnn aku hokii,Positif
Syarief J,5,2025-12-19 11:35:28,Wuthering Waves,mantap king,mantap king,Positif
Rajasaid,5,2025-12-19 10:40:26,Wuthering Waves,GAME BAIK,game baik,Positif
Adrian Maulana,5,2025-12-19 09:44:51,Wuthering Waves,keren,keren,Positif
M Arief Budi Rijaldy,5,2025-12-19 07:40:32,Wuthering Waves,"Seru story nya, story telling nya juga bagus",seru cerita nya cerita telling nya juga bagus,Positif
Dikyynr,4,2025-12-19 07:20:18,Wuthering Waves,tolong tambahin bahasa Indonesia 😁,tolong tambahkan bahasa indonesia wajah gembira dengan mata bahagia,Positif
Gerardus Sitinjak,5,2025-12-18 17:09:49,Wuthering Waves,keren gamenya mekaniknya juga ok. namun kalau mau dioptimalin bisa di buat lebih simple dalam bagian event dan chart lainnya,keren gamenya mekaniknya juga ok namun kalau mau dioptimalin bisa di buat lebih simple dalam bagian acara dan chart lainnya,Positif
Deniy Pantek,5,2025-12-18 13:36:55,Wuthering Waves,"Buat lu pada yang sering fc, rata kiriin grafik nya jngn maksa hd/ganti hp 😹, dan klo jringn didalem game ny leg ganti server ke sea (klo tinggal di indo)",buat lu pada yang sering fc rata kiriin grafik nya jngn maksa hd ganti handphone wajah kucing gembira berurai air mata dan kalau jringn didalem game nya leg ganti server ke sea kalau tinggal di indonesia,Positif
Amalia Lovers Squad,5,2025-12-18 13:13:18,Wuthering Waves,"dari segi grafik dan story ny bener² ga main-main, tapi kalo boleh request tolong subtitle Indonesia nya",dari segi grafik dan cerita nya bener² tidak main main tapi kalau boleh minta tolong subtitle indonesia nya,Positif
Wahyu Meilandri,5,2025-12-18 12:19:07,Wuthering Waves,"Untuk peforma di mobile masih kasar, untuk peforma di PC sudah perfect. Tapi aku lebih sering memegang hp dibandingkan PC, saya harap kedepannya untuk mobile bisa lebih baik lagi dari segi peforma",untuk peforma di mobile masih kasar untuk peforma di komputer sudah sempurna tapi aku lebih sering memegang handphone dibandingkan komputer aku harap kedepannya untuk mobile bisa lebih baik lagi dari segi peforma,Positif
Dimas Setiawan,5,2025-12-18 12:07:14,Wuthering Waves,game baik,game baik,Positif
Valn3,5,2025-12-18 12:01:18,Wuthering Waves,"kepada developer, tolong buat aplikasi cloud khusus untuk wuwa, karena dari waktu ke waktu ukuran aplikasi ini sangat besar untuk game android",kepada developer tolong buat aplikasi cloud khusus untuk wuthering waves karena dari waktu ke waktu ukuran aplikasi ini sangat besar untuk game android,Negatif
Danny Pranata,5,2025-12-18 11:41:14,Wuthering Waves,gacorrrr game ini,gacorrrr game ini,Positif
Hyper Geko,4,2025-12-18 10:52:39,Wuthering Waves,Ok,ok,Positif
Akbar Ramdhan,4,2025-12-18 07:49:52,Wuthering Waves,"Dari segi gameplay bagus, cuma agak disayangkan ga ada bahasa Indonesianya",dari segi permainan bagus hanya agak disayangkan tidak ada bahasa indonesianya,Negatif
Ryukaa,5,2025-12-18 07:47:46,Wuthering Waves,game nya bagus mulai dari grafik dan gameplay tapi kenapa di server sean kalo soal gcaha pelit banget sedang server lain pada hoki semua,game nya bagus mulai dari grafik dan permainan tapi kenapa di server sean kalau soal gcaha pelit sekali sedang server lain pada hoki semua,Negatif
Gii Crimson,5,2025-12-18 05:58:28,Wuthering Waves,ga kikir kayak sebelah,tidak pelit seperti sebelah,Positif
rizky ard,5,2025-12-18 05:13:03,Wuthering Waves,bang kuro!! tolong permudah bagi player indonesia. saya jamin game anda akan semakin ramai pemainya kalau ada sub indonesia nya (terjemahan bahasa indonesia(,kakak kuro games tolong permudah bagi player indonesia aku jamin game kamu akan semakin ramai pemainya kalau ada sub indonesia nya terjemahan bahasa indonesia,Negatif
Samsi,5,2025-12-18 04:57:59,Wuthering Waves,terimakasih telah menciptakan game yang sangat bagus dan terimakasih telah membuat karakter secantik Phoebe,terimakasih telah menciptakan game yang sangat bagus dan terimakasih telah membuat karakter secantik phoebe,Positif
Ferdiansyah ClimbV,5,2025-12-18 04:31:39,Wuthering Waves,kapan ada bahasa indo,kapan ada bahasa indonesia,Positif
Rifqi blora Nurul fajri,5,2025-12-18 04:17:58,Wuthering Waves,Keren,keren,Positif
Firza Hadi,5,2025-12-18 02:52:00,Wuthering Waves,"ini game bagus, cuma please bikin cloud game biar saya bisa daily login di hp kentang saya",ini game bagus hanya tolong membuat cloud game supaya aku bisa daily masuk di handphone spesifikasi rendah aku,Positif
Adit Irawan,5,2025-12-18 00:28:14,Wuthering Waves,5 akun hoki semua cik 😁 makasih kuro karakterku rata rata r1 sama signaturenya,akun hoki semua cik wajah gembira dengan mata bahagia terimakasih kuro games karakterku rata rata r sama signaturenya,Positif
dodi Apriadi,5,2025-12-17 23:29:51,Wuthering Waves,mntap,mntap,Positif
Ali Aljufri,5,2025-12-17 16:30:57,Wuthering Waves,bagusssssss banget,bagusssssss sekali,Positif
Dzakwan Akifi Ishmat,5,2025-12-17 15:06:25,Wuthering Waves,yes yes yes banyakin lagi hadiah gacha nya,iya iya iya banyakin lagi hadiah undian nya,Positif
Bayu Aprilio,5,2025-12-17 14:59:38,Wuthering Waves,Semoga bagus bisa kembali melanjutkan progress,semoga bagus bisa kembali melanjutkan progress,Positif
Muhammad Nur adnan,5,2025-12-17 13:29:53,Wuthering Waves,"ahh aku berharap hoyo itu terhapus genshinnya dan kalian kuro games bisa menciptakan genshin versi kalian😞😞.hoyo udah jelas lebih pentingkan ketenaran dan kekayaannya hingga rela mengabaikan saran pemain karena menganggap gamenya udah terkenal.moga moga jika terjadi sesuatu pada genshin seperti terhapusnya game itu secara tidak terduga,kuharap kalian kuro games bisa ciptakan ulang game itu agar hoyo itu bisa kapok akan tindakannya karena membuat pemain gak rela sarannya ditolak gitu saja🗿🗿.",ahh aku berharap hoyo itu terhapus genshinnya dan kalian kuro games games bisa menciptakan genshin versi kalian wajah kecewa wajah kecewa hoyo sudah jelas lebih pentingkan ketenaran dan kekayaannya hingga rela mengabaikan saran pemain karena menganggap gamenya sudah terkenal moga moga jika terjadi sesuatu pada genshin seperti terhapusnya game itu secara tidak terduga kuharap kalian kuro games games bisa ciptakan ulang game itu agar hoyo itu bisa kapok akan tindakannya karena membuat pemain tidak rela sarannya ditolak begitu saja moai moai,Positif
hafiz muhrizah,5,2025-12-17 12:47:30,Wuthering Waves,"gameplay mantap,storynya bagus sama grafiknya cuman kurang optimal di prangkat mid kebawah,jadi mohon optimalisasi kan lagi dong gamenyas supaya bisa banyak orang yang main dengan enak🙏",permainan mantap storynya bagus sama grafiknya cuma kurang optimal di prangkat uts kebawah jadi mohon optimalisasi kan lagi dong gamenyas supaya bisa banyak orang yang main dengan enak melipat tangan,Negatif
Rafdav Noana,5,2025-12-17 12:06:23,Wuthering Waves,saya kasih bintang lima soalnya habis gacha dapet bintang lima... terimakasih developer baik,aku kasih bintang lima soalnya habis undian dapat bintang lima terimakasih developer baik,Positif
Oky Pandu,5,2025-12-17 11:48:23,Wuthering Waves,ok good tolong developer for berikan bahasa Indonesia subtitle nya tolong di segera,ok good tolong developer untuk berikan bahasa indonesia subtitle nya tolong di segera,Negatif
Arsyila Farzana,5,2025-12-17 09:13:51,Wuthering Waves,"gamenya keren, saran aja sih kalau bisa ditambah bahasa indonesianya supaya bisa menikmati alur ceritanya.",gamenya keren saran saja sih kalau bisa ditambah bahasa indonesianya supaya bisa menikmati alur ceritanya,Positif
Subanu Rizal,5,2025-12-17 07:49:47,Wuthering Waves,mantap,mantap,Positif
ardi 86,5,2025-12-17 04:59:09,Wuthering Waves,redwar melimpah,redwar melimpah,Positif
Ryan gunawan,5,2025-12-17 02:51:11,Wuthering Waves,"overall si bagus yak, makin hari makin di updet dari segi kualitas graphicnya, meski tambahannya jadi agak berat si, tapi ttp good, w suka dari ceritanya, pembawaan narasi per karakter, scene pas battle semuanya kerasa hidup, segi combatnya juga, meski w suka nge frame perkara ni game emang berat, tapi ttp overall is gud 9/10 dari w ni gem 👍 (perbanyakin event end gem dong biar gmpang farming asteritenya w cok 😭)",overall si bagus ya makin hari makin di updet dari segi kualitas graphicnya meski tambahannya jadi agak berat si tapi tetap good aku suka dari ceritanya pembawaan narasi per karakter scene saat battle semuanya kerasa hidup segi combatnya juga meski aku suka nge frame perkara ini game memang berat tapi tetap overall adalah gud dari aku ini gem jempol ke atas perbanyakin acara akhir gem dong supaya gmpang farming asteritenya aku jancuk wajah menangis keras,Positif
Aydin Nugroho,5,2025-12-17 00:53:28,Wuthering Waves,Terima kasih wuwa sudah memenangkan pity ku memang game terbaik 💯💯💯💯💯💯💯,terima kasih wuthering waves sudah memenangkan jaminan gacha ku memang game terbaik nilai seratus nilai seratus nilai seratus nilai seratus nilai seratus nilai seratus nilai seratus,Positif
Irfan Latif Muazzam,5,2025-12-16 23:43:43,Wuthering Waves,game bagus dan seruu,game bagus dan seruu,Positif
PhiLia 5086,5,2025-12-16 17:47:48,Wuthering Waves,gamenya bagus banget karakter nya juga cantik cantik😋tapi saya punya saran yaitu buat bikin fitur hapus quest story lama soalnya itu fitur berguna banget buat ngekompres size gamenya yang udah gede jadi bisa lebih kecil lagi🙏🏻,gamenya bagus sekali karakter nya juga cantik cantik wajah menikmati tapi aku punya saran yaitu buat membuat fitur hapus misi cerita lama soalnya itu fitur berguna sekali buat ngekompres ukuran gamenya yang sudah besar jadi bisa lebih kecil lagi melipat tangan warna kulit cerah,Positif
Renjin Jin,5,2025-12-16 15:38:22,Wuthering Waves,baguss banget ga kikir,baguss sekali tidak pelit,Positif
Wisnu,5,2025-12-16 14:13:50,Wuthering Waves,menurutku ini game yang bagus banget,menurutku ini game yang bagus sekali,Positif
Vipnix,5,2025-12-16 14:11:12,Wuthering Waves,"overall game nya bagus walaupun kayak full serius alurnya tapi okelah, sistem gacha nya juga agak ramah untuk dana pelajar , gak kikir dan harapan nya gak bakal kikir, kalau gacha nya sulit banyak player yang males main pasti nya dan begitu juga sebaliknya, tapi tolong lah kasih bahasa Indonesia, main nih game kebanyakan isinya nge translate dialog doang.....",overall game nya bagus walaupun seperti penuh serius alurnya tapi okelah sistem undian nya juga agak ramah untuk dana pelajar tidak pelit dan harapan nya tidak akan pelit kalau undian nya sulit banyak player yang malas main pasti nya dan begitu juga sebaliknya tapi tolong lah kasih bahasa indonesia main ini game kebanyakan isinya nge translate dialog saja,Positif
Melki Sianturi,5,2025-12-16 13:42:36,Wuthering Waves,"Bagus si, cuman kenapa aku sering force closed ya? Tolong donk.",bagus si cuma kenapa aku sering force closed ya tolong donk,Negatif
Puji Handayani,5,2025-12-16 13:23:39,Wuthering Waves,"Gamenya bagus, dimulai dari grafik, cutscene, story, karakter, pokoknya semuanya bagus dah makasih game baik🗿",gamenya bagus dimulai dari grafik cutscene cerita karakter pokoknya semuanya bagus sudah terimakasih game baik moai,Positif
Novas,5,2025-12-16 13:19:31,Wuthering Waves,story nya epic cuman gk ada bahasa Indonesianya,cerita nya epic cuma tidak ada bahasa indonesianya,Negatif
DivioArs DV,5,2025-12-16 13:01:39,Wuthering Waves,Hoki coy,hoki coy,Positif
Mozal Zaki vikiano,5,2025-12-16 11:29:39,Wuthering Waves,"keren banget, terus mekaniknya juga menarik, alur cerita mantap, pokok nya terbaik👍",keren sekali terus mekaniknya juga menarik alur cerita mantap pokok nya terbaik jempol ke atas,Positif
Cacha Salsabila,3,2025-12-16 11:28:03,Wuthering Waves,"Please developer, please provide Indonesian dialogue text because it is very difficult for people who don't speak English to understand the story",tolong developer tolong provide indonesian dialogue obrol karena it adalah sangat difficult untuk orang who tidak t speak english ke understand sebuah cerita,Negatif
Aqueena Kencana,3,2025-12-16 10:51:04,Wuthering Waves,"tiap login suka disuruh retry terus jadinya gabisa masuk buat main, sinyal nya padahal bagus lohh",tiap masuk suka disuruh retry terus jadinya gabisa masuk buat main jaringan nya padahal bagus lohh,Negatif
Sir Imron,5,2025-12-16 09:20:51,Wuthering Waves,game ini menyajikan pertarungan yang seru dan gameplay open world yang gampang buat di ekplorasi,game ini menyajikan pertarungan yang seru dan permainan buka world yang gampang buat di ekplorasi,Positif
Spider-Man,5,2025-12-16 07:17:06,Wuthering Waves,"Game-nya seru dan gameplay-nya bagus. Namun sayangnya belum ada terjemahan Bahasa Indonesia, jadi agak sulit dipahami bagi pemain yang belum lancar Bahasa Inggris. Semoga ke depannya bisa ditambahkan opsi Bahasa Indonesia. Terima kasih.",game nya seru dan permainan nya bagus namun sayangnya belum ada terjemahan bahasa indonesia jadi agak sulit dipahami bagi pemain yang belum lancar bahasa inggris semoga ke depannya bisa ditambahkan pilihan bahasa indonesia terima kasih,Negatif
opik sakaleak,1,2025-12-16 05:53:20,Wuthering Waves,gk bisa login malas unistalll aj,tidak bisa masuk malas unistalll saja,Negatif
Egiyy Praditiya,5,2025-12-16 03:05:40,Wuthering Waves,Bagus banget game nya dari segi combat dan story tapi tolong dong di optimasinya untuk hp mid kebawah fps sering drop parah kalo ke kota besar.selain itu bagus aja si,bagus sekali game nya dari segi combat dan cerita tapi tolong dong di optimasinya untuk handphone uts kebawah frame per detik sering turun parah kalau ke kota besar selain itu bagus saja si,Positif
Shakeela Kyanara,4,2025-12-16 00:18:08,Wuthering Waves,game nya bagus sih karakter jugs bagus tapi masalah nya aku main bentar tiba² keluar sendiri gak tau kenapa,game nya bagus sih karakter jugs bagus tapi masalah nya aku main bentar tiba² keluar sendiri tidak tau kenapa,Negatif
11. MUHAMMAD REYHAN IBNU SEDAYU,5,2025-12-15 23:51:01,Wuthering Waves,"game nya bagus keren, doakan aku dapat sk🙏🤭",game nya bagus keren doakan aku dapat sk melipat tangan wajah dengan tangan menutup mulut,Positif
Lia Dulcea,5,2025-12-15 19:59:06,Wuthering Waves,ROVER GANTENG BANGETTTTTTT 😍😍😍😍😍🥰🥰🥰🥰🥰😘😘😘😘😘😘😘😘,rover ganteng bangettttttt wajah tersenyum lebar bermata hati wajah tersenyum lebar bermata hati wajah tersenyum lebar bermata hati wajah tersenyum lebar bermata hati wajah tersenyum lebar bermata hati wajah tersenyum dengan 3 hati wajah tersenyum dengan 3 hati wajah tersenyum dengan 3 hati wajah tersenyum dengan 3 hati wajah tersenyum dengan 3 hati wajah memberikan ciuman jauh wajah memberikan ciuman jauh wajah memberikan ciuman jauh wajah memberikan ciuman jauh wajah memberikan ciuman jauh wajah memberikan ciuman jauh wajah memberikan ciuman jauh wajah memberikan ciuman jauh,Positif
Ratna Wulandari Rahman,5,2025-12-15 17:21:55,Wuthering Waves,bagus min aku suka,bagus admin aku suka,Positif
Inda Aja,4,2025-12-15 16:48:26,Wuthering Waves,"aku suka game nya karna ada cowok nya aja, trus ada tombol skip, wleekkkkkk",aku suka game nya karena ada cowok nya saja terus ada tombol lewati wleekkkkkk,Positif
AlFian,5,2025-12-15 15:17:21,Wuthering Waves,bagus cuman ga support hp kentang 🗿,bagus cuma tidak dukung handphone spesifikasi rendah moai,Negatif
Daffa Almer,5,2025-12-15 13:45:26,Wuthering Waves,"ramah f2p, grafis bagus banget, gameplay ngak bikin ngantuk, the best pokoknya",ramah fp grafis bagus sekali permainan tidak membuat ngantuk sebuah terbaik pokoknya,Positif
Raito Gamma,5,2025-12-15 13:08:05,Wuthering Waves,👍👍,jempol ke atas jempol ke atas,Positif
GTS REALME,5,2025-12-15 11:09:10,Wuthering Waves,"Satu satu nya game open world terbaik yang pernah saya mainkan,di banding dengan genshin atau tower of fantasi,game ini jauh lebih baik dan jauh lebih ramah f2p,yah namanya juga kuro ya kan thanks kuro 😘 rekomendasi buat kalian bre sumpah gua ga bohong game ini jauh lebih baik dr pada game open world lainnya...",satu satu nya game buka world terbaik yang pernah aku mainkan di banding dengan genshin atau tower of fantasi game ini jauh lebih baik dan jauh lebih ramah fp yah namanya juga kuro games ya kan terimakasih kuro games wajah memberikan ciuman jauh rekomendasi buat kalian bre sumpah saya tidak bohong game ini jauh lebih baik dari pada game buka world lainnya,Positif
YouRiee`,5,2025-12-15 10:50:00,Wuthering Waves,"game ny jujur udh BAGUSS BNGTT cmn plss bngt kuro tambahin cloud game buat wuwa, soalny klo pke apk lain kbnyakan mahal² aku yng susah buat kumpulin duit klo mau beli hp baruu, jdi harapan ku moga aja bisa ada cloud game dehh buat wuwa nihh😭😻💕",game nya jujur sudah baguss bngtt cuma plss sekali kuro games tambahkan cloud game buat wuthering waves soalny kalau pke apk lain kbnyakan mahal² aku yang susah buat kumpulin uang kalau mau beli handphone baruu jadi harapan ku moga saja bisa ada cloud game dehh buat wuthering waves nihh wajah menangis keras wajah kucing gembira bermata hati dua hati,Positif
Eko Susanto,1,2025-12-15 10:47:50,Wuthering Waves,"baru juga main malah di kasih karakter b5 yg bukan di baner, setidaknya kasih lah karakter b5 limited buat pemula. payah",baru juga main malah di kasih karakter b yang bukan di baner setidaknya kasih lah karakter b limited buat pemula payah,Negatif
Reedi Maulana,5,2025-12-15 07:24:03,Wuthering Waves,"game RPG ter menyenangkan menurut ku dan aku harap lebih banyak story baru, misi dan bansos untuk kedepan nya :)",game rpg ter menyenangkan menurut ku dan aku harap lebih banyak cerita baru misi dan hadiah untuk kedepan nya,Positif
Murfid 1,5,2025-12-15 06:38:57,Wuthering Waves,"Terimakasih Kuro karena telah membuat masterpiece ini, meski puzzle buatanmu itu terkadang sangat menjengkelkan tapi semua itu kalah dengan visual yang bagus cerita yang sangat menarik dan suara setiap karakter yang memiliki aksen dan karakteristiknya yang berbeda. Luar biasa! 💯",terimakasih kuro games karena telah membuat mahakarya ini meski puzzle buatanmu itu terkadang sangat menjengkelkan tapi semua itu kalah dengan visual yang bagus cerita yang sangat menarik dan suara setiap karakter yang memiliki aksen dan karakteristiknya yang berbeda luar biasa nilai seratus,Positif
nojustice anonime,1,2025-12-15 06:09:30,Wuthering Waves,saat instal stuck terus,saat instal stuck terus,Negatif
Isaac Einstein,5,2025-12-15 05:34:50,Wuthering Waves,"Game bagus, story ya bagus banget, grafik jangan ditanya rata kanan grafik juga tidak terlalu berat, event ya mantap,",game bagus cerita ya bagus sekali grafik jangan ditanya rata kanan grafik juga tidak terlalu berat acara ya mantap,Positif
Akunmlbbb Jual,1,2025-12-15 03:50:13,Wuthering Waves,"kok gw gak dapat bansos ya, udah lama Lo aku setia main game ini, akun kawan ku juga gak dapat bansos ini game apa sih pelit beneh gitu aku hapus aja lah alasan buff KAh apa kok gini",kok saya tidak dapat hadiah ya sudah lama kamu aku setia main game ini akun teman ku juga tidak dapat hadiah ini game apa sih pelit beneh begitu aku hapus saja lah alasan peningkatan kekuatan kah apa kok gini,Negatif
Aestrick,5,2025-12-15 03:25:36,Wuthering Waves,rekomendasi buat yang nyari game mobile dari voice actor goty xixixixi,rekomendasi buat yang nyari game mobile dari suara actor goty xixixixi,Positif
Kayzen monarch,5,2025-12-15 03:21:29,Wuthering Waves,game nya dari segi music/story bagus cuma saya ingin kedepan nya ada bahasa indonesia terimakasih.,game nya dari segi musik cerita bagus hanya aku ingin kedepan nya ada bahasa indonesia terimakasih,Positif
ahmad zaky,5,2025-12-15 02:59:36,Wuthering Waves,❤️,hati merah,Positif
Afandi Ndy,5,2025-12-14 18:11:27,Wuthering Waves,semoga bisa s6 cartethya 🥰,semoga bisa s cartethya wajah tersenyum dengan 3 hati,Positif
Audy Trifena,5,2025-12-14 17:24:59,Wuthering Waves,Developer paling gacor karena mendengarkan keluhan dan saran player! grafiknya characternya tuh semua bagus banget. setiap ada character yang keluar selalu ingin pull gabisa skip!,developer paling gacor karena mendengarkan keluhan dan saran player grafiknya characternya itu semua bagus sekali setiap ada character yang keluar selalu ingin pull gabisa lewati,Positif
naisha,5,2025-12-14 17:09:05,Wuthering Waves,GIM BAIK SAYANG KUROO MWAH MWAH,gim baik sayang kuroo mwah mwah,Positif
Muhammad Zadda aufa,5,2025-12-14 16:52:34,Wuthering Waves,seru karna aku tampan,seru karena aku tampan,Positif
Rafel maulana Raharja Raharja,5,2025-12-14 16:11:57,Wuthering Waves,berat dikit,berat sedikit,Positif
Imron M,5,2025-12-14 16:04:11,Wuthering Waves,mntap,mntap,Positif
Gunawan Firmansyah,5,2025-12-14 15:08:22,Wuthering Waves,Mantap banget gameplay-nya,mantap sekali permainan nya,Positif
Nurhugo Rulistio,5,2025-12-14 14:33:21,Wuthering Waves,game anime open world paling keren gabisa berkata kata 🙌.. anyway pitynya digampangin dikit dong min buat yg f2p,game anime buka world paling keren gabisa berkata kata mengangkat tangan anyway pitynya digampangin sedikit dong admin buat yang fp,Positif
Halimi Akbar,5,2025-12-14 12:56:59,Wuthering Waves,aku suka wuwa mantap coy,aku suka wuthering waves mantap coy,Positif
Michael Owen,4,2025-12-14 11:51:09,Wuthering Waves,game baik dan tidak pelit,game baik dan tidak pelit,Positif
Arkanatara Priatna,5,2025-12-14 10:37:24,Wuthering Waves,gelo keren cuy,gelo keren cuy,Positif
18. Alka Tatsuyoshi,5,2025-12-14 09:45:56,Wuthering Waves,Keren,keren,Positif
Wisnu,5,2025-12-14 09:41:16,Wuthering Waves,mantap min keren,mantap admin keren,Positif
Yo What,1,2025-12-14 08:31:01,Wuthering Waves,gk bisa dowload datanya padahal awal awal bisa,tidak bisa dowload datanya padahal awal awal bisa,Negatif
Mikhail Bintang,3,2025-12-14 07:35:17,Wuthering Waves,fps nya naik turun,frame per detik nya naik turun,Negatif
Nikeisha Anindya,5,2025-12-14 04:50:28,Wuthering Waves,"GRAFIKNYA CAKEPP, story nya jga keren, design karakter mantepp, gila sih. cmn kurg sub indo aja wkwkw",grafiknya cakepp cerita nya jga keren design karakter mantepp gila sih cuma kurg sub indonesia saja wkwkw,Positif
Rivan,5,2025-12-14 02:48:23,Wuthering Waves,semoga ada bahasa Indonesia,semoga ada bahasa indonesia,Positif
xxx,5,2025-12-14 01:56:37,Wuthering Waves,"Game gratis untuk dimainkan namun memberi pengalaman bermain yang sangat baik serta bansos yang tidak kikir, wajib download.",game gratis untuk dimainkan namun memberi pengalaman bermain yang sangat baik serta hadiah yang tidak pelit wajib unduh,Positif
G e m i n i 002,5,2025-12-13 19:35:50,Wuthering Waves,Tidak kikir,tidak pelit,Positif
M Rizky,5,2025-12-13 16:17:09,Wuthering Waves,mantap lah pokoknya walaupun gacha gua ampas banget :V,mantap lah pokoknya walaupun undian saya jelek sekali v,Positif
Danu Angga Kusuma,5,2025-12-13 15:01:33,Wuthering Waves,absolute cinema,absolute cinema,Negatif
Muhammad Royan,5,2025-12-13 13:47:06,Wuthering Waves,biarkan bintang yang bicara,biarkan bintang yang bicara,Positif
Azka Mandala008,5,2025-12-13 13:33:11,Wuthering Waves,bagus bet ni game sampe gw donlot di pc,bagus sekali ini game sampai saya donlot di komputer,Positif
Yoshikazu Fiipik,5,2025-12-13 12:33:22,Wuthering Waves,🥰🥰,wajah tersenyum dengan 3 hati wajah tersenyum dengan 3 hati,Positif
Abdul Syahputra,5,2025-12-13 11:42:10,Wuthering Waves,👍👍👍👍,jempol ke atas jempol ke atas jempol ke atas jempol ke atas,Positif
Rency Nino,5,2025-12-13 08:49:13,Wuthering Waves,terima kasih game baik😁,terima kasih game baik wajah gembira dengan mata bahagia,Positif
Muhammad wildan Herdiansyah,5,2025-12-13 07:12:42,Wuthering Waves,"pliss add bahasa Indonesia, sesusah ituu kahh, tapi jujur ini sangat peak",tolong add bahasa indonesia sesusah itu kahh tapi jujur ini sangat peak,Positif
Rizky Naufal,5,2025-12-13 06:19:39,Wuthering Waves,"cerita nya bagus, tapi kalo karakter nya ngomong lama banget biasa nya",cerita nya bagus tapi kalau karakter nya ngomong lama sekali biasa nya,Positif
Jelita Putri,5,2025-12-13 05:40:13,Wuthering Waves,"Sejauh ini saya main dari awal rilis hingga sekarang terasa sekali perbedaannya. Semakin kesini, story di dalam game semakin seru dan menantang, grafik yang dapat dicustom agar menambah estetika, Combat yang semakin seru dari setiap karakter. Saya sangat suka dengan story dimana relationship antara karakter yang lain itu ada seperti persahabatan yang akhir² ini ditambahkan. [Terimakasih untuk kerja kerasmu, Developer 👍]",sejauh ini aku main dari awal rilis hingga sekarang terasa sekali perbedaannya semakin kesini cerita di dalam game semakin seru dan menantang grafik yang dapat dicustom agar menambah estetika combat yang semakin seru dari setiap karakter aku sangat suka dengan cerita dimana relationship antara karakter yang lain itu ada seperti persahabatan yang akhir² ini ditambahkan terimakasih untuk kerja kerasmu developer jempol ke atas,Positif
The Predator,5,2025-12-13 05:26:34,Wuthering Waves,"Kuro Tolong Buat Fitur Penghapusan Data Quest Dll Yang udah Di kerjain Dong,Makin Lama Sizenya Membengkak Storage Ga Mencukupi game Play Jadi Keganggu Karna Size yang terus membengkak. Terimakasih",kuro games tolong buat fitur penghapusan data misi dsb yang sudah di kerjain dong makin lama sizenya membengkak penyimpanan tidak mencukupi game main jadi keganggu karena ukuran yang terus membengkak terimakasih,Negatif
Felix Robertson,5,2025-12-13 05:17:45,Wuthering Waves,mantep,mantap,Positif
Muhammad Amirudin02,5,2025-12-13 04:36:53,Wuthering Waves,game nya bagus,game nya bagus,Positif
Lav,5,2025-12-13 04:30:43,Wuthering Waves,"baru bisa Main di update 2.8 , absolutely amazing 😍",baru bisa main di pembaruan absolutely amazing wajah tersenyum lebar bermata hati,Positif
Minoki Iruyuki,1,2025-12-13 03:39:29,Wuthering Waves,saya kasih B1 karena kekecewaan tersendiri terimakasih,aku kasih b karena kekecewaan tersendiri terimakasih,Negatif
Rahma dandi ersah putra,5,2025-12-13 01:30:30,Wuthering Waves,aku suka gane suka karena banyak susu sedap😋,aku suka gane suka karena banyak susu sedap wajah menikmati,Positif
Na'vi Ahmad,5,2025-12-13 00:35:27,Wuthering Waves,SELAMAT ATAS AWARD YANG TELAH DI MENANGKAN OLEH GAME WUTHERING WAVE... SEMOGA KEDEPANNYA BISA TERUS MAJU DAN TERUS MENJADI YANG TERBAIK 😆👍,selamat atas penghargaan yang telah di menangkan oleh game wuthering wave semoga kedepannya bisa terus maju dan terus menjadi yang terbaik wajah tersenyum lebar dan memejamkan mata jempol ke atas,Positif
Farel Eddy,5,2025-12-12 21:18:49,Wuthering Waves,Karna ada fitur skip jadi kukasih *5,karena ada fitur lewati jadi kukasih,Positif
Romi Irawan,5,2025-12-12 19:22:54,Wuthering Waves,terimakasih pak bagus,terimakasih bapak bagus,Positif
Zuhri Clip id,5,2025-12-12 16:51:24,Wuthering Waves,"Pas 1.0 emang kurang, tapi 2.0 banyak perubahan jadi gak nyesel comeback",saat memang kurang tapi banyak perubahan jadi tidak nyesel comeback,Positif
Risfi Rahman,5,2025-12-12 16:19:18,Wuthering Waves,game awards terbaik,game awards terbaik,Positif
Sendy Catur,5,2025-12-12 15:47:53,Wuthering Waves,"yes wuthering waves menang voice nominasi game awarse 2025. secara gameplay bakalan tambah bagus bakalan di region baru, tapi aku punya saran dan permononan kuro tolong dong sedikit pertimangi mbuat player mobil biar kedepanya bisa mainin ini game sepaya tetep stabil. biyar enggak berat-berat amat contohnya sediain hapus story qoell lama yang udah klier udah usai, memori ram biar enggak penuh. main di hp android biar enggak berat dan aku ucapin selamat buat kuro semoga jadi game sukses terus..",iya wuthering waves menang suara nominasi game awarse secara permainan akan tambah bagus akan di region baru tapi aku punya saran dan permononan kuro games tolong dong sedikit pertimangi mbuat player mobil supaya kedepanya bisa mainin ini game sepaya tetap stabil biyar tidak berat berat sekali contohnya sediain hapus cerita qoell lama yang sudah klier sudah usai penyimpanan memori supaya tidak penuh main di handphone android supaya tidak berat dan aku ucapin selamat buat kuro games semoga jadi game sukses terus,Positif
NICHOLAS VALENTINO,5,2025-12-12 15:39:12,Wuthering Waves,gem baik,gem baik,Positif
Radi Radiansyah,5,2025-12-12 14:46:12,Wuthering Waves,sangat bagus,sangat bagus,Positif
Sandika P,5,2025-12-12 14:24:17,Wuthering Waves,sehat sehat game baik,sehat sehat game baik,Positif
Ilham Maulana Yusuf,5,2025-12-12 13:38:52,Wuthering Waves,bagus rekomen,bagus rekomen,Positif
MCBI128,5,2025-12-12 13:31:22,Wuthering Waves,makasih kurooo,terimakasih kurooo,Positif
Proyek Pribadi,3,2025-12-12 13:08:35,Wuthering Waves,game nya bagus sayang G suport subtitle Indonesia,game nya bagus sayang tidak suport subtitle indonesia,Negatif
RIO Nicolas,5,2025-12-12 12:11:59,Wuthering Waves,"semua nya bagus, tapi lebihh optimalin lagi yaaa",semua nya bagus tapi lebihh optimalin lagi yaaa,Positif
Abel Akbar,5,2025-12-12 11:53:14,Wuthering Waves,keren bro grafiknya,keren bro grafiknya,Positif
HENGKER TZY,5,2025-12-12 11:34:42,Wuthering Waves,tolong untuk alur cerita di buat agak banyak terus tambahin scene dan romance dikit gpp lah,tolong untuk alur cerita di buat agak banyak terus tambahkan scene dan romance sedikit tidak apa lah,Positif
20. Moch. Majid D,5,2025-12-12 11:21:38,Wuthering Waves,mantap,mantap,Positif
Naufal H,5,2025-12-12 10:21:14,Wuthering Waves,bagus game nya,bagus game nya,Positif
PSPD_Dafi Fawaz Dzakiamir Fachrudin,5,2025-12-12 07:10:39,Wuthering Waves,"Saya ga bisa banyak komen di game ini, umurnya masih 1 tahun dan masih bisa banget berkembang. bahkan melebihi ekspetasi para playernya sendiri. perlu ditingkatkan lagi fitur co-op nya, terlalu terbatas dan sedikit yang bisa dilakukan ketika co-op.",aku tidak bisa banyak komen di game ini umurnya masih tahun dan masih bisa sekali berkembang bahkan melebihi ekspetasi para playernya sendiri perlu ditingkatkan lagi fitur co sangat kuat nya terlalu terbatas dan sedikit yang bisa dilakukan ketika co sangat kuat,Negatif
seicchi - god,5,2025-12-12 05:51:49,Wuthering Waves,Tolong Kuro Karakter Laki Lakinya Di Tambah Biar Balance,tolong kuro games karakter laki lakinya di tambah supaya imbang,Negatif
Isawa Shizue Shizuee,5,2025-12-12 04:47:31,Wuthering Waves,👍👍👍,jempol ke atas jempol ke atas jempol ke atas,Positif
Asepp No Limit,5,2025-12-12 04:18:05,Wuthering Waves,Frame rate gacha semoga lebih mudah,frame rate undian semoga lebih mudah,Positif
Herry v,1,2025-12-12 03:53:41,Wuthering Waves,weh sistem gacanya selang seling dapet B5 rate off .terus dapet lagi ree off lagi apa lah deflover. mau ngejar s1 aja susah.,weh sistem gacanya selang seling dapat b rate mati terus dapat lagi ree mati lagi apa lah deflover mau ngejar s saja susah,Negatif
Akane Punyaku,5,2025-12-11 21:42:16,Wuthering Waves,tidak sepelit genshin,tidak sepelit genshin,Positif
Bintang Bk,5,2025-12-11 19:12:33,Wuthering Waves,Dev baik,dev baik,Positif
BABATAN TOMBOW,4,2025-12-11 18:03:54,Wuthering Waves,sangat cocok untuk f2p,sangat cocok untuk fp,Positif
Ilham al Hafidz,5,2025-12-11 17:30:18,Wuthering Waves,🥰🥰,wajah tersenyum dengan 3 hati wajah tersenyum dengan 3 hati,Positif
Guntur Adi Pratama Guntur,5,2025-12-11 17:27:19,Wuthering Waves,grafik bagus dan alur cerita nya seru,grafik bagus dan alur cerita nya seru,Positif
Korup Si,1,2025-12-11 16:26:51,Wuthering Waves,"Hadeh game pembuat frustasi dan tidak ada bahasa Indonesianya, tolong ditambahkan fitur bahasa",aduh game pembuat frustasi dan tidak ada bahasa indonesianya tolong ditambahkan fitur bahasa,Negatif
Muhammad Azim,5,2025-12-11 15:05:15,Wuthering Waves,"untuk ni game, dari grafik, dan Beatle ok banget gak kaku, tapi hanya saja untuk char nya kebanyakan cewek, tambahin lah kuro char cowok nya. dan juga story nya terlalu monoton my kisah semua. PR nya hanya di story nya. kebanyak cewek semua",untuk ini game dari grafik dan beatle ok sekali tidak kaku tapi hanya saja untuk karakter nya kebanyakan cewek tambahkan lah kuro games karakter cowok nya dan juga cerita nya terlalu monoton punyaku kisah semua tugas nya hanya di cerita nya kebanyak cewek semua,Negatif
Hp Bagus,5,2025-12-11 14:04:33,Wuthering Waves,keren,keren,Negatif
HandIxxa,5,2025-12-11 13:43:57,Wuthering Waves,"update 1.3 pengoptimalannya semakin bagus untuk android juga semakin optimal tapi untuk yang masih ngeluh drop, lag, coba pake cooler atau cek device kalian deh",pembaruan pengoptimalannya semakin bagus untuk android juga semakin optimal tapi untuk yang masih ngeluh turun patah patah coba pakai cooler atau cek perangkat kalian deh,Negatif
Tri Aji Wijanarko,5,2025-12-11 12:38:24,Wuthering Waves,jaringannya di perbaiki lagi biar stabil,jaringannya di perbaiki lagi supaya stabil,Negatif
Azsyifa Restiana,5,2025-12-11 12:01:27,Wuthering Waves,game nya bagus grafiknya juga memuaskan dan untuk karakternya juga beragam pokoknya bagusss polll deh,game nya bagus grafiknya juga memuaskan dan untuk karakternya juga beragam pokoknya bagusss polll deh,Negatif
Vayr,5,2025-12-11 11:03:04,Wuthering Waves,mantapp,mantap,Negatif
Rizki Subagja,5,2025-12-11 10:28:02,Wuthering Waves,Ta masuk akal udh di kasih prolova di kasih janda 🥰,ta masuk akal sudah di kasih prolova di kasih janda wajah tersenyum dengan 3 hati,Negatif
sandy,5,2025-12-11 08:58:35,Wuthering Waves,bagus,bagus,Negatif
Haikal Amii,5,2025-12-11 08:16:38,Wuthering Waves,"tambahkan 20 level lagi untuk musuh dan boss nya, untuk union level 80 musuhnya terlalu mudah",tambahkan level lagi untuk musuh dan bos nya untuk union level musuhnya terlalu mudah,Negatif
Algifari Abadi,1,2025-12-11 07:55:06,Wuthering Waves,sistem echo sampah,sistem echo sampah,Negatif
Dika Dwi,5,2025-12-11 06:21:50,Wuthering Waves,Game baik,game baik,Negatif
Rafly Febriansyah,5,2025-12-11 06:08:13,Wuthering Waves,Hidup KuroGame😹,hidup kurogame wajah kucing gembira berurai air mata,Negatif
Andre bagas Saputra,1,2025-12-11 05:08:12,Wuthering Waves,Game kikir dontol 20k astrite gak dapat,game pelit dontol k astrite tidak dapat,Negatif
darren stanley,1,2025-12-11 04:34:12,Wuthering Waves,dptkan astrite susah kali cok wthh,dptkan astrite susah kali jancuk wthh,Negatif
Tempe Mendoan,5,2025-12-11 03:49:55,Wuthering Waves,"Game paling oke sejauh ini, developer sering kasih bansos, f2p pun masih bisa namatin ini game",game paling oke sejauh ini developer sering kasih hadiah fp pun masih bisa namatin ini game,Negatif
Devano Puji,5,2025-12-11 03:16:10,Wuthering Waves,kerennn woyyy,kerennn woyyy,Negatif
Bamz Harz,5,2025-12-11 02:54:45,Wuthering Waves,mantap,mantap,Negatif
Felix Detmet C1,5,2025-12-11 02:35:00,Wuthering Waves,gim baik,gim baik,Positif
ZIO ??,5,2025-12-10 23:56:31,Wuthering Waves,gem seru saya suka sama ini gem,gem seru aku suka sama ini gem,Positif
Muhammad Rifki,5,2025-12-10 22:17:34,Wuthering Waves,Bisamah lebih lebih di optimalkan panasnya,bisamah lebih lebih di optimalkan panasnya,Negatif
Rizki Wijaya,4,2025-12-10 14:30:11,Wuthering Waves,game nya bagus cuma sayang gak ada bahasa indo nya kalau ada pasti banyak yang suka,game nya bagus hanya sayang tidak ada bahasa indonesia nya kalau ada pasti banyak yang suka,Negatif
Nadia Fitri,5,2025-12-10 11:20:07,Wuthering Waves,keren,keren,Positif
Rahmat Bagus,5,2025-12-10 10:58:33,Wuthering Waves,"gamenya bagus, perbanyak lagi char ceweknya, aku mau jadi lord karbiter😎",gamenya bagus perbanyak lagi karakter ceweknya aku mau jadi lord karbiter wajah berkacamata hitam,Positif
Jayszeelarsh 233,5,2025-12-10 08:55:22,Wuthering Waves,"pengalaman bermain sudah lebih baik, cukup memuaskan",pengalaman bermain sudah lebih baik cukup memuaskan,Positif
Muhamad Zaenal Afif,5,2025-12-10 08:53:44,Wuthering Waves,baru 10 kali pull di kasih 5 star hoki jirrr,baru kali pull di kasih star hoki jirrr,Positif
Estomihi Manurung,5,2025-12-10 07:02:21,Wuthering Waves,saya suka dengan grafiknya,aku suka dengan grafiknya,Positif
Klein Khaslana,5,2025-12-10 04:34:03,Wuthering Waves,GAME BAGUS,game bagus,Positif
Nydiva,4,2025-12-10 03:05:30,Wuthering Waves,rada kikir,rada pelit,Negatif
Akmal Arriza,5,2025-12-10 00:04:55,Wuthering Waves,"nice, bagus semua dari segi grafis, story, gameplay, character..",baik bagus semua dari segi grafis cerita permainan character,Positif
Yoo Jihwan,4,2025-12-09 22:49:11,Wuthering Waves,gamenya udah bagus keburu berat malah lebih ringan genshin,gamenya sudah bagus keburu berat malah lebih ringan genshin,Negatif
Dhila,5,2025-12-09 20:00:00,Wuthering Waves,"BAGUS BGTT, gamee ini bener bener beda samaa game RPG lain yang pernah aku mainin fyi aku awalnya main ini karna fomo, tapii setelah tau va jp nya M! rover itu Masuda toshiki jadii aku mainin sampe hampir endgame- dann banyakk va jp terkenal lainnya, kaya ono yuki, hanae Natsuki dll nyaa. pokoknya aku suka banget juga gachanya engga ampas, cocok buat aku yang suka game gacha hehe, tapii tolong perbanyak character cowo yang bisaa digachaa dong~ soalnya chara cowo nya bener bener bisa diitung jari",bagus sekali gamee ini benar benar beda sama game rpg lain yang pernah aku mainin fyi aku awalnya main ini karena fomo tapi setelah tau va jp nya m rover itu masuda toshiki jadii aku mainin sampai hampir endgame dann banyakk va jp terkenal lainnya seperti ono yuki hanae natsuki dsb nyaa pokoknya aku suka sekali juga gachanya tidak jelek cocok buat aku yang suka game undian hehe tapi tolong perbanyak character cowok yang bisaa digachaa dong soalnya chara cowok nya benar benar bisa diitung jari,Positif
Chiyo,5,2025-12-09 17:06:09,Wuthering Waves,gg bang game nya☕🗿,gg kakak game nya minuman hangat moai,Positif
Blood of the conqueror,5,2025-12-09 15:51:04,Wuthering Waves,minusnya di optimalisasi game nya kayak masalah jaringan dll kalau untuk in game kayak story gaca dll good dev juga sering banget bagi bagi bansos,minusnya di optimalisasi game nya seperti masalah jaringan dsb kalau untuk di game seperti cerita gaca dsb good dev juga sering sekali bagi bagi hadiah,Positif
Asriyanto Rizky,1,2025-12-09 15:40:02,Wuthering Waves,"lagi main crash 2 kali semenjak update, device saya iqoo 13 jadi harusnya aman device, Kecewa banget sumpah padahal dari awal release gak pernah crash, mulai jadi game sampah!!!",lagi main tabrak kali semenjak pembaruan perangkat aku iqoo jadi harusnya aman perangkat kecewa sekali sumpah padahal dari awal release tidak pernah tabrak mulai jadi game sampah,Negatif
s revan,1,2025-12-09 13:41:41,Wuthering Waves,game tolol gua kaga bisa masuk malah keluar keluar sendiri,game bodoh saya tidak bisa masuk malah keluar keluar sendiri,Negatif
Jefferson Crisde,5,2025-12-09 13:38:16,Wuthering Waves,"gamenya udh bagus, cuman tambahin bahasa indonesia nya",gamenya sudah bagus cuma tambahkan bahasa indonesia nya,Positif
Muammar Alfurqan,5,2025-12-09 12:47:35,Wuthering Waves,"game nya sangat bagus,tapi mohon kasih bahasa indonesianya",game nya sangat bagus tapi mohon kasih bahasa indonesianya,Positif
Ady GAMING,4,2025-12-09 12:04:40,Wuthering Waves,Game nya bagus grafik nya jugak oke Tapi knp pas mau login di game nya download data 200mb terus pas login game nya apa emang kayak gituh kah gituh aja mksh. tolong di tambahin bahasa Indonesia dong,game nya bagus grafik nya juga oke tapi kenapa saat mau masuk di game nya unduh data mb terus saat masuk game nya apa memang seperti gituh kah gituh saja mksh tolong di tambahkan bahasa indonesia dong,Negatif
Yil Yula,5,2025-12-09 06:05:48,Wuthering Waves,menyenangkan,menyenangkan,Positif
Fitzyt,5,2025-12-09 04:56:23,Wuthering Waves,BAIK BANGET NI GAME,baik sekali ini game,Positif
Arya Ardiansyah D.S,5,2025-12-09 03:33:28,Wuthering Waves,"Kuro dev baik, dapet my bini Chisa + Signature nyaa",kuro games dev baik dapat punyaku bini chisa signature nyaa,Positif
Akashi Seijuro,4,2025-12-09 02:24:02,Wuthering Waves,akhir-akhir ini saya main kan gamenya sering force close,akhir akhir ini aku main kan gamenya sering force close,Negatif
Zhoo,2,2025-12-09 02:04:29,Wuthering Waves,saya baru pertama kali mendownload nya tapi pas saya baru buka aplikasi ini saya kira bahasa Indonesia eh ternyata bahasa lain mana nggak bisa di atur lagi bahasa nya saya mencoba memainkan kan namun yg ada hanya layar gambar nya saja dan tidak bisa main kan padahal saya ingin sekali mencoba memainkan nya karna saya penasaran namun sayangnya tidak bisa masuk..apa mungkin harus di tunggu dulu buat download data nya.?tolong jawab🙏 nanti kalau bagus saya bakal balik lagi kesini buat kasih bintang,aku baru pertama kali mendownload nya tapi saat aku baru buka aplikasi ini aku kira bahasa indonesia eh ternyata bahasa lain mana tidak bisa di atur lagi bahasa nya aku mencoba memainkan kan namun yang ada hanya layar gambar nya saja dan tidak bisa main kan padahal aku ingin sekali mencoba memainkan nya karena aku penasaran namun sayangnya tidak bisa masuk apa mungkin harus di tunggu dulu buat unduh data nya tolong jawab melipat tangan nanti kalau bagus aku akan balik lagi kesini buat kasih bintang,Negatif
Muhammad Nur Efendy,2,2025-12-09 00:39:44,Wuthering Waves,"kenapa akhir-akhir ini wuwa agak susah ya buat masuk ke game nya, mau dowload data nggak bisa udah berkali kali pencet continue, ini wuwa pertama kali rilis nggak kayak gini dulu, dulu gampang buat masuk gamenya, gw mah bodo amat pity jelek, yg penting bisa main lagi itu aja, untuk kali ini bintang 2 duls kalo udah di perbaiki ane kasih 5 👍",kenapa akhir akhir ini wuthering waves agak susah ya buat masuk ke game nya mau dowload data tidak bisa sudah berkali kali pencet continue ini wuthering waves pertama kali rilis tidak seperti gini dulu dulu gampang buat masuk gamenya saya mah bodoh sekali jaminan gacha jelek yang penting bisa main lagi itu saja untuk kali ini bintang duls kalau sudah di perbaiki ane kasih jempol ke atas,Negatif
M Andra F F,5,2025-12-08 15:16:36,Wuthering Waves,mantap game baik,mantap game baik,Positif
HAKKA Adzimah,5,2025-12-08 15:06:50,Wuthering Waves,bagus banget min sumpah bisa kali kasi saya char b5,bagus sekali admin sumpah bisa kali kasih aku karakter b,Positif
Wave Games,5,2025-12-08 14:14:54,Wuthering Waves,THANKS KURO♪ (〃∇〃),terimakasih kuro games,Positif
MELANCOLIS,5,2025-12-08 14:14:10,Wuthering Waves,sering FC mau d setting grafik mid bah kn low,sering fc mau di setting grafik uts bah kn low,Negatif
Iqbal Ramadhan,4,2025-12-08 13:55:16,Wuthering Waves,"tolonggg!! masukan bahasa indonesia ke dalam game ini, game ini sangat seru untuk di mainkan. tapi tolong add indonesia language",tolonggg masukan bahasa indonesia ke dalam game ini game ini sangat seru untuk di mainkan tapi tolong add indonesia language,Negatif
Mamang Alfian,5,2025-12-08 13:50:41,Wuthering Waves,"game ini sangat bagus sekali, dari grafiknya yang bikin hp kalian cepat panas, paling masukan aja dari saya untuk kuro yaitu kurangin size wuwa atau ada fitur hapus data story di hp biar tidak berat"" amat. udah itu aja sih dari saya",game ini sangat bagus sekali dari grafiknya yang membuat handphone kalian cepat panas paling masukan saja dari aku untuk kuro games yaitu kurangin ukuran wuthering waves atau ada fitur hapus data cerita di handphone supaya tidak berat sekali sudah itu saja sih dari aku,Positif
Kevin Saputra,5,2025-12-08 12:59:11,Wuthering Waves,game yg bagus dan menarik,game yang bagus dan menarik,Positif
Ryux Shina,5,2025-12-08 12:35:27,Wuthering Waves,mantap min cuman semoga update selanjutnya ada tambahan bahasa Indonesia ya min sejauh ini sih bagus bgt,mantap admin cuma semoga pembaruan selanjutnya ada tambahan bahasa indonesia ya admin sejauh ini sih bagus banget,Positif
Fuukinoru Ken,1,2025-12-08 10:50:11,Wuthering Waves,game ribet mau ganti email aja banyak persyaratan nya ga lagi lagi main game dari developer ini cuihhh,game ribet mau ganti email saja banyak persyaratan nya tidak lagi lagi main game dari developer ini cuihhh,Negatif
Xian Yi,4,2025-12-08 08:58:34,Wuthering Waves,"gak ada bahasa Indonesia males main, aku hapus",tidak ada bahasa indonesia malas main aku hapus,Negatif
Melati Tulip,5,2025-12-08 08:47:28,Wuthering Waves,game yang bagus sekali cocok untuk semua kalangan,game yang bagus sekali cocok untuk semua kalangan,Positif
STOCKHOLM,5,2025-12-08 07:22:55,Wuthering Waves,tolong aktif kan frame gen untuk snapdragon 8s gen 3,tolong aktif kan frame gen untuk snapdragon s gen,Negatif
Amin Udin,5,2025-12-08 06:28:42,Wuthering Waves,tambah bahasa Indonesia nya,tambah bahasa indonesia nya,Negatif
Hendri,5,2025-12-08 02:23:02,Wuthering Waves,tolong berikan bahasa Indonesia,tolong berikan bahasa indonesia,Negatif
Big Brother,4,2025-12-07 20:21:14,Wuthering Waves,"gamenya bagus,tapi di hp gw kok force close jam 3.00 pagi ya? mohon di perbaiki",gamenya bagus tapi di handphone saya kok force close jam pagi ya mohon di perbaiki,Negatif
Abdullah Faries,1,2025-12-07 16:36:16,Wuthering Waves,"saya adalah player sejak BETA, sudah lama main sampai saat ini tapi semakin lama setelah bermain quest Augusta, saya sangat miris dengan cara kuro menyajikan cerita self insert nya, saya pikir ini adalah game dengan potensi AAA+ namun malah di rusak dengan cerita yg flat dan dipenuhi fans servis, mungkin saya rasa mc terbaik tetap caelus dari HSR kalau segi cerita yang menarik dan tidak monoton",aku adalah player sejak beta sudah lama main sampai saat ini tapi semakin lama setelah bermain misi augusta aku sangat miris dengan cara kuro games menyajikan cerita self insert nya aku pikir ini adalah game dengan potensi aaa namun malah di rusak dengan cerita yang datar dan dipenuhi fans servis mungkin aku rasa mc terbaik tetap caelus dari hsr kalau segi cerita yang menarik dan tidak monoton,Negatif
Theofilus 22,5,2025-12-07 13:18:49,Wuthering Waves,game sama ceritanya seru,game sama ceritanya seru,Positif
Slamet Mashur,5,2025-12-07 10:49:17,Wuthering Waves,sudah malas gacha gak dapet²,sudah malas undian tidak dapet²,Negatif
vazar aja,5,2025-12-07 09:26:13,Wuthering Waves,game terseru yang pernah aku mainkan bikin betah juga alur cerita nya apalagi tokoh nya bikin betah,game terseru yang pernah aku mainkan membuat betah juga alur cerita nya apalagi tokoh nya membuat betah,Positif
UZU,5,2025-12-07 08:42:30,Wuthering Waves,balasan karna sering kasih gw low pity,balasan karena sering kasih saya low jaminan gacha,Positif
Mus Sirx77,5,2025-12-07 05:57:23,Wuthering Waves,"Dari gameplay udah bagus , story dan CG nya juga udah mantap. Cuma masih sering banget framedrop nya . Dan berharap kedepannya bisa di tambahin subtitle bahasa Indonesia (soalnya player Indonesia banyak ini)",dari permainan sudah bagus cerita dan cg nya juga sudah mantap hanya masih sering sekali framedrop nya dan berharap kedepannya bisa di tambahkan subtitle bahasa indonesia soalnya player indonesia banyak ini,Positif
Sahlan,5,2025-12-07 04:18:19,Wuthering Waves,gelooooo bagus kali alur nya fight nya behhhh.....hp aj yg ngedukung🥲🥲,gelooooo bagus kali alur nya fight nya behhhh handphone saja yang ngedukung wajah tersenyum dengan air mata wajah tersenyum dengan air mata,Positif
Henny Adhari,5,2025-12-07 03:38:37,Wuthering Waves,keren,keren,Positif
Ariel permana Putra,5,2025-12-07 01:40:48,Wuthering Waves,terbaik,terbaik,Positif
8D 08 Fakhri Arya Bimantara,5,2025-12-07 00:31:23,Wuthering Waves,selalu tambahkan optimasi setiap update,selalu tambahkan optimasi setiap pembaruan,Negatif
Pengguna Google,5,2025-12-07 00:05:30,Wuthering Waves,"untuk kuro games,game ini sudah bagus dari segi grafik,story,adventure,gacha tapi saran saya gini...pada next update di harapkan untuk lebih mengoptimalkan UE4 karena hp saya sudah kurang kuat🙏🥲",untuk kuro games games game ini sudah bagus dari segi grafik cerita adventure undian tapi saran aku gini pada lanjut pembaruan di harapkan untuk lebih mengoptimalkan ue karena handphone aku sudah kurang kuat melipat tangan wajah tersenyum dengan air mata,Negatif
Maria Adawia,5,2025-12-06 18:58:02,Wuthering Waves,keren,keren,Positif
Fauzi Tolani,5,2025-12-06 18:35:11,Wuthering Waves,game terbaik,game terbaik,Positif
Agung Fadillah,4,2025-12-06 16:26:26,Wuthering Waves,Hard pity Mulu anjir!,hard jaminan gacha terus anjing,Negatif
Dimas Prayoga,5,2025-12-06 16:25:14,Wuthering Waves,keren,keren,Positif
Aulia Izana182,5,2025-12-06 16:04:23,Wuthering Waves,game nya sangat Bagus sekali dan ketika saya main juga lumayan lancar,game nya sangat bagus sekali dan ketika aku main juga lumayan lancar,Positif
Ahmad Bintang A,5,2025-12-06 15:59:54,Wuthering Waves,10 kali gacha langsung dapet. mantap banget,kali undian langsung dapat mantap sekali,Positif
Cahyo PrasGun,5,2025-12-06 15:20:09,Wuthering Waves,kasih Bahasa Indonesia,kasih bahasa indonesia,Negatif
Galang Raditya,3,2025-12-06 15:12:10,Wuthering Waves,akun saya tiba tiba kembali lagi ketutorial awal padahal akun saya sudah union level 27,akun aku tiba tiba kembali lagi ketutorial awal padahal akun aku sudah union level,Negatif
Rosi Rosi,5,2025-12-06 15:09:50,Wuthering Waves,game santai seru full my kisah,game santai seru penuh punyaku kisah,Positif
Jaen Jaenudin,1,2025-12-06 14:57:40,Wuthering Waves,tambahin bahasa Indonesia lah oi,tambahkan bahasa indonesia lah oi,Negatif
DenD,5,2025-12-06 14:50:17,Wuthering Waves,"bagus game nya secara mekanik dan graphic sudah sangat bagus (tapi kapan ada bahasa indonesia woi Kuroo!!!, tak bisa bahasa inggres)",bagus game nya secara mekanik dan graphic sudah sangat bagus tapi kapan ada bahasa indonesia woi kuroo tidak bisa bahasa inggres,Positif
Nukar Uyah,5,2025-12-06 12:56:37,Wuthering Waves,keren,keren,Positif
Lita iramawati,5,2025-12-06 12:25:45,Wuthering Waves,"bukan wuthering waves ini mah, tapi gathering wife 🥰",bukan wuthering waves ini mah tapi gathering wife wajah tersenyum dengan 3 hati,Positif
Fito Pratama,1,2025-12-06 11:58:37,Wuthering Waves,gacha ampas player baru tersiksa,undian jelek player baru tersiksa,Negatif
Maple RK,5,2025-12-06 11:41:11,Wuthering Waves,Ohhh wuwa.... kenapa kamu berat sekali untuk aku mainkan😭 akun aku jadi sia sia karena gamenya makin berat🥲 berikan aku kesempatan untuk memainkannya lagi wahai kurogame😂,ohhh wuthering waves kenapa kamu berat sekali untuk aku mainkan wajah menangis keras akun aku jadi sia sia karena gamenya makin berat wajah tersenyum dengan air mata berikan aku kesempatan untuk memainkannya lagi wahai kurogame wajah gembira berurai air mata,Negatif
Beny Saja,5,2025-12-06 11:27:54,Wuthering Waves,makasih game baik,terimakasih game baik,Positif
susilo habibi,5,2025-12-06 11:06:33,Wuthering Waves,bagus,bagus,Positif
FAJAR FAJAR,4,2025-12-06 09:32:03,Wuthering Waves,bagus,bagus,Positif
Akun Buyer,5,2025-12-06 09:16:26,Wuthering Waves,gacor game gam kikir,gacor game gam pelit,Negatif
scarfang,5,2025-12-06 05:48:03,Wuthering Waves,mantap akun saya hoki trus,mantap akun aku hoki terus,Positif
Ahmad,5,2025-12-06 05:08:31,Wuthering Waves,mantappp jir,mantappp jir,Positif
Zoro Von Earlsheids,5,2025-12-06 05:01:43,Wuthering Waves,Game RPG terbaik sih ini dimobile asli the best lah pokoknya Wuthering Waves,game rpg terbaik sih ini dimobile asli sebuah terbaik lah pokoknya wuthering waves,Positif
Farrel Rajendra,5,2025-12-06 04:35:16,Wuthering Waves,"keren, tapi pensi dulu gara2 kendala hp kentang",keren tapi berhenti main dulu gara kendala handphone spesifikasi rendah,Negatif
MT1.29. Farel Prakoso,5,2025-12-06 00:40:27,Wuthering Waves,"game secara cerita, combat, event sudah bagus di atas rata rata, mungkin sistem yang aku saran kan jaminan rate on/sistem gacha yang lebih dipermudah untuk limit karakter, karna tidak menutup kemungkinan player bakal kalah rate off berturut-turut. kemudian dan tingkat kan kapasitas penyimpanan waveplate cadangan nya, karena ga semua player bisa main secara terus menerus",game secara cerita combat acara sudah bagus di atas rata rata mungkin sistem yang aku saran kan jaminan rate nyala sistem undian yang lebih dipermudah untuk limit karakter karena tidak menutup kemungkinan player akan kalah rate mati berturut turut kemudian dan tingkat kan kapasitas penyimpanan waveplate cadangan nya karena tidak semua player bisa main secara terus menerus,Negatif
Bernkastel,5,2025-12-05 23:48:08,Wuthering Waves,"Game ini sangat seru, aku benar2 enjoy memainkan game ini, keep it up Kuro games!",game ini sangat seru aku benar nikmat memainkan game ini simpan it atas kuro games games,Positif
B Lingga,5,2025-12-05 17:52:29,Wuthering Waves,"Game dengan karakter dan grafik yang cakep. skill tiap karakter yang unik dan gameplay-nya yang beda2 makin membuat combat di game ini makin menarik. ditambah ada mekanik parry, dodge, dan counter. Belum lagi soal story. Keliatan jelas peningkatan kualitasnya. mantap memang Kurogames",game dengan karakter dan grafik yang cakep skill tiap karakter yang unik dan permainan nya yang beda makin membuat combat di game ini makin menarik ditambah ada mekanik parry dodge dan counter belum lagi soal cerita keliatan jelas peningkatan kualitasnya mantap memang kurogames,Positif
Akhmad Rizal Kamil,5,2025-12-05 15:40:03,Wuthering Waves,aku hoki,aku hoki,Positif
Dhuss alwi,5,2025-12-05 14:20:40,Wuthering Waves,free game spek AAA inimah😭,gratis game spek aaa ini wajah menangis keras,Positif
Askar Jaeger,4,2025-12-05 13:40:49,Wuthering Waves,"sangad bagus, cuma update kemarin kok suara Hero di Saya hilang ya??, animasi suara waktu basik attack atau ulti nggak ada, tolong diperbaiki",sangad bagus hanya pembaruan kemarin kok suara hero di aku hilang ya animasi suara waktu basik serang atau ulti tidak ada tolong diperbaiki,Negatif
Yoruka Kirihime,1,2025-12-05 10:27:47,Wuthering Waves,game sampah dr awal main sampe sekarang gk pernah menang rate off udh gitu hard pity,game sampah dari awal main sampai sekarang tidak pernah menang rate mati sudah begitu hard jaminan gacha,Negatif
Damar Panuluh,5,2025-12-05 07:32:11,Wuthering Waves,"?/?/2024 : UNTUK GRAFIK SUDAH SANGAT SANGAT HD 🔥🔥🔥 || 5/12/2025 : Sudah satu tahun lebih saya memainkan game ini. Namun, saya masih berharap agar Kuro Games menambahkan Bahasa Indonesia agar para player dari Indonesia bisa lebih memahami alur dan pembicaraan dalam game.",untuk grafik sudah sangat sangat hd api api api sudah satu tahun lebih aku memainkan game ini namun aku masih berharap agar kuro games games menambahkan bahasa indonesia agar para player dari indonesia bisa lebih memahami alur dan pembicaraan dalam game,Negatif
•Shiraishi Desuka,5,2025-12-05 04:24:21,Wuthering Waves,game terbaik,game terbaik,Positif
Almira aulia Syifa,4,2025-12-05 04:02:57,Wuthering Waves,mana optimalisasi apus stori biar tak numpuk,mana optimalisasi hapus stori supaya tidak numpuk,Negatif
Ocha Salud Adianto (オチャです),5,2025-12-05 03:21:27,Wuthering Waves,"grafiknya bagus! main selalu pake cooler biar fpsnya stabil digrafik ratakanan, sekedar saran tolong tambahkan subtitle bahasa Indonesia. kdang klo lgi main suka males buat mikir terjemahannya😅",grafiknya bagus main selalu pakai cooler supaya fpsnya stabil digrafik ratakanan sekedar saran tolong tambahkan subtitle bahasa indonesia kdang kalau lagi main suka malas buat mikir terjemahannya wajah tersenyum lebar dan berkeringat,Positif
Yandak Tw,2,2025-12-05 00:32:45,Wuthering Waves,udahmah rate off high pity lagi dev ireng dev ireng,udahmah rate mati high jaminan gacha lagi dev ireng dev ireng,Negatif
REZKY LEMBAH,5,2025-12-05 00:24:26,Wuthering Waves,"gamenya bagus cuma hp gw aja yg g mendukung. udah main dari pertama rilis sampe sekarang, mungkin update kedepan hp udh g mendukung. semoga ada pengoptimalan yg bagus👐",gamenya bagus hanya handphone saya saja yang tidak mendukung sudah main dari pertama rilis sampai sekarang mungkin pembaruan kedepan handphone sudah tidak mendukung semoga ada pengoptimalan yang bagus tangan terbuka,Negatif
夜刀神十香,5,2025-12-04 22:44:23,Wuthering Waves,"sempurna, ide nya selalu di luar ekspetasi, tinggal bagaimana mereka menghadapi bug yang melanda ini...",sempurna ide nya selalu di luar ekspetasi tinggal bagaimana mereka menghadapi masalah teknis yang melanda ini,Positif
Fadhli Rizqi,4,2025-12-04 19:19:57,Wuthering Waves,tolong tambah kan optimalisasi file agar bisa menghapus file yang sudah tidak di perlukan soalnya ini game sudah tembus 40 gb buat mobile 🙏🙏🙏🙏,tolong tambah kan optimalisasi file agar bisa menghapus file yang sudah tidak di perlukan soalnya ini game sudah tembus gb buat mobile melipat tangan melipat tangan melipat tangan melipat tangan,Negatif
Glenツ,5,2025-12-04 18:43:35,Wuthering Waves,"absolute cinema masterpiece gak nyesel download, ramah f2 p, grafik sangat memuaskan. 💘💘❤‍🩹❤‍🩹💯💯💯💯👅👅👅",absolute cinema mahakarya tidak nyesel unduh ramah f p grafik sangat memuaskan hati terpanah hati terpanah mengobati hati terluka mengobati hati terluka nilai seratus nilai seratus nilai seratus nilai seratus lidah lidah lidah,Positif
Ariief,5,2025-12-04 16:51:37,Wuthering Waves,Semua nya bagus dari grafik combat dan semuanya mines cmn 1 gk ada subtitle Indonesia susah untuk menikmati alur ceritanya,semua nya bagus dari grafik combat dan semuanya mines cuma tidak ada subtitle indonesia susah untuk menikmati alur ceritanya,Negatif
Rakha IM,5,2025-12-04 16:39:15,Wuthering Waves,gamenya sudah berkembang dari awal saya main. walaupun sempat rehat tapi ketika kembali bermain lagi sudah banyak hal yang dioptimalkan. semoga fps di mobile bisa diperhalus agar dapat memainkan gamenya dengan fps tinggi.,gamenya sudah berkembang dari awal aku main walaupun sempat rehat tapi ketika kembali bermain lagi sudah banyak hal yang dioptimalkan semoga frame per detik di mobile bisa diperhalus agar dapat memainkan gamenya dengan frame per detik tinggi,Negatif
Sid De Vann's,5,2025-12-04 16:34:34,Wuthering Waves,"overall udah bagus banget, saran tambahin emote waktu chatan sama temen biar lebih ekspresif aja",overall sudah bagus sekali saran tambahkan emote waktu chatan sama teman supaya lebih ekspresif saja,Positif
Raditya Yudistira,5,2025-12-04 15:47:10,Wuthering Waves,makasih buat kuro games udah buat game sebagus ini,terimakasih buat kuro games games sudah buat game sebagus ini,Positif
Muafra Gamers,5,2025-12-04 15:14:26,Wuthering Waves,"Game nya cukup bagus overall, grafik dan design character nya bagus, dari segi music pendalaman karakter sangat memuaskan",game nya cukup bagus overall grafik dan design character nya bagus dari segi musik pendalaman karakter sangat memuaskan,Positif
Putu Serli,5,2025-12-04 14:56:23,Wuthering Waves,"Dari awal main sampai skrg pun tetep konsisten, Terimakasih Kuro Games ❤️❤️❤️ tetep improve dan upgrade game nya setiap update ya dan tetap konsisten mendengarkan keluhan player",dari awal main sampai sekarang pun tetap konsisten terimakasih kuro games games hati merah hati merah hati merah tetap improve dan upgrade game nya setiap pembaruan ya dan tetap konsisten mendengarkan keluhan player,Positif
Nata rasengiyanto,5,2025-12-04 14:45:13,Wuthering Waves,"crazy update,bisa pake vulkan coyy👍👍",crazy pembaruan bisa pakai vulkan coyy jempol ke atas jempol ke atas,Positif
Yue Chan,5,2025-12-04 14:40:22,Wuthering Waves,"Keren, Tolong tambahin bahasa Indonesia, Buat saya yang kurang bisa berbahasa Inggris:)",keren tolong tambahkan bahasa indonesia buat aku yang kurang bisa berbahasa inggris,Negatif
Mirza Yoewono,5,2025-12-04 14:29:34,Wuthering Waves,next bisa lebih ringan,lanjut bisa lebih ringan,Positif
Ibrahim hamid,5,2025-12-04 14:26:00,Wuthering Waves,mantap,mantap,Positif
Dante S,5,2025-12-04 14:14:41,Wuthering Waves,Srkarang frame nya dah normal.....gak force close lagi dan suhu kembali normal,srkarang frame nya sudah normal tidak force close lagi dan suhu kembali normal,Positif
Idea zech,3,2025-12-04 13:41:21,Wuthering Waves,plis ada bahasa Indonesia🇮🇩🇮🇩🇮🇩🇮🇩,tolong ada bahasa indonesia bendera indonesia bendera indonesia bendera indonesia bendera indonesia,Negatif
zahra humairo,5,2025-12-04 13:36:56,Wuthering Waves,Tolong tambahkan bahasa Indonesia,tolong tambahkan bahasa indonesia,Negatif
Tom Cjpng,5,2025-12-04 13:30:51,Wuthering Waves,"game nya bagus sangat bagus, teruskan dan banyak kan astrite nya biar gak bosen bosen maen game wuthering waves nya, dan kasih bahasa Indonesia biar paham jalan ceritanya,sekian dari saya",game nya bagus sangat bagus teruskan dan banyak kan astrite nya supaya tidak bosan bosan main game wuthering waves nya dan kasih bahasa indonesia supaya paham jalan ceritanya sekian dari aku,Positif
Jamal udin,5,2025-12-04 13:17:49,Wuthering Waves,ok,ok,Positif
ken taro 02,5,2025-12-04 13:04:39,Wuthering Waves,"Tolong tambahkan bahasa Indonesia, karena pemain mayorotitas di Indonesia juga banyak",tolong tambahkan bahasa indonesia karena pemain mayorotitas di indonesia juga banyak,Negatif
Iyan,5,2025-12-04 12:47:51,Wuthering Waves,"tolong untuk grafis rendah itu animasi rumput nya bisa di matiin biar makin lancar atau sekalian aja rumput nya di hapus di grafis rendah, soalnya aku gak butuh grafis bagus karena masih pake HP low end jadi untuk update kedepannya tolong optimalkan grafisnya.",tolong untuk grafis rendah itu animasi rumput nya bisa di matiin supaya makin lancar atau sekalian saja rumput nya di hapus di grafis rendah soalnya aku tidak butuh grafis bagus karena masih pakai handphone low akhir jadi untuk pembaruan kedepannya tolong optimalkan grafisnya,Negatif
Lily Flore (Lily),5,2025-12-04 12:41:38,Wuthering Waves,Gamenya sangat canciii dan saya suka muehehe,gamenya sangat canciii dan aku suka muehehe,Positif
Ahmad Iqbal,3,2025-12-04 12:15:18,Wuthering Waves,"Absolute cinema, gw terkagum-kagum liat grafis dan buildingnya benar-benar wah bgt. Ceritanya gak terlalu gw notis, tapi fighting scenenya KEREN bgt njir gk salah gw main ni game edited: ceritanya mid njir, apa coba romance bait mulu",absolute cinema saya terkagum kagum lihat grafis dan buildingnya benar benar wah banget ceritanya tidak terlalu saya notis tapi berjuang scenenya keren banget anjing tidak salah saya main ini game edited ceritanya uts anjing apa coba romance bait terus,Positif
ANTONIUS MB,5,2025-12-04 12:05:25,Wuthering Waves,game bagus ngalahin game sebelah 😎🤟,game bagus ngalahin game sebelah wajah berkacamata hitam gerakan sayang kamu,Positif
Indra,5,2025-12-04 10:26:10,Wuthering Waves,sehat² game baik,sehat² game baik,Positif
Light,5,2025-12-04 08:31:13,Wuthering Waves,baguss bet,baguss sekali,Positif
Lineage Mobile,5,2025-12-04 08:29:19,Wuthering Waves,langsung dapet b5 maksih bang,langsung dapat b maksih kakak,Positif
Ihsan_ Kamal,5,2025-12-04 00:48:30,Wuthering Waves,"Mohon Tolong untuk developer agar mempermudah gacha, untuk player gratisan/miskin. itu saja yang aku harapkan, Soalnya aku setiap nge-gacha pasti dapet zonk/nihil😭🙏",mohon tolong untuk developer agar mempermudah undian untuk player gratisan miskin itu saja yang aku harapkan soalnya aku setiap nge undian pasti dapat zonk nihil wajah menangis keras melipat tangan,Negatif
Agus Wijaya,5,2025-12-04 00:45:57,Wuthering Waves,bagus,bagus,Positif
fajar junior,4,2025-12-03 23:37:22,Wuthering Waves,"saya kasih 4 ⭐ lah Dev, game nya bagus, cuma kendala nya bahasa nya, gak semua orang ngerti bahasa Inggris, kalo udah ada bahasa Indonesia saya kasih 5 ⭐ deh 👌",aku kasih bintang medium putih lah dev game nya bagus hanya kendala nya bahasa nya tidak semua orang ngerti bahasa inggris kalau sudah ada bahasa indonesia aku kasih bintang medium putih deh oke,Negatif
Andreas Jonathan,5,2025-12-03 21:41:27,Wuthering Waves,Best Game RPG tidak kikir dan story nya mantap,terbaik game rpg tidak pelit dan cerita nya mantap,Positif
DMY YT,5,2025-12-03 17:46:15,Wuthering Waves,"terimakasih, developernya sangat baik",terimakasih developernya sangat baik,Positif
Marcello Emanuel,5,2025-12-03 17:15:03,Wuthering Waves,mantap banget lek,mantap sekali lek,Positif
Ditt Frizz,2,2025-12-03 16:24:34,Wuthering Waves,bug force close device Infinix GT 30 pro mohon diperbaiki,masalah teknis force close perangkat infinix gitu pro mohon diperbaiki,Negatif
Abay Ali,5,2025-12-03 12:48:51,Wuthering Waves,mantap,mantap,Positif
derly,5,2025-12-03 10:29:48,Wuthering Waves,makin berat woilah,makin berat woilah,Negatif
Morax,5,2025-12-03 10:10:13,Wuthering Waves,lu baik gacha nya,lu baik undian nya,Positif
Kamael Exwp,5,2025-12-03 08:15:22,Wuthering Waves,gachaku wangi,gachaku wangi,Positif
Alfin Kurrahman,5,2025-12-03 06:56:08,Wuthering Waves,"game nya bagus, tapi kurang fitur, yaitu fitur hapus data story, yg udah lama di selesai kan cuma itu sih semoga gams terus berkembang dan nurutin kemauan player lain",game nya bagus tapi kurang fitur yaitu fitur hapus data cerita yang sudah lama di selesai kan hanya itu sih semoga gams terus berkembang dan nurutin kemauan player lain,Negatif
David Satria,5,2025-12-03 06:22:15,Wuthering Waves,bagus ini tetapi grafis kurang high tinggi kedua kurang bahasa indonesia belum baru.mohon buat .,bagus ini tetapi grafis kurang high tinggi kedua kurang bahasa indonesia belum baru mohon buat,Negatif
Has Bi,5,2025-12-03 04:12:39,Wuthering Waves,kalian perbedaan sama gi sama wuwa jelas banget lah kalau gi udah duluan dari pada wuwa terus gi itu lebih ringan dari pada wuwa plis jangan perbandingan sama gi komentar ya asli udah muak full size ya 40gb an kalau dah hapus data lama jadi 29gb an,kalian perbedaan sama lagi sama wuthering waves jelas sekali lah kalau lagi sudah duluan dari pada wuthering waves terus lagi itu lebih ringan dari pada wuthering waves tolong jangan perbandingan sama lagi komentar ya asli sudah muak penuh ukuran ya gb an kalau sudah hapus data lama jadi gb an,Positif
Changli Lord,5,2025-12-03 02:24:07,Wuthering Waves,bagus,bagus,Positif
Mas_ren,5,2025-12-03 02:19:27,Wuthering Waves,plis kasihh bahasa lain,tolong kasihh bahasa lain,Negatif
Fahriln137 Fahrilk317,5,2025-12-02 23:51:15,Wuthering Waves,memberi like 👍,memberi suka jempol ke atas,Positif
Ashenn,5,2025-12-02 22:03:46,Wuthering Waves,wajib donlot,wajib donlot,Positif
Muhammad Arafat,5,2025-12-02 20:23:01,Wuthering Waves,bagus bg kuro lain kali sering² kasi yak,bagus bg kuro games lain kali sering² kasih ya,Positif
Kamu Nanya,1,2025-12-02 20:03:29,Wuthering Waves,stress jirs baru login suruh download 34 gb🤘🗿🥶🤚,stress jirs baru masuk suruh unduh gb lambang tanduk moai wajah kedinginan angkat tangan,Negatif
Awangga Koswara,5,2025-12-02 17:59:43,Wuthering Waves,"Saya sangat suka game ini, memiliki story yang bagus dan semua character keren-keren. Tapi memiliki 1 kekurangan yaitu tidak adanya bahasa Indonesia, saya harap kedepannya di adakan bahasa Indonesia pada game wuthering waves.",aku sangat suka game ini memiliki cerita yang bagus dan semua character keren keren tapi memiliki kekurangan yaitu tidak adanya bahasa indonesia aku harap kedepannya di adakan bahasa indonesia pada game wuthering waves,Negatif
Na Dina,5,2025-12-02 17:01:01,Wuthering Waves,mantap,mantap,Positif
Arise,5,2025-12-02 13:50:52,Wuthering Waves,"oke secara gameplay dan grafik bagus semuanya, tapi kenapa akun saya yang lama hilang??? saya coba login kembali dengan akun yang sama tapi semua data lama sudah hilang.",oke secara permainan dan grafik bagus semuanya tapi kenapa akun aku yang lama hilang aku coba masuk kembali dengan akun yang sama tapi semua data lama sudah hilang,Negatif
Aditiya Firmansyah,1,2025-12-02 13:08:43,Wuthering Waves,gede amat ni size nya di Hp,besar sekali ini ukuran nya di handphone,Negatif
Surya Damar Lintang,5,2025-12-02 12:41:20,Wuthering Waves,asik lebih asik dari game sebelah,asyik lebih asyik dari game sebelah,Positif
M. Adifro Yurfadho,5,2025-12-02 09:17:06,Wuthering Waves,2 kata Sangat bagus 👍👍,kata sangat bagus jempol ke atas jempol ke atas,Positif
Fatah Njay,5,2025-12-02 08:47:06,Wuthering Waves,"ceritanya mantap abiezzz, dan juga fanservice nya🤭😋",ceritanya mantap abiezzz dan juga fanservice nya wajah dengan tangan menutup mulut wajah menikmati,Positif
Habib Alfaroqi Ikhsan Ridwan,3,2025-12-02 08:44:32,Wuthering Waves,size gamenya terlalu besar buat HP sy kalo bisa di optimalkan lagi dari segi size sama performance Kalo dari experience bermain game ini absolute cinema,ukuran gamenya terlalu besar buat handphone sy kalau bisa di optimalkan lagi dari segi ukuran sama performance kalau dari pengalaman bermain game ini absolute cinema,Negatif
Cosans,5,2025-12-02 07:12:05,Wuthering Waves,Makasih game baik,terimakasih game baik,Positif
mrgokzz gt,1,2025-12-02 06:35:28,Wuthering Waves,iklan mulu pler,iklan terus pler,Negatif
Dimas R Pratomo,4,2025-12-02 06:00:08,Wuthering Waves,masih bener bener pemula,masih benar benar pemula,Positif
Lmt limit,5,2025-12-02 05:05:32,Wuthering Waves,ayo kita coba!! dan bagus!!,ayo kita coba dan bagus,Positif
Fardi 123,1,2025-12-02 04:46:13,Wuthering Waves,pas mau download data dalem malah stuck gabisa pencet continue tolong di perbaiki,saat mau unduh data dalem malah stuck gabisa pencet continue tolong di perbaiki,Negatif
[Dark Fire] Official,5,2025-12-01 20:27:35,Wuthering Waves,GAME BAIK! SOFT PITY DI BANNER SENJATA! DAN MENANG RATE OFF CHISA!,game baik soft jaminan gacha di banner senjata dan menang rate mati chisa,Positif
Luis Arung,5,2025-12-01 16:52:02,Wuthering Waves,"gameplay nya bagus , tidak kikir seperti sebelah.",permainan nya bagus tidak pelit seperti sebelah,Positif
Ariq Pratama,5,2025-12-01 15:36:11,Wuthering Waves,"Kurang lebih gameplay bagus,cuma butuh pengoptimalan aja.Keep Enjoying this game everyone",kurang lebih permainan bagus hanya butuh pengoptimalan saja simpan enjoying this game semua,Positif
muhammad hasbi salamah 7_29,5,2025-12-01 12:57:05,Wuthering Waves,keren,keren,Positif
Wirat Maje,5,2025-12-01 12:52:20,Wuthering Waves,game bagus mudahan dapat character banyak,game bagus mudahan dapat character banyak,Positif
Sw Sh hehe,5,2025-12-01 11:01:52,Wuthering Waves,gamenya bagus dari cerita dan gameplay,gamenya bagus dari cerita dan permainan,Positif
Baihaqi,5,2025-12-01 07:45:05,Wuthering Waves,baru main langsung dapat char b5 baru,baru main langsung dapat karakter b baru,Positif
fahrul rozi,5,2025-12-01 02:50:00,Wuthering Waves,ayo dong kuro tambahkan bahasa Indonesia 🙏,ayo dong kuro games tambahkan bahasa indonesia melipat tangan,Negatif
Khazari Shouri,5,2025-12-01 01:03:57,Wuthering Waves,admin baik tiap minggu kasih 10x gacha gratis,admin baik tiap minggu kasih x undian gratis,Positif
Pande Juliantara,5,2025-11-30 23:05:35,Wuthering Waves,Game mantap tidak kikir kek sebelah🫶🥰,game mantap tidak pelit seperti sebelah tangan membentuk hati wajah tersenyum dengan 3 hati,Positif
Ajisaputra Kurnia,3,2025-11-30 17:55:14,Wuthering Waves,minimal ada bahasa indo lah pening gua nerjemahin nya klo maen lama,minimal ada bahasa indonesia lah pening saya nerjemahin nya kalau main lama,Negatif
FLIPPY •1234,5,2025-11-30 15:35:01,Wuthering Waves,tolong di kasih subtitle bahasa indonesia biar mudah di pahami sama kasian yg gak bisa bahasa Inggris mau main nya susah tolong di respon ulasan saya,tolong di kasih subtitle bahasa indonesia supaya mudah di pahami sama kasihan yang tidak bisa bahasa inggris mau main nya susah tolong di respon ulasan aku,Negatif
Nebula Origin,5,2025-11-30 15:25:26,Wuthering Waves,Pensi jir,berhenti main jir,Negatif
Isyou Seaa,5,2025-11-30 12:16:01,Wuthering Waves,game nya overall keren banget segi ceritanya and skill effect nyaa keren BGTT asli,game nya overall keren sekali segi ceritanya dan skill effect nyaa keren sekali asli,Positif
Gean Pradito,1,2025-11-30 11:38:46,Wuthering Waves,udah mulai kikir,sudah mulai pelit,Negatif
Rian Corleone,5,2025-11-30 10:01:09,Wuthering Waves,pas awal awal main gamenya berat bet tapi pas kelamaan lumayan nurun beratnya,saat awal awal main gamenya berat sekali tapi saat kelamaan lumayan nurun beratnya,Positif
Wi Jay,2,2025-11-30 09:44:16,Wuthering Waves,"sangat susah mencari suply, gacha juga sulit banget, sebagai player gratisan kecewa berat saya",sangat susah mencari suply undian juga sulit sekali sebagai player gratisan kecewa berat aku,Negatif
Hadri Ansyah,1,2025-11-30 09:17:18,Wuthering Waves,update ya makin gede aj sekarang aj udh 34 koma... lbih Gb gila benar ...udah stuck game nggk mau download,pembaruan ya makin besar saja sekarang saja sudah koma lbih gb gila benar sudah stuck game tidak mau unduh,Negatif
Anggi 10969,1,2025-11-30 07:59:09,Wuthering Waves,"Banyak Notifikasi Gk Jelas, Padahal Tidak Membuka Wuthering Waves",banyak notifikasi tidak jelas padahal tidak membuka wuthering waves,Negatif
Rusmen Maragen,1,2025-11-30 07:10:29,Wuthering Waves,"musuhnya masuk kedalam tanah, gimana cara mau kawannya, tolong perbaiki",musuhnya masuk kedalam tanah gimana cara mau kawannya tolong perbaiki,Negatif
ROYAN,5,2025-11-30 05:15:16,Wuthering Waves,game yang sangat bagus rekomen buat yg ga ada kegiatan main ni game aja☕🗿,game yang sangat bagus rekomen buat yang tidak ada kegiatan main ini game saja minuman hangat moai,Positif
Lobang Puki,5,2025-11-30 03:36:52,Wuthering Waves,susuai perkiraan tapi tambah lah mas kuro senyum nya,susuai perkiraan tapi tambah lah kakak kuro games senyum nya,Positif
Asyu Lahh,5,2025-11-30 03:02:50,Wuthering Waves,aku harap ada subtitel indonesia nya,aku harap ada subtitel indonesia nya,Negatif
Ziro 03,5,2025-11-29 23:21:51,Wuthering Waves,gg geming,gg geming,Positif
Dodi ermantan putro Putro,5,2025-11-29 22:37:48,Wuthering Waves,kekurangan nya bahasa indonesia nya gk ada,kekurangan nya bahasa indonesia nya tidak ada,Negatif
Iqooz9x Ini,1,2025-11-29 20:07:31,Wuthering Waves,game busuk sistemnya,game busuk sistemnya,Negatif
Karina,5,2025-11-29 18:48:23,Wuthering Waves,game terbaik,game terbaik,Positif
Randal Aldifah,1,2025-11-29 15:30:49,Wuthering Waves,"Gaca tidak fifti"",",gaca tidak fifti,Negatif
Marvell Saja,5,2025-11-29 11:29:16,Wuthering Waves,GAME BAIKKKKKKK,game baikkkkkkk,Positif
Nameless,1,2025-11-29 11:12:15,Wuthering Waves,"mohon maaf pihak Kuro, ini gacha di akun gw ngebug apa gimana, gw udah gacha sampe rate off, terus gw gacha lagi sampe 70 kali masih belum dapet karakter bintang 5, gw coba gacha lagi sampe ke 80 kali yg seharusnya dalam status ""rate on"" untuk gacha banner ""Chisa"", tapi malah dikasih karakter bintang 5 basic dan bukan limited ""Chisa"". Tolong dijelaskan Kuro, ini gacha nya ngebug apa gimana, apakah sistem rate on rate off nya dihilangkan apa gimana? MOHON PENJELASANNYA!!",mohon maaf pihak kuro games ini undian di akun saya ngebug apa gimana saya sudah undian sampai rate mati terus saya undian lagi sampai kali masih belum dapat karakter bintang saya coba undian lagi sampai ke kali yang seharusnya dalam status rate nyala untuk undian banner chisa tapi malah dikasih karakter bintang basic dan bukan limited chisa tolong dijelaskan kuro games ini undian nya ngebug apa gimana apakah sistem rate nyala rate mati nya dihilangkan apa gimana mohon penjelasannya,Negatif
Cid Kagenou,5,2025-11-29 08:21:33,Wuthering Waves,"Segi grafik, dan story Keren",segi grafik dan cerita keren,Positif
Syahrul Hidayat,4,2025-11-29 07:03:27,Wuthering Waves,kalau bisa terjemahan nya ada bahasa Indonesia nya GK sih soalnya aku udh jauh ikutin alur cerita nya TPI GK ada bahasa Indonesia nya jadi kebanyakan skip alur nya,kalau bisa terjemahan nya ada bahasa indonesia nya tidak sih soalnya aku sudah jauh ikutin alur cerita nya tapi tidak ada bahasa indonesia nya jadi kebanyakan lewati alur nya,Negatif
Eupho мαʝoυ,5,2025-11-29 02:14:13,Wuthering Waves,"sangat menarik, sangat seru, sempurna",sangat menarik sangat seru sempurna,Positif
RIZAL ANDI PUTRA,5,2025-11-29 01:30:12,Wuthering Waves,fitur bahasa Indonesia di versi android belum ada,fitur bahasa indonesia di versi android belum ada,Negatif
Foxyx Ez,5,2025-11-28 11:06:32,Wuthering Waves,"di buat lebih berat lagi game nya, ni hp gw belum ngos ngos San😛",di buat lebih berat lagi game nya ini handphone saya belum ngos ngos san wajah menjulurkan lidah,Positif
Aan Kiyotaka,5,2025-11-28 10:49:12,Wuthering Waves,"bagus secara menyeluruh, tetapi untuk saya kurang bisa bhs inggris jadi kadang kesusahan saat menjalankan misi, untuk kedepannya bisa berharap ada bahasa indonesia nya",bagus secara menyeluruh tetapi untuk aku kurang bisa bhs inggris jadi kadang kesusahan saat menjalankan misi untuk kedepannya bisa berharap ada bahasa indonesia nya,Negatif
Riziq Avansyah,5,2025-11-28 05:11:43,Wuthering Waves,mantap boskuu,mantap boskuu,Positif
Derry Palevi,1,2025-11-27 23:17:38,Wuthering Waves,Gada bahasa Indonesia nya jadi kalo yang ngak ngerti bahasa Inggris jadi gapaham game nya alur ceritanya quest nya,tidak ada bahasa indonesia nya jadi kalau yang tidak ngerti bahasa inggris jadi gapaham game nya alur ceritanya misi nya,Negatif
imam syaiful,5,2025-11-27 15:45:49,Wuthering Waves,i love wuwa yg loyal sama playernya 😘,i suka wuthering waves yang loyal sama playernya wajah memberikan ciuman jauh,Positif
WhyNotGG,5,2025-11-27 15:28:15,Wuthering Waves,oke,oke,Positif
Mac Gibson,5,2025-11-27 15:27:36,Wuthering Waves,Kuro Ngga kikir,kuro games tidak pelit,Positif
Rivay Vanny,1,2025-11-27 15:15:51,Wuthering Waves,baru aja mau masuk udh suruh dowload 34GB . gila benar game ini. langsung aja uninstall dsr game bngsattttt,baru saja mau masuk sudah suruh dowload gb gila benar game ini langsung saja uninstall dsr game bngsattttt,Negatif
Galih Rio,3,2025-11-27 13:48:25,Wuthering Waves,"apasih compling shader mulu hampir tiap hari anjir, udah loding lama coo",apasih compling shader terus hampir tiap hari anjing sudah loding lama coo,Negatif
Fachry Fajar Destian,5,2025-11-27 13:32:38,Wuthering Waves,game baik dapet low pity terus🥰🥰,game baik dapat low jaminan gacha terus wajah tersenyum dengan 3 hati wajah tersenyum dengan 3 hati,Positif
Muhammad Riski sumajid,5,2025-11-27 13:18:20,Wuthering Waves,game baik,game baik,Positif
Rudolf MaHa,5,2025-11-27 13:07:01,Wuthering Waves,game baik,game baik,Positif
Muhammad Ghaza Asyadda,5,2025-11-27 10:20:00,Wuthering Waves,Alhamdulillah chisa lengkap,alhamdulilah chisa lengkap,Positif
Adhi Putraa,5,2025-11-27 08:11:07,Wuthering Waves,tambahkan bahasa Indonesia,tambahkan bahasa indonesia,Negatif
Septian Tirta,5,2025-11-27 07:47:29,Wuthering Waves,GOKILLL,gokil,Positif
Lnz Tersakiti,5,2025-11-27 06:32:09,Wuthering Waves,gacha nya hoki bgt,undian nya hoki banget,Positif
Noval Naftar,5,2025-11-27 06:07:20,Wuthering Waves,terimakasih atas b5 nya dapet 3 nih game gacor bet wajib download,terimakasih atas b nya dapat ini game gacor sekali wajib unduh,Positif
yogi hargiono,5,2025-11-27 06:00:08,Wuthering Waves,mantaaaapppp,mantaaaapppp,Positif
Anonim Cuan5,1,2025-11-27 04:35:30,Wuthering Waves,terlalu besar size game nya,terlalu besar ukuran game nya,Negatif
Jeremias Siagian,5,2025-11-26 17:20:33,Wuthering Waves,game baik,game baik,Positif
surya scarlet,3,2025-11-26 15:33:14,Wuthering Waves,masa bisa force close sendiri,masa bisa force close sendiri,Negatif
Palladin Edmonia,4,2025-11-26 14:13:26,Wuthering Waves,"saya kasih rating bintang 4 dulu karena masalah download. kalau bisa, tolong tambahkan download di latar belakang lagi. masa saya harus menunggu sampai selesai apalagi internet saya lemot. tolong lah tambahin download latar belakang lagi. tapi sisanya aman, cerita bagus, gameplay ga membosankan, dan sebagainya",aku kasih rating bintang dulu karena masalah unduh kalau bisa tolong tambahkan unduh di latar belakang lagi masa aku harus menunggu sampai selesai apalagi internet aku lambat tolong lah tambahkan unduh latar belakang lagi tapi sisanya aman cerita bagus permainan tidak membosankan dan sebagainya,Negatif
Riadus Solikhin,5,2025-11-26 13:46:59,Wuthering Waves,Joss gandoss,joss gandoss,Positif
muhammad Ripki,1,2025-11-26 11:44:07,Wuthering Waves,perbaki sistem updatenya kuro apan suruh update fulgame ulang ke gensin lah pra unduhnya filenya ga di copy semua,perbaki sistem updatenya kuro games apan suruh pembaruan fulgame ulang ke gensin lah pra unduhnya filenya tidak di copy semua,Negatif
Valensia Tanera,1,2025-11-26 11:31:44,Wuthering Waves,"banyakin karakter cowo woy, cewe stylenya pasaran/sama kebanyakan. bosann",banyakin karakter cowok woy gadis stylenya pasaran sama kebanyakan bosann,Negatif
Badal Yk,5,2025-11-26 08:13:59,Wuthering Waves,bgus,bgus,Positif
Resky Anggara,5,2025-11-26 08:00:01,Wuthering Waves,gamenya bagus,gamenya bagus,Positif
Lord K,1,2025-11-26 05:36:53,Wuthering Waves,"Kecewa bangett... udah pelit ngeluarin char cowok, eh tetep aja kalah di banner Qiuyuan. Kedepannya plis lah keluarin lebih banyak char cowoknya lagi, dikira yang main cuma cowo doang",kecewa sekali sudah pelit ngeluarin karakter cowok eh tetap saja kalah di banner qiuyuan kedepannya tolong lah keluarin lebih banyak karakter cowoknya lagi dikira yang main hanya cowok saja,Negatif
Eren Yeager,5,2025-11-26 05:09:41,Wuthering Waves,bagus banget char nya detail dan gameplay menarik,bagus sekali karakter nya detail dan permainan menarik,Positif
Naya U,5,2025-11-26 05:08:24,Wuthering Waves,"secara keseluruhan udah bagus (BANGET) apalagi grafiknya dan combat yg wadidaw keren sekali, farming gampang, gacha meskipun bau tp dapet astrite gampang so ia bagus anjay mabar. jujur Dev nya sering dengerin player, mungkin next time adain bahasa Indonesia meskipun bisa bhs Inggris tp ini masih bnyak pakai bahasa kiasan, klasik lama yg kurang dimengerti, Terima kasih kuro.",secara keseluruhan sudah bagus sekali apalagi grafiknya dan combat yang wadidaw keren sekali farming gampang undian meskipun bau tapi dapat astrite gampang jadi ia bagus anjay mabar jujur dev nya sering dengerin player mungkin lanjut waktu adain bahasa indonesia meskipun bisa bhs inggris tapi ini masih bnyak pakai bahasa kiasan klasik lama yang kurang dimengerti terima kasih kuro games,Positif
wibu emperor,5,2025-11-26 04:54:45,Wuthering Waves,untuk game yang dimainkan ini sebenarnya sudah sangat bagus yah. mungkin dimasa depan yang bisa ditambahkan adalah mengenai bahasa pada game nya. mungkin bahasa Inggris sudah cukup untuk dipahami seluruh player. akan tetapi juga jangan lupa untuk membuat penyesuaian seperti misalnya menambahkan bahasa Indonesia untuk para player Indonesia yang memainkan game ini.,untuk game yang dimainkan ini sebenarnya sudah sangat bagus yah mungkin dimasa depan yang bisa ditambahkan adalah mengenai bahasa pada game nya mungkin bahasa inggris sudah cukup untuk dipahami seluruh player akan tetapi juga jangan lupa untuk membuat penyesuaian seperti misalnya menambahkan bahasa indonesia untuk para player indonesia yang memainkan game ini,Positif
ชื่อของฉัน nano_,2,2025-11-26 02:33:26,Wuthering Waves,pelit bet char cowok,pelit sekali karakter cowok,Negatif
mochammad anwar abdul jabbar,5,2025-11-26 00:18:34,Wuthering Waves,"bagus banget first time main game dengan grafik yang sangat memanjakan mata dan juga gameplay yang ga terlalu sulit,keren abis pokoknya. note : tolong tambahkan bahasa indonesia ke dalam gamenya,soalnya saya ingin menikmati storynya 🫡",bagus sekali pertama waktu main game dengan grafik yang sangat memanjakan mata dan juga permainan yang tidak terlalu sulit keren habis pokoknya note tolong tambahkan bahasa indonesia ke dalam gamenya soalnya aku ingin menikmati storynya wajah memberi hormat,Negatif
Hoshino Yozora,5,2025-11-26 00:06:13,Wuthering Waves,baru main lagi dikasih double gold,baru main lagi dikasih double gold,Positif
Mas Mikail,5,2025-11-25 23:08:38,Wuthering Waves,Teruslah berkembang dan berkarya kurogames semoga sukses kedepannya 🙏,teruslah berkembang dan berkarya kurogames semoga sukses kedepannya melipat tangan,Positif
Aeje Ijee,5,2025-11-25 21:57:14,Wuthering Waves,"game nya seru banget, apalagi kalo bisa grafik rata kanan 🙂😭😭😭👍👍👍 ini kalo bisa ngasih bintang 1000 udah gw kasih 🗿",game nya seru sekali apalagi kalau bisa grafik rata kanan wajah agak tersenyum wajah menangis keras wajah menangis keras wajah menangis keras jempol ke atas jempol ke atas jempol ke atas ini kalau bisa ngasih bintang sudah saya kasih moai,Positif
Febri,5,2025-11-25 20:44:08,Wuthering Waves,"game ini sangat baik hati , 我爱kuro game",game ini sangat baik hati 我爱kuro game,Positif
Ando ra,3,2025-11-25 18:11:06,Wuthering Waves,"Untung gameplay bagus banget,asik dimainin. Kekurangannya mungkin dari segi optimalisasinya masih kurang, mungkin karena ini masih game Baru kali yah. Semoga sih bisa lebih lancar setidaknya di settingan normal",untung permainan bagus sekali asyik dimainin kekurangannya mungkin dari segi optimalisasinya masih kurang mungkin karena ini masih game baru kali yah semoga sih bisa lebih lancar setidaknya di settingan normal,Positif
Rei Sorean,1,2025-11-25 17:53:10,Wuthering Waves,"Gamenya bagus saya sangat menyukainya, namun saya sudah mengumpulkan banyak astrite untuk gacha chisa, sayangnya aku tidak mendapatkan character ya namanya juga game gacha, saya sekarang ingin berhenti dan mengunistall nya, sungguh sangat kecewa 🥲🥲",gamenya bagus aku sangat menyukainya namun aku sudah mengumpulkan banyak astrite untuk undian chisa sayangnya aku tidak mendapatkan character ya namanya juga game undian aku sekarang ingin berhenti dan mengunistall nya sungguh sangat kecewa wajah tersenyum dengan air mata wajah tersenyum dengan air mata,Negatif
ICE C,5,2025-11-25 17:00:38,Wuthering Waves,"GG bgt ini game, grafiknya ,alurnya gacorrrr bgt, tp klo ada sub indonya lbih gacorrr lagii",gg banget ini game grafiknya alurnya gacorrrr banget tapi kalau ada sub indonya lbih gacorrr lagi,Positif
jakson kristoper,5,2025-11-25 16:36:51,Wuthering Waves,"game paling the best mobile yang membuat aku terjun ke dunia gacha, W kuro🙏",game paling sebuah terbaik mobile yang membuat aku terjun ke dunia undian aku kuro games melipat tangan,Positif
BAD MOOD,5,2025-11-25 15:28:14,Wuthering Waves,"absolut cinema, dan paling penting tidak kikir",absolut cinema dan paling penting tidak pelit,Positif
Muhammad Haiqal,5,2025-11-25 13:36:24,Wuthering Waves,games yang menarik saya susak semangat buat pengembang dari awal rilis masih ngelek ngelek sampek sekarany bisa lancar cukup memuaskan dari pengembangannya,games yang menarik aku susak semangat buat pengembang dari awal rilis masih ngelek ngelek sampai sekarany bisa lancar cukup memuaskan dari pengembangannya,Positif
Muhammad Zahir Zain,5,2025-11-25 13:23:13,Wuthering Waves,MANNTAPPPP,manntapppp,Positif
Saya,5,2025-11-25 12:35:29,Wuthering Waves,"suka banget design karakternya, visual story juga menarik mata animasinya apalagi waktu tarung.. sayang hp gw kentang buat game ini jadi rata kiri itupun masih stuttering 😅",suka sekali design karakternya visual cerita juga menarik mata animasinya apalagi waktu tarung sayang handphone saya spesifikasi rendah buat game ini jadi rata kiri itupun masih stuttering wajah tersenyum lebar dan berkeringat,Positif
Fantasy Movie,5,2025-11-25 12:27:38,Wuthering Waves,game bagus mines GK ad bahasa Indonesia,game bagus mines tidak ada bahasa indonesia,Negatif
Klan Sakai,5,2025-11-25 12:17:10,Wuthering Waves,geme nya bagus yah pertama kali saya nyoba geme ini very absolute cinema walaupun berat di hp kentang Saya chipset hp saya dimansty 6300 rasanya lagi di panggang hp semoga kedepannya makin bagus geme nya good job kuro gemes,geme nya bagus yah pertama kali aku nyoba geme ini sangat absolute cinema walaupun berat di handphone spesifikasi rendah aku chipset handphone aku dimansty rasanya lagi di panggang handphone semoga kedepannya makin bagus geme nya good pekerjaan kuro games gemes,Negatif
Berserker Armor,5,2025-11-25 11:13:49,Wuthering Waves,bagus,bagus,Positif
Vulcano,5,2025-11-25 11:01:22,Wuthering Waves,terbaik,terbaik,Positif
Nuzulul Furqan,5,2025-11-25 10:48:47,Wuthering Waves,mantap,mantap,Positif
Yani Daryas,5,2025-11-25 10:40:29,Wuthering Waves,bagus njirr ceritanya,bagus anjing ceritanya,Positif
19 M Irzha R R N,5,2025-11-25 08:14:40,Wuthering Waves,Lupakan tentang blackscreen karena mungkin sinyalku yang lag😅 terimakasih sudah selalu mengoptimalkan game ini supaya bisa dimainkan diperangkat spesifikasi rendah🙏🏼 akhirnya saya bisa merasakan my kisah😋,lupakan tentang blackscreen karena mungkin sinyalku yang patah patah wajah tersenyum lebar dan berkeringat terimakasih sudah selalu mengoptimalkan game ini supaya bisa dimainkan diperangkat spesifikasi rendah melipat tangan warna kulit cerah sedang akhirnya aku bisa merasakan punyaku kisah wajah menikmati,Positif
Al Ambi Muli,5,2025-11-25 05:59:08,Wuthering Waves,"2.8 Chisa story... Beautiful! gak nyangka bisa seindah itu visualnya, banyak referensi anime yg di masukkan juga. Walau singkat dan filler patch tapi... effort yg di berikan luar biasa!",chisa cerita beautiful tidak nyangka bisa seindah itu visualnya banyak referensi anime yang di masukkan juga walau singkat dan filler pembaruan tapi effort yang di berikan luar biasa,Positif
Danil R.,5,2025-11-25 05:20:02,Wuthering Waves,"Bagus Suka Ama Ost, Karakter, Storynya, Menanti Map & Act Baru",bagus suka sama ost karakter storynya menanti peta act baru,Positif
Droid Bwang,5,2025-11-25 04:03:44,Wuthering Waves,Chisa❤🥰🥰🥰🥰❤,chisa hati merah wajah tersenyum dengan 3 hati wajah tersenyum dengan 3 hati wajah tersenyum dengan 3 hati wajah tersenyum dengan 3 hati hati merah,Positif
Muhamad Rizki,5,2025-11-25 03:24:02,Wuthering Waves,saya mendapatkan dua karakter b5 dua kali berturut turut pertama 10x pull ke dua 1x jadi saya kasih bintang 5,aku mendapatkan dua karakter b dua kali berturut turut pertama x pull ke dua x jadi aku kasih bintang,Positif
Khairul Lutfi,5,2025-11-25 03:04:30,Wuthering Waves,"Makin Bagus Makin Berat... Mobile Device Makin Panas... Story Selalu Ada Unsur Romansa, setidaknya kurangi di setiap story...",makin bagus makin berat mobile perangkat makin panas cerita selalu ada unsur romansa setidaknya kurangi di setiap cerita,Negatif
khosyem syim,5,2025-11-25 00:43:27,Wuthering Waves,mantap,mantap,Positif
MALAIKAT EVIL,1,2025-11-24 23:56:16,Wuthering Waves,udah kikir gamenya,sudah pelit gamenya,Negatif
Shunkaa 6661,5,2025-11-24 23:52:06,Wuthering Waves,TERIMAKASIH SUDAH MEMBERI EXO CHISA MUACH*,terimakasih sudah memberi exo chisa muach,Positif
Ami Ami,5,2025-11-24 23:46:29,Wuthering Waves,"Main story bagus, Combat nya bagus, visualnya bagus POKOK NYA BAGUS DAH VERY RECOMENDED",main cerita bagus combat nya bagus visualnya bagus pokok nya bagus sudah sangat recomended,Positif
frmnptrhmn,1,2025-11-24 22:34:45,Wuthering Waves,"tolong dong ko dapet bintang 5 di game ini susah banget!!,masa harus pity 70 ke atas terus",tolong dong ko dapat bintang di game ini susah sekali masa harus jaminan gacha ke atas terus,Negatif
dandi pratama,1,2025-11-24 19:35:31,Wuthering Waves,cuih.... update kecil 12GB,cuih pembaruan kecil gb,Negatif
Dyas 16,5,2025-11-24 17:20:10,Wuthering Waves,ya gamenya cukup menarik dan seru tapi tolong ada kan bahasa Indonesia nya lah saya ingin lebih tau jalan cerita gamenya jadi tolong adakan bahasa Indonesia nya ok,ya gamenya cukup menarik dan seru tapi tolong ada kan bahasa indonesia nya lah aku ingin lebih tau jalan cerita gamenya jadi tolong adakan bahasa indonesia nya ok,Negatif
Al,5,2025-11-24 14:58:43,Wuthering Waves,ini bagus keren,ini bagus keren,Positif
Muhammad salman,4,2025-11-24 14:56:13,Wuthering Waves,"bagus, cmn setelah update terbaru ini, kenapa setiap login harus compiling shader terus, bahkan setelah dihapus data nya trs download ulang masih aja kyk gitu, tolong dong ini saya yang salah atau emang ada kesalahan dari game nya ya",bagus cuma setelah pembaruan terbaru ini kenapa setiap masuk harus compiling shader terus bahkan setelah dihapus data nya terus unduh ulang masih saja seperti begitu tolong dong ini aku yang salah atau memang ada kesalahan dari game nya ya,Negatif
Yuliana Mustopa,5,2025-11-24 14:42:24,Wuthering Waves,game bagus gak ngeleg rekomen👍,game bagus tidak ngeleg rekomen jempol ke atas,Positif
Aldi winata,5,2025-11-24 14:34:20,Wuthering Waves,game bagus,game bagus,Positif
"Ahmad Raihan dkv,absen 4",5,2025-11-24 13:34:31,Wuthering Waves,keren banget loh ya dapat ayank phoebe🥰,keren sekali loh ya dapat ayank phoebe wajah tersenyum dengan 3 hati,Positif
Putri Chans,1,2025-11-24 13:29:08,Wuthering Waves,"mengapa saya selalu kalah rate off, saya tidak pernah menang rate off😔😔",mengapa aku selalu kalah rate mati aku tidak pernah menang rate mati wajah merenung wajah merenung,Negatif
Nur Arafat,5,2025-11-24 13:13:37,Wuthering Waves,selalu force close,selalu force close,Negatif
dalton Junius,5,2025-11-24 13:09:16,Wuthering Waves,makasih wuwa,terimakasih wuthering waves,Positif
eurofora Radithya,5,2025-11-24 12:52:49,Wuthering Waves,game yang bagus bagi saya,game yang bagus bagi aku,Positif
Moz Kara,5,2025-11-24 12:33:27,Wuthering Waves,"grafik bagus, seru dan eksplorasi nya asik dan luas, gratis lagi 😁",grafik bagus seru dan eksplorasi nya asyik dan luas gratis lagi wajah gembira dengan mata bahagia,Positif
Scubusa Sorce,2,2025-11-24 12:14:51,Wuthering Waves,buff outro Chisa terlalu cepat durasinya,peningkatan kekuatan outro chisa terlalu cepat durasinya,Negatif
ahmad zihron,5,2025-11-24 12:12:35,Wuthering Waves,yoi,yoi,Positif
Albert Emerson,5,2025-11-24 11:27:47,Wuthering Waves,"pokoknya bagus deh, semangat developer",pokoknya bagus deh semangat developer,Positif
Muhammad Sultan Salahuddin Alayubby,5,2025-11-24 06:27:55,Wuthering Waves,Salah Satu Game Gacha Terbaik,salah satu game undian terbaik,Positif
Muhammad Ridho Firdaus,5,2025-11-24 05:23:26,Wuthering Waves,"untuk perkembangan game nya sudah sangat bagus dari alur cerita awal sampai akhir patch sekarang, tapi yang membuat saya merasa tidak puas banget itu karena hadiah astrite yang diperoleh dari harian nya itu kurang memuaskan untuk player F2p yang hanya mendapatkan 60 astrite, sedangkan waktu yang diberikan event-event seperti banner char baru dan char Rerun itu sangat memiliki waktu yg sangat sedikit, jadi kuro pertimbangkan dan kasih kemudahan bagi player F2p untuk mendapatkan char yg kita mau.",untuk perkembangan game nya sudah sangat bagus dari alur cerita awal sampai akhir pembaruan sekarang tapi yang membuat aku merasa tidak puas sekali itu karena hadiah astrite yang diperoleh dari harian nya itu kurang memuaskan untuk player fp yang hanya mendapatkan astrite sedangkan waktu yang diberikan acara acara seperti banner karakter baru dan karakter rilis ulang itu sangat memiliki waktu yang sangat sedikit jadi kuro games pertimbangkan dan kasih kemudahan bagi player fp untuk mendapatkan karakter yang kita mau,Negatif
Sayid Agyl,5,2025-11-24 04:46:08,Wuthering Waves,tiap habis update sering compiling shader mulu,tiap habis pembaruan sering compiling shader terus,Negatif
Atta Bintang,5,2025-11-24 04:23:33,Wuthering Waves,gacha wangi yey,undian wangi yey,Positif
Aisha R.A,1,2025-11-24 03:16:49,Wuthering Waves,"Saya agak merasa kecewa pada update terbaru, karena pada update ini memerlukan storage kosong yang sangat besar, dan saat download data lama sekali padahal saya sudah menggunakan wifi yang kencang, saat saya test di game lain baik baik saja tapi saat di game ini malah loading. mohon di perbaiki 🙏",aku agak merasa kecewa pada pembaruan terbaru karena pada pembaruan ini memerlukan penyimpanan kosong yang sangat besar dan saat unduh data lama sekali padahal aku sudah menggunakan wifi yang kencang saat aku ujian di game lain baik baik saja tapi saat di game ini malah loading mohon di perbaiki melipat tangan,Negatif
Ajun Shing,1,2025-11-24 02:33:59,Wuthering Waves,Game Ampas Bab! Sistem GACA berat jelek.. Jdi kasih Bintang 1 aja...,game jelek bab sistem gaca berat jelek jadi kasih bintang saja,Negatif
Jackson Ruff,2,2025-11-24 02:07:06,Wuthering Waves,Menunggu bahasa indonesia,menunggu bahasa indonesia,Negatif
Kon K,1,2025-11-24 00:56:34,Wuthering Waves,kecewa card chisa jelek banget gak sesuai ekspetasi,kecewa card chisa jelek sekali tidak sesuai ekspetasi,Negatif
Huro,3,2025-11-23 22:26:50,Wuthering Waves,ini seriusan bg gw baru download di playstore 800 an mb terus didalam game download lagi 34gb ? besarr nyoo,ini seriusan bg saya baru unduh di playstore an mb terus didalam game unduh lagi gb besarr nyoo,Negatif
Zulfikri Zukfikri,5,2025-11-23 16:39:29,Wuthering Waves,mantap wuwa bagus banget story nya plus perhatian ke player best game for me kuro (:,mantap wuthering waves bagus sekali cerita nya tambah perhatian ke player terbaik game untuk aku kuro games,Positif
M Fidar Qurobi,5,2025-11-23 15:27:20,Wuthering Waves,mantap,mantap,Negatif
Muhamad fahri al falah,5,2025-11-23 15:21:14,Wuthering Waves,gamenya bagus ceritanya bagus grafiknya bagus tapi satu hal yang harus di perbaiki lagi di optimalisasinya jujur ni game optimalisasi buruk kalo di bandingkan dengan genshin jadi mohon untuk optimalisasinya,gamenya bagus ceritanya bagus grafiknya bagus tapi satu hal yang harus di perbaiki lagi di optimalisasinya jujur ini game optimalisasi buruk kalau di bandingkan dengan genshin jadi mohon untuk optimalisasinya,Negatif
Daniel HottuaS,5,2025-11-23 13:42:34,Wuthering Waves,Game ini beneran keren dari story sampai character nya,game ini beneran keren dari cerita sampai character nya,Positif
Felofi,1,2025-11-23 13:41:23,Wuthering Waves,"patch kemarin aku dapet singa. kuro tolong. nanti kalo udah dapet b5 lagi di banner event, aku update jadi rating 5 lagi. tolong.",pembaruan kemarin aku dapat singa kuro games tolong nanti kalau sudah dapat b lagi di banner acara aku pembaruan jadi rating lagi tolong,Negatif
AnDika AnFir,1,2025-11-23 13:22:46,Wuthering Waves,GK ada bahasa Indonesia nya,tidak ada bahasa indonesia nya,Negatif
Fazil Nanda,5,2025-11-23 12:41:59,Wuthering Waves,gamenya sigma bangat 🙏,gamenya sigma bangat melipat tangan,Positif
Muhammad Rafi Putra Setiawan,5,2025-11-23 12:41:35,Wuthering Waves,"karakternya cantik2, ayah syukaaaaakk",karakternya cantik bapak syukaaaaakk,Positif
Andi Suramana,5,2025-11-23 12:31:13,Wuthering Waves,bagus,bagus,Positif
Jengkol loverss,5,2025-11-23 09:49:25,Wuthering Waves,SERU! semoga tidak kikir yah...,seru semoga tidak pelit yah,Positif
kenzho bryan imanuel,5,2025-11-23 08:35:45,Wuthering Waves,MANTAP HOKI GACHA DI GAME INI,mantap hoki undian di game ini,Positif
Hazhbi Arrauf,5,2025-11-23 07:26:22,Wuthering Waves,"Cinta banget sama game ini asli, charanya cantik"" sama ganteng 😛😛 tapi jujur aja untuk hp mid/low range agar patah"" kurang smooth tapi masih playable lah, semoga updatenya ngefix beberapa isu optimalisasi sama banyakin dong chara cowo bosen cewe mulu 🥲🥲",cinta sekali sama game ini asli charanya cantik sama ganteng wajah menjulurkan lidah wajah menjulurkan lidah tapi jujur saja untuk handphone uts low range agar patah kurang smooth tapi masih playable lah semoga updatenya ngefix beberapa isu optimalisasi sama banyakin dong chara cowok bosan gadis terus wajah tersenyum dengan air mata wajah tersenyum dengan air mata,Negatif
Curse Of Aros,5,2025-11-23 06:54:42,Wuthering Waves,coba tambahin ini pendapatan astrite perbulan dan pengeluarannya perbulan,coba tambahkan ini pendapatan astrite perbulan dan pengeluarannya perbulan,Positif
Kageri,5,2025-11-23 06:38:43,Wuthering Waves,"MANTAP, kalau bisa kasih gw changli gratis lah wowkwokw",mantap kalau bisa kasih saya changli gratis lah wowkwokw,Positif
VanzX,5,2025-11-23 06:26:47,Wuthering Waves,keren!,keren,Positif
Arr Arr,3,2025-11-23 06:06:33,Wuthering Waves,di xiaomi 13T update terbaru 2.8 jadi sering force close,di xiaomi t pembaruan terbaru jadi sering force close,Negatif
Faiz asyam,5,2025-11-23 06:01:26,Wuthering Waves,lop yu kuro,lop ayo kuro games,Positif
Muhammad Arya Firman,4,2025-11-23 04:12:19,Wuthering Waves,mantab,mantab,Positif
Alif Hartoyo,5,2025-11-23 03:48:31,Wuthering Waves,ok,ok,Positif
Aris Setiawan,5,2025-11-23 01:59:58,Wuthering Waves,"game yg sangat bagus dan keren tapi tolong dong Dev nya bikinin tempat buat farming echo tube, masalahnya sudah banget naikin level echo nya dan exp echo nya terbatas,itu saja kekurangan ini game menurut ku.tolong ya🙏",game yang sangat bagus dan keren tapi tolong dong dev nya bikinin tempat buat farming echo tube masalahnya sudah sekali naikin level echo nya dan exp echo nya terbatas itu saja kekurangan ini game menurut ku tolong ya melipat tangan,Negatif
Meme Skw,5,2025-11-23 01:33:53,Wuthering Waves,bagus,bagus,Positif
Ahmad Luthvi,5,2025-11-22 22:47:55,Wuthering Waves,lumayan,lumayan,Positif
•XjboodzX•,1,2025-11-22 20:51:19,Wuthering Waves,Gacha Zonk semua cuy!,undian zonk semua cuy,Negatif
Muhammad Fauzi,5,2025-11-22 20:41:44,Wuthering Waves,game yang sangat bagus dan cocok untuk saya yg pemuja grafik🗿🗿,game yang sangat bagus dan cocok untuk aku yang pemuja grafik moai moai,Positif
Faris Ari romadhon,5,2025-11-22 20:18:26,Wuthering Waves,Tolong optimalisasi lagi game nya,tolong optimalisasi lagi game nya,Negatif
Reza Lubis,5,2025-11-22 20:02:02,Wuthering Waves,"game nya sangat oke , kalau boleh sih kasih Hero gratis nya dong",game nya sangat oke kalau boleh sih kasih hero gratis nya dong,Positif
qrzfta,5,2025-11-22 17:35:36,Wuthering Waves,SUKA BANGET,suka sekali,Positif
chitanda eru,5,2025-11-22 17:09:11,Wuthering Waves,"overall bagus, grafik mengagumkan, story tidak boring, absolute cinema🔥🗣",overall bagus grafik mengagumkan cerita tidak bosan absolute cinema api kepala berbicara,Positif
Reyhan Pw,5,2025-11-22 16:27:13,Wuthering Waves,gamenya sangat bagus dan keren!!! no minus lah pokoknya!!!,gamenya sangat bagus dan keren no minus lah pokoknya,Positif
Suriya nonton oy,5,2025-11-22 15:41:38,Wuthering Waves,keren abis,keren habis,Positif
Ikhsan Araaffli MV,5,2025-11-22 15:34:18,Wuthering Waves,"Baru kasih Rating sekarang, padahal main mah dari awal Rilis 😂 , dulu banyak bug , sekarang okelah , developer juga sangat mendengarkan playernya , ga kaya sebelah 🗿 , dan paling buat setiap map baru aja yg belum terlalu stabil , seiring berjalannya waktu makin stabil.. , game baik juga suka bagi bagi bansos 😂",baru kasih rating sekarang padahal main mah dari awal rilis wajah gembira berurai air mata dulu banyak masalah teknis sekarang okelah developer juga sangat mendengarkan playernya tidak seperti sebelah moai dan paling buat setiap peta baru saja yang belum terlalu stabil seiring berjalannya waktu makin stabil game baik juga suka bagi bagi hadiah wajah gembira berurai air mata,Positif
SHAH-RI Al Rosyid,5,2025-11-22 15:25:38,Wuthering Waves,"kak aku farming echo kadang nggak ada di lokasi, kadang ngebug masuk dalem tanah mohon diperbaiki ya🙏😇",kakak aku farming echo kadang tidak ada di lokasi kadang ngebug masuk dalem tanah mohon diperbaiki ya melipat tangan wajah malaikat,Negatif
Aldi Aldi,5,2025-11-22 15:18:30,Wuthering Waves,"game absolut cinema game yg bgs bgt dri segi apapun gua Puas betul,, saran dikit aj mas kuro gacha gua dri banner agusta merah mulu coo mana kalah rate off lagi tolongin dong mas @kuro jgn kejam banget gachanya😭😭",game absolut cinema game yang bgs banget dari segi apapun saya puas betul saran sedikit saja kakak kuro games undian saya dari banner agusta merah terus coo mana kalah rate mati lagi tolongin dong kakak jangan kejam sekali gachanya wajah menangis keras wajah menangis keras,Positif
Toge Bobon,5,2025-11-22 14:18:31,Wuthering Waves,game baik,game baik,Positif
Saa Yaa,5,2025-11-22 14:17:43,Wuthering Waves,aku suka gamenya,aku suka gamenya,Positif
evellyn evellyn,3,2025-11-22 14:12:57,Wuthering Waves,"gud, kapan sub indo p",gud kapan sub indonesia p,Negatif
Raihan Rasyad,5,2025-11-22 13:18:31,Wuthering Waves,game baik,game baik,Positif
PakGuru Dwis,5,2025-11-22 13:16:31,Wuthering Waves,gatchanya mohon di permudah donk. 🙏,gatchanya mohon di permudah donk melipat tangan,Negatif
Adryan Zidan,5,2025-11-22 13:07:04,Wuthering Waves,Game Baik,game baik,Positif
Krish Yuddianto,2,2025-11-22 12:20:50,Wuthering Waves,"butuh optimasi lagi😝hehe, plz D7300u g kuat walaupun lowest, tolong optimalkan lagi game nya untuk device yang kurang bagus. kaya pgr lahh, masa pgr bisa lancar ini g bisa, beda engine sih :v ywdh lah gitu aja, tolong optimalkan lagi. dan perbanyak bansos, saya mau 10x langsung dapat char banner.",butuh optimasi lagi wajah menjulurkan lidah dan memejamkan mata hehe plz du tidak kuat walaupun lowest tolong optimalkan lagi game nya untuk perangkat yang kurang bagus seperti pgr lahh masa pgr bisa lancar ini tidak bisa beda engine sih v ywdh lah begitu saja tolong optimalkan lagi dan perbanyak hadiah aku mau x langsung dapat karakter banner,Negatif
Rizki Rahma,5,2025-11-22 12:04:55,Wuthering Waves,game baik panjang' umur,game baik panjang umur,Positif
Saiful Anwar,5,2025-11-22 11:53:25,Wuthering Waves,mantap,mantap,Positif
Syibran Murtadha,5,2025-11-22 11:23:09,Wuthering Waves,mantap,mantap,Positif
Firman Maulana,5,2025-11-22 09:47:42,Wuthering Waves,"bagus sama kayak pgr,tapi tolong kasih subtitle Indonesia karena ga bisa bahasa inggris 😹",bagus sama seperti pgr tapi tolong kasih subtitle indonesia karena tidak bisa bahasa inggris wajah kucing gembira berurai air mata,Negatif
Muhammad yadi,1,2025-11-22 09:18:49,Wuthering Waves,"tolong perbaiki lagi bagian jaringan, terlalu sering merah Mulu berasa jadi malas main. satu lagi tolong tambahkan fitur data lama di hapus aja. karna udah nyelesaikan quest.",tolong perbaiki lagi bagian jaringan terlalu sering merah terus berasa jadi malas main satu lagi tolong tambahkan fitur data lama di hapus saja karena sudah nyelesaikan misi,Negatif
El23 El23,1,2025-11-22 09:07:32,Wuthering Waves,game ta1 mau download data aja malah setak di situ Mulu,game ta mau unduh data saja malah setak di situ terus,Negatif
TF Lotus Gaming,5,2025-11-22 08:51:25,Wuthering Waves,game bagus story tidak membosankan tapi terlalu berat tolong di ringankan lagi,game bagus cerita tidak membosankan tapi terlalu berat tolong di ringankan lagi,Negatif
Sapatro,5,2025-11-22 08:49:36,Wuthering Waves,tolong tambahan kan bahasa Indonesia biar player indo menikmati ceritanya,tolong tambahan kan bahasa indonesia supaya player indonesia menikmati ceritanya,Negatif
MUHAMAD FAUZAN,4,2025-11-22 08:33:05,Wuthering Waves,Lumayan,lumayan,Positif
Riski Prayana,5,2025-11-22 08:07:37,Wuthering Waves,habis update kok lama loginya,habis pembaruan kok lama loginya,Negatif
Giarto Prayogo,5,2025-11-22 07:46:25,Wuthering Waves,game baik sehat selalu,game baik sehat selalu,Positif
Feinta Mei Atma,5,2025-11-22 05:29:36,Wuthering Waves,Game baik saya harus upgrade hp kalo gini terus,game baik aku harus upgrade handphone kalau gini terus,Negatif
Vitage Dhiaz,5,2025-11-22 05:20:52,Wuthering Waves,tolong tuan kuro terhormat tambahkan bahasa indonesia,tolong tuan kuro games terhormat tambahkan bahasa indonesia,Negatif
Rifkyaldi Zx,5,2025-11-22 05:12:12,Wuthering Waves,game nya bagus,game nya bagus,Positif
Zenn,5,2025-11-22 04:29:56,Wuthering Waves,game nya seru bgt puas bgt sama segi grafik,game nya seru banget puas banget sama segi grafik,Positif
Miyuu,5,2025-11-22 04:20:13,Wuthering Waves,mantap ini dah peak banget story: solid grafik: solid bgm: solid gameplay: solid gw tidak menyesal sebagai player wuwa,mantap ini sudah peak sekali cerita solid grafik solid bgm solid permainan solid saya tidak menyesal sebagai player wuthering waves,Positif
Arkana,4,2025-11-22 03:52:13,Wuthering Waves,"gamenya cukup bagus, juga dapat dimainkan di hp midrange, sayangnya belum ada subtitle indo, tapi overall sudah bagus",gamenya cukup bagus juga dapat dimainkan di handphone midrange sayangnya belum ada subtitle indonesia tapi overall sudah bagus,Positif
Muhammad Rayhan,5,2025-11-22 03:23:13,Wuthering Waves,"perfect, cuman kurang bahasa Indonesia saja",sempurna cuma kurang bahasa indonesia saja,Positif
Sri Mutia,5,2025-11-22 03:19:50,Wuthering Waves,trimakasih baik bett,trimakasih baik bett,Positif
Dimas Azhar Risqy (Dimas),4,2025-11-22 03:09:33,Wuthering Waves,lebih di optimalkan lagi biar makin lancar performanya,lebih di optimalkan lagi supaya makin lancar performanya,Negatif
Rizqy Nabil Ramadhan,5,2025-11-22 02:56:46,Wuthering Waves,makasih yah kuro,terimakasih yah kuro games,Positif
Fahmi Azmi,5,2025-11-22 01:03:08,Wuthering Waves,Gameplay & story nya mantapp,permainan cerita nya mantap,Positif
Ani Rpg,1,2025-11-22 01:00:21,Wuthering Waves,Sementara bintang 1 kenapa karena saya sudah 50 kali pull tidak dapat B5 1 saja tidak dapat jika di 80 pull saya kalah rate off thanks ya saya akan hapus game ini sebagai game kikir saya sudah granding seluruh map sampai semua teleportasi kebuka dan misi sampai level tinggi jika ini kalah Rate off saya hapus gamenya !!!,sementara bintang kenapa karena aku sudah kali pull tidak dapat b saja tidak dapat jika di pull aku kalah rate mati terimakasih ya aku akan hapus game ini sebagai game pelit aku sudah granding seluruh peta sampai semua teleportasi kebuka dan misi sampai level tinggi jika ini kalah rate mati aku hapus gamenya,Negatif
Khun Note,5,2025-11-21 23:49:45,Wuthering Waves,aduhai,aduhai,Positif
Shdqi Rizwannail,5,2025-11-21 23:23:52,Wuthering Waves,pliss naikin dmg chisa,tolong naikin dmg chisa,Negatif
andi azman64,4,2025-11-21 22:41:25,Wuthering Waves,game nya bagus cuma lebih bagus kalau ada terjemahan Indonesia nya,game nya bagus hanya lebih bagus kalau ada terjemahan indonesia nya,Negatif
Andre,1,2025-11-21 21:59:48,Wuthering Waves,hp udah gak ngangkat SD 7+Gen2 udah patah patah terpaksa harus keluar dari game ini,handphone sudah tidak ngangkat sd gen sudah patah patah terpaksa harus keluar dari game ini,Negatif
Coy Skak,1,2025-11-21 20:34:29,Wuthering Waves,nice wuwa 3 akun tak satupun menang rate off lanjutkan,baik wuthering waves akun tidak satupun menang rate mati lanjutkan,Negatif
Wahid 12,5,2025-11-21 18:52:59,Wuthering Waves,gachanya gak pelit sumpah,gachanya tidak pelit sumpah,Positif
KAIZUMI Ryuen,4,2025-11-21 17:27:21,Wuthering Waves,"Developer baik, selalu respon keluh kesah player dan langsung berbenah jika ada yang kritik.",developer baik selalu respon keluh kesah player dan langsung berbenah jika ada yang kritik,Positif
Akmal Najid,5,2025-11-21 16:06:36,Wuthering Waves,"absolute cinema, admin baik salute for kuro game stay success dude",absolute cinema admin baik salute untuk kuro games game tinggal success teman,Positif
Nazwa Aulia,5,2025-11-21 15:39:33,Wuthering Waves,luvvv this game❤️,luvvv this game hati merah,Positif
Fadil,5,2025-11-21 15:33:11,Wuthering Waves,"gamenya sangat baik dan tidak kikir, aku suka",gamenya sangat baik dan tidak pelit aku suka,Positif
Budi Nurdianto,3,2025-11-21 14:34:27,Wuthering Waves,"patch baru 2.8 Masi belum optimal, tolong kuro!! di optimalkan performance gamenya , sebelum update permainan sangat lancar tanpa lag dan patah patah, namun setelah update terbaru game jadi terasa sangat berat dan sering patah patah Framenya... device cukup high padahal SD8+ gen 1 👌",pembaruan baru masih belum optimal tolong kuro games di optimalkan performance gamenya sebelum pembaruan permainan sangat lancar tanpa patah patah dan patah patah namun setelah pembaruan terbaru game jadi terasa sangat berat dan sering patah patah framenya perangkat cukup high padahal sd gen oke,Negatif
Arkan Some,5,2025-11-21 13:43:21,Wuthering Waves,"game ini sangat bagus karena ada my wife, my love",game ini sangat bagus karena ada punyaku wife punyaku suka,Positif
Deni Ario,1,2025-11-21 12:44:29,Wuthering Waves,"Banyak bug, loading stuck di angkat 75%",banyak masalah teknis loading stuck di angkat,Negatif
ZANZ SENSEI,5,2025-11-21 11:26:00,Wuthering Waves,grafik mantap,grafik mantap,Positif
Ariendra,5,2025-11-21 10:23:01,Wuthering Waves,tolong tambahkan bahasa Indonesia,tolong tambahkan bahasa indonesia,Negatif
Una Marshup,1,2025-11-21 10:01:22,Wuthering Waves,gacha zonk mulu,undian zonk terus,Negatif
Hendika ainur rokhim (Hendika ainur rokhim),5,2025-11-21 09:59:05,Wuthering Waves,"apdet kali ini terasa lumayan berat gk tau kenapa, klo bisa di bikin sistem yg di mana bisa menghapus data menunpuk,dan pas di permainan sebelum apdet saya bi memainkan tampa ada lag sedikitpun tapi kenapa sejak apdet ini rasanya lumayan berat untuk di mainkan,saya tidak tau ini bug apa gimana,dan harap segera di perbaikin 🙏🙏🙏",apdet kali ini terasa lumayan berat tidak tau kenapa kalau bisa di membuat sistem yang di mana bisa menghapus data menunpuk dan saat di permainan sebelum apdet aku bi memainkan tampa ada patah patah sedikitpun tapi kenapa sejak apdet ini rasanya lumayan berat untuk di mainkan aku tidak tau ini masalah teknis apa gimana dan harap segera di perbaikin melipat tangan melipat tangan melipat tangan,Negatif
The Nexus,5,2025-11-21 09:24:57,Wuthering Waves,keren terbaik,keren terbaik,Positif
Alfatih Barkah,5,2025-11-21 08:48:21,Wuthering Waves,game baru ini bagus sekali,game baru ini bagus sekali,Positif
Anton Hilarius29,1,2025-11-21 07:26:18,Wuthering Waves,game jelek berat nya doang,game jelek berat nya saja,Negatif
dzikra ahmad ad dzikrie,5,2025-11-21 06:26:42,Wuthering Waves,"Salah satu game mobile gratis terbaik yg pernah saya mainkan gameplay asik, kualitas story selalu meningkat, building karakter yg sangat mudah dan memanjakan player, grafis yg sangat memukau. kekurangannya hanya belum ada lokalisasi bahasa indonesianya saja karna saya ingin lebih memahami storynya ❤️ kurogame",salah satu game mobile gratis terbaik yang pernah aku mainkan permainan asyik kualitas cerita selalu meningkat building karakter yang sangat mudah dan memanjakan player grafis yang sangat memukau kekurangannya hanya belum ada lokalisasi bahasa indonesianya saja karena aku ingin lebih memahami storynya hati merah kurogame,Positif
Alvin Prassojo,1,2025-11-21 05:16:22,Wuthering Waves,"game berat.,ya walau bisa berjalan lancar di gw tapi ga logis aja musuh lebel 56 sampah 60 ge di level 50 kurang itu bukan level boss nya.,gw bunuhnya gimana",game berat ya walau bisa berjalan lancar di saya tapi tidak logis saja musuh lebel sampah ge di level kurang itu bukan level bos nya saya bunuhnya gimana,Negatif
RATTAE YUDHA PAMUNGKAS,5,2025-11-21 04:09:05,Wuthering Waves,lu udah Gilak kuro abis selesai arc 1 ini absolute cinema. wajib download game ini bagus beneran dan ga terlalu berat,lu sudah gila kuro games habis selesai arc ini absolute cinema wajib unduh game ini bagus beneran dan tidak terlalu berat,Positif
Yasir Abdilah,2,2025-11-21 04:05:14,Wuthering Waves,kok sehabis update 2.8 malah gk bisa di buka gamenya. Tolong perbaiki sesegera mungkin,kok sehabis pembaruan malah tidak bisa di buka gamenya tolong perbaiki sesegera mungkin,Negatif
Sahrus Syawali,4,2025-11-21 03:53:31,Wuthering Waves,game nya sudah bagus dari segi gameplay dan grafik tapi sayang belum ada bahasa Indonesianya,game nya sudah bagus dari segi permainan dan grafik tapi sayang belum ada bahasa indonesianya,Negatif
Dimas Anggara,5,2025-11-21 03:39:01,Wuthering Waves,"tolong di buatin subtitel bahasa indonesia nya, terimakasih.",tolong di buatin subtitel bahasa indonesia nya terimakasih,Negatif
Sky Blue,2,2025-11-21 03:19:50,Wuthering Waves,tolong untuk quest atau event lama kasih fitur hapus data. ini game mau 40gb sudah. game baru aja ada fitur hapus data lama,tolong untuk misi atau acara lama kasih fitur hapus data ini game mau gb sudah game baru saja ada fitur hapus data lama,Negatif
Unknow Error,3,2025-11-21 02:52:02,Wuthering Waves,"pakai poco x6 pro terasa pakai hp kentang saat mainin game ini (mungkin emang kentang😂), grafik sudah rata kanan masih burik framerate tidak stabil lagi kadang tinggi kadang nyendat2 di settingan medium sama saja, kelebihannya mungkin cuman di fightnya . mending main game sebelah🥱 lebih lancar grafik juga lebih bagus",pakai poco x pro terasa pakai handphone spesifikasi rendah saat mainin game ini mungkin memang spesifikasi rendah wajah gembira berurai air mata grafik sudah rata kanan masih jelek framerate tidak stabil lagi kadang tinggi kadang nyendat di settingan medium sama saja kelebihannya mungkin cuma di fightnya mending main game sebelah wajah menguap lebih lancar grafik juga lebih bagus,Negatif
Dadan Ramdhani,5,2025-11-21 01:58:39,Wuthering Waves,"game bagus, grafik bagus banget, story juga bagus",game bagus grafik bagus sekali cerita juga bagus,Positif
Sonya Amelia,5,2025-11-21 01:16:03,Wuthering Waves,baguss tapi gede jg buat penyimpanan😭,baguss tapi besar juga buat penyimpanan wajah menangis keras,Negatif
musa lubis,5,2025-11-21 01:06:03,Wuthering Waves,gacanya di saya hoki Mulu jarang kalah dan gameplaynya mantap,gacanya di aku hoki terus jarang kalah dan gameplaynya mantap,Positif
Muhammad Wafa,5,2025-11-21 00:31:04,Wuthering Waves,CS nya asik ga terlalu kaku respon mereka👍,cs nya asyik tidak terlalu kaku respon mereka jempol ke atas,Positif
Ilham muhammad,1,2025-11-20 22:54:38,Wuthering Waves,kenapa semua akun saya hilang capek capek saya ngebangun itu akun tapi malah hilang malah jadi mulai dari awal lagi,kenapa semua akun aku hilang kesal kesal aku ngebangun itu akun tapi malah hilang malah jadi mulai dari awal lagi,Negatif
Carl John,1,2025-11-20 19:51:03,Wuthering Waves,uma musume ez win,uma musume ez win,Negatif
Hasanuddin Sedunia,5,2025-11-20 19:03:05,Wuthering Waves,sangat keren,sangat keren,Positif
Faizal Sofyan,5,2025-11-20 18:45:44,Wuthering Waves,"setelah bosen genshin ini jadi pelarian terbaik sih, soalnya dari game play hampir sama kaya genshin.. the best lahh pokonya, paling terjemahan deskripsi nya kalo ada bahasa Indonesia pasti the best banget dahhh",setelah bosan genshin ini jadi pelarian terbaik sih soalnya dari game main hampir sama seperti genshin sebuah terbaik lahh pokonya paling terjemahan deskripsi nya kalau ada bahasa indonesia pasti sebuah terbaik sekali sudah,Positif
Fawwaz Rsj,1,2025-11-20 17:57:30,Wuthering Waves,"di deskripsi gacha dijamin di 80 pull dapat resonator yg ada di banner, nyatanya malah dapat resonator standard, kemaren pas banner iuno sama galbrena juga gitu, aneh",di deskripsi undian dijamin di pull dapat resonator yang ada di banner nyatanya malah dapat resonator standard kemarin saat banner iuno sama galbrena juga begitu aneh,Negatif
Rhazel Khaliank,5,2025-11-20 17:42:53,Wuthering Waves,"makin improve aja ini kuro , btw quest 2.8 mantap , kayak nonton anime aja",makin improve saja ini kuro games omong misi mantap seperti nonton anime saja,Positif
Sky Yarsz,5,2025-11-20 16:02:27,Wuthering Waves,"dari segi grafik game ini udah bagus bgt, lorenya juga bagus, grafiknya gilaa. minusnya gd sub indo, tolong dong kuro lirik market indo dong. terima kasih",dari segi grafik game ini sudah bagus banget lorenya juga bagus grafiknya gilaa minusnya gd sub indonesia tolong dong kuro games lirik market indonesia dong terima kasih,Negatif
Zx Vierr,5,2025-11-20 15:49:47,Wuthering Waves,"semakin update semakin bagus dan stabil, aku berharap untuk update selanjutnya seperti ini atau lebih.aku tidak bisa berkata-kata lagi.nih game gacor parah njir.",semakin pembaruan semakin bagus dan stabil aku berharap untuk pembaruan selanjutnya seperti ini atau lebih aku tidak bisa berkata kata lagi ini game gacor parah anjing,Positif
FangFang,5,2025-11-20 15:48:00,Wuthering Waves,sukak banget jirlah,sukak sekali jirlah,Positif
Padrian Hidayat,5,2025-11-20 15:27:58,Wuthering Waves,Udah bagus banget ini game gua kasih rating 5,sudah bagus sekali ini game saya kasih rating,Positif
AFS_ Firman,2,2025-11-20 14:47:20,Wuthering Waves,"habis pembaruan mau buka misi malah keluar senidiri,, event film malah bikin account gk bsa di buka",habis pembaruan mau buka misi malah keluar senidiri acara film malah membuat account tidak bsa di buka,Negatif
wendi patra,5,2025-11-20 14:40:55,Wuthering Waves,"saya suka gamenya,history sama grafik gk ad tandingannya,",aku suka gamenya history sama grafik tidak ada tandingannya,Positif
Yales Novianto,5,2025-11-20 14:18:57,Wuthering Waves,game bagus :),game bagus,Positif
Ivander Riski,5,2025-11-20 13:34:20,Wuthering Waves,game nya seru dan grafiks. nya oke la,game nya seru dan grafiks nya oke la,Positif
Rc Joox,5,2025-11-20 13:32:00,Wuthering Waves,terimakasih,terimakasih,Positif
Rendy Jawai,5,2025-11-20 13:15:13,Wuthering Waves,dev gacor,dev gacor,Positif
Kitsunee,5,2025-11-20 13:11:50,Wuthering Waves,kuro sangat baik,kuro games sangat baik,Positif
Wibu Biasa,5,2025-11-20 13:06:48,Wuthering Waves,udah bagus sihh ni game tapi saya belum dapet si my bini 😔😔,sudah bagus sihh ini game tapi aku belum dapat si punyaku bini wajah merenung wajah merenung,Negatif
qi h,5,2025-11-20 12:54:53,Wuthering Waves,mantap,mantap,Negatif
Ahmad,3,2025-11-20 11:57:04,Wuthering Waves,Ga ada fitur bahasa Indonesia nya😔 Jadi ga paham story nya,tidak ada fitur bahasa indonesia nya wajah merenung jadi tidak paham cerita nya,Negatif
milasruM Mdl,5,2025-11-20 11:00:21,Wuthering Waves,"Tetap konsisten Kuro and Team dalam memberikan pengalaman bermain yg The Best, dan Good Joob..",tetap konsisten kuro games dan grup dalam memberikan pengalaman bermain yang sebuah terbaik dan good joob,Positif
Mana saya Tau,5,2025-11-20 10:45:11,Wuthering Waves,"Yg ngasih rate jeleq paling haters tuh, padahal Wuwa kurangnya dari segi apa?, jujur main wuwa itu seru, apalagi sekarang banyak detailnya 🥰",yang ngasih rate jeleq paling haters itu padahal wuthering waves kurangnya dari segi apa jujur main wuthering waves itu seru apalagi sekarang banyak detailnya wajah tersenyum dengan 3 hati,Positif
Yusmar Kamaruddin,5,2025-11-20 10:22:39,Wuthering Waves,bagus,bagus,Positif
Marchel,5,2025-11-20 10:19:49,Wuthering Waves,Terimakasih,terimakasih,Positif
Hudzaifa atsaqif,5,2025-11-20 10:08:05,Wuthering Waves,"aku dapat char bintang 5 dan weapon bintang lima nya juga, love love buat kuroo",aku dapat karakter bintang dan weapon bintang lima nya juga suka suka buat kuroo,Positif
Khairul Ikhwan,5,2025-11-20 09:40:16,Wuthering Waves,wuwa jgn bikin kaget ya tadi hampir sedih saya gara dpt rate off yg bukan inginkan tapi untung nybdpt yg ku ingin kan,wuthering waves jangan membuat kaget ya tadi hampir sedih aku gara dapat rate mati yang bukan inginkan tapi untung nybdpt yang ku ingin kan,Positif
Hadyan AP,5,2025-11-20 09:27:43,Wuthering Waves,sippp lop u kuro,sippp lop kamu kuro games,Positif
Iputu Bramanstya,2,2025-11-20 09:22:20,Wuthering Waves,"Dikit dikit force close! fix bug dong, dimensity 8300 kurang kah?",sedikit sedikit force close tetap masalah teknis dong dimensity kurang kah,Negatif
Asep P Fachrurrozi,1,2025-11-20 09:21:35,Wuthering Waves,ga ngotak 12 gb update,tidak ngotak gb pembaruan,Negatif
Triwandy Simbolon,5,2025-11-20 09:10:34,Wuthering Waves,"grafik bagus, alur cerita lumayan menarik tapi untuk sistem gacha nya, saran saya tolong dipermudah kesempatannya supaya player lebih semangat main nya terimakasih",grafik bagus alur cerita lumayan menarik tapi untuk sistem undian nya saran aku tolong dipermudah kesempatannya supaya player lebih semangat main nya terimakasih,Positif
Sharul Khancill,5,2025-11-20 09:07:33,Wuthering Waves,"Apa cuman gw yak dikit dikit download, kalo sekali doang sih gpp, tapi ini tiap hari anjirrr download 200mb",apa cuma saya ya sedikit sedikit unduh kalau sekali saja sih tidak apa tapi ini tiap hari anjirrr unduh mb,Negatif
Ajril GNZ,5,2025-11-20 09:03:10,Wuthering Waves,game rpg gacha paling absolute cinema 🖐️😂🖐️,game rpg undian paling absolute cinema telapak tangan terbuka wajah gembira berurai air mata telapak tangan terbuka,Positif
Muhammad Kamil Ihtiroz,5,2025-11-20 08:53:10,Wuthering Waves,Gamenya bagus sekali,gamenya bagus sekali,Positif
Berto Alam B,5,2025-11-20 08:53:07,Wuthering Waves,"saya sangat merekomendasikan game ini, karena mengisi waktu luang saya dan tentunya tidak boring game yg bagus",aku sangat merekomendasikan game ini karena mengisi waktu luang aku dan tentunya tidak bosan game yang bagus,Positif
Masayu Akmalia A.P,5,2025-11-20 08:50:44,Wuthering Waves,"game ter oke, dev juga baik poll, 10/10",game ter oke dev juga baik paling,Positif
Tom Obento,1,2025-11-20 08:36:10,Wuthering Waves,INSTALL MULU GAME FILE GEDE GA JELAS UDA IKUTAN KEK GENSHIN IMPACT AMA HONKAI GAMEPLAYNYA KASI BINTANG KARENA KEBANYAKAN UPDATE,install terus game file besar tidak jelas sudah ikutan seperti genshin impact sama honkai gameplaynya kasih bintang karena kebanyakan pembaruan,Negatif
AUTUMNSPY,1,2025-11-20 08:28:51,Wuthering Waves,"Bad Customer Service, hacker's google account linked with my wuwa acc and I've been playin this game since 1.2, they can't even help me to unlink the hacker's google account from my wuwa. dissapointment. do better customer service.",bad customer layan hacker s google account linked dengan punyaku wuthering waves terima dan i ve been playin this game since they dapat t bahkan bantu aku ke unlink sebuah hacker s google account from punyaku wuthering waves dissapointment do better customer layan,Negatif
Aditya Lorand,5,2025-11-20 08:19:46,Wuthering Waves,baik banepget,baik banepget,Positif
Dendy Fuadin,5,2025-11-20 08:18:03,Wuthering Waves,ok,ok,Positif
Maul22,1,2025-11-20 08:16:50,Wuthering Waves,"game busuk, kalah terus pity tinggi, tiap update suruh download puluhan gigabyte",game busuk kalah terus jaminan gacha tinggi tiap pembaruan suruh unduh puluhan gigabyte,Negatif
Vadya Dewi fortuna,5,2025-11-20 08:03:49,Wuthering Waves,GA PELITT💗,tidak pelitt hati membesar,Positif
Athoil,3,2025-11-20 07:54:34,Wuthering Waves,"Update patch kayak install ulang nggak di compress, masa 30 gb lebih buat update beda kayak di pc. tolong lah kuro",pembaruan pembaruan seperti install ulang tidak di compress masa gb lebih buat pembaruan beda seperti di komputer tolong lah kuro games,Negatif
AFSAH SUBARI,1,2025-11-20 07:44:57,Wuthering Waves,"saya sudah download data lebih dari 30 gb, dan bisa di bilang saya memakai handphone dengan chipset yang lumayan bagus dimensity 8350 ultimate (infinix gt 30 pro) , memang indikator HP sudah menunjukkan 60 fps tapi gambar tidak mulus,sudah rata kanan tapi masih jelek kualitas gambar nya, tolong untuk di perbaiki dan saya lihat juga memang untuk device lainnya sudah tidak memiliki kendala, tolong untuk mengatasi bug ini",aku sudah unduh data lebih dari gb dan bisa di bilang aku memakai handphone dengan chipset yang lumayan bagus dimensity ultimate infinix gitu pro memang indikator handphone sudah menunjukkan frame per detik tapi gambar tidak mulus sudah rata kanan tapi masih jelek kualitas gambar nya tolong untuk di perbaiki dan aku lihat juga memang untuk perangkat lainnya sudah tidak memiliki kendala tolong untuk mengatasi masalah teknis ini,Negatif
Raja Aditia,5,2025-11-20 07:34:15,Wuthering Waves,semoga makin improve kuroo,semoga makin improve kuroo,Positif
gua bill plenger banget wok,5,2025-11-20 07:32:49,Wuthering Waves,mantap dikasi menang rete off,mantap kasih menang rete mati,Positif
Axelle,5,2025-11-20 07:26:43,Wuthering Waves,"Wow, terimakasih Wuwa :)",wow terimakasih wuthering waves,Positif
Icaad,5,2025-11-20 07:23:55,Wuthering Waves,pity kecil coyyy baikknyaa,jaminan gacha kecil coyyy baikknyaa,Positif
Vinnn R,5,2025-11-20 06:58:23,Wuthering Waves,thankyou,thankyou,Positif
satria gilsen,5,2025-11-20 06:57:50,Wuthering Waves,mantap game nya,mantap game nya,Positif
Akhdiat Irroki,2,2025-11-20 06:55:30,Wuthering Waves,"setiap kali update harus banget kosongin storage 35GB? update nya padahal ga ada setengah nya, tapi HARUS BANGET kosongin 35GB? ngebikin tiap update patch harus hapus file file yg udah di back-up di cloud dan download lagi file nya. Fix you're damn system.",setiap kali pembaruan harus sekali kosongin penyimpanan gb pembaruan nya padahal tidak ada setengah nya tapi harus sekali kosongin gb ngebikin tiap pembaruan pembaruan harus hapus file file yang sudah di kembali atas di cloud dan unduh lagi file nya tetap kamu re sial system,Negatif
Aziiz Nur R. R.,5,2025-11-20 06:36:50,Wuthering Waves,nasib main game bagus kalau sdh update 13gb anjir dah.,nasib main game bagus kalau sdh pembaruan gb anjing sudah,Negatif
Toy aa,4,2025-11-20 06:32:07,Wuthering Waves,"Minimal Jan kalah rate of terus lah, akun baru ini,kalo menang rate of di bener chisa gwe kasi b 5",minimal jan kalah rate of terus lah akun baru ini kalau menang rate of di benar chisa aku kasih b,Negatif
Muhammad Azka kamal f,5,2025-11-20 06:23:57,Wuthering Waves,game bamgus,game bamgus,Positif
Sihgura aja,2,2025-11-20 06:00:34,Wuthering Waves,"aneh, pas saya mau update malah stuck dan gak bisa di update",aneh saat aku mau pembaruan malah stuck dan tidak bisa di pembaruan,Negatif
Muhammad Fathan Raqilla,5,2025-11-20 05:59:54,Wuthering Waves,asik banget ini game sumpah grafik bagus banget cuman ya ga semua device bisa main karena emang berar,asyik sekali ini game sumpah grafik bagus sekali cuma ya tidak semua perangkat bisa main karena memang berar,Positif
Zani R,5,2025-11-20 05:29:49,Wuthering Waves,"cuman satu sih,tambahin bahasa Indonesia bahasanya biar ngerti",cuma satu sih tambahkan bahasa indonesia bahasanya supaya ngerti,Negatif
nailah nur A.,5,2025-11-20 05:28:30,Wuthering Waves,"keren, good job Kuro",keren good pekerjaan kuro games,Positif
Alwi Alamsyah,1,2025-11-20 05:25:29,Wuthering Waves,"34GB for mobile update 2.8 .. Hahahaa, thnks. thisn't game mobile.",gb untuk mobile pembaruan hahahaa thnks thisn t game mobile,Negatif
Haris Hardiansyah,5,2025-11-20 05:02:37,Wuthering Waves,"tolong saya kuro, setiap update masa iya harus download 30 GB",tolong aku kuro games setiap pembaruan masa iya harus unduh gb,Negatif
Deo Tgar,5,2025-11-20 04:59:32,Wuthering Waves,awww suka banget😍,awww suka sekali wajah tersenyum lebar bermata hati,Negatif
Nahar Nugraha,5,2025-11-20 04:43:33,Wuthering Waves,kapan sih keluar versi bahasa indonesianya ?,kapan sih keluar versi bahasa indonesianya,Negatif
Eiqoo Game,1,2025-11-20 04:19:10,Wuthering Waves,setiap update harus ada storage kosong setara size asli aplikasi sangat tidak efesien itu membutuhkan 2x lipat ukuran data aplikasi seharuanya hanya perlu sebesar data baru saja,setiap pembaruan harus ada penyimpanan kosong setara ukuran asli aplikasi sangat tidak efesien itu membutuhkan x lipat ukuran data aplikasi seharuanya hanya perlu sebesar data baru saja,Negatif
Tiara Sandi Z S,5,2025-11-20 04:16:04,Wuthering Waves,"Bagus banget dev nya baik deh, sehat2 game baik. main story asik, story yg ga penting bisa di skip. grafiknya beuhhh mantap. musik smkin oke. pity bisa dimaklumi. animasi keren abis. lingkungannya juga hidup. building nya cakepp",bagus sekali dev nya baik deh sehat game baik main cerita asyik cerita yang tidak penting bisa di lewati grafiknya beuhhh mantap musik semakin oke jaminan gacha bisa dimaklumi animasi keren habis lingkungannya juga hidup building nya cakepp,Negatif
Muhammad Shadam,4,2025-11-20 04:15:09,Wuthering Waves,"bug nya tolong diperbaiki, masa udah tinggal finishing boss nya ngebug ga bisa dihit",masalah teknis nya tolong diperbaiki masa sudah tinggal finishing bos nya ngebug tidak bisa dihit,Negatif
Slayer,1,2025-11-20 04:10:38,Wuthering Waves,"lu yang bener aja kalo ngasih chance gachanya lek, minimal kasih double B5 lah, atau ga kasih low pity kek, pelit amat kaya GI",lu yang benar saja kalau ngasih chance gachanya lek minimal kasih double b lah atau tidak kasih low jaminan gacha seperti pelit sekali seperti lagi,Negatif
Rizky Leonaldy,5,2025-11-20 03:50:29,Wuthering Waves,"Gak bisa maen Geshin? main ini aja.. lebih ringan di dan cocok untuk yang pengen belajar ""Tangan Wangi""",tidak bisa main geshin main ini saja lebih ringan di dan cocok untuk yang ingin belajar tangan wangi,Positif
achil Gaming,5,2025-11-20 03:48:32,Wuthering Waves,bagusss,bagusss,Positif
Mang Nce,5,2025-11-20 03:38:42,Wuthering Waves,"orang ngeluh game nya berat,pahami dulu ini engine nya beda,game lain rata kanan jelas game nya ringan walaupun begiga2,semoga orang yg ngeluh baca.",orang ngeluh game nya berat pahami dulu ini engine nya beda game lain rata kanan jelas game nya ringan walaupun begiga semoga orang yang ngeluh baca,Positif
Fajri Asidik,4,2025-11-20 03:33:23,Wuthering Waves,mantap,mantap,Positif
Snow,5,2025-11-20 03:25:29,Wuthering Waves,gacha ku wangi chisa wangy wangy,undian ku wangi chisa wangy wangy,Positif
Vega Punk,5,2025-11-20 03:17:06,Wuthering Waves,"combat nya mahal euy, animasi. quest hampir absolute cinema Minus masalah tuning echo, force close, delay summon konten (whimpering) itu doang sisa nya good. oiya tambahin skin camellya hehehe",combat nya mahal euy animasi misi hampir absolute cinema minus masalah tuning echo force close delay summon konten whimpering itu saja sisa nya good oiya tambahkan skin camellya hehehe,Positif
Dimas Ragil,4,2025-11-20 03:13:49,Wuthering Waves,"-1 , tolong size ny di kompres",tolong ukuran nya di kompres,Negatif
Fadhil Ilman Zuhriy,5,2025-11-20 03:07:39,Wuthering Waves,ini game PEAK,ini game peak,Positif
AV STORE,5,2025-11-20 03:06:18,Wuthering Waves,Story dan gambarnya bagus cuma perlu tambahan bahasa Indonesia biar lebih mantap lagi terimakasih,cerita dan gambarnya bagus hanya perlu tambahan bahasa indonesia supaya lebih mantap lagi terimakasih,Positif
Furqon Machmud yunus,5,2025-11-20 02:58:29,Wuthering Waves,terimakasih atas kemenangan nya,terimakasih atas kemenangan nya,Positif
Dayanu Ikhsanuddin,5,2025-11-20 02:53:33,Wuthering Waves,semoga dah rating b5 gak rate off lagi,semoga sudah rating b tidak rate mati lagi,Positif
Irsan Dani Pratama,4,2025-11-20 02:52:42,Wuthering Waves,masik sering force close,masik sering force close,Negatif
Muhammad Rijal,5,2025-11-20 02:36:59,Wuthering Waves,"Game kikir gacha hard pitty mulu dan sering kalah rate off, bansos seret...",game pelit undian hard pitty terus dan sering kalah rate mati hadiah seret,Negatif
bomberman gaming,5,2025-11-20 02:23:52,Wuthering Waves,game bagus ..story sangat bagus..semuanya bagus.. tapi sayang gak ada sub indonesia nya.. yg bikin bingung untuk yg kurang bisa bahasa inggris jdi story gk ngerti..jalan cerita gk ngerti .dan hasilnya kaya game baku hantam biasa ..kalo gk ada sub untuk semua negara dan untuk device yg mid ..sangat di sayangkan sulit untuk main game ini...saya aja sampai upgred device baru untuk bisa main,game bagus cerita sangat bagus semuanya bagus tapi sayang tidak ada sub indonesia nya yang membuat bingung untuk yang kurang bisa bahasa inggris jadi cerita tidak ngerti jalan cerita tidak ngerti dan hasilnya seperti game baku hantam biasa kalau tidak ada sub untuk semua negara dan untuk perangkat yang uts sangat di sayangkan sulit untuk main game ini aku saja sampai upgred perangkat baru untuk bisa main,Negatif
Kadek Dhanes,5,2025-11-20 02:20:35,Wuthering Waves,The best lah pokoknya...,sebuah terbaik lah pokoknya,Positif
Alfarisi Faris,3,2025-11-20 02:12:06,Wuthering Waves,kenapa gw kasi b3 sebetulnya pengen kasi b5 cuman gara klo buka Region atau ngebuild kaeater baru jadi susah harus story sebetulnya bukan males story tapi ctok cadangan buat asterids klo lagi sered,kenapa saya kasih b sebetulnya ingin kasih b cuma gara kalau buka region atau ngebuild kaeater baru jadi susah harus cerita sebetulnya bukan malas cerita tapi ctok cadangan buat asterids kalau lagi sered,Negatif
Prast,3,2025-11-20 02:03:40,Wuthering Waves,"gamenya lumayan berat untuk device menengah kebawah, tolong kuro buat fitur supaya kita bisa atur grafik serendah mungkin, karna banyak yang mau main tapi kehalang device, kalau di buatin pasti tambah banyak yang download lagi",gamenya lumayan berat untuk perangkat menengah kebawah tolong kuro games buat fitur supaya kita bisa atur grafik serendah mungkin karena banyak yang mau main tapi kehalang perangkat kalau di buatin pasti tambah banyak yang unduh lagi,Negatif
Atilla Maulana Sapari,5,2025-11-20 02:02:21,Wuthering Waves,"Gw perbarui ulasan gw yang lama, buat sekarang gila event nya seru seru , free gift nya lumayan lahh apalagi sekarang update 2.8 beuhh gila makin seru deh yakin gw, dan seneng nya cantarella rerun dan gw bisa dapet signwep nya hehehe thanks once again KuroGames❤🔥",saya perbarui ulasan saya yang lama buat sekarang gila acara nya seru seru gratis gift nya lumayan lahh apalagi sekarang pembaruan beuhh gila makin seru deh yakin saya dan senang nya cantarella rilis ulang dan saya bisa dapat signwep nya hehehe terimakasih once lagi kurogames hati merah api,Positif
Bintang Maulana,5,2025-11-20 01:58:16,Wuthering Waves,"bagus, tapi segi cerita munurutku rada kureng gmn gitu",bagus tapi segi cerita munurutku rada kureng bagaimana begitu,Negatif
Ahda Rayyan,1,2025-11-20 01:56:52,Wuthering Waves,kenapa setiap update minta 30gb+ untuk dikosongkan??!!?,kenapa setiap pembaruan minta gb untuk dikosongkan,Negatif
Faqih Dr,5,2025-11-20 00:55:35,Wuthering Waves,seru bgt sumpah dha,seru banget sumpah sudah,Positif
Septian Hady,5,2025-11-20 00:54:43,Wuthering Waves,sudah bagus cuma keluhan di mobile ngerender map nya agak telat selebihnya itu absolute cinema,sudah bagus hanya keluhan di mobile ngerender peta nya agak telat selebihnya itu absolute cinema,Positif
Rᴇᴀʟ Kʜᴀɪʀɪɴ Nᴏᴏʀ,5,2025-11-20 00:52:43,Wuthering Waves,"Terus Tingkatkan, Saya Senang Dengan Game ini.",terus tingkatkan aku senang dengan game ini,Positif
Zura Katsura,5,2025-11-20 00:43:49,Wuthering Waves,"game bagus, untuk yang bilang sering force close, tolong upgrade perangkatmu 🤣🤣🤣🤣",game bagus untuk yang bilang sering force close tolong upgrade perangkatmu tertawa terbahak bahak tertawa terbahak bahak tertawa terbahak bahak tertawa terbahak bahak,Positif
Arif Efendi Yulianto,1,2025-11-20 00:40:59,Wuthering Waves,setiap update selalu download ulang,setiap pembaruan selalu unduh ulang,Negatif
Ibnu maulana malik,5,2025-11-20 00:36:16,Wuthering Waves,semakin berkembang tidak mengecewakan,semakin berkembang tidak mengecewakan,Positif
Vir007 (V),5,2025-11-20 00:30:22,Wuthering Waves,"Terimakasih untuk karna sudah mendengar keluh kesah para player. jujur kerasa banget banyak perubahan yang bagus, semoga Dev tetap ramah kepada playernya",terimakasih untuk karena sudah mendengar keluh kesah para player jujur kerasa sekali banyak perubahan yang bagus semoga dev tetap ramah kepada playernya,Positif
Adi Saja,5,2025-11-20 00:28:36,Wuthering Waves,"mantap, saking mntapnya sampe cape nyelesain 1 quest sangat pnjang story keren 😅😎",mantap sampai mntapnya sampai kesal nyelesain misi sangat pnjang cerita keren wajah tersenyum lebar dan berkeringat wajah berkacamata hitam,Positif
Faqih,5,2025-11-20 00:16:14,Wuthering Waves,"Gim baik + sekarang udah optimal jadi makin gacor, efek ny jga gak main main🥶",gim baik sekarang sudah optimal jadi makin gacor efek nya jga tidak main main wajah kedinginan,Negatif
Samsul.,5,2025-11-19 23:55:20,Wuthering Waves,"Game nya sangat bagus dari segi grafik, story, dan karakternya sangat beragam dan bagus² tapi lebih baik untuk segi gameplay lebih di optimalkan lagi supaya bisa dimainkan dengan nyaman.",game nya sangat bagus dari segi grafik cerita dan karakternya sangat beragam dan bagus² tapi lebih baik untuk segi permainan lebih di optimalkan lagi supaya bisa dimainkan dengan nyaman,Positif
rama 900,5,2025-11-19 23:46:37,Wuthering Waves,semoga menang nominasi game mobile terbaik👍,semoga menang nominasi game mobile terbaik jempol ke atas,Positif
putra wawan,5,2025-11-19 23:46:36,Wuthering Waves,game keren pokoknya,game keren pokoknya,Positif
Maung Bodas,5,2025-11-19 23:19:39,Wuthering Waves,kasih aku phoebe ya kuro baik,kasih aku phoebe ya kuro games baik,Positif
Harley Effendi,5,2025-11-19 23:01:04,Wuthering Waves,"Grafik nya Mantap, Gameplay Joss.",grafik nya mantap permainan joss,Positif
Jauharotun Naqiah,5,2025-11-19 22:58:37,Wuthering Waves,"KERENNN PLISS, cuma karena ak pake mobile dan device ak kurang mendukung, aga lag dan ga begitu hd, cuma okeee kokk",kerennn tolong hanya karena aku pakai mobile dan perangkat aku kurang mendukung aga patah patah dan tidak begitu hd hanya okeee kokk,Positif
Muhammad Ismail,5,2025-11-19 22:58:17,Wuthering Waves,seru,seru,Positif
mass rudd,5,2025-11-19 22:56:26,Wuthering Waves,"keren"" cerita nya, gameplay nya ga terlalu sulit tapi kalau bisa lebih banyakin gratisannya kalo setelah update",keren cerita nya permainan nya tidak terlalu sulit tapi kalau bisa lebih banyakin gratisannya kalau setelah pembaruan,Positif
Asri Assura,5,2025-11-19 22:40:19,Wuthering Waves,"Saat pertama kali saya memainkan permainan ini... saya merasa kurang tertarik. namun, setelah beberapa selang waktu. ternyata berapa menariknya game ini. dengan, pembawaan cerita yang menarik juga karakter yang menarik hati... kurang apasih? UI yang mudah dipahami... udah sih segitu aja.",saat pertama kali aku memainkan permainan ini aku merasa kurang tertarik namun setelah beberapa selang waktu ternyata berapa menariknya game ini dengan pembawaan cerita yang menarik juga karakter yang menarik hati kurang apasih ui yang mudah dipahami sudah sih segitu saja,Positif
Habib Ngeng_ngeng,5,2025-11-19 22:39:23,Wuthering Waves,"pokoknya the best, tetaplah konsisten dengan semua bansosnya",pokoknya sebuah terbaik tetaplah konsisten dengan semua bansosnya,Positif
Nino de Ajax Deddy Firmansyah,5,2025-11-19 22:31:49,Wuthering Waves,udah punya anak sama si changli (changli dewasa dan changli kecil),sudah punya anak sama si changli changli dewasa dan changli kecil,Positif
Muhammad Haris,5,2025-11-19 22:21:53,Wuthering Waves,Mantap👍🏻,mantap jempol ke atas warna kulit cerah,Positif
Achmad Miftah Farid,5,2025-11-19 22:21:41,Wuthering Waves,Luar biasa,luar biasa,Positif
ZianRaa Varka,5,2025-11-19 22:19:12,Wuthering Waves,"kualitas oke,more better dari genshin 🤭 saya harap tetap utamakan kualitas min",kualitas oke more better dari genshin wajah dengan tangan menutup mulut aku harap tetap utamakan kualitas admin,Positif
Mazz Sam,3,2025-11-19 21:55:43,Wuthering Waves,SEMAKIN SERING FRAME DROP... TERLALU BANYAK BUG SEKARANG... APAKAH DEVELOPER KURO TIDAK MENDENGARKAN FEEDBACK DARI PLAYER MOBILE????? DAN HANYA MENGUTAMAKAN PENGGUNA PC????? LAMA-LAMA BISA MELEDAK HP PUNYA SEMUA PLAYER..,semakin sering frame turun terlalu banyak masalah teknis sekarang apakah developer kuro games tidak mendengarkan feedback dari player mobile dan hanya mengutamakan pengguna komputer lama lama bisa meledak handphone punya semua player,Negatif
Wibawa Wiryanta,5,2025-11-19 21:36:45,Wuthering Waves,"game dengan grafik yg bagus dan gameplay yg seru, best lah pokok nya",game dengan grafik yang bagus dan permainan yang seru terbaik lah pokok nya,Positif
Ismail A,5,2025-11-19 21:20:08,Wuthering Waves,"Sekarang optimalisasinya sangat pesat, kerasa sudah ngga terlalu lag. Sudah nyaman lah mainnya, sekarang memang developer gamenya ini mendengarkan keluh kesah usernya agar merasa nyaman main gamenya. Mantap 👍",sekarang optimalisasinya sangat pesat kerasa sudah tidak terlalu patah patah sudah nyaman lah mainnya sekarang memang developer gamenya ini mendengarkan keluh kesah usernya agar merasa nyaman main gamenya mantap jempol ke atas,Positif
Flynn,5,2025-11-19 21:18:34,Wuthering Waves,bagus banget tinggal tambahin bahasa Indonesia aja udah deh jadi perfect👍👍👍💯💯💯,bagus sekali tinggal tambahkan bahasa indonesia saja sudah deh jadi sempurna jempol ke atas jempol ke atas jempol ke atas nilai seratus nilai seratus nilai seratus,Positif
Fadel,5,2025-11-19 21:17:47,Wuthering Waves,👍👍,jempol ke atas jempol ke atas,Positif
Arky Karepouwan1,4,2025-11-19 20:59:54,Wuthering Waves,"suka dengan game nya, selaingrafiknya bagus... banyak plot twist nya... alur cerita nya juga keren yang nyusun.. gila memang yang buat ide game ini",suka dengan game nya selaingrafiknya bagus banyak plot twist nya alur cerita nya juga keren yang nyusun gila memang yang buat ide game ini,Positif
Febby Arisandi Setia Bakti (Febby),3,2025-11-19 20:56:55,Wuthering Waves,tambahan bahasa indo plss😭😭,tambahan bahasa indonesia plss wajah menangis keras wajah menangis keras,Negatif
Choky Mahendra,2,2025-11-19 20:54:00,Wuthering Waves,pengoptimalannya masih kirang untuk beberapa device,pengoptimalannya masih kirang untuk beberapa perangkat,Negatif
Rahmat Wahyu Hidayat,5,2025-11-19 20:51:14,Wuthering Waves,nice,baik,Negatif
Aris Setiawan,5,2025-11-19 20:41:10,Wuthering Waves,"game baik, sehat selalu game baik🥰. semoga tambah lebih baik lagi dan juga tambahin fitur buat penstabil fps dan sebagainya, oh ya buat tablet pengubah stat echo tolong di update lagi biar bisa ubah sub stat bukan main stat saja👍 , ni game paling best gua gacha selalu di bawah pity merah semua 🤩🥰 + chisa sudah rilis!! Akhirnya",game baik sehat selalu game baik wajah tersenyum dengan 3 hati semoga tambah lebih baik lagi dan juga tambahkan fitur buat penstabil frame per detik dan sebagainya oh ya buat tablet pengubah stat echo tolong di pembaruan lagi supaya bisa ubah sub stat bukan main stat saja jempol ke atas ini game paling terbaik saya undian selalu di bawah jaminan gacha merah semua wajah dengan mata berbentuk bintang wajah tersenyum dengan 3 hati chisa sudah rilis akhirnya,Positif
Violett,5,2025-11-19 20:14:31,Wuthering Waves,"Awal main dari pertama kali rilis gamenya, banyak bug, grafik masih kurang, tapi lama kelamaan makin improve ni game keren parah sumpah, masih nyaman gua main wuwa sampai sekarang, absolut cinema game ✋🏼😖🤚🏼",awal main dari pertama kali rilis gamenya banyak masalah teknis grafik masih kurang tapi lama kelamaan makin improve ini game keren parah sumpah masih nyaman saya main wuthering waves sampai sekarang absolut cinema game telapak tangan terbuka dengan jari rapat warna kulit cerah sedang wajah stress angkat tangan warna kulit cerah sedang,Positif
Zxu,5,2025-11-19 20:11:51,Wuthering Waves,gamenya genshin kiler abis,gamenya genshin kiler habis,Positif
07 Arlo Jack Braviano,5,2025-11-19 19:28:14,Wuthering Waves,"Ini game terlalu bagus,mulai dari cerita, visual grafis, tata letak bangunan(8/10), karakter, animasi,animasi efek, dll. Tapi minus dari semua game gacha cuma 1 yaitu terlalu banyak karakter cewek. Please dong tolong banyakin karakter cowo karena 1 kita juga pengen bagaimana kalian mendesain karakter cowo seperti apa, 2 supaya GK bosen bosen amat ama gachanya, 3 biar keliatan makin hidup ni game. Jangan yg terlalu bagus juga rupanya supaya kalo main player GK terlalu lebay ama wajahnya.",ini game terlalu bagus mulai dari cerita visual grafis tata letak bangunan karakter animasi animasi efek dsb tapi minus dari semua game undian hanya yaitu terlalu banyak karakter cewek tolong dong tolong banyakin karakter cowok karena kita juga ingin bagaimana kalian mendesain karakter cowok seperti apa supaya tidak bosan bosan sekali sama gachanya supaya keliatan makin hidup ini game jangan yang terlalu bagus juga rupanya supaya kalau main player tidak terlalu lebay sama wajahnya,Positif
Dhe,5,2025-11-19 17:00:33,Wuthering Waves,"Saya harap ada perbaikan mengenai re-login, padahal hanya ingin keluar dari aplikasi untuk sementara waktu",aku harap ada perbaikan mengenai re masuk padahal hanya ingin keluar dari aplikasi untuk sementara waktu,Negatif
Ikky Koi,5,2025-11-19 16:18:55,Wuthering Waves,"Story 5* Battle 5* music 5* scene 5* animated 5* gestures dialogue 5* freebies 5* graphics 5* map 5* characters 5* no power creep issues 5* community 5* art 5*. yg ngeluh size/spek, pindah PC/ganti hp. setiap aplikasi setiap game ngeluh berat spek/ ga muat. setting mentok kanan hp mentok kiri isi kantong miris gara gara otak kena inflasi.",cerita battle musik scene animated gestures dialogue freebies graphics peta characters no kekuatan creep issues community art yang ngeluh ukuran spek pindah komputer ganti handphone setiap aplikasi setiap game ngeluh berat spek tidak muat setting mentok kanan handphone mentok kiri isi kantong miris gara gara otak kena inflasi,Positif
Crish Jerycho,5,2025-11-19 15:22:28,Wuthering Waves,"gdak kata yang pantas selain the best untuk game ini, sumpah ni game terlalu bagus dan sangat sangat sangat sangat baikkkkk, BIG RESPECT FOR YOU KURO",gdak kata yang pantas selain sebuah terbaik untuk game ini sumpah ini game terlalu bagus dan sangat sangat sangat sangat baikkkkk big hormat untuk kamu kuro games,Positif
Sahrul Gunawan,5,2025-11-19 14:49:41,Wuthering Waves,"wau game yang saaangat memuaskan dari segi apappun, semuanya sempurna dan lengkap serta sang king kuro tiap updet pasti ada perbaikan dan kemudahan untuk pemaennya,, semangat king kuro.. dan sub Indonesia nya dong ada in..",wau game yang saaangat memuaskan dari segi apappun semuanya sempurna dan lengkap serta sang king kuro games tiap updet pasti ada perbaikan dan kemudahan untuk pemaennya semangat king kuro games dan sub indonesia nya dong ada di,Positif
Aldhimas Kurniadi,5,2025-11-19 14:36:22,Wuthering Waves,game gratis bagus banget,game gratis bagus sekali,Positif
haris ramadhan03,5,2025-11-19 13:43:47,Wuthering Waves,mantap kerasa masuk issekai,mantap kerasa masuk issekai,Positif
Houta,5,2025-11-19 12:54:02,Wuthering Waves,Changli❤️,changli hati merah,Positif
Loli Killer,5,2025-11-19 12:13:05,Wuthering Waves,cukup puas,cukup puas,Positif
ahdan gendut,5,2025-11-19 11:58:21,Wuthering Waves,semoga dpt chisa,semoga dapat chisa,Positif
Excel Liuzzi,5,2025-11-19 11:48:45,Wuthering Waves,"makin ke sini makin bagus, nice one kuro",makin ke sini makin bagus baik satu kuro games,Negatif
Abdillah Fathurahman,4,2025-11-19 10:58:48,Wuthering Waves,"sudah lumayan stabil, tapi eventnya kurang dan tingkat kesulitas event yang mungkin berat buat diselesaikan, tolong tingkat kesulitannya sedikit di permudah sesuai dengan tingkat pemain. teirma kasih",sudah lumayan stabil tapi eventnya kurang dan tingkat kesulitas acara yang mungkin berat buat diselesaikan tolong tingkat kesulitannya sedikit di permudah sesuai dengan tingkat pemain teirma kasih,Negatif
Yasmin Mumtaz,5,2025-11-19 10:52:43,Wuthering Waves,"game yg keliatan khusus bgt buat PC eh gk taunya kaum android bisa main juga, untuk grafik nya sendiri udh realistik buat sekelas handphone, story juga fav bgt..walau minim char cowk... :)",game yang keliatan khusus banget buat komputer eh tidak taunya kaum android bisa main juga untuk grafik nya sendiri sudah realistik buat sekelas handphone cerita juga suka banget walau minim karakter cowk,Positif
Hairi 4You,5,2025-11-19 10:42:52,Wuthering Waves,"secara gameplay sudah bagus dengan Parry Dodge nya, dan story saat Jinzhou sampai dngn blackshores agak biasa aja sih tapi mulai masuk rinascita udah absolute cinema, dan sekarang game nya udah lumayan optimal dihandphone, untuk masalah gacha gak ada yang dipermasalahkan, overall udah bagus nih game dengan grafik dan story nya, semoga bisa terus berkembang",secara permainan sudah bagus dengan parry dodge nya dan cerita saat jinzhou sampai dngn blackshores agak biasa saja sih tapi mulai masuk rinascita sudah absolute cinema dan sekarang game nya sudah lumayan optimal dihandphone untuk masalah undian tidak ada yang dipermasalahkan overall sudah bagus ini game dengan grafik dan cerita nya semoga bisa terus berkembang,Positif
Myster X,5,2025-11-19 10:14:46,Wuthering Waves,"udh bagus dalam semua aspek, dan selalu membuat event yang meriah dan tidak membosan kan. jujur ini yang bagus dari game sebelah, jujur saja saya main game sebelah itu saya baru menyadari dalam aspek karakter itu selalu sama dan membosan kan para pemain. sedangkan game ini selalu membuat karakter yang selalu berbeda dan tidak membosan kan para pemain, bahkan setiap karakter itu memiliki animasi dalam ultimate nya dan tidak Rasis dari pada game sebelah 😌. sekian review dari saya.",sudah bagus dalam semua aspek dan selalu membuat acara yang meriah dan tidak membosan kan jujur ini yang bagus dari game sebelah jujur saja aku main game sebelah itu aku baru menyadari dalam aspek karakter itu selalu sama dan membosan kan para pemain sedangkan game ini selalu membuat karakter yang selalu berbeda dan tidak membosan kan para pemain bahkan setiap karakter itu memiliki animasi dalam ultimate nya dan tidak rasis dari pada game sebelah wajah lega sekian review dari aku,Positif
Like & Love,5,2025-11-19 09:55:47,Wuthering Waves,"mantap cuy cakep cakep charnya, efeknya juga bagus, suka banget main karena dah ada laptop jadi lebih enak mainnya",mantap cuy cakep cakep charnya efeknya juga bagus suka sekali main karena sudah ada laptop jadi lebih enak mainnya,Positif
Zen Null,4,2025-11-19 09:24:35,Wuthering Waves,"Game nya udh bagus bgt walaupun di hp saya agak patah patah kalok main, but, tolong banget kenapa saya kalok gacha setiap update tidak dapat dan susah banget dapetinnya, tolong banget",game nya sudah bagus banget walaupun di handphone aku agak patah patah kalok main but tolong sekali kenapa aku kalok undian setiap pembaruan tidak dapat dan susah sekali dapetinnya tolong sekali,Negatif
Rayhan Christian mulyana,5,2025-11-19 08:38:10,Wuthering Waves,"dari segi grafik visual, alur, dan aksi nya sangat keren, dan kalau lebih bagus di permudah lagi^^ pakai bahasa indonesia.",dari segi grafik visual alur dan aksi nya sangat keren dan kalau lebih bagus di permudah lagi pakai bahasa indonesia,Negatif
Only daffa,5,2025-11-19 08:22:46,Wuthering Waves,bansos nya banyak,hadiah nya banyak,Negatif
MUHAMMAD RIZKY ARDIAN,5,2025-11-19 07:43:37,Wuthering Waves,keren,keren,Positif
Maden,5,2025-11-19 07:38:33,Wuthering Waves,"gamenya bagus banget, cuma sayangnya karena gak ada bahasa Indonesia jadi agak sulit untuk memahami storynya😅, tapi tetep bagus pake banget gamenya😁",gamenya bagus sekali hanya sayangnya karena tidak ada bahasa indonesia jadi agak sulit untuk memahami storynya wajah tersenyum lebar dan berkeringat tapi tetap bagus pakai sekali gamenya wajah gembira dengan mata bahagia,Negatif
Wan,4,2025-11-19 05:46:25,Wuthering Waves,"gamenya bagus cm agak aneh snapdragon 8s gen 4 ga bs stabil main nya, walah udh grafik medium ga bs dpt 60 malah sering 45 an fps",gamenya bagus cm agak aneh snapdragon s gen tidak bisa stabil main nya walah sudah grafik medium tidak bisa dapat malah sering an frame per detik,Negatif
Official Yuu,2,2025-11-19 05:28:42,Wuthering Waves,ngebag kocak masa mau instal aj g bisa lama banget nungguin nya anj,ngebag kocak masa mau instal saja tidak bisa lama sekali nungguin nya anjing,Negatif
Refan Nayaka Satria,4,2025-11-19 03:11:52,Wuthering Waves,"Game bagus, hanya kurang optimal pada map terbaru semoga Dev akan cepat memberikan optimalisasi agar dapat bermain lebih halus dan lancar.... semoga juga Dev memperbanyak event beserta Collab dengan game maupun anime ternama",game bagus hanya kurang optimal pada peta terbaru semoga dev akan cepat memberikan optimalisasi agar dapat bermain lebih halus dan lancar semoga juga dev memperbanyak acara beserta collab dengan game maupun anime ternama,Negatif
Aril Ramadhan,5,2025-11-19 02:54:30,Wuthering Waves,berikan aku low pity kuro,berikan aku low jaminan gacha kuro games,Positif
Ibnu Samir,4,2025-11-19 02:48:57,Wuthering Waves,"Gamenya sih sudah bagus dan seru, apalagi gameplay combat nya. Tapi tolong dong tambahin bahasa Indonesia di game nya. Biar bisa lebih menikmati story nya",gamenya sih sudah bagus dan seru apalagi permainan combat nya tapi tolong dong tambahkan bahasa indonesia di game nya supaya bisa lebih menikmati cerita nya,Negatif
Raka Andias,4,2025-11-19 02:21:40,Wuthering Waves,"boleh lah, devnya dah improve banyak di tiap update, moga aja jih game ga nerapin sistem powercreep",boleh lah devnya sudah improve banyak di tiap pembaruan moga saja jih game tidak nerapin sistem powercreep,Positif
Muhammad Rizwanaditya,5,2025-11-19 02:16:59,Wuthering Waves,mantapp chisa my bini,mantap chisa punyaku bini,Positif
E Hidayatul S,5,2025-11-19 01:36:32,Wuthering Waves,"Semua hal didalam gamenya bagus. Saran aja buat developer pasar indonesia juga bagus, semoga kalian menambahkan bahasa kami didalam gamenya😁.",semua hal didalam gamenya bagus saran saja buat developer pasar indonesia juga bagus semoga kalian menambahkan bahasa kami didalam gamenya wajah gembira dengan mata bahagia,Positif
Toni,5,2025-11-18 23:20:51,Wuthering Waves,bismillah chisa,bismillah chisa,Positif
MUHAMMAD ANSHARY,2,2025-11-18 21:49:18,Wuthering Waves,"udah download , disuruh nunggu shadernya lama bener",sudah unduh disuruh nunggu shadernya lama benar,Negatif
Revanska Riady,5,2025-11-18 21:44:58,Wuthering Waves,"saat ini game yg cukup bagus buat ku, baik dari segi grafik, gacha, story yg udh improve brutal, karakter cakep² ditambah battle nya yg keren menurutku. meski sdh bagus tpi saran gw, lebih ditingkatkan lagi.",saat ini game yang cukup bagus buat ku baik dari segi grafik undian cerita yang sudah improve brutal karakter cakep² ditambah battle nya yang keren menurutku meski sdh bagus tapi saran saya lebih ditingkatkan lagi,Negatif
Renoo Id,3,2025-11-18 19:43:31,Wuthering Waves,story jgn mykisah teerus hitam🗿,cerita jangan mykisah teerus hitam moai,Negatif
Mute.,5,2025-11-18 17:37:32,Wuthering Waves,"pembaruan ulasan, saya harap pihak dari kuro dapat menambahkankan subtitle Indonesia kedalam game ini, karna saya sangat menyukainya",pembaruan ulasan aku harap pihak dari kuro games dapat menambahkankan subtitle indonesia kedalam game ini karena aku sangat menyukainya,Negatif
Damar San,5,2025-11-18 15:32:33,Wuthering Waves,Tolong sediakan teks bahasa Indonesia,tolong sediakan teks bahasa indonesia,Negatif
Titi tutu,5,2025-11-18 15:29:31,Wuthering Waves,"selamat atas game mobile yang paling bagus, dan permintaan saya hanya tolong gachanya dipermudahkan dan tunning echonya juga dipermudah",selamat atas game mobile yang paling bagus dan permintaan aku hanya tolong gachanya dipermudahkan dan tunning echonya juga dipermudah,Positif
jakaarek ndopo351,5,2025-11-18 14:54:07,Wuthering Waves,alur gg,alur gg,Positif
Evan Van,5,2025-11-18 13:17:49,Wuthering Waves,"gamee mantaf,,panen Waifu tiap ganti region😋",gamee mantaf panen karakter wanita tiap ganti region wajah menikmati,Positif
Ahmad Fauzi,5,2025-11-18 13:12:15,Wuthering Waves,dear kuro development tolong bikin sistem kencan dan event date plissssss di update nanti 🙏🙏🙏🙏🙏🙏🙏🙏🙏🙏,sayang kuro games development tolong membuat sistem kencan dan acara date plissssss di pembaruan nanti melipat tangan melipat tangan melipat tangan melipat tangan melipat tangan melipat tangan melipat tangan melipat tangan melipat tangan melipat tangan,Positif
niell.,5,2025-11-18 11:33:07,Wuthering Waves,game asik,game asyik,Negatif
Putu Bayu,5,2025-11-18 11:03:12,Wuthering Waves,Terbaik ini mah,terbaik ini mah,Positif
kenn tut,5,2025-11-18 08:47:42,Wuthering Waves,gamenya bagus ga kaya game sebelah kikir parah🤙😜,gamenya bagus tidak seperti game sebelah pelit parah panggil aku wajah menjulurkan lidah dan mengedipkan mata,Positif
fadlann,5,2025-11-18 08:20:45,Wuthering Waves,"Absolute Cinema ! main di hp midrange pun masih terbilang enak, untuk bug masih jarang ditemuin dan lapor ke CS pun langsung direspon. Mungkin untuk koneksi jaringan yang kadang suka jumping jumping padahal di apk yg lain biasa saja dan tambahin ladang astrite woi 👊 coba bikin fitur reset explore biar bisa diulang lagi hehehe",absolute cinema main di handphone midrange pun masih terbilang enak untuk masalah teknis masih jarang ditemuin dan lapor ke cs pun langsung direspon mungkin untuk koneksi jaringan yang kadang suka jumping jumping padahal di apk yang lain biasa saja dan tambahkan ladang astrite woi tangan terkepal ke depan coba membuat fitur reset explore supaya bisa diulang lagi hehehe,Positif
Haw,4,2025-11-18 07:10:15,Wuthering Waves,exchange item resetnya terlalu lama,exchange hitam resetnya terlalu lama,Negatif
Khalid Muh Rafli,3,2025-11-18 06:03:01,Wuthering Waves,"Gamenya dari segi gameplay dan kesuluruhan sudah sangat memuaskan, tetapi ada di masalah Grafik yang harus sedikit di Optimalkan saat ngrender Objek yang membuat saya setiap kali bermain selalu terjadi Lag, itu saja saran dari saya untuk Developernya semoga di tanggapi😁",gamenya dari segi permainan dan kesuluruhan sudah sangat memuaskan tetapi ada di masalah grafik yang harus sedikit di optimalkan saat ngrender objek yang membuat aku setiap kali bermain selalu terjadi patah patah itu saja saran dari aku untuk developernya semoga di tanggapi wajah gembira dengan mata bahagia,Positif
Muhammad Iqra,5,2025-11-18 03:16:32,Wuthering Waves,quest story 2.5 buat saya menangis,misi cerita buat aku menangis,Positif
Farhan Ganteng,5,2025-11-18 02:13:55,Wuthering Waves,game nya sangat bagus alur cerita nya udah diperbaiki dan semuanya telah diperbaiki semua keinginan pemain langsung dikabulkan walaupun butuh yang lama kan wajar membuat game seperti ini butuh pembuatan yang sangat lama sesuai keinginan player,game nya sangat bagus alur cerita nya sudah diperbaiki dan semuanya telah diperbaiki semua keinginan pemain langsung dikabulkan walaupun butuh yang lama kan wajar membuat game seperti ini butuh pembuatan yang sangat lama sesuai keinginan player,Positif
Muhammad Ravi,5,2025-11-18 01:17:59,Wuthering Waves,"game baik, QOL berlimpah, game seru, sangat rewarding, pokonya terbaik lah",game baik qol berlimpah game seru sangat rewarding pokonya terbaik lah,Positif
Abdul,5,2025-11-18 00:25:31,Wuthering Waves,"game nya gak kikir, tolong masukan beberapa bahasa, seperti bahasa Indonesia, China, jepang, dll",game nya tidak pelit tolong masukan beberapa bahasa seperti bahasa indonesia china jepang dsb,Positif
Candra Nurrohman,5,2025-11-18 00:09:24,Wuthering Waves,"Game bagus,perfect game good",game bagus sempurna game good,Positif
Dho Tzy,5,2025-11-17 22:14:50,Wuthering Waves,"mau comeback tapi hp udah gak mendukung cik,dulu gw download pas update 2.1 masih enjoy soalnya hp masih baru , langsung aja gw download bisa gak sih kuro size nya dikecilkan,haduhh nyesel nyo gw hapus😭😭",mau comeback tapi handphone sudah tidak mendukung cik dulu saya unduh saat pembaruan masih nikmat soalnya handphone masih baru langsung saja saya unduh bisa tidak sih kuro games ukuran nya dikecilkan haduhh nyesel nyo saya hapus wajah menangis keras wajah menangis keras,Negatif
Johnny Okray,1,2025-11-17 19:47:29,Wuthering Waves,pity merah Mulu cape doang....,jaminan gacha merah terus kesal saja,Negatif
Adi Saepul rahman,3,2025-11-17 19:02:21,Wuthering Waves,berikan kami subtitle Indonesia KURO😭,berikan kami subtitle indonesia kuro games wajah menangis keras,Negatif
Faizun,5,2025-11-17 14:36:25,Wuthering Waves,👍,jempol ke atas,Positif
Val Kyrie,5,2025-11-17 12:04:57,Wuthering Waves,keren,keren,Positif
Harwalis Deslow,5,2025-11-17 10:39:28,Wuthering Waves,gak tau kenapa mekaniknya walau susah tapi seru jadi ada tantangan,tidak tau kenapa mekaniknya walau susah tapi seru jadi ada tantangan,Positif
Ibankkk12,5,2025-11-17 08:59:05,Wuthering Waves,"benar benar menakjubkan jir game ni, aseli keren bat. tapi gw belum nyobain sih, soalnya masih download data hhe👉😛",benar benar menakjubkan jir game ini aseli keren sekali tapi saya belum nyobain sih soalnya masih unduh data hhe menunjuk ke arah kanan wajah menjulurkan lidah,Positif
Hendra Saputra,5,2025-11-17 07:48:14,Wuthering Waves,"Tolong di masukkan bahasa Indonesia nya,biar lebih di pahami alur ceritanya,grafik game sudah bagus .",tolong di masukkan bahasa indonesia nya supaya lebih di pahami alur ceritanya grafik game sudah bagus,Negatif
Jhoni Syaputra,5,2025-11-17 06:30:23,Wuthering Waves,Makasih udah buat game sebagus ini,terimakasih sudah buat game sebagus ini,Positif
Nekkozil,5,2025-11-17 05:33:06,Wuthering Waves,mantapp,mantap,Positif
Jhody Adhitya p,4,2025-11-17 04:15:15,Wuthering Waves,"game nya cukup bagus untuk dimainkan,tapi tolong minimal main game ini, chipset Helio g99 bisa 30 fps stabil,kalau ini bisa, kemungkinan yang pakai Helio g99 pasti tambah banyak Player main dengan nyaman, terimakasih admin, semoga di balas sama adminnya,salam dari Player indonesia",game nya cukup bagus untuk dimainkan tapi tolong minimal main game ini chipset helio tidak bisa frame per detik stabil kalau ini bisa kemungkinan yang pakai helio tidak pasti tambah banyak player main dengan nyaman terimakasih admin semoga di balas sama adminnya salam dari player indonesia,Positif
Azry Fachrizi,5,2025-11-17 03:22:16,Wuthering Waves,mantap,mantap,Positif
Deswendi Saputra,1,2025-11-17 02:11:18,Wuthering Waves,"game nya jelek secara keseluruhan, kecuali untuk orang yang suka lihat booba.. karena karakter nya hampir 100% menjual booba.. susu, susu, susu..",game nya jelek secara keseluruhan kecuali untuk orang yang suka lihat booba karena karakter nya hampir menjual booba susu susu susu,Negatif
Marta deviana,5,2025-11-16 23:54:03,Wuthering Waves,Sangat bagus,sangat bagus,Positif
Daniel Yusuf,5,2025-11-16 21:22:15,Wuthering Waves,"gamenya bagus banget, tapi kurang di optimalisasi. semoga update kedepannya bisa lebih optimal",gamenya bagus sekali tapi kurang di optimalisasi semoga pembaruan kedepannya bisa lebih optimal,Positif
forgetmeNot-,1,2025-11-16 18:38:32,Wuthering Waves,Optimisasi perangt mobile sbgt buruk!,optimisasi perangt mobile sbgt buruk,Negatif
Rihan Doko,4,2025-11-16 16:56:35,Wuthering Waves,bintang 5 untuk sediakan bahasa Indonesia hehe,bintang untuk sediakan bahasa indonesia hehe,Positif
M FIKRI PRASTYA,5,2025-11-16 15:44:58,Wuthering Waves,keren aw,keren aw,Positif
ferdi bae,5,2025-11-16 15:44:11,Wuthering Waves,game baik,game baik,Positif
Mustafa Ismail,3,2025-11-16 14:26:41,Wuthering Waves,saya minta tolong kepada developer agar di buatkan bahasa Indonesia nya,aku minta tolong kepada developer agar di buatkan bahasa indonesia nya,Negatif
Iskhak,5,2025-11-16 11:50:06,Wuthering Waves,sangat bagus 🤩,sangat bagus wajah dengan mata berbentuk bintang,Positif
Nur Iman,5,2025-11-16 11:14:27,Wuthering Waves,dah maen dari awal rilis sekarang dah mantap semoga spesifik tidak terlalu tinggi ketika sudah di versi kedepannya good job 👍,sudah main dari awal rilis sekarang sudah mantap semoga spesifik tidak terlalu tinggi ketika sudah di versi kedepannya good pekerjaan jempol ke atas,Positif
Ahmad Shofiudin,5,2025-11-16 09:15:18,Wuthering Waves,"Geloo bagus baget game play nya,story gacor parah, perfek dah ni game",geloo bagus baget game main nya cerita gacor parah perfek sudah ini game,Positif
Akbar Nur Arifin,5,2025-11-16 08:55:49,Wuthering Waves,"cerita nya seru banget, love it so much!",cerita nya seru sekali suka it jadi much,Positif
Yogi Nur,5,2025-11-16 03:50:45,Wuthering Waves,terbaikk,terbaikk,Positif
Rafa Tri Maulana,5,2025-11-16 03:08:08,Wuthering Waves,bagus,bagus,Positif
Cheriel Tata,5,2025-11-15 23:05:23,Wuthering Waves,ini game membuat saya kembali ke 2 tahun yang lalu,ini game membuat aku kembali ke tahun yang lalu,Positif
Moch Margi Winata,2,2025-11-15 22:23:13,Wuthering Waves,Game wuwa semakin hari semakin tidak playable di perangkat mobile. Sering mendadak force close dan terasa sangat berat saat dimainkan. (Device poco F3),game wuthering waves semakin hari semakin tidak playable di perangkat mobile sering mendadak force close dan terasa sangat berat saat dimainkan perangkat poco f,Negatif
Shadow Kagenou,5,2025-11-15 17:23:41,Wuthering Waves,sangat keren,sangat keren,Positif
Frekurnia Advan,5,2025-11-15 14:35:21,Wuthering Waves,ini game yg gw paling the best rekomendasi petualangan game ini solusinya,ini game yang saya paling sebuah terbaik rekomendasi petualangan game ini solusinya,Positif
Farid M.z,3,2025-11-15 12:43:29,Wuthering Waves,ini bagus banget game nya cmn tolong di beri bahasa indonesianya🙏,ini bagus sekali game nya cuma tolong di beri bahasa indonesianya melipat tangan,Positif
Faith551,4,2025-11-15 12:43:20,Wuthering Waves,ga seru 😹🗿,tidak seru wajah kucing gembira berurai air mata moai,Negatif
Raffael,5,2025-11-15 12:18:09,Wuthering Waves,game nya bagus tapi boleh tolong perbaiki bug nya di login suka keluar sendiri,game nya bagus tapi boleh tolong perbaiki masalah teknis nya di masuk suka keluar sendiri,Negatif
Dream Machine,5,2025-11-15 06:09:04,Wuthering Waves,Sering frame drop tolong di perbaikk,sering frame turun tolong di perbaikk,Negatif
Nishikawa Sensho,5,2025-11-15 05:06:29,Wuthering Waves,game bagus 👍,game bagus jempol ke atas,Positif
YT Zyrex17,5,2025-11-15 01:02:20,Wuthering Waves,"game nya bagus ,cuma ini kan saya main di ps5 tolong dong developer nya stabilin fps di ps5 nya jangan fokus naikin grafik aja ,",game nya bagus hanya ini kan aku main di ps tolong dong developer nya stabilin frame per detik di ps nya jangan fokus naikin grafik saja,Negatif
devil 021,5,2025-11-14 17:36:48,Wuthering Waves,mantappp,mantappp,Positif
Wolfy,5,2025-11-14 15:10:24,Wuthering Waves,"game nya sangat bagus,",game nya sangat bagus,Positif
Made Rangger,1,2025-11-14 11:56:48,Wuthering Waves,buatkan versi cloud kuro please aku ingin memainkan nya,buatkan versi cloud kuro games tolong aku ingin memainkan nya,Negatif
Irwan Aja,5,2025-11-14 08:55:59,Wuthering Waves,Tolong Rilis Bahasa Indonesia 😁,tolong rilis bahasa indonesia wajah gembira dengan mata bahagia,Negatif
Ali mercon,5,2025-11-14 07:42:16,Wuthering Waves,helio g99 ngeframe parah euy,helio tidak ngeframe parah euy,Negatif
Aziz Sauvage,4,2025-11-14 04:54:49,Wuthering Waves,optimal kan lagi,optimal kan lagi,Negatif
Lingleng Tawardi,5,2025-11-14 02:21:02,Wuthering Waves,games terbaikkkkkkkkk. tapi tolong tambahkan sub Indonesia nya,games terbaikkkkkkkkk tapi tolong tambahkan sub indonesia nya,Positif
Adit Tio saputra,1,2025-11-13 15:30:12,Wuthering Waves,"game ampas masah gacha nya jelek banget gacha 130 kali cuman dapat yinglang 2 itu aja,mana parming untuk gacha udah 5 hari nonstop malah di kasih ampas gini gacha mana gak sakit hati game ampas kasih bansos nya lumayan banyak tapi gacha nya kayak ngtod, game gak jelas😡😮‍💨",game jelek masah undian nya jelek sekali undian kali cuma dapat yinglang itu saja mana parming untuk undian sudah hari nonstop malah di kasih jelek gini undian mana tidak sakit hati game jelek kasih hadiah nya lumayan banyak tapi undian nya seperti ngtod game tidak jelas wajah sangat marah wajah mengembuskan nafas,Negatif
Qieqizie e,2,2025-11-13 13:51:39,Wuthering Waves,"gamenya bagus banget, tapi setelah update entah kenapa HP saya jadi ga sanggup mainin. Padahal main dari awal patch yg seminggu sekali ada update, sekarang setiap 5 menit force close, semoga ada perbaikan dari pihak kuro",gamenya bagus sekali tapi setelah pembaruan entah kenapa handphone aku jadi tidak sanggup mainin padahal main dari awal pembaruan yang seminggu sekali ada pembaruan sekarang setiap menit force close semoga ada perbaikan dari pihak kuro games,Negatif
Akmal Nur Fauzie,5,2025-11-13 13:41:53,Wuthering Waves,mntp Dev hytam,mntp dev hytam,Positif
Asbiq Ubayu01,5,2025-11-13 01:35:07,Wuthering Waves,asik,asyik,Positif
C B M Official,5,2025-11-12 18:49:23,Wuthering Waves,"aku sedang nabung untuk membeli hp yg bagus untuk lanjut bermain wuwa lagi, semoga aku konsisten agar bisa bermain lagi💪 jadi aku kasih bintang 5, larna game ini kesukaanku🌹",aku sedang nabung untuk membeli handphone yang bagus untuk lanjut bermain wuthering waves lagi semoga aku konsisten agar bisa bermain lagi lengan berotot jadi aku kasih bintang larna game ini kesukaanku mawar,Positif
Fadil. Ego,5,2025-11-12 16:40:12,Wuthering Waves,game bagus,game bagus,Positif
Embong gaming,5,2025-11-12 14:50:50,Wuthering Waves,keren game nya,keren game nya,Positif
Arya Vwr,5,2025-11-12 12:41:36,Wuthering Waves,waw,waw,Positif
nowadays62,5,2025-11-12 12:13:56,Wuthering Waves,"Terimakasih kurogames, berhasil membujuk saya menjadi kurobot nomer kesekian, tambahan aja sih untuk optimisasi di hp tolong ditingkatkan ya, semoga area lama dan area khusus untuk story kedepannya bisa dihapus secara opsional. supaya tidak memberatkan penyimpanan internal hp 😅",terimakasih kurogames berhasil membujuk aku menjadi kurobot nomer kesekian tambahan saja sih untuk optimisasi di handphone tolong ditingkatkan ya semoga area lama dan area khusus untuk cerita kedepannya bisa dihapus secara opsional supaya tidak memberatkan penyimpanan internal handphone wajah tersenyum lebar dan berkeringat,Positif
Need For Speed Mobile,5,2025-11-12 08:50:45,Wuthering Waves,bagus minus ga ada teks indo semoga ada kedepan nya,bagus minus tidak ada teks indonesia semoga ada kedepan nya,Negatif
Teliv Rigen,5,2025-11-12 03:37:39,Wuthering Waves,"Wah makin lama makin bagus gamenya, semua nya dah perfect, cuma kadang hp saya sering force close karena kurang kuat😅, saya harap untuk map map setelah nya gak begitu berat, sekalau bisa juga ringankan lagi gamenya",wah makin lama makin bagus gamenya semua nya sudah sempurna hanya kadang handphone aku sering force close karena kurang kuat wajah tersenyum lebar dan berkeringat aku harap untuk peta peta setelah nya tidak begitu berat sekalau bisa juga ringankan lagi gamenya,Positif
annisa salsabila,4,2025-11-12 01:38:13,Wuthering Waves,bagus banget gameplay nya. tapi sayang ga ada sub Indonesia. jadi agak susah ngerti lorenya. tolong tambahkan subtitle Indonesia,bagus sekali permainan nya tapi sayang tidak ada sub indonesia jadi agak susah ngerti lorenya tolong tambahkan subtitle indonesia,Negatif
Lukman Khakim,1,2025-11-11 18:36:24,Wuthering Waves,saat membuka game terjadi force close padahal main game berat lainnya lancar seperti genshin dan efootball,saat membuka game terjadi force close padahal main game berat lainnya lancar seperti genshin dan efootball,Negatif
SPNM Modern Warship 96,5,2025-11-11 17:58:59,Wuthering Waves,Tolong update kedepannya tambahkan bahasa Indonesia... ..,tolong pembaruan kedepannya tambahkan bahasa indonesia,Negatif
RIDHO GM 70,5,2025-11-11 16:26:22,Wuthering Waves,mantap,mantap,Positif
KyyUW Epep,5,2025-11-11 16:25:58,Wuthering Waves,game yg sangat bagus dan admin nya baik sekali,game yang sangat bagus dan admin nya baik sekali,Positif
LS_minerva,1,2025-11-11 16:21:56,Wuthering Waves,"93 free pull taee , kudu grind sampe mid game baru dapet , gw download kata nya game ramah ke new player ,",gratis pull taee harus grind sampai uts game baru dapat saya unduh kata nya game ramah ke baru player,Negatif
Xiao Bai,5,2025-11-11 15:48:52,Wuthering Waves,"Game ini sangat bagus sekali,tapi tolong tambah kan bahasa Indonesia untuk game ini",game ini sangat bagus sekali tapi tolong tambah kan bahasa indonesia untuk game ini,Positif
Aditya Ndutz,5,2025-11-11 15:47:06,Wuthering Waves,"Awalnya Suka bgt sm game WuWa, tp belakangan sering FC ga jelas...",awalnya suka banget sama game wuthering waves tapi belakangan sering fc tidak jelas,Negatif
TOMAS,5,2025-11-11 14:03:55,Wuthering Waves,"terimakasih atas 2 banner ini,saya menang rate off semua game baik👍🏻👍🏻😎😎🙏🏻🤏🏻",terimakasih atas banner ini aku menang rate mati semua game baik jempol ke atas warna kulit cerah jempol ke atas warna kulit cerah wajah berkacamata hitam wajah berkacamata hitam melipat tangan warna kulit cerah tangan menjepit warna kulit cerah,Positif
D Vlog,5,2025-11-11 10:31:05,Wuthering Waves,"mantap, Genshin killer buat kaum gabiss beli hp gaming mahal",mantap genshin killer buat kaum gabiss beli handphone gaming mahal,Positif
KARBITERS,5,2025-11-11 10:02:47,Wuthering Waves,"Bagus gamenya walaupun sering frame drop di Redmi Note 13 Pro, semoga di optimalkan lagi kedepannya, Dan tambahkan bahasa Indonesia",bagus gamenya walaupun sering frame turun di redmi note pro semoga di optimalkan lagi kedepannya dan tambahkan bahasa indonesia,Negatif
Aditiya Nugraha,5,2025-11-11 09:31:16,Wuthering Waves,gamenya ga pelit,gamenya tidak pelit,Positif
YAGaming,2,2025-11-11 06:13:58,Wuthering Waves,Login stuck ngebug ajg,masuk stuck ngebug anjing,Negatif
Gala Galaksi,5,2025-11-10 23:54:21,Wuthering Waves,Uwoe,uwoe,Positif
Hapis,5,2025-11-10 14:56:18,Wuthering Waves,GOKILLL,gokil,Positif
santoon tv,4,2025-11-10 14:26:45,Wuthering Waves,berikan bahasa yang lebih banyak lagi,berikan bahasa yang lebih banyak lagi,Negatif
Manzz,5,2025-11-10 13:07:03,Wuthering Waves,Tolong lah tambahin bahasa Indonesia biar gk pusing🗿,tolong lah tambahkan bahasa indonesia supaya tidak pusing moai,Negatif
Cadis etrama Di raizel,5,2025-11-10 11:41:11,Wuthering Waves,gameplay keren,permainan keren,Positif
Yuri Chan,5,2025-11-10 11:29:39,Wuthering Waves,"Gacha lumayan gampang dan ngga pelit juga, serius gw main nih game +-1thn dah punya 10 limit+sign 😭 Kurang dermawan apa coba nih game dari kuro 👌 Kalo ada yang bilang gacha ampas ya gw cuman bisa bilang, selamat datang di dunia gacha 😁 gw punya 4 akun juga 1 akun doang yang hoki gachanya",undian lumayan gampang dan tidak pelit juga serius saya main ini game thn sudah punya limit sign wajah menangis keras kurang dermawan apa coba ini game dari kuro games oke kalau ada yang bilang undian jelek ya saya cuma bisa bilang selamat datang di dunia undian wajah gembira dengan mata bahagia saya punya akun juga akun saja yang hoki gachanya,Positif
Flayyy,2,2025-11-10 10:26:02,Wuthering Waves,gada bhasa indonya,tidak ada bhasa indonya,Negatif
Rakha Jati,5,2025-11-10 09:39:53,Wuthering Waves,game nya mantap banyak epic moment nya,game nya mantap banyak epic peristiwa nya,Positif
William,5,2025-11-10 05:28:10,Wuthering Waves,mantap karakter,mantap karakter,Positif
Mo Beixu,5,2025-11-10 01:06:24,Wuthering Waves,"no comment, soalnya bagus bgt dri segi grafik dll",no komentar soalnya bagus banget dari segi grafik dsb,Positif
L1t0 H3mm,5,2025-11-10 00:16:53,Wuthering Waves,👍,jempol ke atas,Positif
rimuru,4,2025-11-09 23:16:35,Wuthering Waves,berat cuyyy,berat cuyyy,Negatif
Ange Lus,5,2025-11-09 14:13:16,Wuthering Waves,👍,jempol ke atas,Positif
Hisui Ernesta,3,2025-11-09 11:45:01,Wuthering Waves,"Game nya bagus dari story sampai sistem combatnya sangat enjoyable dan berbagai event seru yang sangat disayangkan bila dilewatkan, tapi ini game sangat berat di perangkat SOC Dimensity 7025-Ultra kebawah dan file size dari game ini yang terbilang cukup gila besarnya.",game nya bagus dari cerita sampai sistem combatnya sangat enjoyable dan berbagai acara seru yang sangat disayangkan bila dilewatkan tapi ini game sangat berat di perangkat soc dimensity ultra kebawah dan file ukuran dari game ini yang terbilang cukup gila besarnya,Negatif
Devid Maulana,1,2025-11-09 11:23:18,Wuthering Waves,game ampas gacha kalah mulu udah gitu dapetnya selalu nyaris mentok pity,game jelek undian kalah terus sudah begitu dapetnya selalu nyaris mentok jaminan gacha,Negatif
Yui,5,2025-11-09 10:46:53,Wuthering Waves,keren..,keren,Positif
Randy Putra pratama,5,2025-11-09 09:10:19,Wuthering Waves,gacor kang,gacor kang,Positif
Pann,1,2025-11-09 05:01:35,Wuthering Waves,makin kesini makin buruk size semakin membengkak tidak ramah untuk HP kelas menengah ke bawah,makin kesini makin buruk ukuran semakin membengkak tidak ramah untuk handphone kelas menengah ke bawah,Negatif
Suzy Kim,5,2025-11-09 01:06:50,Wuthering Waves,Game bagus banget. Game baik. Royal. Ga pelit. Grafik bagus cut scene keren,game bagus sekali game baik royal tidak pelit grafik bagus cut scene keren,Positif
Synx,5,2025-11-08 18:09:03,Wuthering Waves,"absolute galbrena ✋️😮‍💨🤚, semoga genshulin playable, udah lumutan ini nungguinnya",absolute galbrena telapak tangan terbuka dengan jari rapat wajah mengembuskan nafas angkat tangan semoga genshulin playable sudah lumutan ini nungguinnya,Positif
Akun Asli,5,2025-11-08 16:27:30,Wuthering Waves,cuma bisa bilang WOW untuk game gratis ini kembangkan lagi agar bermain di android spek mid lebih lancar,hanya bisa bilang wow untuk game gratis ini kembangkan lagi agar bermain di android spek uts lebih lancar,Positif
Tanaka Ch,1,2025-11-08 15:56:44,Wuthering Waves,tambahkan bahasa Indonesia!,tambahkan bahasa indonesia,Negatif
Kadek Sura,5,2025-11-08 15:31:07,Wuthering Waves,mantapppp,mantapppp,Positif
•,5,2025-11-08 15:27:11,Wuthering Waves,Yay,yay,Positif
Zednii Satoru,5,2025-11-08 14:54:48,Wuthering Waves,"guamen epic cuk, story awal bagus apalagi selanjutnya",guamen epic jancuk cerita awal bagus apalagi selanjutnya,Positif
Ravindra Arsyaq,5,2025-11-08 13:04:51,Wuthering Waves,adain widget pemberitahuan min,adain widget pemberitahuan admin,Positif
Held Oct,5,2025-11-08 05:49:16,Wuthering Waves,game baik,game baik,Positif
Athaya,5,2025-11-08 04:49:57,Wuthering Waves,ok,ok,Positif
Fata Aditya Prayoga,5,2025-11-08 02:55:49,Wuthering Waves,Bagus gamenya gk kikir bansosnya,bagus gamenya tidak pelit bansosnya,Positif
Arga Lukya Yan Pratama,5,2025-11-08 02:06:43,Wuthering Waves,lesklgooo subtitle bahasa indonesia,lesklgooo subtitle bahasa indonesia,Positif
Zainal Abidin,5,2025-11-07 16:26:54,Wuthering Waves,developer tolong tambahin bahasa Indonesia....,developer tolong tambahkan bahasa indonesia,Negatif
Iwak Ikan,5,2025-11-07 13:53:35,Wuthering Waves,sama kayak pgr,sama seperti pgr,Positif
I Putu Giri Nathan Agastya,5,2025-11-07 13:27:47,Wuthering Waves,"bagus storynya, semoga kedepanya ada b indo",bagus storynya semoga kedepanya ada b indonesia,Positif
Phillip Impact,4,2025-11-07 10:15:54,Wuthering Waves,gamenya bagus dan garfisnya bagus tapi mohon ya rilis lebih banyak Karakter bintang 4 supaya lebih f2p friendly dan kurangi rilis karakter bintang 5 tapi walaupun di kurangi tetap bikin peforma bintang 5 bagus,gamenya bagus dan garfisnya bagus tapi mohon ya rilis lebih banyak karakter bintang supaya lebih fp friendly dan kurangi rilis karakter bintang tapi walaupun di kurangi tetap membuat peforma bintang bagus,Negatif
Eartz Zx,5,2025-11-07 07:25:09,Wuthering Waves,"tolong untuk developernya, bisa tambahin teks, BAHASA INDONESIA GA ? soal nya masih kurang inggris ku nya.",tolong untuk developernya bisa tambahkan teks bahasa indonesia tidak soal nya masih kurang inggris ku nya,Negatif
Supyan Hady,2,2025-11-07 05:37:31,Wuthering Waves,gamenya ga bisa di buka aku mau buka tapi keluar trs tolong di perbaiki updatenya🙏,gamenya tidak bisa di buka aku mau buka tapi keluar terus tolong di perbaiki updatenya melipat tangan,Negatif
alif alamzyan,5,2025-11-07 04:23:19,Wuthering Waves,keren game terbaik,keren game terbaik,Positif
fathan 2493,5,2025-11-07 03:51:10,Wuthering Waves,game baik aku suka🥰,game baik aku suka wajah tersenyum dengan 3 hati,Positif
M.khairul Zain,5,2025-11-07 03:32:45,Wuthering Waves,sangat mantapppp,sangat mantapppp,Positif
Doni Orlando,5,2025-11-07 01:29:05,Wuthering Waves,"Terbaik, tingkatkan lagi kualitas suara dan grafis ke efisiensi. Untuk grafik bagus memiliki ciri khas sendiri, untuk suara seperti di compress jadi terasa kering dan ada noise perbaiki itu. Terimakasih",terbaik tingkatkan lagi kualitas suara dan grafis ke efisiensi untuk grafik bagus memiliki ciri khas sendiri untuk suara seperti di compress jadi terasa kering dan ada noise perbaiki itu terimakasih,Positif
FerilForReal,5,2025-11-06 23:46:01,Wuthering Waves,"overall best gaming company menurutku, baik dan tidak kikir seperti game sebelah, lopyu kuroo sering sering kasih bansos yaa sama banyakin char cowo, saya sebagai player cewe ingin punya banyak suami virtual",overall terbaik gaming company menurutku baik dan tidak pelit seperti game sebelah lopyu kuroo sering sering kasih hadiah yaa sama banyakin karakter cowok aku sebagai player gadis ingin punya banyak suami virtual,Positif
Zeex4,5,2025-11-06 18:34:10,Wuthering Waves,keren,keren,Positif
Pandu Pramana,5,2025-11-06 15:35:01,Wuthering Waves,Luar biasa,luar biasa,Positif
Lia Dwi Atiqah,5,2025-11-06 14:22:54,Wuthering Waves,"game nya bagus, cuma di optimalkan lagi ya🙏🙏",game nya bagus hanya di optimalkan lagi ya melipat tangan melipat tangan,Positif
Fira Livia,1,2025-11-06 13:50:26,Wuthering Waves,pas update akunku malah hilang woi >:[,saat pembaruan akunku malah hilang woi,Negatif
Fajrul F.R,5,2025-11-06 12:49:06,Wuthering Waves,MAKASIH RC6 ZANI NYA KURO,terimakasih rc zani nya kuro games,Positif
David Perdana K.p,5,2025-11-06 12:12:23,Wuthering Waves,"Ping bermasalah, force close",ping bermasalah force close,Negatif
irgi Andriandi,5,2025-11-06 11:58:57,Wuthering Waves,Gamenya Bagus Story Mantap Cuma Dari Segi Subtitle Itu Nggak ada Indonesia Kalo Ada Sub Indonya Lebih Mantap Lagi Kenapa Mas Di Karenakan Yang Nggak Terlalu Paham Pasti Skip Skip Story Karena Nggak Paham Subnya,gamenya bagus cerita mantap hanya dari segi subtitle itu tidak ada indonesia kalau ada sub indonya lebih mantap lagi kenapa kakak di karenakan yang tidak terlalu paham pasti lewati lewati cerita karena tidak paham subnya,Positif
Finixs 27,5,2025-11-06 10:07:46,Wuthering Waves,"pleaseee kasih bahasa indonesianya dong, game bagus tapi gua gak ngerti apa yang mereka omongin..",pleaseee kasih bahasa indonesianya dong game bagus tapi saya tidak ngerti apa yang mereka omongin,Negatif
沙耶崎,5,2025-11-06 09:48:12,Wuthering Waves,GIM BAIK BANGET MAKASIH ZANI NYA WOSNFIS CJE,gim baik sekali terimakasih zani nya wosnfis cje,Positif
Pujangga Mafianus Argi,5,2025-11-06 08:26:53,Wuthering Waves,"Seluruhnya bagus, aku menyelesaikan seluruh konten dalam 4 bulan saja, tapi versi mobile sering hilang music background jika bermain lama, tolong diperbaiki",seluruhnya bagus aku menyelesaikan seluruh konten dalam bulan saja tapi versi mobile sering hilang musik background jika bermain lama tolong diperbaiki,Positif
Muhammad Fadli,4,2025-11-06 08:11:46,Wuthering Waves,tolong tambah kan bahasa Indonesia karna ngk paham bahasa Inggris mau nyelesaikan quest susah,tolong tambah kan bahasa indonesia karena tidak paham bahasa inggris mau nyelesaikan misi susah,Negatif
S Seee,1,2025-11-06 06:50:07,Wuthering Waves,berat banget grafix nya,berat sekali grafix nya,Negatif
Ijo Cell,1,2025-11-06 06:37:57,Wuthering Waves,game download data nya banyakkkkkkkkkkkkkk banget jadi aku kasih rating 1,game unduh data nya banyakkkkkkkkkkkkkk sekali jadi aku kasih rating,Negatif
Fathur Rahim,5,2025-11-06 06:31:31,Wuthering Waves,game ini sangat bagus dan seru tapi kasih bahasa Indonesia nya dong 😊,game ini sangat bagus dan seru tapi kasih bahasa indonesia nya dong wajah tersenyum dengan mata bahagia,Positif
Muhammad Fikri,5,2025-11-06 05:22:58,Wuthering Waves,untuk game naya Uda bagus tapi saran lebih di optimalkan lagi di Poco f6 Snapdragon 8s gen 3 kadang 60 fps terus di map baru malah drop 30 Sampek 20 fps,untuk game naya sudah bagus tapi saran lebih di optimalkan lagi di poco f snapdragon s gen kadang frame per detik terus di peta baru malah turun sampai frame per detik,Negatif
Wahyu Alimukti,4,2025-11-06 04:53:03,Wuthering Waves,"game bagus, pity busuk",game bagus jaminan gacha busuk,Negatif
belajar 12 1234,5,2025-11-06 00:17:24,Wuthering Waves,"gamenya rekomen banget, bagi yang suka Explorasi dengan grafik yang sangat bagus",gamenya rekomen sekali bagi yang suka eksplorasi dengan grafik yang sangat bagus,Positif
Miqbal Wahyudi,1,2025-11-05 23:41:07,Wuthering Waves,"GAME AMPAS, TIAP MAU DAPAT CHARACTER HARUS RATE OFF DULU",game jelek tiap mau dapat character harus rate mati dulu,Negatif
Lucior Full of imagination,5,2025-11-05 23:01:22,Wuthering Waves,lebih bagus dari pada genshin bansos jg lancar👍,lebih bagus dari pada genshin hadiah juga lancar jempol ke atas,Positif
Vrince Gremory,5,2025-11-05 16:55:39,Wuthering Waves,Game Absolute Cinema 🖐😐🖐. Dulu dihina karna waktu perilisan banyak bug dan semenjak itu WuWa berubah menjadi lebih baik. Namun apalah daya terpaksa pensi karna laptop rusak dan HP tidak mendukung 😔☝.,game absolute cinema telapak tangan terbuka wajah netral telapak tangan terbuka dulu dihina karena waktu perilisan banyak masalah teknis dan semenjak itu wuthering waves berubah menjadi lebih baik namun apalah daya terpaksa berhenti main karena laptop rusak dan handphone tidak mendukung wajah merenung menunjuk ke atas,Negatif
Ikyturu 243,1,2025-11-05 14:49:47,Wuthering Waves,game 50/50 aku baru maen langsung kalah rate off,game aku baru main langsung kalah rate mati,Negatif
Loriek S,5,2025-11-05 14:42:05,Wuthering Waves,gamenya bagus sekali,gamenya bagus sekali,Positif
Nitya P.,2,2025-11-05 14:35:03,Wuthering Waves,"bagus sih bagus, tapiiiii tolonggg bangettttttt, aku sering ngelag terus tbtb keluar. Padahal lancar lancar aja, grafik rata kiri, ringan. hp juga gak panas.",bagus sih bagus tapi tolonggg bangettttttt aku sering patah patah terus tbtb keluar padahal lancar lancar saja grafik rata kiri ringan handphone juga tidak panas,Negatif
Muhammad arif Arif,5,2025-11-05 13:48:53,Wuthering Waves,"mantap gacha""nya gacor",mantap undian nya gacor,Positif
Rouf fidura,5,2025-11-05 13:27:06,Wuthering Waves,tambahkan bahasa Indonesia yaa,tambahkan bahasa indonesia yaa,Positif
Athawalruz,5,2025-11-05 12:59:11,Wuthering Waves,kuro baik,kuro games baik,Positif
Zarif,5,2025-11-05 11:52:38,Wuthering Waves,"developernya baik,banyak memberikan bansos,banyak fanservicenya,#kurosayangplayer",developernya baik banyak memberikan hadiah banyak fanservicenya kurosayangplayer,Positif
OwwDinn,5,2025-11-05 11:42:32,Wuthering Waves,"Gak kikir, story bagus, animasi bagus, grafik bagus game gratis spek berbayar",tidak pelit cerita bagus animasi bagus grafik bagus game gratis spek berbayar,Positif
Jhesta Mahayekti,3,2025-11-05 11:21:18,Wuthering Waves,keseringan compiling shader bikin males login,keseringan compiling shader membuat malas masuk,Negatif
Silhan Alfiansyah,5,2025-11-05 10:51:36,Wuthering Waves,"game ini sangat bagus sekali cuman sayang semakin ganti pacth semakin besar buat size gamenya, paling upgrade memori HP sih kalau mau bertahan.",game ini sangat bagus sekali cuma sayang semakin ganti pacth semakin besar buat ukuran gamenya paling upgrade penyimpanan handphone sih kalau mau bertahan,Negatif
Andreas Andreas,4,2025-11-05 08:17:53,Wuthering Waves,bagus banget mulai dari gameplay nya bagus tapi kalo bisa jangan terlalu berat karena HP gw kentang (kalo bisa 🙏),bagus sekali mulai dari permainan nya bagus tapi kalau bisa jangan terlalu berat karena handphone saya spesifikasi rendah kalau bisa melipat tangan,Positif
Dimm,5,2025-11-05 05:43:51,Wuthering Waves,bagus,bagus,Positif
Anilluthfi Tuzla,4,2025-11-05 05:27:53,Wuthering Waves,bahasa Indonesia mana?,bahasa indonesia mana,Negatif
Riski Piansyah,5,2025-11-05 02:24:14,Wuthering Waves,benar benar bagus,benar benar bagus,Positif
Kiwirgeming Wir,5,2025-11-04 15:51:12,Wuthering Waves,best game ever!! tetap optimalkan untuk perangkat mobile.,terbaik game ever tetap optimalkan untuk perangkat mobile,Positif
Rehan andriano,5,2025-11-04 15:13:25,Wuthering Waves,Game gacor,game gacor,Positif
Faisal Afandi,5,2025-11-04 15:03:25,Wuthering Waves,"bagus dan Tidak begitu Paytowins, intinya fokus grinding, fokus misi² kecil untuk mengumpulkan bahan².",bagus dan tidak begitu paytowins intinya fokus mencari material fokus misi² kecil untuk mengumpulkan bahan²,Positif
Mihyaeru Kaiza,2,2025-11-04 13:56:28,Wuthering Waves,Saya mohon tambahkan fitur bahasa Indonesia karena saya tidak terlalu bisa membaca bahasa inggris,aku mohon tambahkan fitur bahasa indonesia karena aku tidak terlalu bisa membaca bahasa inggris,Negatif
Arya,5,2025-11-04 12:20:53,Wuthering Waves,tolong untuk game nya tambah kan translate ke Indonesia saya sering pakai translate untuk menerjemahkan ke Indonesia 😁,tolong untuk game nya tambah kan translate ke indonesia aku sering pakai translate untuk menerjemahkan ke indonesia wajah gembira dengan mata bahagia,Negatif
NYOTERz_,5,2025-11-04 10:57:38,Wuthering Waves,mantap gatcha gak hard pity kaya game sebelah 🗿,mantap gatcha tidak hard jaminan gacha seperti game sebelah moai,Positif
Hafis Z,5,2025-11-04 09:17:07,Wuthering Waves,game keren gameplay smoth tergantung chipset event banyak dn menarik Terima kasih buat developer gak tau mananya lupa(:,game keren permainan smoth tergantung chipset acara banyak dan menarik terima kasih buat developer tidak tau mananya lupa,Positif
Asa Bhacena,5,2025-11-04 07:42:30,Wuthering Waves,👍👍,jempol ke atas jempol ke atas,Positif
Zan Versi jp,5,2025-11-04 04:57:46,Wuthering Waves,game bagus g kayak game..,game bagus tidak seperti game,Positif
Verover Lee,5,2025-11-04 04:05:33,Wuthering Waves,"Makin bagus dan sudah tidak ada bug lagi. keren tpi panas sih di HP, makin optimal di main kan, signal bagus lancar kalo signal jelek nge lag, tapi cerita utamanya bagus gk bosenin",makin bagus dan sudah tidak ada masalah teknis lagi keren tapi panas sih di handphone makin optimal di main kan jaringan bagus lancar kalau jaringan jelek nge patah patah tapi cerita utamanya bagus tidak bosenin,Positif
Ahmad Ridho,1,2025-11-03 22:46:21,Wuthering Waves,"pleaseee, kasih bahasa indonesia😭😭",pleaseee kasih bahasa indonesia wajah menangis keras wajah menangis keras,Negatif
Rizky Ardiansyah 2996,5,2025-11-03 21:31:17,Wuthering Waves,game masterpiece dari segi pertarungan sama story🥶🤯,game mahakarya dari segi pertarungan sama cerita wajah kedinginan kepala meledak,Positif
Mauou Lumira,4,2025-11-03 15:52:29,Wuthering Waves,"bagus,hanya saja kurang di optimisasi",bagus hanya saja kurang di optimisasi,Negatif
reza fauzian,5,2025-11-03 10:44:18,Wuthering Waves,Mantap banyak tobrut,mantap banyak tobrut,Positif
Ari Rachmad Hidayatulloh,5,2025-11-03 10:32:42,Wuthering Waves,tolong min sediain domain untuk farming exp echo🗿,tolong admin sediain domain untuk farming exp echo moai,Negatif
muhammad aris,5,2025-11-03 06:32:45,Wuthering Waves,Semoga event photo sekarang jadi permanen!!! harus permanent,semoga acara foto sekarang jadi permanen harus permanent,Positif
Thad Deus,5,2025-11-03 06:16:04,Wuthering Waves,"Buat di HP cukup oke sih walau kalo segi grafik di bandingin sama PC agak jauh walaupun udah rata kanan. tapi ya overall bagus fps stabil gak terlalu ada kendala. banyak yang bilang ini kenapa gak stabil knp suka fc dll mngkin itu kndala di HP nya aj kli gausah maksa main di rata kanan sih masih bagus kok grafik nya kecuali klo emg HP ny memumpuni. dlu gua jg gitu ko HP kurang memumpuni paksa main grafik bagus emg suka fc sama ngfrezee sih karna emg HP biasa. skrg udah ganti HP lancar"" aja ah",buat di handphone cukup oke sih walau kalau segi grafik di bandingin sama komputer agak jauh walaupun sudah rata kanan tapi ya overall bagus frame per detik stabil tidak terlalu ada kendala banyak yang bilang ini kenapa tidak stabil kenapa suka fc dsb mungkin itu kndala di handphone nya saja kli tidak maksa main di rata kanan sih masih bagus kok grafik nya kecuali kalau memang handphone nya memumpuni dulu saya juga begitu ko handphone kurang memumpuni paksa main grafik bagus memang suka fc sama ngfrezee sih karena memang handphone biasa sekarang sudah ganti handphone lancar saja ah,Positif
Lara Santika Liinresti94,1,2025-11-03 02:14:10,Wuthering Waves,kenapa sinyalnya sangat buruk setelah update kali ini?,kenapa sinyalnya sangat buruk setelah pembaruan kali ini,Negatif
Exchel G Claudhio,1,2025-11-02 19:58:49,Wuthering Waves,SAMPAH KEBANYAKAN COMPILING SHADER,sampah kebanyakan compiling shader,Negatif
Andhika Aulia,5,2025-11-02 19:02:22,Wuthering Waves,"semua bagus tapi, add subtitle bahasa Indonesia",semua bagus tapi add subtitle bahasa indonesia,Negatif
ikhal ibrah,5,2025-11-02 15:41:06,Wuthering Waves,bagus,bagus,Positif
Abdullah Muhammad Faishal,5,2025-11-02 12:25:05,Wuthering Waves,gamenya bagus 😄,gamenya bagus wajah tersenyum lebar dan mata tertutup,Positif
AS BUN,1,2025-11-02 09:52:34,Wuthering Waves,mohon tambahkan bahasa Indonesia...,mohon tambahkan bahasa indonesia,Negatif
Lintang Septian Rasya,5,2025-11-02 09:05:27,Wuthering Waves,Aku akui game ini cukup bagus dan kasih rating 5 tapi aku minta 1 hal yang ku inginkan. jika anda mendengarkan kami maka aku ingin anda melakukan kolaborasi Dengan Jojo setelah Cyberpunk Edgerunners. karena aku melihat banyak referensi JoJo di Game anda. maka harusnya anda juga Berani Collab dengan JoJo terlepas dari apa yang terjadi Collab dengan JoJo akan memberikan keuntungan besar dan aku akan menghabiskan uangku untuk Gacha semua Karakter Collab itu terima kasih dan semoga anda mendengar🙏,aku akui game ini cukup bagus dan kasih rating tapi aku minta hal yang ku inginkan jika kamu mendengarkan kami maka aku ingin kamu melakukan kolaborasi dengan jojo setelah cyberpunk edgerunners karena aku melihat banyak referensi jojo di game kamu maka harusnya kamu juga berani collab dengan jojo terlepas dari apa yang terjadi collab dengan jojo akan memberikan keuntungan besar dan aku akan menghabiskan uangku untuk undian semua karakter collab itu terima kasih dan semoga kamu mendengar melipat tangan,Positif
madbrin kutan,5,2025-11-02 07:41:20,Wuthering Waves,Tambah Bahasa Indonesia,tambah bahasa indonesia,Negatif
Abidzard Store,5,2025-11-02 03:13:13,Wuthering Waves,STORY NYA SERUUU BANGET,cerita nya seruuu sekali,Positif
Siantan Favor,1,2025-11-02 02:55:41,Wuthering Waves,gacha saya selalu ampass rate on/rate off hard pity semua... saya gatau salah saya apa. tapi saya di benci sama game ini. semoga berkah karena udah saya mainin. sekarang saya hapus dulu game nya.,undian aku selalu ampass rate nyala rate mati hard jaminan gacha semua aku tidak tahu salah aku apa tapi aku di benci sama game ini semoga berkah karena sudah aku mainin sekarang aku hapus dulu game nya,Negatif
Rey Zan,5,2025-11-02 01:46:21,Wuthering Waves,wow,wow,Positif
Rass,5,2025-11-02 01:25:28,Wuthering Waves,"Gamenya udah bagus,ad beberapa kekurangan tapi kuyakin pihak kuro pasti bisa nyari solusinya,dan ad sedikit permintaan kepada pihak kuro,mohon tambahkan lebih banyak subtitlenya,karena saya sebagai pemain dari indo yg lumayan b inggrisnya,agak kesusahan juga untuk memahami semua jalan ceritanya.",gamenya sudah bagus ada beberapa kekurangan tapi kuyakin pihak kuro games pasti bisa nyari solusinya dan ada sedikit permintaan kepada pihak kuro games mohon tambahkan lebih banyak subtitlenya karena aku sebagai pemain dari indonesia yang lumayan b inggrisnya agak kesusahan juga untuk memahami semua jalan ceritanya,Positif
Arif Rahmatullah,1,2025-11-01 22:13:51,Wuthering Waves,BABI FORCE CLOSE MULU,babi force close terus,Negatif
Luck999,1,2025-11-01 19:57:06,Wuthering Waves,makin update kesini-sini makin banyak yg butuh di optimalisasi untuk device mobile.. salah satunya render nya yg lama gak sama seperti sebelum update,makin pembaruan kesini sini makin banyak yang butuh di optimalisasi untuk perangkat mobile salah satunya render nya yang lama tidak sama seperti sebelum pembaruan,Negatif
M.Reza Saputra,5,2025-11-01 19:06:04,Wuthering Waves,"aku suka kuro terima kasih kuro game,game baik,banyak istri banyak rezeki",aku suka kuro games terima kasih kuro games game game baik banyak istri banyak rezeki,Positif
Ezi Sung,5,2025-11-01 16:13:34,Wuthering Waves,aku tidak banyak kata atau pendapat buat ini game yaitu sangat bagusss sekali itu aja👍 sangat rekomendasi buat coba ini game,aku tidak banyak kata atau pendapat buat ini game yaitu sangat bagusss sekali itu saja jempol ke atas sangat rekomendasi buat coba ini game,Positif
Septi Uji Lestari,5,2025-11-01 15:19:12,Wuthering Waves,Puas banget buat closing di Rinachita,puas sekali buat closing di rinachita,Positif
raka Agsandri,5,2025-11-01 14:10:49,Wuthering Waves,sangat bagus,sangat bagus,Positif
Jeremi Jeremi,5,2025-11-01 13:35:35,Wuthering Waves,cantiknya!!,cantiknya,Positif
LUTHFI HIKMAWAN,4,2025-11-01 12:13:29,Wuthering Waves,gamenya bagus tp size nya terlalu gede 33GB,gamenya bagus tapi ukuran nya terlalu besar gb,Negatif
Naufal Alhtaf Faeyza,5,2025-11-01 10:34:56,Wuthering Waves,"gacor,anti kikir🔥",gacor anti pelit api,Positif
Dhoom Dhoom,5,2025-11-01 09:54:37,Wuthering Waves,games bagus tapi yang sulit teka teki buat ambil kotak sulit banget. kalau semua permainan nya bagus cukup keren. terimakasih,games bagus tapi yang sulit teka teki buat ambil kotak sulit sekali kalau semua permainan nya bagus cukup keren terimakasih,Positif
Jasmine Alliya,5,2025-11-01 09:42:20,Wuthering Waves,"gamenya bgus ga kikir kek game sebelah, gw gacha selalu low pity mulu di 40× pull + signnya juga",gamenya bgus tidak pelit seperti game sebelah saya undian selalu low jaminan gacha terus di pull signnya juga,Positif
Pasha Almer,5,2025-11-01 07:17:50,Wuthering Waves,kasih aku low pity seumur hidup plisss,kasih aku low jaminan gacha seumur hidup plisss,Positif
Ixbal Irwan,5,2025-11-01 06:37:36,Wuthering Waves,"Dev baik, gameplay asik, bansos banyak, story okey, ini game gacha animek pertama yang gw coba dan gak ngecewain 👍",dev baik permainan asyik hadiah banyak cerita okey ini game undian animek pertama yang saya coba dan tidak ngecewain jempol ke atas,Positif
Febru Putra Perdana,5,2025-11-01 04:28:37,Wuthering Waves,"satu kata untuk game ini ""terbaik""",satu kata untuk game ini terbaik,Positif
Abdul Azis,4,2025-11-01 02:43:57,Wuthering Waves,game bagus story bagus pemandangan ok,game bagus cerita bagus pemandangan ok,Positif
fajar jr?,5,2025-11-01 01:20:35,Wuthering Waves,terbaik lah kau man,terbaik lah kau man,Positif
Rian Afinda,5,2025-10-31 20:16:31,Wuthering Waves,ok,ok,Positif
Langit Biru,5,2025-10-31 17:39:56,Wuthering Waves,"Buat ponsel Helio G200 aja gak nyangka bakal lancar meskipun pakai 90% setting grafis rata kanan dan serba ON, berbagai konten yang ada di game juga sangat menyenangkan. Jadi intinya, terus kembangkan dan terus lakukan optimalisasi game anda ini Kuro, gak usah dengarkan itu para pelontar komentar buruk yang gak membangun, anggap aja angin lewat yang cukup diabaikan aja, karena sering kali mereka gak sadar asal muasal permasalahan mereka sendiri, dan justru malah memberi komplain yang gak mutu.",buat ponsel helio tidak saja tidak nyangka akan lancar meskipun pakai setting grafis rata kanan dan serba nyala berbagai konten yang ada di game juga sangat menyenangkan jadi intinya terus kembangkan dan terus lakukan optimalisasi game kamu ini kuro games tidak usah dengarkan itu para pelontar komentar buruk yang tidak membangun anggap saja angin lewat yang cukup diabaikan saja karena sering kali mereka tidak sadar asal muasal permasalahan mereka sendiri dan justru malah memberi komplain yang tidak mutu,Positif
Muhammad Firmansyah,5,2025-10-31 16:24:01,Wuthering Waves,karna ada chisa,karena ada chisa,Positif
Refky Akto,5,2025-10-31 15:54:31,Wuthering Waves,suka gamenya.. kalau bisa mediatek 8300 ultra peforma nya sampai 120 fps,suka gamenya kalau bisa mediatek ultra peforma nya sampai frame per detik,Positif
Eka,5,2025-10-31 14:36:51,Wuthering Waves,mantap,mantap,Positif
Prasetya Agustian,1,2025-10-31 14:30:52,Wuthering Waves,"gacha karakter ampas, masa selalu kalah 50/50 mana selalu di pity 70 keatas.",undian karakter jelek masa selalu kalah mana selalu di jaminan gacha keatas,Negatif
Mahdi Mahdi,1,2025-10-31 14:23:54,Wuthering Waves,akan saya kasi B5 jika developer memberikan saya karakter B5 qiuyuan rarrr,akan aku kasih b jika developer memberikan aku karakter b qiuyuan rarrr,Negatif
Fhry Rmdhn,5,2025-10-31 13:23:56,Wuthering Waves,ga kikir kayak sebelah,tidak pelit seperti sebelah,Positif
RATU ALLTHEM SUMIGAR,5,2025-10-31 12:58:17,Wuthering Waves,Sangat ramah F2P,sangat ramah fp,Positif
Gaiagaib,5,2025-10-31 12:55:31,Wuthering Waves,game baik hati,game baik hati,Positif
Lawrence Pulo,5,2025-10-31 10:45:28,Wuthering Waves,BEGINNER LUCK GUA DAPAT LIMITED 5* LANGSUNG AMA SENJATA NYA GELOOOO,beginner beruntung saya dapat limited langsung sama senjata nya geloooo,Positif
Aston,5,2025-10-31 08:16:46,Wuthering Waves,game baik,game baik,Positif
Roby Awal,5,2025-10-31 06:17:50,Wuthering Waves,"gamenya keren, cumn tidak ada bhaas indo, padhal dari storynya bagus bnagt, jadi kurng maksimal menikmati storynya, tapi over all, bagus sekali gamenya",gamenya keren cumn tidak ada bhaas indonesia padhal dari storynya bagus bnagt jadi kurng maksimal menikmati storynya tapi over semua bagus sekali gamenya,Positif
Jon Key,5,2025-10-31 06:01:24,Wuthering Waves,mantap,mantap,Positif
Sera Ranasisca,3,2025-10-30 23:16:48,Wuthering Waves,Please fix whiwa performance on mobile and make waves spawn not dependent on ping. Padahal main toa sama event lain lancar-lancar aja :((,tolong tetap whiwa performance nyala mobile dan pakai waves spawn tidak dependent nyala ping padahal main toa sama acara lain lancar lancar saja,Negatif
Angga Agustian,1,2025-10-30 18:02:05,Wuthering Waves,Ini Game Semakin Naik Internal nya Saya Yang 128gb Menangis :) Tolong Dong Ringankan Ini Game nya,ini game semakin naik internal nya aku yang gb menangis tolong dong ringankan ini game nya,Negatif
ijol e,5,2025-10-30 17:07:24,Wuthering Waves,"Rata-rata 10/10, game baik😁,kalo bisa aku juga mau dapet Dup 3 kayak orang lain😅.",rata rata game baik wajah gembira dengan mata bahagia kalau bisa aku juga mau dapat dup seperti orang lain wajah tersenyum lebar dan berkeringat,Positif
Muhammad Rizky Ananda Putra,4,2025-10-30 14:48:06,Wuthering Waves,"makasih grafiknya, gamenya bagus, alhamdulillah",terimakasih grafiknya gamenya bagus alhamdulilah,Positif
FIN YZ,5,2025-10-30 13:00:51,Wuthering Waves,🔥🔥,api api,Positif
이지 금IU,5,2025-10-30 12:57:16,Wuthering Waves,"game lancar gak kaya sebelah, walaupun makan memori sama banyaknya tapi enteng dan lancar, semoga kedepannya begitu",game lancar tidak seperti sebelah walaupun makan penyimpanan sama banyaknya tapi enteng dan lancar semoga kedepannya begitu,Positif
Aulya Ph,5,2025-10-30 10:41:42,Wuthering Waves,Gua akan comeback wuwa demi Qiuyuan.,saya akan comeback wuthering waves demi qiuyuan,Positif
Mamang Kait,1,2025-10-30 10:07:48,Wuthering Waves,"ukuran full nya GK main2 186 GB, 👎",ukuran penuh nya tidak main gb jempol ke bawah,Negatif
Alief Fahriyadi,1,2025-10-30 09:58:45,Wuthering Waves,"woi apa ni wuwa, gak bisa login aku",woi apa ini wuthering waves tidak bisa masuk aku,Negatif
DARK WEB,2,2025-10-30 08:46:17,Wuthering Waves,benerin lah bug nya kiro masa gua gak bisa main pake jaringan wifi sih,benerin lah masalah teknis nya kiro masa saya tidak bisa main pakai jaringan wifi sih,Negatif
ZIDANE,5,2025-10-30 06:51:06,Wuthering Waves,gim bagus,gim bagus,Positif
Mimi Chan,1,2025-10-30 05:56:07,Wuthering Waves,"6 kali kalah rate off berturut-turut pity merah semua, pdhal cuma gacha husbu doang, 1 char rc6, bukan game gacha ini, game kikir ini, game gacha itu ada menang dan kalah, klo kalah terus bukan game gacha nama nya 😒😒",kali kalah rate mati berturut turut jaminan gacha merah semua padahal hanya undian karakter pria saja karakter rc bukan game undian ini game pelit ini game undian itu ada menang dan kalah kalau kalah terus bukan game undian nama nya wajah bosan wajah bosan,Negatif
Mahadana Mahadana arkha pratama,5,2025-10-30 05:09:35,Wuthering Waves,story nya bangus banget tapi saya benci sama phrolova,cerita nya bangus sekali tapi aku benci sama phrolova,Positif
Nico Abiyanto,5,2025-10-30 04:24:52,Wuthering Waves,mantap,mantap,Positif
Silverqueen channel,4,2025-10-30 03:36:31,Wuthering Waves,"pernah main game ini pertama kali rilis,2 atau 3 hari main,aku stop karena gak ada bahasa Indonesianya",pernah main game ini pertama kali rilis atau hari main aku berhenti karena tidak ada bahasa indonesianya,Negatif
Muhammad Syahputra,5,2025-10-30 03:12:00,Wuthering Waves,hoki,hoki,Positif
Kurniawan Mega Santoso,1,2025-10-30 02:57:53,Wuthering Waves,hahaha,hahaha,Positif
R- Gaming,5,2025-10-29 22:22:07,Wuthering Waves,saran min tambahin bahasa indonesia,saran admin tambahkan bahasa indonesia,Negatif
Nestelis DampNation NoNation,1,2025-10-29 21:10:54,Wuthering Waves,gim 4no gim pedofil,gim no gim pedofil,Negatif
Oalah Tod,1,2025-10-29 18:23:42,Wuthering Waves,bahasa Indonesia tambahin kurontol,bahasa indonesia tambahkan kurontol,Negatif
Shinn,5,2025-10-29 18:01:26,Wuthering Waves,"Game gratis yang absolute cinema, sering sering denger masukan dari player ya kuro games, Masterpiece",game gratis yang absolute cinema sering sering dengar masukan dari player ya kuro games games mahakarya,Positif
Norin,5,2025-10-29 15:05:29,Wuthering Waves,Cartethiya banner rerun please,cartethiya banner rilis ulang tolong,Positif
Ahmad fegy Dinanta,5,2025-10-29 14:40:05,Wuthering Waves,tolong subtitle bahasa nya buat yang versi Indonesia. tambah seru lagi dah kalau ada bahasa Indonesia nya,tolong subtitle bahasa nya buat yang versi indonesia tambah seru lagi sudah kalau ada bahasa indonesia nya,Positif
Syifa Keyzia,2,2025-10-29 13:29:43,Wuthering Waves,hard pity terus gw wkwkwk,hard jaminan gacha terus saya wkwkwk,Negatif
Isa Curup,4,2025-10-29 13:16:33,Wuthering Waves,saya berharap diadakan subtitle Indonesia agar dapat memahami cerita yang dibawa dan dapat menikmati nya,aku berharap diadakan subtitle indonesia agar dapat memahami cerita yang dibawa dan dapat menikmati nya,Negatif
Monndey,5,2025-10-29 12:12:54,Wuthering Waves,bagus bang bisa perang,bagus kakak bisa perang,Positif
Putra Puspanegoro,5,2025-10-29 11:08:24,Wuthering Waves,keren parah,keren parah,Positif
Mhd Raihan,1,2025-10-29 10:26:54,Wuthering Waves,"kecewa gua, akun lama gua hilang padahal UID nya 9000 Halah jadi males lamain lagi",kecewa saya akun lama saya hilang padahal uid nya halah jadi malas lamain lagi,Negatif
Verixa,1,2025-10-29 09:14:52,Wuthering Waves,"game jelek pelit bansos, story ngantuk, powercreep per patch, event boring reward kikir, kalo kek gini mulu 3.0 ini game bakal EOS",game jelek pelit hadiah cerita ngantuk powercreep per pembaruan acara bosan hadiah pelit kalau seperti gini terus ini game akan eos,Negatif
Basklik,4,2025-10-29 07:45:20,Wuthering Waves,"gamenya sangat bagus dan memukau sekalu yh, when yh bisa punya semua karakternya, dan pelis jangan kikir event wok dan jangan lupa optimalisasi",gamenya sangat bagus dan memukau sekalu yh when yh bisa punya semua karakternya dan pelis jangan pelit acara wok dan jangan lupa optimalisasi,Positif
A.L.W.D,5,2025-10-29 06:13:56,Wuthering Waves,anjay,anjay,Positif
Fadil dil,5,2025-10-29 01:38:37,Wuthering Waves,keren 👏👍👍👍,keren tepuk tangan jempol ke atas jempol ke atas jempol ke atas,Positif
Aji Kusumayadi,5,2025-10-28 19:00:03,Wuthering Waves,TOLONG PERCEPAT UPDATE PATCH 2.8 NYAA KUROO,tolong percepat pembaruan pembaruan nyaa kuroo,Positif
Orang Biasa,5,2025-10-28 18:28:29,Wuthering Waves,Terima kasih dan semangat,terima kasih dan semangat,Positif
Nangelina,5,2025-10-28 15:46:42,Wuthering Waves,keren bngtttt pas singkron havoc kyk dark² gitu keren,keren bngtttt saat singkron havoc seperti dark² begitu keren,Positif
Saykal Wayan Akbar,5,2025-10-28 15:43:14,Wuthering Waves,bagus,bagus,Positif
Alfarezi Muhamad Baihaqi (Alll),5,2025-10-28 14:03:26,Wuthering Waves,sekali login dan gacha langsung dapat coyy,sekali masuk dan undian langsung dapat coyy,Positif
Zeta,5,2025-10-28 11:03:07,Wuthering Waves,manatapp,manatapp,Positif
Wortel GAMES,5,2025-10-28 10:58:28,Wuthering Waves,mantap,mantap,Positif
Dendika ip,5,2025-10-28 09:36:53,Wuthering Waves,"Game Paling Bagus buat game gacha saat ini..Terus Tingkatkan.Semoga kedepannya bakal ada bahasa Indonesianya , karena game ini bisa dikatakan cukup rame dimainkan di Indonesia.itu saja Terimakasih Developer Semoga saran ini didengarkan.Dan Sampai Jumpa di ulasan selanjutnya",game paling bagus buat game undian saat ini terus tingkatkan semoga kedepannya akan ada bahasa indonesianya karena game ini bisa dikatakan cukup rame dimainkan di indonesia itu saja terimakasih developer semoga saran ini didengarkan dan sampai jumpa di ulasan selanjutnya,Positif
Eizen _Gin,5,2025-10-28 08:56:58,Wuthering Waves,"Panjang""game baik developer kuro emang best 🔥😊🔥semoga makin sukses yg masih Ngelag coba pakek config auto smooth",panjang game baik developer kuro games memang terbaik api wajah tersenyum dengan mata bahagia api semoga makin sukses yang masih patah patah coba pakai config auto smooth,Positif
Forgetful Winds,5,2025-10-28 04:21:26,Wuthering Waves,game bagus sangat menyenangkan.. tolong tambah karakter cowoknya thanks,game bagus sangat menyenangkan tolong tambah karakter cowoknya terimakasih,Positif
Albara Mujahid Munib,4,2025-10-27 16:13:08,Wuthering Waves,tes game,tes game,Positif
Wahyu Prayitno,1,2025-10-27 14:44:39,Wuthering Waves,kenapa jadi begini framedrop parah banget,kenapa jadi begini framedrop parah sekali,Negatif
Zaruf,5,2025-10-27 12:52:20,Wuthering Waves,game nya bagus cuy,game nya bagus cuy,Positif
Ferdinand Atmaja,5,2025-10-27 12:14:12,Wuthering Waves,"game nya udah bagus dari story dan musik bagus banget malah pengen minta tambah satu lagi, pliss gachaku jangan ampas 🥲",game nya sudah bagus dari cerita dan musik bagus sekali malah ingin minta tambah satu lagi tolong gachaku jangan jelek wajah tersenyum dengan air mata,Positif
Suqron Al hakim,5,2025-10-27 08:37:32,Wuthering Waves,"Overall game nya udah bagus banget story nya, fight nya sampai puzzle pun juga asik. semoga bisa terus berkembang ya. ohh iya semoga cepat Collab ditunggu ya",overall game nya sudah bagus sekali cerita nya fight nya sampai puzzle pun juga asyik semoga bisa terus berkembang ya ohh iya semoga cepat collab ditunggu ya,Positif
Rizky Fadhilla,5,2025-10-27 07:54:48,Wuthering Waves,bagus,bagus,Positif
II Capitano,5,2025-10-27 06:37:43,Wuthering Waves,Game baik,game baik,Positif
AMIR HADI,1,2025-10-27 05:45:33,Wuthering Waves,"2.7 update terparah, patah"" frame",pembaruan terparah patah frame,Negatif
Santo Nico,5,2025-10-27 03:26:40,Wuthering Waves,tolong la untuk developer buatkan subtitle Indonesia nya sayang sekali ceritannya bagus tapi gak bisa di baca,tolong la untuk developer buatkan subtitle indonesia nya sayang sekali ceritannya bagus tapi tidak bisa di baca,Negatif
wahdan julian,4,2025-10-26 23:41:18,Wuthering Waves,bansos nyanbanyak ga kikir,hadiah nyanbanyak tidak pelit,Positif
Honey Moon,5,2025-10-26 22:51:21,Wuthering Waves,"game nya gachor bang solon, pokoknya bagus banget lah dari segi mana pun juga okay banget, tapi saya pribadi maaf uninstall dulu ya cape kalah rate off terus, masa udah kalah 4x berturut-turut di kasih menang sekali di kasih lagi kalah 3x berturut-turut lagi 😞 kalkulator dan bocil pink menghantui 😞 dah segitu aja makasih",game nya gachor kakak solon pokoknya bagus sekali lah dari segi mana pun juga okay sekali tapi aku pribadi maaf uninstall dulu ya kesal kalah rate mati terus masa sudah kalah x berturut turut di kasih menang sekali di kasih lagi kalah x berturut turut lagi wajah kecewa kalkulator dan bocil pink menghantui wajah kecewa sudah segitu saja terimakasih,Negatif
Bimo Anggawi Sadikin,2,2025-10-26 18:30:07,Wuthering Waves,pelit gacha.,pelit undian,Negatif
Firman Firdaus,5,2025-10-26 17:46:43,Wuthering Waves,keren pokonya,keren pokonya,Positif
RAγHAN,5,2025-10-26 17:24:01,Wuthering Waves,dear kuro...makasih udah bikin game sebagus ini 🥰,sayang kuro games terimakasih sudah membuat game sebagus ini wajah tersenyum dengan 3 hati,Positif
Bil Nab,5,2025-10-26 15:50:20,Wuthering Waves,kuro game tolong banget yah game wuthering wavesnya di optimalkan lagi untuk versi mobilenya karna untuk sekarang sebenernya udah mendingan tapi tetep aja kerasa crash dan lag nya mungkin karna size semakin lama semakin besar tapi overall sangat bagus dan love this game tapi cuman 1 tolong yah di optimalkan lagi biar tambah lancar lagi mainya🙏🔥,kuro games game tolong sekali yah game wuthering wavesnya di optimalkan lagi untuk versi mobilenya karena untuk sekarang sebenernya sudah mendingan tapi tetap saja kerasa tabrak dan patah patah nya mungkin karena ukuran semakin lama semakin besar tapi overall sangat bagus dan suka this game tapi cuma tolong yah di optimalkan lagi supaya tambah lancar lagi mainya melipat tangan api,Negatif
Deris Susanto,5,2025-10-26 15:41:05,Wuthering Waves,"Gamenya bagus banget, tapi lbh bagus lagi kalo ada bahasa indonesianya biar lbh faham sama storynya",gamenya bagus sekali tapi lebih bagus lagi kalau ada bahasa indonesianya supaya lebih paham sama storynya,Positif
Hazu Tempest,5,2025-10-26 15:38:20,Wuthering Waves,"Saya Yang baru bermain game ini cukup merasa pusing karena game ini cukup berat dan mengalami frame drop saya tau hp saya mungkin tidak kuat, tapi Terimakasih Sudah membuat game ini Saya akan mencoba tetap bermain walaupun hp saya mengalami frame drop yang cukup parah",aku yang baru bermain game ini cukup merasa pusing karena game ini cukup berat dan mengalami frame turun aku tau handphone aku mungkin tidak kuat tapi terimakasih sudah membuat game ini aku akan mencoba tetap bermain walaupun handphone aku mengalami frame turun yang cukup parah,Positif
Ezra Bilal,5,2025-10-26 12:28:29,Wuthering Waves,sangat baguss,sangat baguss,Positif
Ahmad Aufa,4,2025-10-26 12:13:35,Wuthering Waves,"bagus semuanya untuk sekedar game hp, no debat, hp kentang kayak saya? tetap tancap gas main, tapi kenapa b4 bukan b5, karena gak dapat cartethyia T_T",bagus semuanya untuk sekedar game handphone no debat handphone spesifikasi rendah seperti aku tetap tancap gas main tapi kenapa b bukan b karena tidak dapat cartethyia t t,Negatif
ꦫ꧀꧉ꦧꦸꦢꦶ ꦮꦶꦢꦶꦪꦤꦠꦺꦴ,1,2025-10-26 12:02:23,Wuthering Waves,"maaf saya hapus,karena tiba2 akun saya log out sendiri dan begitu coba masuk pakai akun yang biasa di gunakan,harus mulai dari awal,hilang semua pencapaian saya,terimakasih untuk pengalamannya,dan maaf karena saya tidak bisa lagi login dan menggunakan akun lama saya,game ini terpaksa saya hapus,terimakasih",maaf aku hapus karena tiba akun aku log keluar sendiri dan begitu coba masuk pakai akun yang biasa di gunakan harus mulai dari awal hilang semua pencapaian aku terimakasih untuk pengalamannya dan maaf karena aku tidak bisa lagi masuk dan menggunakan akun lama aku game ini terpaksa aku hapus terimakasih,Negatif
Shodiq .Q,5,2025-10-26 11:29:17,Wuthering Waves,puas,puas,Positif
Alghifari athallah,5,2025-10-26 10:40:11,Wuthering Waves,keren,keren,Positif
Angga Ameo,5,2025-10-26 10:31:49,Wuthering Waves,"game ini sangat terasa emosi nya, sangat cocok untuk dimainkan, dari alur beserta lainnya terasa hidup, sungguh game yang menakjubkan",game ini sangat terasa emosi nya sangat cocok untuk dimainkan dari alur beserta lainnya terasa hidup sungguh game yang menakjubkan,Positif
