Nama Pengguna,Rating,Tanggal,Ulasan,Game,Sentimen
Asfar Nafis,5,2026-02-22 10:13:46,bagus tapi tetap kikir,Wuthering Waves,Negatif
Gafan Gafan,5,2026-02-22 06:51:31,"saya mengalami bug pada saat login. ntah karena apa, padahal biasanya kalau login ancar jaya. tolong perbaiki🙏 reply: sekarang dah aman nih😹",Wuthering Waves,Positif
Novex Art,5,2026-02-22 06:25:23,Bjirrr,Wuthering Waves,Positif
Risqi Rofif,5,2026-02-22 05:36:12,kuroooo tolong kasih teks indo,Wuthering Waves,Negatif
Aoikuro,5,2026-02-22 00:54:55,PLISS RERUN CHANGLIIII KUROOOO,Wuthering Waves,Positif
Ridhwan Aqiilah,5,2026-02-21 23:55:46,mantap,Wuthering Waves,Positif
kurumi,5,2026-02-21 23:02:41,"tolong developer tambahkan versi lite atau settings grafik teringan ,dan kalau bisa filenya lebih di kompres karena terlalu besar ,dan semoga semakin ramah f2p",Wuthering Waves,Negatif
nena novitasari,4,2026-02-21 22:47:58,"game bagus, lahan roi masi jd region terberat, lag pdhl device bagus, kebanyakan char cewe, story bagus, memori berat nyentuh 62 gb",Wuthering Waves,Negatif
MM H'fizh,1,2026-02-21 22:15:33,"memory terlalu banyak, saya sarankan memperkecil efek",Wuthering Waves,Negatif
Abdul Azis Salim,5,2026-02-21 15:11:21,mantap,Wuthering Waves,Positif
zexa aldian,5,2026-02-21 14:53:38,niceee ooooo,Wuthering Waves,Positif
RISKI FITRIADI,3,2026-02-21 13:33:34,"tolong dong kuro sedia in bahasa indonesia, saya capek mau translate terus, saya suka sama storynya cuman saya gak mahir bebahasa inggris somoga kuro baca, tolong yaa kuroo🙏",Wuthering Waves,Negatif
Red Blue,5,2026-02-21 10:48:37,semuanya bagus dan masterpiece. paling tinggal di performa,Wuthering Waves,Positif
enrico sdp,5,2026-02-21 10:35:17,gokil,Wuthering Waves,Positif
Kenzen Revano gunawan,5,2026-02-21 08:18:18,Gacha wangi tidak kikir (Walau sering kalah Rate off) 😋,Wuthering Waves,Positif
Ian Yusryadi,5,2026-02-21 07:36:58,tolong subtitle bahasa Indonesia di tambah dong. capek main bahasa English nya harus translate terus,Wuthering Waves,Negatif
Andraya Putra,5,2026-02-21 06:31:42,bagus tapi hp gua gak kuat,Wuthering Waves,Negatif
Angregou,1,2026-02-21 06:22:54,"makin berat aja sumpah,main game genshin aja bisa tuh rata kanan 60 fps ini wuwa saking beratnya hpku ngelag gabisa dimainin ga nyaman beneran dah,,mohon diperbaiki agar ga ngelag fps nyah",Wuthering Waves,Negatif
Khuza Pku,5,2026-02-21 05:25:47,"salah satu game RPG terbaik yang pernah saya mainkan, terus kan Kuro, jangan berhenti memasak 🔥🔥",Wuthering Waves,Positif
Hamidi Sj,5,2026-02-21 05:01:18,kerennnnnnnnnn,Wuthering Waves,Positif
Dell,5,2026-02-21 04:01:10,seruu,Wuthering Waves,Positif
Faiz Jepara,3,2026-02-21 03:37:23,"Jujur game wuwa ini adalah game sangat saya sukai tapi ada beberapa hal yang membuat saya kecewa: 1. Masalah penyimpanan, Penyimpanan game ini sudah sangat bengkak sampai 50 GB dulu saya sempat main dan filenya hanya 20 GB, Untuk device low-mid yang ruang penyimpanan nya 128 GB ini sudah terlalu besar. 2. Masalah optimisasi, Mungkin karena unreal engine membuat game ini sangat berat, game ini terlalu berat untuk device low-mid fps sering drop, saya menyarankan untuk melakukan optimasi lagi.",Wuthering Waves,Negatif
Rafa Suryaarafa,5,2026-02-21 02:57:34,"gak ada subtitle Indonesia, jika ada aku bisa memahami si ceritany",Wuthering Waves,Negatif
Dimas Arya,5,2026-02-21 02:07:19,"First impression main wuwa di 2026. Suka building ceritanya, Dev nya generous kasih gacha gratis, kalo event ingame gw blm bisa review karna masih garap main sama side quest dlu aja. Mekanik gk rumit banyak waifu juga. Design ciwi ciwinya dari outfit, karakter, voice over, top notch dah 😍. Yang yang punyaku 😋 Main di redmi note 15 pro masih oke lah rata kiri, blm pernah drop pas battle paling pas render open worldnya sama pas baru login.",Wuthering Waves,Positif
Arya renata,5,2026-02-21 01:30:13,aku berharap kalu update selanjutnya tidak ada event kartu bosen soalnya,Wuthering Waves,Negatif
Ajis Aryanto,5,2026-02-20 21:36:29,bagus anjay,Wuthering Waves,Positif
Alfiansyah Rizky P,5,2026-02-20 21:23:12,asik kali rek walau HP panas,Wuthering Waves,Negatif
Evan Evan,4,2026-02-20 16:02:11,harusnya sih bisa bintang 5 tapi aku punya keluhan di gamenya tolong optimalisasi jangan trus trusan meng optimalkan gempalaynya ini game bagus tapi tiap updet makin berat serius ni gua KURO,Wuthering Waves,Negatif
Nubia Max,5,2026-02-20 14:29:47,keren game nya cocok juga di hpku hikhikhik...,Wuthering Waves,Positif
Fatih Abdullah,5,2026-02-20 13:54:16,tolong berikan gitu hapus data misi lama biar gak berat berat amat,Wuthering Waves,Negatif
Rasya Cy,1,2026-02-20 12:10:39,"kecewa dengan game ini.karna saya terpaksa pensi karna ukuran game yang jujur ini paling besar yang ada di ponsel saya , saya berharap game ini bisa di optimalkan dari size datanya.",Wuthering Waves,Negatif
Narendra,3,2026-02-20 12:09:47,"Performa game ini sangat kurang, saran saya berikan opsi bagi pemain yang tidak mempunyai device yang memadai untuk menonaktifkan animasi-animasi yang tidak diperlukan, seperti animasi resonator di menu ganti team. Gameplay udah bagus, f2p friendly-ness juga udah oke, saya bermain sebagai f2p setahun masih bisa menyelesaikan mode-mode endgame. Tapi akhir akhir ini perfoma gamenya yang menurun drastis membuat saya kesulitan bahkan tidak bisa untuk menyelesaikan mode-mode endgame.",Wuthering Waves,Negatif
Ikbal Junior,5,2026-02-20 10:52:47,game ya bagus banget tapi tolong buatkan wuthering waves cloud untuk untuk hp yang device ya 🥔,Wuthering Waves,Positif
Master Official,1,2026-02-20 08:38:02,"tolong dioptimalkan lagi, sekarang gamenya terlalu berat",Wuthering Waves,Negatif
aiyam,1,2026-02-20 07:43:29,"setelah update lahai-roi optimisasi untuk mobile sangat buruk, force close dan lag parah. padahal sebelum update lahai-roi lancar saja. saya pikir ini tidak berhubungan dengan device, karena saat saya mengunjungi region lain seperti septimont, permainan berlangsung lancar, tidak seperti di lahai-roi. mohon di pertimbangkan optimisasi yang lebih baik.",Wuthering Waves,Negatif
Elsa Esteria,1,2026-02-20 07:00:55,"kecewa ke game ini sekarang dah penyimpanan makin gede, ASTERIT makin dikit dapetnya,punya banyak chat 5 tapi event makin susah kaya percuma karena metanya harus pake chat baru terus,raptune atau apalah ngehambat pertarungan dan di Map baru tuh Motor tuh kurang guna yaa kalau banyak tebing tinggi walau ada jalan yaa NGOTAK dikit lah kalau bikin map,dan rate of terus lah Asen dah ni game,dulu game baik sekarang jadi busuk karena game itu sendiri",Wuthering Waves,Negatif
ahmad rajib,3,2026-02-20 06:44:48,"wuthering bug, banyak bug",Wuthering Waves,Negatif
Yuli Nicha,2,2026-02-20 06:22:36,"game ini bagus. aku cuman punya banyak masalah sama storagenya. and grafisnya, udh mentok semuanya ke kiri masih patah-patah. tapi storynya bagus sih, aku punya feedback utk storynya, jangan bikin semua karakter fokus ke si Rover. dan juga lebih baik nge-feature karakter dari misi lalu deh, jadi supaya kita bisa lihat karakter-karakter lain, oh iya, itu eventnya agak dikit,.mungkin bisa nambahin atau bikin event baru yang interaktif?",Wuthering Waves,Negatif
Lucian,3,2026-02-20 05:37:39,butuh bahasa Indonesia,Wuthering Waves,Negatif
Labibun Labib,1,2026-02-20 05:32:35,kalah 50/50 tok,Wuthering Waves,Negatif
Balungtutul,1,2026-02-20 03:56:43,cara longi ke gamenya susah banget harus dowload datanya tapi masi gk bisa bisa tolong jangan di persulit longinya,Wuthering Waves,Negatif
Jibran Zakky,5,2026-02-20 02:26:13,bagus pokoknya grafiknya bagus tapi ceritanya lumayan tapi gamenya nggak kikir enggak kayak di sebelah dicicil,Wuthering Waves,Positif
Laswardi Nasution,1,2026-02-20 02:22:02,"Game nya bagus sekali. Tapi kenapa ngelag banget? Patah patah seperti game berat banget padahal jaringan lancar. Genshin impact aja datanya sampai 20gb lebih bisa lancar, ini kok wuthering waves cuma 10gb-an serasa berat banget. Bintang 3 aja dulu kalo udah diperbaiki nanti naik lagi #saya kurangi jadi bintang 1 soalnya akun saya ngulang dari awal karna gk dimain",Wuthering Waves,Negatif
Satrio Budi utomo,3,2026-02-19 21:03:26,"tolonglah Kuro untuk size game nya agak di kecilin jadi 30 - 40 GB aja, untuk di hp aja sekarang udah 60 GB mantap emang 🗿🗿🗿👍",Wuthering Waves,Negatif
N T Revaldo,1,2026-02-19 19:32:35,"Pelit judi 40 kalik tidak dpt heros b5,buruk in gme tutup az nih game,akun lah saya hapus permanen",Wuthering Waves,Negatif
Thariq Dandra Aulia,5,2026-02-19 17:55:35,"saya suka dengan game ini karena storynya lumayan menarik, dan bansosnya bagus, semangat terus dalam mengembangkan Wuthering waves",Wuthering Waves,Positif
Habib Al zighry,5,2026-02-19 17:15:09,ga jadi gw kasi rating 1 gegara aemeath balik.ntaran kalau sign nya gak balik kita rating 3😁,Wuthering Waves,Negatif
Richi Maulana,5,2026-02-19 13:55:19,hd bnget cu,Wuthering Waves,Positif
BOCIL PLASTIK,3,2026-02-19 13:18:44,wala weapon shorekeeper nya malah hardpity,Wuthering Waves,Negatif
Araster Blaze,5,2026-02-19 13:17:03,awalnya tertarik karena banyak yang muji story 3.1 dan nyoba install. Untuk Story awal jujur saja sangat membosankan namun semakin kesini storynya semakin bagus jadi gak nyesal install ini game apalagi sistem combatnya sangat satisfying banget dan explorenya pun sangat rewarding.,Wuthering Waves,Positif
Maulana MI,5,2026-02-19 12:35:57,"ni gua kasi bintang 5 lagi, adain bahasa Indonesia wooy",Wuthering Waves,Negatif
Devlin Chamberlin,5,2026-02-19 12:28:15,gamenya seru,Wuthering Waves,Positif
Nyxima,3,2026-02-19 11:02:18,optimalisasi nya kurang,Wuthering Waves,Negatif
Murfimo Siregar,1,2026-02-19 10:57:09,Kecewa Sama Kuro Games Skrng udah Sementara Update Di patch 3.1 Gw Sering Force Close Gara gara ngerjain Quest Padahal Lagi Enak Enak Ngerjain Quest Nya eh malah force Close Pas Dibagian cuy Scene Padahal Waktu dibanner 2.8 sama 3.0 Gak pernah terjadi sebelumnya tolong lah wuwa Di optimal kan lagi game nya Dari kmrin Kek gini Mulu Loh Padahal Dlu Kuro Developer Cepat Menanggapi Masalah skrg kok Udh jarang Apa Karna Udh Rame Yang Mainin jadi seleb🥹,Wuthering Waves,Negatif
Zakaria,1,2026-02-19 10:54:19,Nice game,Wuthering Waves,Negatif
Raditya Mahesa,5,2026-02-19 09:55:48,game apa ini... bagus kali lah,Wuthering Waves,Positif
Altair Ryu,1,2026-02-19 09:28:24,gak bisa download di latar belakang jadi harus nunggu di dalam game selama berjam jam,Wuthering Waves,Negatif
Netizen 5,5,2026-02-19 09:21:10,Size gilaaak sih tapi baguss banget,Wuthering Waves,Positif
BUDIANNOR,5,2026-02-19 08:15:30,"kuro game please Optimalisasi gamenya sudah berat sekali di versi 3.1 walaupun dari segi Visual dan grafik gamenya sangat luar biasa tapi di seimbangin juga optimalisasinya biar Device tidak Menjerit, sejauh ini sudah banyak di korbankan untuk mengejar visual dan grafik yang memukau tapi size terlalu besar dan gamenya tambah berat di jalankan.",Wuthering Waves,Negatif
Abdul Fakih,1,2026-02-19 07:24:23,"tolong kuro, optimalisasi jaringan dan size game nya",Wuthering Waves,Negatif
Arkann,3,2026-02-19 06:39:09,add indonesian language plese😞🙏,Wuthering Waves,Negatif
Bagus Widiasno,1,2026-02-19 06:21:57,"optimalisasi game kurang efektif, gacha nya juga selalu kalah rate off. 3 banner character beruntun selalu kalah",Wuthering Waves,Negatif
SIGMA,5,2026-02-19 05:23:53,"aku menyukai game ini, walaupun game ini tidak menyukaiku",Wuthering Waves,Positif
Sinyoz,5,2026-02-19 05:16:58,game bagus👍,Wuthering Waves,Positif
Qalbi,5,2026-02-19 04:15:41,saya hoki terima kasih,Wuthering Waves,Positif
Sistem 7,1,2026-02-19 04:09:38,"tiap update gede Mulu size-nya,jadi bikin males ngeupdatenya. Performanya juga kadang bagus kadang jelek sehabis update. dan yang paling bikin jengkel itu butuh memori 50+ GB kosong baru bisa memulai download update",Wuthering Waves,Negatif
Samsam,5,2026-02-19 03:00:22,maaf saya player baru aku ingin game ini memiliki bahasa Indonesia agar org yang berada di indonesia bisa paham akan jalan cerita nya maaf ya permintaan ku cukup merepotkan tapi kalau tidak ada bahasa Indonesia juga tidak apa apa yang penting saya main,Wuthering Waves,Negatif
Azka Ramadhani,1,2026-02-19 00:38:13,"tolong optimalin sinyal servernya ngelag mulu, sama ngaframe,woi tolonglah optimalin perfomanya gak maksimal gw main bg sat ngasih stat yg bener lah capek gua ajg",Wuthering Waves,Negatif
Ahmad Marsehan,5,2026-02-18 22:00:38,terbaik,Wuthering Waves,Positif
S “_Devils5Night_” F,2,2026-02-18 19:07:16,semenjak Update Sering frame & bug Visual & Size nya tolong di perkecil ke 30-35gb atau Tambahan Fitur hapus Resource yg tidak di gunakan Pemain. optimalisasi nya tolong lah di perbagus 😑. walau saya Menggunakan Chipset Snapdragon Seri 8 tapi semenjak update 3.0 optimalisasi buruk + suka Forclose,Wuthering Waves,Negatif
Adi Nisa,1,2026-02-18 15:30:36,"awalnya lancar di Xiaomi pad 7 setting rata kanan pun masih mulus, semenjak update map baru langsung frame drop parah sampai nge-freeze meskipun di setting rata kiri... hmmm... sepertinya sampai disini dulu, map terbaru entah terlalu besar apa belum stabil i don't know... makin ga ""mid range"" friendly...",Wuthering Waves,Negatif
Kuru Karu,5,2026-02-18 14:38:45,tolong untuk developer untuk data game wuwa agar di kecilkan karena hp yang mem 64 tidak dapat mengunduh data tolong di adjust data nya agar hp uang memorinya sedikit dapat memainkan nya👍🏿,Wuthering Waves,Negatif
"Muhamad Aji Wisnu Nugroho, 24",1,2026-02-18 13:16:19,buggy,Wuthering Waves,Negatif
박에스더,4,2026-02-18 12:05:59,sebenernya sudah bgus ini game cuman ada di beberapa map kadang ping tiba tiba merah frame drop di hp padahal hp gw spek 8gen5,Wuthering Waves,Negatif
Cahyo purnomo,1,2026-02-18 11:39:05,"untuk handphone sekelas spek high end snapdragon 8s gen 4 punyaku tidak bisa optimal memainkan game ini di 60 fps, apalagi setelah update 3.0 semua bertambah buruk. ku harap developer bisa mengoptimalkan gamenya khususnya untuk smartphone karena banyak yang mengeluh tentang optimasi yang jelek. apalagi di bandingkan dengan genshin impact, optimasi genshin impcat terbilang lebih baik dibanding wutherir waves",Wuthering Waves,Negatif
Kaysan Vadindra,5,2026-02-18 11:22:27,BAGUS BANGET HD,Wuthering Waves,Positif
Yeon mlbb,5,2026-02-18 10:36:38,keren,Wuthering Waves,Positif
Miura,4,2026-02-18 10:30:04,"Tolong dong kalo mau predownload itu kok file nya ke double sih,jadi harus hapus terus dowload ulang biar cukup. Tolong ya jangan double file update nya",Wuthering Waves,Negatif
Nayla Apriliana,3,2026-02-18 10:02:00,"tolong untuk handphone berikan rekomendasi setting yang sesuai, saat main cukup terganggu dengan lag dan bug yang ada. juga game sudah berjalan 2 tahun, tambahkan fitur bahasa yang lain seperti Indonesia.",Wuthering Waves,Negatif
Nifira Gmg,5,2026-02-18 09:48:59,"saya harap ada film/ anime adaptasi dari game ini, karena saya sangat suka jalan ceritanya dan scene fightnya.",Wuthering Waves,Negatif
Bara Baro,3,2026-02-18 08:08:09,"game gj, masa udah tim prem + rotasi bener malah ga nge crit",Wuthering Waves,Negatif
Syaen.,4,2026-02-18 06:31:11,semoga bisa hapus data yang tidak terpakai/quest yang sudah dijalankan,Wuthering Waves,Negatif
Shyntia Primasari,4,2026-02-18 01:40:02,Bagus!,Wuthering Waves,Positif
Taufan Hermawan,5,2026-02-17 23:40:31,ok,Wuthering Waves,Positif
M. ikhya Ghozali,5,2026-02-17 20:08:37,"Bagus bgt si cmn masih ga stabil. Drop fps, Reconnecting, segera update dan perbaiki bugnya 😮‍💨",Wuthering Waves,Negatif
Rial Lamsyah,5,2026-02-17 17:31:17,game bagus,Wuthering Waves,Positif
Ad'hafin Angger,5,2026-02-17 16:05:12,"bagus gamenya, aku suka",Wuthering Waves,Positif
Ppp Pppphh,2,2026-02-17 14:25:07,map lahai roi berat bet gw naga 8 gen 2 Ampe crash,Wuthering Waves,Negatif
ARIF TAUFIQUR R,5,2026-02-17 14:01:29,"woilah optimalisasi nya lah wok,apalagi pas di map Lahai roi gerak dikit stuttering gaje.Di map lain biasa aja,intinya optimalisasi harus di utamakan..Jgn tiap update tu rumput di generate jadi 4k bisa goyang jir, emg dikira gw ga pernah megang rumput jir di rl",Wuthering Waves,Negatif
Gusti Rangga Mahesa,3,2026-02-17 13:59:51,"gamenya bagus cuma kekurangannya ga ada bahasa indonesia,tolong tambahin ya,KLO udah di tambah saya download nanti",Wuthering Waves,Negatif
Webels,1,2026-02-17 13:25:30,"sumpah padahal ni game bagus banget, tapi bugnya sumpah ganggu banget setiap mau login di suruh download 2gb terus (padahal gw udah full download semua datanya) udah 3 kali hari ini setiap habis istirahat dan saat mau lanjut grind malah di suruh download 2gb terus.. mungkin sekali okelah ya lah ini dah 3 kali bre gw juga ga tau apaan itu yang di download. udah mana setiap 2 gb itu masuk ke memori terus sialan",Wuthering Waves,Negatif
Ilham Prasetyo,5,2026-02-17 13:18:41,"Bagusss, tapi dilaptop",Wuthering Waves,Positif
Eren Ramadhani,1,2026-02-17 12:54:05,"gila update terbaru 3.1 sampai 60 an gb size nya. mikir koro, player mobile lebih banyak. auto hapus game, kembali ke game sebelah. GENS,,,,,,, N",Wuthering Waves,Negatif
Naruto Uzumaki,1,2026-02-17 12:51:27,astaga developer kenapa gamenya jadi lag dan stuttering dulu tidak seperti itu astaga saya jadi gak nyaman mainnya jadi saya uninstall mohon untuk diperbaiki untuk menjadi ringan lagi seperti dahulu🥹🙏,Wuthering Waves,Negatif
M.Hafizh Khairi Iqbal,5,2026-02-17 12:40:04,hoki parah coy,Wuthering Waves,Positif
Vegi Perdiansyah,3,2026-02-17 12:21:59,Tambahin bahasa Indonesia please min,Wuthering Waves,Negatif
Lucid Drill,5,2026-02-17 12:00:20,geloooo storynya ngalir banget cuy,Wuthering Waves,Positif
Hiro,5,2026-02-17 11:46:43,"bagus si, tapi hp hampir engga kuat",Wuthering Waves,Negatif
haniaa,5,2026-02-17 07:33:42,"jujur, dari segi grafik, gameplay, animasi, semuanya udah baguss. Tapi menurutku design charnya terlalu simple 😓 storynya jujur rada kurang juga buat aku, male char nya juga dikit kebanyakan female. Dan buat device yang bisa main juga terbatas banget, aku pake R5 aja nge lagg parah gabisa Smooth. Disini juga aku ga pernah menang rate off... selalu kalah 😓",Wuthering Waves,Negatif
Dr. Axiom,2,2026-02-17 06:48:05,kekurangan nya hanya ada di Optimalisasi nya sama story nya yang terlalu love bait,Wuthering Waves,Negatif
papale papale,1,2026-02-17 04:44:22,"Ga ada sub indo, tampilan sedikit blur, dan yg paling penting patah"", padahal main genshin lancar settingan tinggi 60fps, ini game medium aja patah"", dan itu sangat mengganggu kenyamanan",Wuthering Waves,Negatif
Fikri Muhammad Hidayatullah,5,2026-02-17 03:25:02,lopyu kuro developer dermawan😘,Wuthering Waves,Positif
Qory Fayza,4,2026-02-17 02:19:54,gbnya gede bgt,Wuthering Waves,Negatif
ello anomali,5,2026-02-17 01:53:20,game nya udah bagus banget tapi plsss size nya kurangin😭,Wuthering Waves,Negatif
Dafa Wisnu Saputra,3,2026-02-17 00:44:58,"kapan ada fitur hapus data lama, Size udh gak ngotak masa ga ada fitur hapus data jujur Udah Enjoy Ama Game Nya Cuman Masalah di size nya Aja Yang terlalu Over",Wuthering Waves,Negatif
Akif Fatih,5,2026-02-17 00:26:58,"bagus dari segi grafik nya, cuman masih ada bug nya mohon di perbaiki ya",Wuthering Waves,Negatif
Risman andi,5,2026-02-16 23:10:47,baik semoga lancar,Wuthering Waves,Positif
Strato Mafiz,5,2026-02-16 20:36:37,game yang bagus,Wuthering Waves,Positif
Abdullah Ahmad hasan,4,2026-02-16 17:57:44,bagus sekali,Wuthering Waves,Positif
aqil spk,3,2026-02-16 15:47:39,"3.1 optimalisasi sangat berat untuk mobile ,frame drop parah, bahkan di setting low,btw saya pakai chipset snapdragon 7 gen3,padahal huanglong sangat mantap optimalisasi nya.",Wuthering Waves,Negatif
G. Wannatabe,2,2026-02-16 14:44:06,"size terlalu besar,tampaknya kurang dioptimalisasi",Wuthering Waves,Negatif
Valen Bkl,5,2026-02-16 12:58:14,"bagus bgt ga game nya, tapi sayang grafiknya gak bisa bagus di HP kentang saya",Wuthering Waves,Negatif
Hilwa Putri sinaga,5,2026-02-16 12:33:05,"Bagus banget, semangat untuk update game ini. Pokokny kalau game ini di update bikin yg hebat, seru, gk bikin bosen, dan animasiny bikin paling woooow😁😆🤩. Semangat min dan yg lainnya yg buat game ini mainin bagus😄👍",Wuthering Waves,Positif
Bang Fer,3,2026-02-16 12:17:21,Kapan Ada subtitle Indonesia nya?,Wuthering Waves,Negatif
OscAr,5,2026-02-16 10:43:02,terlalu baik,Wuthering Waves,Positif
Haikal Apriandana,3,2026-02-16 10:03:39,"Dear Kuro. Why do controllers always have bugs after updates? This is very annoying, so please pay more attention to controller bug issues. Thank you.",Wuthering Waves,Negatif
MUHAMMAD IKHSAN,2,2026-02-16 09:26:43,storage lumayan bengkak dengan optimalisasi yang aga kurang? beberapa kali saya coba dengan berbagai setingan grafik masih tetap terjadi frame drop/stattering walau sudah menggunakan frame gen dan vulkan rendering saya harap Kuro bisa berbenah dalam hal ini karna perfoma merupakan suata hal penting dalam video game terutama untuk menyenangkan para player,Wuthering Waves,Negatif
Sul Voldigoad,5,2026-02-16 09:17:18,game gacha terbaik,Wuthering Waves,Positif
Kagayuro Kazamu,5,2026-02-16 08:35:40,"game bagus tapi kalau bisa ruang penyimpanannya jangan bengkak, dan ramah spek, karena menurut saya infinix harusnya bisa ngangkat, namun ini agak ngelag2",Wuthering Waves,Negatif
Fathir Nur putra,1,2026-02-16 08:00:36,Data terlalu besar setiap kali update,Wuthering Waves,Negatif
Tommy Dimyati,3,2026-02-16 06:32:51,"gamenya bagus, sayang manejemen nya agak gila, eror bug dimana-mana, Size nya membengkak karna manejemen filenya payah, Optimalisasi nya makin buruk, kalo dibiarin mah orang maen game bukannya healing malah jadi males kalo eror Mulu.",Wuthering Waves,Negatif
Afif Murtaza,5,2026-02-16 06:29:51,"game terbaik selama ini, developer selalu memerhatikan dan melibatkan playernya. salut sama developernya. keren keren",Wuthering Waves,Positif
Arga J.a,5,2026-02-16 06:10:39,kerennn,Wuthering Waves,Positif
Ayatuha Alfath,2,2026-02-16 06:10:29,gamenya bagus tapi terlalu berat dari segi data dan game play. jadi saya berharap agar update selanjutnya menjadi lebih ringan,Wuthering Waves,Positif
Fairhaven.,5,2026-02-16 04:54:11,"Honestly, I really like this game, both the battles, the animations, and the characters. And I have already downloaded everything totaling 50GB, then when there's an update, it requires downloading another 20GB? Come on, how much storage is this game going to take, Kuro. I'm sure players out there feel the same frustration.",Wuthering Waves,Negatif
yura,2,2026-02-16 04:05:03,"optimalisasi kurang, saya kasih bintang 2 dulu",Wuthering Waves,Negatif
Dimas Renata (Raphael Renata),5,2026-02-16 03:35:04,"permisih ,aku mau bilang soal sinyal pingnya yang selalu jelek di sekitar kuning atau merah padahal di versi sebelumnya bisa aman di hijau ,di game lain juga aman saja pingnya ,mungkin itu saja",Wuthering Waves,Negatif
Lucio berek,2,2026-02-16 03:02:30,Terlalu berat,Wuthering Waves,Negatif
Amel LiA,5,2026-02-16 01:31:24,game sudah bagus tpi buat hp memori 125g sangat berat ..tolong memikirkan size iya buat davis low.. tidak semua orng mampu beli davis bagus.. 🙏sekarng tatangan game ini cuma di davis pemain udah getu saja..,Wuthering Waves,Negatif
Mmmy Agus,5,2026-02-16 01:07:52,pokonya sangkat bagusnya..,Wuthering Waves,Positif
Artha Lg,5,2026-02-15 20:08:45,asik,Wuthering Waves,Positif
Mahfud ari m,5,2026-02-15 18:39:37,"semenjak update 1.1 game nya menjadi lebih berat, banyak masalah bermunculan 1/1..",Wuthering Waves,Negatif
Aryadi Arjuna Senjaya,5,2026-02-15 17:42:30,ya boleh lah Hp xiomi 14T pro ram 24 storge 512GB dan download an nya 50 GB lebih ni game aanjjiieerrr,Wuthering Waves,Positif
Dimas Eko,5,2026-02-15 15:36:10,best,Wuthering Waves,Positif
Angelina Gracia,4,2026-02-15 13:35:37,"saya menemukan sedikit bug,saat saya sudah menyelesaikan misi kok malah tidak selesai saya sedikit tidak suka dengan ini.",Wuthering Waves,Negatif
Talita Sakilah rekha,4,2026-02-15 12:42:17,bagus.. aku suka grafik nya.. dan unik. meskipun agak ngelag,Wuthering Waves,Positif
Ahmad Reysa Fr,4,2026-02-15 12:26:55,"Saran, untuk map lahai-roi bagian kota masih perlu optimalisasi karena kadang fps anjlok di kota bagian tertentu",Wuthering Waves,Negatif
Adhi Saputro,5,2026-02-15 12:01:53,"game nya keren, grafis oke, cuman tolong tambahin bahasa Indonesia di update selanjutnya biar kami para pemain dari indonesia paham dengan alur ceritanya, karena tidak semua pemain dari indonesia bisa bahasa inggris dan bahasa lain",Wuthering Waves,Negatif
zhulkhah 74,5,2026-02-15 11:47:46,bagus bet,Wuthering Waves,Positif
Kangmas Irvan,5,2026-02-15 10:44:27,"untuk dev.. saya undur diri dulu,,saya uninstall apk dan pensiun sebagai player wuwa karna device saya sudah tidak mampu dengan storage nya...kesan saya sangat baik tentang game ini dan saya sangat suka..tapi sepertinya sampai sini dulu perjalanan kita...sukses terus game terfavorit dan tersayang 🥹🥹🥹",Wuthering Waves,Negatif
Zora Ai,5,2026-02-15 10:29:15,aku suka anime,Wuthering Waves,Positif
bebek bekicot,3,2026-02-15 09:10:49,"data geme nya itu loh,banyak bangetttt",Wuthering Waves,Negatif
Ilham wilya putra,5,2026-02-15 08:41:41,lancar,Wuthering Waves,Positif
Frx T,1,2026-02-15 08:16:12,"gamenya saya hapus, karna ketika update storage yg dibutuhkan tidak dikurangi size game saat ini. sehingga saya perlu menghapus terlalu banyak file. misal storage dibutuhkan saat update adalah 60GB, dan size game adalah 34GB, size game saat ini tidak dimasukkan ke 60GB tersebut, jadi saya tetap harus mengosongkan 60GB, bukan 26GB. ini saya anggap kesombongan developer.",Wuthering Waves,Negatif
z.channel,5,2026-02-15 07:43:01,"Halo Kuro Games, saya ingin bertanya mengenai pembaruan terbaru. Mengapa saya harus menyediakan ruang penyimpanan sekitar ±63 GB (total setelah update), padahal ukuran unduhannya hanya ±21 GB? Saat ini saya sudah menyiapkan ruang sebesar 25 GB, namun tetap tidak bisa melakukan update. Mohon bantuannya atau perbaikannya agar saya tidak tertinggal event-event menarik kalian.",Wuthering Waves,Negatif
Ardy Ware,5,2026-02-15 07:04:00,mantep,Wuthering Waves,Positif
Ahsan N Rohman,5,2026-02-15 05:56:36,udah download 47 GB update 19 GB free space perlu 60 GB pensi aja gua lah,Wuthering Waves,Negatif
Celemotan Api,5,2026-02-15 05:56:22,mantap,Wuthering Waves,Positif
Seeha,1,2026-02-15 04:03:01,Game Jelek,Wuthering Waves,Negatif
Faatih Ramazkha,5,2026-02-15 03:24:32,"lore nya makin menarik, world building nya juga keren",Wuthering Waves,Positif
Dariel Calisto,5,2026-02-15 03:22:27,keren,Wuthering Waves,Positif
Animation “Ilyas”,2,2026-02-15 01:08:51,"developer aku plis tolong perbaiki loading screen nya,saya ingin memainkan game ini tapi malah muncul tulisan notice🥺,aku mohon bug screen nya tolong di perbaiki",Wuthering Waves,Negatif
Daril Ml,1,2026-02-15 01:08:45,tolong optimalisasi game nya GK semua orang punya device high end pasti kebanyakan orang device nya entry level pengen bermain game ini juga tolong dengarkan pendapat pemain saya hanya butuh game untuk di optimalisasi kan agar device entry level bisa bermain juga,Wuthering Waves,Negatif
Rico March Everest,3,2026-02-14 22:48:43,"Kok aku gak bisa log in ini, aplikasi nya tdk menanggapi",Wuthering Waves,Negatif
Akhdan Aufa,5,2026-02-14 20:06:38,"keren grafik nya, optimistisasi nya",Wuthering Waves,Positif
Fin Res,1,2026-02-14 19:49:14,makin males main Keluar sendiri mulu mending uninstall aja kaya gini mah padahal sinyal bagus ruangan/ram masih banyak tetep aja Keluar makin kesini makin kecewa,Wuthering Waves,Negatif
Nur Hasan,3,2026-02-14 19:30:00,udh ku hapus gms ni karnah gk maen lg karnah udh kikir pelit trus dapat yg ampas pulak mang btul dah nampak kikir nya awal doang dapat yg bagus2,Wuthering Waves,Negatif
S i n o x,4,2026-02-14 19:06:42,"mohon optimasi lagi rendering nya sering mengalami glicth mendadak dan fps yang sering drop terutama kawasan lahai roi ,saran saya untuk NPC bisa diatur untuk voice dan dialogue bubbles nya dimatikan atau dihidupkan meringankan kinerja ,dan kalau bisa perbanyak sedikit resource karna untuk patch sekarang terlalu banyak Hal untuk di explore tapi yang didapatkan tidak sepadan bahkan sangat kurang mohon beri tambahan atau percepat waktu waveplate untuk perhari nya",Wuthering Waves,Negatif
Whisnu Senpai,5,2026-02-14 13:44:07,👍,Wuthering Waves,Positif
Ali Mustofa,5,2026-02-14 13:12:25,tolong kalau bisa di tambahkan bahasa Indonesia sekian terima kasih,Wuthering Waves,Negatif
Aditya Reva,1,2026-02-14 13:06:27,"size terlalu besar untuk pengguna Android, tolong di optimalkan lagi",Wuthering Waves,Negatif
MUHAMMAD REZA ARMANDA,5,2026-02-14 10:24:06,bagus ada cartetya dan zero two wuwa version,Wuthering Waves,Positif
Yukina Zi,4,2026-02-14 09:38:13,"tbh hp 256gb gua udah gabisa update wuwa lagi anjir, di kompres lagi napa si datanya",Wuthering Waves,Negatif
Keii Keii,5,2026-02-14 06:08:37,puas,Wuthering Waves,Positif
Zero,5,2026-02-14 05:59:01,Story nya absolute Cinema Tapi tolong Untuk Optimasi nya di Perbaiki,Wuthering Waves,Negatif
Moch Adam firdaus,4,2026-02-14 01:48:18,gak ada bahasa Indonesia,Wuthering Waves,Negatif
Febrian Matthew,5,2026-02-13 20:57:28,WELL WELL WELL OVERALL UDH BAGUS BANYAKIN LAGI PEAK STORYNYA BANG KURO 😁,Wuthering Waves,Positif
Vann Dxd,1,2026-02-13 20:30:06,"fanservice noh lu kurangin, bete gw fanservice mulu yang ditonjolin, giliran optimalisasi kayak pura pura ga liat",Wuthering Waves,Negatif
BEBEKSAKIT X,5,2026-02-13 19:40:54,"Game bagus, effort tinggi, animasi bagus, visual bagus, build karakter mudah, overall recommended",Wuthering Waves,Positif
Erwin Saputra,5,2026-02-13 18:11:00,luar biasa keren grafiknya ngk bosan skilnya dan character nya,Wuthering Waves,Positif
Rey,5,2026-02-13 17:56:46,pliss kalo bisa tambahin b. Indonesia gamenya udah bagus tapi kekurangan itu,Wuthering Waves,Negatif
camink onlyone,1,2026-02-13 17:26:27,"Sorry for giving one star, because I am disappointed every time I switch accounts it always asks for an update, please fix it immediately.",Wuthering Waves,Negatif
SINCE Miyo,1,2026-02-13 17:21:43,"apa cuman aku aja yg merasa game ny akhir akhir ini event sedikit kasih buat f2p ya ,bukan cuman itu developer lebih nyari untung sekarang buat player TU di awal main top up ke bantu support seperti camelia.shoreekeper,cerita ny juga jadi ngk menarik sih MC (Rover) ,sih MC ini di buat seolah olah polos bgt ,udh gitu sih MC ini suka bgt numbalin temen buat ke baikan dia sendiri tapi dengan dahli kebaikan orang banyak contoh,(phrolova,Camelia,Cartethyia dan sekarang amtyh) besok next up siapa lagi",Wuthering Waves,Negatif
Yoga Vebryan,5,2026-02-13 15:04:24,Minus Optimalisasi,Wuthering Waves,Negatif
emilyy wibuu,5,2026-02-13 13:33:50,"woikk sung penuh memo gua,tp bagus ko🤭",Wuthering Waves,Negatif
dedik ricky,4,2026-02-13 13:08:49,"please, bisa dikurangi ga ukurannya? yakali di mobile 60GB+ bjirr ada lgi masalah optimalisasi nya kyk masih kurang untuk yang di versi mobile. tolong perbaiki lagi. sama satu lagi, jangan kebanyakan romance",Wuthering Waves,Negatif
ri Fa,3,2026-02-13 12:01:39,"untuk sekarang saya beri 3 bintang dulu karena size nya yang membengkak sejak masuk ke septimon,saya harap size nya bisa di optimalkan lagi karena game ini baru berumur 1.5 tahun tapi size di mobile bisa lebih dari 60 GB dan bagaimana kalau game ini sudah berumur 3 tahun atau lebih, tidak mungkin kan? game mobile size nya bisa lebih dari 100gb lebih,jadi saya harap tim dev nya bisa meng Optimasikan game nya sebelum player mobile menarik diri dari game ini.",Wuthering Waves,Negatif
Vatir,5,2026-02-13 11:54:42,sangat bagus,Wuthering Waves,Positif
MR ALVARESELESTANSULTAN,5,2026-02-13 10:26:05,Wuthering waves coba collaborasi sama hatsune Miku,Wuthering Waves,Positif
No Name,5,2026-02-13 09:09:50,"Versi 3.1 lumayan kureng optimisasi nya, selebihnya✋🏻🥺🤚🏻",Wuthering Waves,Positif
Mei,1,2026-02-13 09:08:56,HP GUE UDH GAKUAT LG PLS OPTIMALISASI KAN DONG BUAT HP..,Wuthering Waves,Negatif
fahmi,5,2026-02-13 08:09:04,mantul,Wuthering Waves,Positif
Dekara Bian,1,2026-02-13 06:28:57,optimasi buruk,Wuthering Waves,Negatif
ーHyuzeメ Shinnー,3,2026-02-13 06:17:24,"overall bagus semua, tapi minusnya cmn waktu update, setiap update patch harus hapus trs download lagi. butuh ruang penyimpanan kosong 50gb lebih, ini ada penyimpanan kosong 40gb+ padahal updatenya paling ga lebih dari 20gb, pada akhirnya harus hapus download lagi kalo pake wifi sih ga masalah, tapi saya pake paket data internet, jadi makin boros",Wuthering Waves,Negatif
fujitora aki,3,2026-02-13 06:08:06,"fc mulu ni game di dimensityy 8400 dah kenapa ini game belakanhan ini, fix dongg",Wuthering Waves,Negatif
Danil,1,2026-02-13 05:20:37,kapan ada bahasa Indonesia nya ??,Wuthering Waves,Negatif
Ahmad Fauzan,5,2026-02-13 03:40:17,keren,Wuthering Waves,Positif
Ardi ft. Zeont,5,2026-02-13 01:16:15,request penambahan Bahasa indo bang kuro,Wuthering Waves,Negatif
Muhammad Dendy,2,2026-02-13 00:10:18,PLEAS BAHASA INDONESIAN READY,Wuthering Waves,Negatif
Hussein Abdullah,1,2026-02-12 20:15:13,"tolong ukuranya di perkecil jgn hanya fokus pada grafik saja grafik memang bagus itu untuk yg main di pc tapi di mobile ukurannya sangat bengkak sekali mohon pertimbangkan, jangan lupa untuk compiling shader itu gila sangat lama sekali bahkan bisa menghabiskan baterai 10 %",Wuthering Waves,Negatif
Muhammad Faiq Sayudha Al Fairuz,5,2026-02-12 19:27:25,makasi kuro menang rate off 10 spin,Wuthering Waves,Positif
Ad Yan,5,2026-02-12 18:37:01,klo bisa grafiknya kaya pas pake PC aja soalnya hp sekarang dah banyak yang bagus,Wuthering Waves,Negatif
Justine AO,3,2026-02-12 17:18:15,"sering banget update, tapi performa tetep ga maksimal. main di HP infinix gt 20 pro rata kiri, texture nya medium, fps 40,main stengah jam udah panas. males ah. edit : gameplay nya seru tapi 👍",Wuthering Waves,Negatif
Lord Ian,5,2026-02-12 17:00:00,Bagus bgtttt,Wuthering Waves,Positif
Syauqi,5,2026-02-12 16:06:53,gamenya bagus tapi tolong tambahkan bahasa indonesia😭🙏,Wuthering Waves,Negatif
Putra Permana,5,2026-02-12 14:58:15,bagus,Wuthering Waves,Positif
Mhd Alprialdi,5,2026-02-12 13:47:29,"Luar biasa ini game, mulai dari ekspresi, visual, MC, Cerita, semuanya SEMPURNA. Yg blg size gede ya wajar toh grafik juga menjelaskan.",Wuthering Waves,Negatif
Luna Urushia,5,2026-02-12 13:36:28,"Gameplay oke sangat serasa main PGR versi open world. Saya harap lebih dioptimalkan biar lebih ringan bahkan di Snapdragon 8 gen 3 aja kadang drop fps, khususnya region baru kayak akademi itu berat banget renderingnya. Semoga bisa lebih baik dan saya yakin kuro bekerja keras untuk game ini, pokoknya makasih kuro 🙏",Wuthering Waves,Negatif
Wenda Karyana,1,2026-02-12 09:13:28,"Game stress dikit dikit update, baru beberapa hari minta update, developernya mau korupsi ya, ingat dosa loh",Wuthering Waves,Negatif
Ariq Naufal,4,2026-02-12 08:52:16,"suara in game saya kok hilang ya, padahal full semua volumenya",Wuthering Waves,Negatif
Jumayati 2025,4,2026-02-12 07:29:39,"rame dan bikin seperti dewa menghajar musuh monster ,tapi pergerakan kurang mulus walaupun setingan extra lowest,mohon agar di perbaikin lagi dan masalah ukuran aplikasi kok jadi 1GB lebih ,padahal kemarin2 mash skitar 800 mb,aja dan gak ada perubahan yg signifikan di pergerakannya walaupun ukuran nambah,mohon di perbaiki kayak genshin impact mulus walaupun ukuran download data nya besar",Wuthering Waves,Negatif
Albasir Simbala,5,2026-02-12 06:30:21,bagus banget anjir,Wuthering Waves,Positif
M Fikri Ramdani,5,2026-02-12 05:02:30,doaindapet aemath kalo ga dapet bintang 1,Wuthering Waves,Negatif
ATTACK TITAN,1,2026-02-12 04:26:06,game sampah,Wuthering Waves,Negatif
Dayat Ade,4,2026-02-12 03:32:52,"Game sudah bagus tapi sayang size-nya sangat besar,, update 20mb,, total size-nya di Hp/mobile sampai 55gb..,, sepertinya bakal pensiun main wuwa biarpun game bagus tapi storage HP gak bisa bohong,, jadi berat banget..thanks wuwa aku main dari 1.0 sampai 3.0 saja..karena size-nya sangat berat di mobile/HP.",Wuthering Waves,Negatif
You Lose,5,2026-02-11 23:12:55,"game whutering waves pact 3.1 sangat berat di mobile,frame drop, lag, size nya bengkak, mohon perbaikannya",Wuthering Waves,Negatif
Danang Setyo Hutomo,5,2026-02-11 22:22:53,mantap pokona mah,Wuthering Waves,Positif
FF EVOS Fx,5,2026-02-11 20:09:33,bagus,Wuthering Waves,Positif
Nandita Camelia Nugraha,5,2026-02-11 17:08:05,tolong di perangkat helio g99 di optimalkan lagi dapatkan 30 fps,Wuthering Waves,Negatif
男,4,2026-02-11 16:01:46,"tolong dong ini gmn,semakin update semakin berat ini game,bagi versi android masih terlalu berat ini 😭,masuk ke lahai apalagi drop parah fps,tolong kuro😭✌",Wuthering Waves,Negatif
fausi Ram,5,2026-02-11 15:54:12,mines nga ada bahasa indonesia,Wuthering Waves,Negatif
Nurul Hatifah,2,2026-02-11 13:14:24,story nya ngebosenin si. kalau bisa nambahin b indo juga biar lebih ngerti,Wuthering Waves,Negatif
Erick Andrew,5,2026-02-11 13:09:50,"Thanks Kuro Game is the Best🙏, keluhan player masalah BUG sudah diperbaiki, di Tambah Update Baru 3.1 jauh lebih stabil dan Bagus Banget perubahannya. ditambah Map Baru dan karakter Baru dengan Visual dan Grafik Yang Luar biasa Bagus (Game Of The Year) Kembangkan Kuro & Wuthering Waves is The Best 👍👏🔥",Wuthering Waves,Positif
FahriHD15,5,2026-02-11 12:51:39,"game nya bagus grafik bagus kalau rata kanan, alur cerita agak ya gitu lah tapi tetep bagus lah, semangat terus untuk Dev nya",Wuthering Waves,Positif
Ryozo saki,5,2026-02-11 11:45:53,game nya bagus tapi saya minta tolong kasih fitur unlik email kuro game nya🙏,Wuthering Waves,Negatif
Scifi Six,4,2026-02-11 10:44:58,game nya udah bagus tapi map terbaru luas tapi musuh jarang dan terlaulu banyak tebing yang tinggi/dalam dan menurut saya kurang cocok untuk motor mungkin fitur terbang akan lebih membantu,Wuthering Waves,Negatif
Rein Enzeva,2,2026-02-11 10:44:20,"kurang optimalisasi,makin berat saat dimainkan,data makin gede 60GB lebih,mana sekarang tidak ramah dengan F2P,minimal setiap karakter harus RC'3 kenapa?pada saat main TOA/Hologram/WiWa damage dituntut harus besar udah gitu diwaktu pula,jadi yang RC'0 mau sebagus apapun status/team nya percuma,mana lawan boss 1 hit kill lagi,kaya lawan cheater..enjoy kaga..stress saya lama2..",Wuthering Waves,Negatif
Alya Shafira,3,2026-02-11 10:12:40,"huhu kangen main gamenya soalnya aku hapus gara² memori full terus pas mau dwonload lagi 1,1Gb tarus unduh datanya harus kosongin memori sebanyak 53Gb🥲 mungkin update 3.1 itu high budget banget sampe aku gk bisa dwonload lagi😌",Wuthering Waves,Negatif
BosKambing 1Z,5,2026-02-11 08:42:00,berat banget,Wuthering Waves,Negatif
Zani Celestine,5,2026-02-11 08:22:07,"Ini game sangat masterpiece, art, aksi, dan story nya sangat bagus, developer nya juga baik, sering ngasih gacha gratis juga, banyak bansos dan sangat mendengarkan player player nya, cuman disayangkannya itu size dari game, kalau bisa untuk di android jangan terlalu berat karena udah lebih dari 61 gb lebih, dan itu sangat berat untuk game hp, jadi tolong optimal lagi dalam size game Dev, terimakasih",Wuthering Waves,Positif
Woaohwgwfw F,5,2026-02-11 07:51:47,gamenya bagus tapi tolong ya admin gw mau main game ini soalnya hp gw ga muat,Wuthering Waves,Negatif
Kutang Kon,5,2026-02-11 06:38:46,ok lah,Wuthering Waves,Positif
Naviel,5,2026-02-11 05:35:21,"Kecewa banget buset di versi ini emang bagus banget peningkatan nya. Tapi berat banget, gak optimal sama sekali, settingan medium 40 biasanya pas combat di Whimpering Wastes masih bisa konsisten dapet di 35fps paling rendah. Sekarang gak mungkin dapet segitu, apalagi di area baru itu benar-benar parah banget anjlok FPS nya, bukan 20 30 lagi, 17fps! Terus langsung forced close.",Wuthering Waves,Negatif
Giselle,1,2026-02-11 05:16:20,"optimasi gamenya jelek, main di pad redmi pro ga ngangkat samsek padahal main di device yang speknya bagus. tolong dong kuro perbaiki masalah optimalisasi di game ini",Wuthering Waves,Negatif
Droop Droop,5,2026-02-11 05:10:09,Cuma mau ngucapin TERIMAKASIH banyak buat KURO karena telah membuat game GRATIS sebagus ini😊 WW for WuWa🔥,Wuthering Waves,Positif
AAN FLK,5,2026-02-11 04:57:54,"tolong optimasi gamenya,selalu ngeleg dan keluar sendiri tiap ada map baru",Wuthering Waves,Negatif
Rezza,5,2026-02-11 03:49:48,tolong pihak developer akun saya hilang,Wuthering Waves,Negatif
Icaprio cahyo Purnomo,5,2026-02-11 00:35:08,bagus,Wuthering Waves,Positif
Dori Kudori,1,2026-02-10 18:51:14,"Ayolah Kuro kapan Bahasa Indonesia nya?!! Arknight Endfield saja baru rilis sudah support Bahasa Indonesia, kalau begini terus pasar Wuthering Waves di Indonesia bakal kalah sama Arknight Enfield, Tambahkan Bahasa Indonesia ASAP",Wuthering Waves,Negatif
Albaeyt Perdo,2,2026-02-10 18:46:17,"saya kasih B2 aja soalnya saya dari dulu sampe sekarang gak paham sama event kartu2 yang kagak jelas enggak genshin sekarang wuwa gak paham sistem kartu mending kalo ada sistem auto mh mau aja tapi ini mh kagak ada. jujur aja ini mh saya setiap ada event kartu, misi kartu gak bakal saya mainin sampe game nya tamat/saya udah gak ada gak bakal saya mainin/selesai'in misi kartu itu sumpah saya kurang suka sama kartu kartu yang kagak jelas dan kurang paham.",Wuthering Waves,Negatif
Kayla gaming,1,2026-02-10 16:12:31,"Jujur wuwa sekarang tambah berat asli dibanding versi 2.8 dan sebelumnya, memang sih grafik dan lainnya tambah bagus tapi masalah optimalisasi nggak ada perubahan sama sekali",Wuthering Waves,Negatif
Ade ine Rahel,5,2026-02-10 15:27:30,game nya makin berat,Wuthering Waves,Negatif
Rizz73,5,2026-02-10 15:01:55,"game open world yang paling bagus selama gua bermain game online karna membuat gua tabjuk dengan grafik, combatnya,map-nya,dan animasinya. gamenya sangat bagus tapi sayangnya hp gua dah gak kuat mau tidak mau harus berhenti main, terimakasih telah membuat game ini karna telah memberikan pengalaman yang menarik.",Wuthering Waves,Positif
abdul azzam,5,2026-02-10 14:46:34,"gamenya sangat bagus, mohon tambahkan subtitle indonesia agar lebih menikmati alur ceritanya, terima kasih",Wuthering Waves,Positif
Puckcoypukca,5,2026-02-10 13:51:15,lore besar dimulai,Wuthering Waves,Positif
Free Man Id,5,2026-02-10 13:00:12,"banyakin lagi bansos nya, biar yg main gratisan makin seneng 🥰🥰🥰",Wuthering Waves,Positif
Muyosaki,4,2026-02-10 12:53:35,lebih di perbaiki untuk stabilitas gameplay di beberapa aspek seperti permasalahan frame drop yang memang jarang terjadi tetapi itu cukup menghambat,Wuthering Waves,Negatif
LYN N.H,5,2026-02-10 12:10:04,bagus banget ketimbang game sebelah grafik kartun (GI)🤭,Wuthering Waves,Positif
Slow Gamers,4,2026-02-10 10:27:29,ok,Wuthering Waves,Positif
Yuda,5,2026-02-10 09:39:53,Mantappppo kurooooo teruslah memasak. Jangan pedulikan apapun yg ngehujat biarkan saja.,Wuthering Waves,Positif
KD IqbalGz,3,2026-02-10 09:37:39,gamenya bagus tapi aku harap ada Bahasa Indonesianya,Wuthering Waves,Negatif
abdian nurwahidd,3,2026-02-10 09:35:26,"lag banget setelah update, kenapa ya? tolong diperbaiki lagi",Wuthering Waves,Negatif
Rafyy,2,2026-02-10 09:03:45,"pls deh Kuro, jangan jadikan karakter apapun itu jadi mayat deh, udah capek asli sama cerita yang mirip PGR",Wuthering Waves,Negatif
Rafi Kobandaha,2,2026-02-10 08:39:25,agak kecewa dengan patch sekarang optimalisasinya di mobile busuk bgt,Wuthering Waves,Negatif
KingVcorK,5,2026-02-10 08:03:57,menunggu konfigurasi 120fps untuk Snapdragon 8 gen3,Wuthering Waves,Positif
Rio,1,2026-02-10 06:58:57,game yang butuh optimal untuk grafis nya,Wuthering Waves,Negatif
Ayah Jihad,5,2026-02-10 06:10:38,gamenya oke,Wuthering Waves,Positif
Ark 2007,4,2026-02-10 02:50:20,"game yang sangat bagus. saya puas dengan seisi game ini, hanya saja akan lebih baik jika ditambahkan subtitle indonesia di dalam game ini. smoga versi depan bisa ditambahkan subtitle indonesia. :v",Wuthering Waves,Positif
Hamzi znuk473,5,2026-02-10 02:36:27,dapat chisa pity rendah 🤑🤑🤑🤑,Wuthering Waves,Positif
Benedictus Kastara,5,2026-02-10 01:39:01,grafik bagus gk kaya genshin kikir,Wuthering Waves,Positif
sanji Honkai,2,2026-02-10 00:15:31,kenapa saya selalu layar hitam di maap perkotan Lahai roi padahal di maap laein seperti renascita bisa dpt 40/60fps sedakan lahai ROI di maap Laen bisa dpt 30/40fps saya tidak masalah dpt fps30 juga tetapi pas di perkotaan sering hp saya layar hitam tiba'😭padahal saya sangatlah suka wutering waves ini,Wuthering Waves,Negatif
WongIRENGNIGG19,4,2026-02-09 23:49:05,"Gamenya udah mulai bagus tapi kenaap setiap saya login disuruh unduh 1,96 gb padahal saya udah download semuanya tetap aja setiap login disuruh update 1,96gb mohon segera di perbaiki",Wuthering Waves,Negatif
Bty,2,2026-02-09 23:43:19,optimasi kurang 👎🏻 story kurang 👎🏻 kebanyakan char cwe distory yg penting2 yg cwonya dikit 👎🏻 ada bug yg blm diperbaiki bug tutorial motor 👎🏻 kelibatan char lain minim interaksi fokus ke mc setris 👎🏻 oversize ukuran game nya 👎🏻 udh ukuran oversize ndk optimal lagi lengkap tuh 👎🏻,Wuthering Waves,Negatif
Lowa,5,2026-02-09 23:42:53,game terbaik👍💯,Wuthering Waves,Positif
Fischl Fish,5,2026-02-09 20:26:18,"bagus sieh, tapi harus hapus gara gara size game terus Menaik, meskipun gitu sih gw pake komputer jdi gpp, yang penting masih bisa dimainin, f2p friendly, storynya peak, absolute cinema, reward Mayan lah",Wuthering Waves,Negatif
Vincent Hernandy,4,2026-02-09 18:07:05,Intinya game AAA yg luar biasa bagus. Tapi performa di pc dan hp masih burik seperti drop fps di area baru dan storage mau meledak,Wuthering Waves,Negatif
Ahmad Saputra,4,2026-02-09 17:58:15,"tolong optimalisasi nya, sudah hampir aniversary kedua tapi optimalisasi kacau parah. inovasi seharusnya datang dengan stabilitas, karena itu dibangun sebagai rangka sistem. dan banyak bagian yang tidak kalian stabilkan, menara besi pun bakal runtuh kalo desain nya tidak adaptif. apa aku salah??",Wuthering Waves,Negatif
AlfAnime Ch,1,2026-02-09 17:15:18,"minus optimalisasi sumpah, berat banget, uda pakek snap 8s gen 4",Wuthering Waves,Negatif
Faynoxi PRO,5,2026-02-09 16:22:16,banyak istri gw,Wuthering Waves,Positif
Dini Widia,3,2026-02-09 15:13:59,"kuro please size game optimalkan, banyak player yang pensiun karena size game yang semakin gila, tolong perkecil size game nya, terimakasih",Wuthering Waves,Negatif
GERAR NDOLU,3,2026-02-09 15:13:54,kecewa update baru optimisasi nya kurang banget padahal biasanya ngak perlu waktu yang lama buat bisa main game ini secara stabil lagi setelah update,Wuthering Waves,Negatif
Aidan,5,2026-02-09 14:24:57,wow,Wuthering Waves,Positif
Silvia Hesti,5,2026-02-09 13:30:29,game nya bagus si cuma tolong loding nya jangan lama Ampe 2 jam pun ngk main main karena masih Loding,Wuthering Waves,Negatif
Dian Gaming,5,2026-02-09 13:16:00,"Bagus grafik dan gameplaynya puas tapi storagenya itu loh, dah kaya sin of gluttonny aja weh",Wuthering Waves,Negatif
Rehan Wong,2,2026-02-09 12:49:32,"Tolong buat kan subtittle indonesia nya donk om, kita"" yang kurang pintar bahasa english, pengen sekali bermain game ini🙏😞",Wuthering Waves,Negatif
Lucky Ardi,1,2026-02-09 12:39:42,tak bisa di mainin cok lag parah,Wuthering Waves,Negatif
akila putri,5,2026-02-09 12:32:53,Mantap👍,Wuthering Waves,Positif
Lily Jasmine,5,2026-02-09 07:19:40,grafik nya bagus sempurna,Wuthering Waves,Positif
vickry chonchept,1,2026-02-09 06:12:58,"BENERINN OYY SYSTEM GACHA NYA, UDH SERING GW KALAH RATE OFF DI PITY 70 KE ATAS, RATE ON NYA JUGA D 70 KE ATAS, UDH CAPE GW GAME ANEH",Wuthering Waves,Negatif
Shin Akumu,5,2026-02-09 04:09:56,Rate 5 ⭐ optimize in Kuro drop parah + size game nya tekan kan kompres biar ga 50gb padahal masih 1 tahun dah besar banget size nya..,Wuthering Waves,Negatif
Aiman Fad,1,2026-02-09 04:06:00,add language indonesia please,Wuthering Waves,Negatif
Arlong Petur,2,2026-02-09 03:56:46,"pemain baru jgn harap mau gacha 10x, early game pemain baru cuman dapat coin doang njing",Wuthering Waves,Negatif
Rasyid Bima,1,2026-02-09 03:29:59,Keren ini game,Wuthering Waves,Positif
Ton Ky,5,2026-02-09 02:28:00,suka polll,Wuthering Waves,Negatif
Rappa Sky,5,2026-02-09 01:54:08,"10/10 dari story kali ini, saya suka daripada patch sebelumnya, teruslah buat story yang ""bermakna"" bukan sekedar romance bait, tapi saran dari saya jika ingin rilis char playable,usahakan saat story dia udh clear/ dia baik baik saja, sebagai player saya main aemeath jadi kepikiran story nya terus, sama kayak kasus phrolova, di hari playable rilis malah langsung di buat mati, usahakan rilis character di story nya sblm konflik atau sesudah konflik,",Wuthering Waves,Positif
Chiko Ervando,4,2026-02-09 00:22:38,BRING BACK AEMAETH😭😭,Wuthering Waves,Positif
Raizel Fx,5,2026-02-08 21:48:39,"game terbaik yang pernah ku mainkan sepanjang genre RPG, karakter nya sangat bagus dari segi desain karakter nya maupun combat nya, untuk optimalisasi terkada ada kendala tapi its Oke lah, dan aku sangat suka sistem Gacha nya karena aku sering sekali mendapat karakter di low pity, jika ada opsi bintang 1/10 akan ku berikan 100/10 karena game nya sangat luar biasa, dan terimakasih untuk kuro games serta mas solon yang baik hati",Wuthering Waves,Positif
Abid Nawla,5,2026-02-08 19:10:58,terimakasih kuro,Wuthering Waves,Positif
Oktavian Nugraha,5,2026-02-08 17:24:57,story game bagus absolute cinema,Wuthering Waves,Positif
maizah b,5,2026-02-08 16:26:39,"PLS KURO KASIHANI STORAGE KU 😭, MY PHONE IS KINDA HOMELESS 🥀🥀💔",Wuthering Waves,Negatif
Mahdum Andora,1,2026-02-08 16:21:25,"saya harap bug atau game dan kok sudah di setting very low dan yg lain nya sudah di off kan masih saja lag, padahal ram 4 keatas udh bisa main game ini, saya harap bisa dioptimisasi lagi buat hp kentang dan hp yg spek nya kurang mempuni untuk kedepan nya, game nya keren, dan dimap 3.0 malah tambah frame/frezee berharap udpate kedepan lebih dioptimalkan lagi, dan size kalo bisa dikecilin aja 30gb-35gb jangan sampai 40gb lebih lah, bisa merusah hp yg menggunakan emmc/ufs.",Wuthering Waves,Negatif
Fikk,1,2026-02-08 16:03:22,"untuk pengunduhan data nya diperbaiki lagi, hp saya yang penyimpanan pas pasan jadi sering hapus data untuk update Jadi saat update karena wifi pas pasan juga makanya saya cicil, misal penyimpanan saya 55gb, data 49gb, sudah ter download 6gb, tapi pas masuk lagi ada tampilan pilihan data sama seperti awal buka, dan saat dipilih penyimpanan kurang, padahal sebelumnya sudah cukup tapi tidak terbaca Tolong dong diperbaiki, seharusnya langsung jalan dari progres sebelumnya",Wuthering Waves,Negatif
Rhouwetz Qw,3,2026-02-08 15:35:05,sampai ketemu lain hari wuwa sayang bangt makin kesini makin berat,Wuthering Waves,Negatif
Noval Mubarok,5,2026-02-08 15:23:41,"sebenernya gada masalah sih,tapi ini kok aplikasi wuwa udah ga bisa di masukin mode game di hp,aku coba di hp yang lain juga sama gabisa,ini memang udah ga suport atau gimana kuro?,selebihnya udah sangat bagus terutama di in game cuma yaa tadi masalah nya gabisa di masukin mode game",Wuthering Waves,Positif
Flying bird Rawrr,5,2026-02-08 15:21:11,"kalau bisa tambahkan bhs Indonesia nya mungkin saya akan lebih enjoy main sambil baca story nya🙏, memang game baik semoga semakin berkembang dan terus sukses untuk kuro games",Wuthering Waves,Negatif
11_benedictus jecrist,3,2026-02-08 15:10:22,tolong lah kenapa ini butuh ruang 50 gb,Wuthering Waves,Negatif
owh hhHh,1,2026-02-08 14:47:21,Kurang optimal,Wuthering Waves,Negatif
Senior Gaming,5,2026-02-08 13:26:37,Tingkatkan optimalisasi,Wuthering Waves,Negatif
Silverqueen channel,5,2026-02-08 13:23:23,"ngelag parah jaringan merah, padahal main game pubg lancar",Wuthering Waves,Negatif
Audri 12 tsm2,1,2026-02-08 12:59:18,woi optimisasi lah masa gua main Force close mulu udah make spek snapdragon 8s gen 4 gila ni game berat banget gak kaya Gehnshi enteng dan lancar,Wuthering Waves,Negatif
Yui Hanami,5,2026-02-08 12:48:16,nice❤️❤️❤️,Wuthering Waves,Positif
Kon Wa,4,2026-02-08 12:23:09,bang kuro ni gem target berapa GB sih dh 60gb Lo mana gada bansos kasi bansos lah 10k asterit lah hehe🗿,Wuthering Waves,Negatif
Silvia,1,2026-02-08 12:02:10,ini gimana semenjak patch aemeth pingnya merah terus server sea,Wuthering Waves,Negatif
Ibnu Rahmat,5,2026-02-08 11:54:22,game mobile bagus,Wuthering Waves,Positif
La In,2,2026-02-08 11:43:04,"agak kecewa sih, size terus membengkak. Aku tau device ku yang kurang bagus dan dev nya juga baik,tapi setiap patch harus download puluhan giga😮‍💨. Dan lama kelamaan ini bisa berpotensi mengeliminasi player mobile",Wuthering Waves,Negatif
New Nime,2,2026-02-08 11:39:26,"woi kuro data game tolong di perkecil untuk mobile, banyak yang pensiun dini karena penyimpanan tidak cukup.",Wuthering Waves,Negatif
Svends Creator,1,2026-02-08 10:16:09,"bring our aemeath back!!! i hate ending 3.1 patch, so trash",Wuthering Waves,Negatif
Lastri ana,5,2026-02-08 10:10:51,game bagus tapi butuh optimalisasi saat update di mobile juga perlu memikirkan tentang internal game yang besar,Wuthering Waves,Negatif
siti sabiya,3,2026-02-08 10:07:57,"sizenya turunin napa, memo aku penuh",Wuthering Waves,Negatif
Arliyos _,4,2026-02-08 09:49:19,"gamenya bagus, hanya tidak ada bahasa Indonesia",Wuthering Waves,Negatif
M Naudhi Akmal T,5,2026-02-08 08:57:24,bagus gamenya,Wuthering Waves,Positif
Arlega Sihotang,1,2026-02-08 08:06:09,"saya memiliki masalah setiap login, saya tidak bisa masuk ke gamenya. dibilang bahwa ""wunthering waves tidak menanggapi"", tolong lah saya udah download 3 kali buat bisa main lagi. tolong fi perbaiki",Wuthering Waves,Negatif
Arisal Voe,1,2026-02-08 07:52:26,ini masih berat buat rendering di redmi pad 2. tolong di perbaiki. aku mau main nerusin misi di kota.,Wuthering Waves,Negatif
Prayoga,1,2026-02-08 03:51:12,udah GK kuat. gede banget.,Wuthering Waves,Negatif
ml alu,5,2026-02-08 03:29:14,Oky grafik nya pas rata kanan (divice Poco X7 pro),Wuthering Waves,Positif
Ferd Xd,5,2026-02-08 03:27:16,"BAGUS!!! writing bagus, storytelling bagus, gameplay bagus, grafik gila!!! ga pelit reward!! mungkin untuk kekurangan belum ada sub indo dan optimalisasi masih kurang di map terbaru, but overall this game is goated.",Wuthering Waves,Positif
Hafizh Luthfi,5,2026-02-08 03:24:46,Game keren anti kikir dan seru banget,Wuthering Waves,Positif
Abdul Aropi,5,2026-02-08 03:13:06,mantap,Wuthering Waves,Positif
Peri Perdiana,1,2026-02-08 02:09:36,"gak di dengerin keluhan player,,,ini game terlalu berat apalgi buat hp mid range,,,bakal eos nih game kalau cuma ngandelin grafik doang",Wuthering Waves,Negatif
Cihuyy Hc,3,2026-02-08 01:52:47,oversize boss,Wuthering Waves,Negatif
kasumi kasumi,1,2026-02-08 01:24:21,kok jadi gede data nya sih. gk asik ah,Wuthering Waves,Negatif
ABDUL GHONY,5,2026-02-08 00:59:20,"game bagus tolong tambahkan bahasa Indonesia agar banyak yang tertarik untuk mendownload, dan ringankan lagi, serta tambahkan fitur *menghapus resources yang sudah terpakai/story yg sudah dimainkan bisa dihapus resources nya*",Wuthering Waves,Negatif
Rigel,5,2026-02-08 00:56:51,"Game nya keren, tapi tolong kurangin memori nya dan kurangi konsumsi baterai agar kami bisa bermain dengan puas dan hemat daya🤍",Wuthering Waves,Negatif
Hunk,3,2026-02-08 00:27:29,"BUSET, niat mau balik ehhh liat total resourcenya sampe 54GB langsung ga jadi balik, pdhl dulu 25GB an. tolong untuk developer untuk memperkecil ukuran gamenya, player yg main di Hp tuh rata"" pakai grafik pas"" an untuk menikmati gamenya, kalo ukuran besar grafik rendah mahluk sebelah mana yang bisa menikmati gamenya, belum lagi masalah baterai & fps drop. itu aja mungkin kritikan dari gw, game nya udah bagus cuma perlu dipertimbangkan terkait ukurannya karena playernya ga hanya dari pc.",Wuthering Waves,Negatif
Syahrul Andika,5,2026-02-07 23:00:52,"Pertama, ini game keren. ya kurleb sama kaya sebelah tapi lebih memanjakan playernya",Wuthering Waves,Positif
M Rival Fauzi,5,2026-02-07 21:50:31,keren,Wuthering Waves,Positif
BAMBANG CRB,1,2026-02-07 21:44:44,Anjir Udah Total 45gb download Pas Main Njir Berat banget,Wuthering Waves,Negatif
Dyansyah,5,2026-02-07 17:46:59,tambahkan bahasa Indonesia,Wuthering Waves,Negatif
Skyro,5,2026-02-07 14:42:00,"game bagus, terimakasih kuro sudah menangin saya galbrena rc2+sign dan juga aemeth rc4+sign😹😝",Wuthering Waves,Positif
ANFweki 207,1,2026-02-07 14:21:33,kenapa saya baru masuk gak bisa game rusak,Wuthering Waves,Negatif
Syahril ekapratama,3,2026-02-07 14:19:19,"lag parah,",Wuthering Waves,Negatif
Naufal Syafiq,1,2026-02-07 14:18:40,tolong ya ini wuthering waves kenapa di hp saya force close ya belum kebuka loading screen udah keluar duluan padahal 2 hari yang lalu ga gini tadi pagi aneh bet tolong lah perbaiki padahal ga make config apapun,Wuthering Waves,Negatif
paulus hendrick,5,2026-02-07 13:43:27,bagus sih gamesnya dan story sangat nikmat di ikuti,Wuthering Waves,Positif
Rahmat Zaky (Dzaky),5,2026-02-07 13:17:43,"aduh, jangan ditanya lah game buatan kuro bagus semua",Wuthering Waves,Positif
Born ToLimits,5,2026-02-07 12:53:37,"Game Triple A paling bagus sedunia, developer nya baik banyak bansos tidak pelit, storynya keren, mekanik gameplay nya pun bagus, sistem gachanya juga bagus . semoga game ni panjang umur selalu 😭",Wuthering Waves,Positif
Ryank Darmawan,3,2026-02-07 12:28:31,"Bang, optimalisasi buat mobile lah bang",Wuthering Waves,Negatif
Infinix Hot 50,5,2026-02-07 12:06:36,sayang download data nya lama 🤏🏻🥲🗿🙏🏻👍🏻,Wuthering Waves,Negatif
Dani E,5,2026-02-07 12:02:03,"story aemeath ini sangat bagus, i love this, terimakasih buat storynya, tolong tambahkan juga bahasa indonesia, biar makin kena dihati storynya",Wuthering Waves,Positif
Syarifudin Arrafi,3,2026-02-07 11:59:58,tolong developer ini game nya kok sering keluar sendiri ya tolong di perbaiki ini apa emang gegara jaringan atau gegara device saya tolong ya,Wuthering Waves,Negatif
honkai reroll03,1,2026-02-07 10:52:04,optimalisasi ampas dev tuli,Wuthering Waves,Negatif
Randika Ahmad,5,2026-02-07 10:50:20,"SAYA UNINSTALL DAN BERHENTI MAIN!!! karena kendala device 🤡 Sebenarnya gamenya seru, story lumayan ada kelebihan dan kekurangan, desain karakter semuanya bagus, pertarungan aksi keren. namun spesifikasi device saya di bawah minuman sangat dibawah, dan setiap pembaruan patch dari awal hingga terkini memakai ruang penyimpanan begitu besar, dan performa game menurun lalu membuat device saya menyerah memainkannya lagi. saya tidak tau kapan saya akan kembali🙁, tapi saya menyukai game ini 😘",Wuthering Waves,Negatif
LULUSAN - COVID-19,5,2026-02-07 10:41:31,game paling sempurna yg saya mainkan !!!,Wuthering Waves,Positif
Napping Dagger,2,2026-02-07 10:39:14,optimalisasi tolong perhatiin lagi kuro🙏,Wuthering Waves,Negatif
Harza Pratama,5,2026-02-07 09:26:14,Waifu,Wuthering Waves,Negatif
Fandy Achmad,4,2026-02-07 08:50:59,"untuk story dan segala macam mekanik game overall bagus dan sesuai ekspektasi, akan tetapi akun gua kurang beruntung kuro... naikin rate akun gua😞",Wuthering Waves,Positif
Aldian Hidayatulloh,5,2026-02-07 08:39:19,"Menurutku sekelas game gratis, ini udah termasuk bagus banget, dari environment, taktik combat, karakter playable, dan konten in game, overall 9/10. Hanya saja untuk optimasi di perangkat mobile masih kurang stabil, lebih ku sarankan main di laptop / PC spek menengah gaming 10jt an sudah lancar main di grafik rata kanan, mines nya ya ssd minimal 1TB kalo suka main game lain juga. Sesak bjir udah tembus 130GB buat ni game doang, belum buat game AAA sama file penting di PC yg lainnya 🤣",Wuthering Waves,Positif
BlackBlaze,5,2026-02-07 07:37:21,"optimalin lagi dong untuk versi desktop dan mobile, size besar banget kok ga optimal gamenya, sama reward tambahin lagi kalo bisa😁.",Wuthering Waves,Negatif
Caitlyn McLean,2,2026-02-07 07:05:59,fps ga dioptimalkan... heran dah kerjaan kuro ngapain aja si? padahal game lain yang unitynya sama fpsnya lancar,Wuthering Waves,Negatif
Rinaldi,4,2026-02-07 06:03:04,"dear kuro. setelah 3.1, terjadi drop frame ratw sangat parah. mungkin bisa diimprove. bahkan dengan chipset yg sudah mid end masih terjadi lag",Wuthering Waves,Negatif
Dika Dika,5,2026-02-07 06:02:36,keren,Wuthering Waves,Positif
Sahlan M,4,2026-02-07 04:30:50,saran min tolong kasih bahasa indonesia nya kalu bisa,Wuthering Waves,Positif
Tomy Ramadhan,5,2026-02-07 04:05:48,mesti pun hp saya tidak optimal memainkan game ini tapi saya sarankan untuk download 👍👍👍,Wuthering Waves,Positif
Sepri Anus,5,2026-02-07 03:37:53,game baik,Wuthering Waves,Positif
Hololive ID,1,2026-02-07 02:24:19,"hey kuro bisa tidak masalah penyimpanan game ini diperbaiki, karena masalah penyimpanan ini saya tidak bisa bermain padahal udah ada 45 gb yang tersedia. malah minta 62,97 gb untuk update nya. tolong kuro cepat perbaiki masalah penyimpanan ini.",Wuthering Waves,Negatif
Raihan Pszx,3,2026-02-07 01:10:46,"tolong optimisasinya di perbaik lagi lahh, di lahai roi ga bisa gerak jir saking patah patah nya",Wuthering Waves,Negatif
Theresyia,3,2026-02-07 00:36:30,gamenyaa bagus bat demi cuma TERLALU GEDE UTK HP😭😭,Wuthering Waves,Negatif
Rully Aditia,4,2026-02-06 23:04:19,ini kenapa setelah update 3.1 saya jadi GK bisa login? baru pencet apknya layarnya hitam terus dan ada tulisan harus update dlu di play store padahal saya udh update,Wuthering Waves,Negatif
ZoRa,5,2026-02-06 22:08:44,bagus,Wuthering Waves,Positif
Jogor Thea,1,2026-02-06 19:34:12,woy bikin quest yg ngotak. pas lawan voidworm kenapa dah motor gua lambat pas udah kena meriam worm nya ditambah tombol kembali biar batalin quest nya malah nge bug lagi wuhh,Wuthering Waves,Negatif
Toka Nii,4,2026-02-06 17:47:58,"Sehat"" developer baik, semngat dalam memperkembangkan gamenya, saya kasih bintang 4 dulu karena masih ada Maslah",Wuthering Waves,Positif
Yyiiddzy,2,2026-02-06 17:07:23,Setelah update yang memakan penyimpanan hingga 100GB++ saya memutuskan untuk uninstall this game😹🙏,Wuthering Waves,Negatif
Azril Yusril,5,2026-02-06 17:01:55,bagus,Wuthering Waves,Positif
Rahmadi,3,2026-02-06 17:00:54,tolong untuk versi yang sekarang ini lebih di optimalkan lagi fps nya,Wuthering Waves,Negatif
Lofin ate,1,2026-02-06 15:48:43,"bad, optimalisasi buruk banget",Wuthering Waves,Negatif
enoormans,3,2026-02-06 15:26:12,"its great, amazing characters that r detailed, interesting story. unfortunately it would get super laggy after patch updates, optimization isn't great. I hope u find a way to fix this!",Wuthering Waves,Negatif
Not Found,1,2026-02-06 15:00:09,"gokil game hp size'nya gak ngotak, fitur ngahapus file di ingame gak guna. dah gitu optimalisasi'nya BUSUK bener .",Wuthering Waves,Negatif
alya frozen,3,2026-02-06 14:11:11,"sumpah izin pake bahasa, tolong kalo bisa data lama bisa di apus aku terpaksa apus karna 100gb aku main di hp loh? mending game sebelah bisa apus data lama.",Wuthering Waves,Negatif
Anandiva Dindha,5,2026-02-06 13:56:39,mantap,Wuthering Waves,Positif
Calvin Aditya,1,2026-02-06 13:25:50,"optimalisasi nya Buruk, main di hp spec snapdragon 8 Elite tidak stabil. main di PC rtx 5060 juga sama",Wuthering Waves,Negatif
Dagadu Alfa96,5,2026-02-06 13:03:14,"kaum 128 terpaksa pensi , mohon KURO perhatikan size game nya",Wuthering Waves,Negatif
Ky,5,2026-02-06 12:54:08,🥰🥰,Wuthering Waves,Positif
einimiee,5,2026-02-06 12:50:56,please optimalisasi storage,Wuthering Waves,Negatif
Afit,5,2026-02-06 12:28:09,"ukuran game sudah 60 GB lebih tapi grafis masih bermasalah seperti Texture Pop-in,Low-Resolution Textures/Missing Textures,Pop-in (Objek/Lingkungan): Objek 3D atau detail lingkungan yang tiba-tiba muncul di depan mata dan optimasi masih jelek tolong lah diperbaiki masa kalah sama game sebelah yang menggunakan Unity tapi grafis lebih bagus dan optimal😮‍💨,gak masalah mau ukuran Game ratusan GB yang penting optimal dan grafis bagus",Wuthering Waves,Negatif
Adi Ramadani,3,2026-02-06 12:18:06,"Update dengan optimisasi terburuk adalah versi 3.0, Dev terlalu fokus membuat map baru ketimbang optimasi map lama. Apakah sudah mulai mata duitan? Sekarang player mengeluh tinggal kasih bansos aja. Ga kayak sebelum nya. Pikir aja update segede gaban tapi hasilnya ampas. Mau hp lu flagship, mid, kentank bakal sama aja.",Wuthering Waves,Negatif
Sonny,5,2026-02-06 11:57:51,Kuro dan staff memasak di versi 3.1 dawg 🔥,Wuthering Waves,Positif
Fariq Ramadhan,1,2026-02-06 11:37:28,ini game hama apa sih???,Wuthering Waves,Negatif
Alexander Zheng,1,2026-02-06 10:57:35,lah update jadi ga jalan ini game.... udah level 80 masa ga bisa main lagi....,Wuthering Waves,Negatif
Lenny Enny,5,2026-02-06 10:45:10,🩷🩷,Wuthering Waves,Positif
Bila,5,2026-02-06 10:42:53,"kadang masih suka bug dan crash, mohon diperbaiki",Wuthering Waves,Positif
kiyang Haribenzema,5,2026-02-06 10:39:59,"game nya kerenn cuy seru, cuman kurangnya ga ad b indonya jadi kurang ngerti cerita nya",Wuthering Waves,Negatif
Bayu Tebuana,5,2026-02-06 10:30:03,"game nya bagus banget, pokoknya best. tapi sayang device ku ga kuat update nya gede kali",Wuthering Waves,Negatif
Faisal Alfathony,5,2026-02-06 10:25:30,story 3.1 peakkkkk,Wuthering Waves,Positif
Sheila Rinjani,5,2026-02-06 10:23:28,seruu,Wuthering Waves,Positif
Fathan Syukur.,1,2026-02-06 10:15:50,buset tiap updet banyak data,Wuthering Waves,Negatif
Muhammad Fathan,1,2026-02-06 09:16:12,"tolong dong kuroo, udah 3.1 masih aja jelek optimizenya. kerasa bgt beratnya pas lagi bawa motor",Wuthering Waves,Negatif
Denis Saputra,3,2026-02-06 08:54:21,baru aja insatal selesai langsung suru update,Wuthering Waves,Negatif
Christabelle Chandra,5,2026-02-06 08:28:10,seru,Wuthering Waves,Positif
Adrian Manap,1,2026-02-06 08:03:11,"kasih * 1 dulu karna waduh berat banget gila.. sekedar saran buat kuro, kedepannya kalo belum di optimalin buat pengguna device mid-low pasti banyak yg pensiun.. saya selaku pengguna device mid range berharap semoga kedepannya lebih ringan👌",Wuthering Waves,Negatif
Fadly Aulia,5,2026-02-06 07:39:06,"ngeleg, gacha hard pity mulu",Wuthering Waves,Negatif
Wendy Irawan,1,2026-02-06 07:11:07,"woi!! kuro ngotak dikit lah kasih updatenya, penyimpanan dan kuota gua menjerit gara gara size games lu makin bengkak, banyk update sih banyak update tapi pikirin juga nasib player mu yang hanya punya penyimpanan 125 gb dan tanpa wifi gini,😭",Wuthering Waves,Negatif
The One street,1,2026-02-06 07:07:01,"gw kasih bintang 1 buat nih game.. dulu mh enak bner walaupun jaringan sering naik tpi ga prnah ada patah2 nya. skrng mh hadeuh kacau. ngelag parah, patah2 bahkan sampe ngebleng 🤦 optimalin kya dlu lgi lah biar enak di mainkan nya. bgni trus mah yg ada pada kluar dri game ini player2 .",Wuthering Waves,Negatif
Putu Mahesa,2,2026-02-06 07:00:11,"akun saya gak mau login terus tulisan nya retri atau exit tolong wuwa benerin masalah ini, nama akun saya rover server sea.",Wuthering Waves,Negatif
Yori Erjani,5,2026-02-06 06:42:07,aku sangat menyenangi game ini. thanks kuro,Wuthering Waves,Positif
Kaedehara,5,2026-02-06 05:35:00,ABSOLUTE CINEMA GAME 💯🙌,Wuthering Waves,Positif
Raisa Shalina Faradiba,5,2026-02-06 04:57:50,"PEAK GAME, banyak bansos, story menyentuh hati, dan grafikny muantap puoll",Wuthering Waves,Positif
Farras Abid,2,2026-02-06 04:47:34,gamenya bagus tapi perlu banyak optimalisasi terkait update update mendatang tidak cuma soal grafis tapi juga dari segi size penyimpanan mungkin jika tidak segera di optimalkan untuk kedepannya pemain akan berkurang soalnya ini dari segi penyimpanan udh over Banget,Wuthering Waves,Negatif
Clara sange,5,2026-02-06 04:20:58,woww nice game,Wuthering Waves,Positif
azizrdtya,5,2026-02-06 04:08:13,"setara lah sama sebelah.. cuma kalo sebelah gw suka storynya gameplay nya ok, kalo ini storynya ok gameplay nya gw suka",Wuthering Waves,Positif
Deni,3,2026-02-06 03:55:46,"setiap ada update pasti disuruh download ulang data, mana ukuran nya gede lagi, itu emang sistem nya begitu atau cuma di device saya doang yah, soalnya agak ngeselin juga kalo harus mendownload ulang data yang size nya besar.",Wuthering Waves,Negatif
Adi Agung Sedayu,1,2026-02-06 02:39:12,"game sangat bagus bintang 5 kalau menurut saya, cuma minus paling besar di game ini adalah size update yang terlalu besar. Jika seperti ini terus banyak pemain yang pensiun karena kapasitas device yang tidak mumpuni maaf saya kasih rating bintang 1 supaya ter-notice",Wuthering Waves,Negatif
Caroline Reena,3,2026-02-06 02:30:36,"Versi 3.0 Lag Parah di Tutor Race. jadi blm kelar quest ini aku. trus yang ke 2, kmaren udah 96X Pull belum dapat Lynae + 75X Pull belum dapat Sign. Waktu DM via chat pun jawabanx Kuro sama. padahal di History Summon udah jelas 96X pull Lynae msh blm Pulang juga. Makax Mornye aku Skip. yahhh semoga dapat Aemeath lah ya.",Wuthering Waves,Negatif
Muhammad Afif Musyaffa,1,2026-02-06 01:45:45,"saya agak kecewa banget setelah update terbaru ini, saya tidak bisa login dan stuck login di 32-59% dan tidak selesai, bahkan saya sempat instal ulang dan download ulang, masih sama tidak bisa login, padahal jaringan dan device saya sangat mendukung buat game seperti WuWa, mohon maaf saya kasih bintang 1 dulu",Wuthering Waves,Negatif
Son of Java,5,2026-02-06 01:29:18,"aku rubah dulu bintang 5 , setelah cerita aemeth yg bikin gue nangis",Wuthering Waves,Positif
ABAY Disini,4,2026-02-06 01:24:39,overall bagus cuma ada satu kesalahan plss lah buatlah download pertama kali itu cuma 1 - 3gb dan sisanya download lagi pas selesai nyelesain data quest yang pertama,Wuthering Waves,Positif
Rangga Adi sabara,5,2026-02-06 00:54:40,BRAVO BRAVO kuro 👏👏👏 gameplay dan mekanik yang menyenangkan desain karakter keren dan beauty serta yang paling diriku enjoy adalah story dan animasi dari dalam game 🙌🙌 sangat cinema sangat enjoy sekali diriku ini.,Wuthering Waves,Positif
Jerdi,5,2026-02-06 00:03:43,good game,Wuthering Waves,Positif
Naro riski,5,2026-02-05 23:58:24,Humble game,Wuthering Waves,Positif
hand Lucky,3,2026-02-05 23:49:47,frame rate nya drop terus seperti lag padahal handphone saya tidak rendah2 banget spek-nya,Wuthering Waves,Negatif
FSBRO,4,2026-02-05 23:44:00,woi reng kamu tuh ya bikin game bagus sih cuma storage gw kan abis ya reng opimalin juga dong di mobile gimana si,Wuthering Waves,Negatif
Ryuky Kido,2,2026-02-05 23:08:30,"keluhan banyak pemain tolong perbaiki banyak bug dan crash fps naik turun kadang bisa drop, sistem gacha semakin sulit game terlalu besar, tolong contoh game sebelah udan 5tahun tapi ramah buat pemain, masa wuwa game baru nyuru pemain pada pensiun",Wuthering Waves,Negatif
fernanda bagus pranata,1,2026-02-05 22:48:46,"70 gb storage 😅game PC memamg beda, MLS kli update terbaru terbaru bayk""15- 20 gb😭 pdhl cmn mau gacha doang🤣",Wuthering Waves,Negatif
Lie djun Fa,5,2026-02-05 19:30:54,gila wangi banget gacha aemeth 70 x doang menang rate off gacha senjata signaturenya 10x doang langsung dapet hoki atau emang lebih cocok draw digame ini,Wuthering Waves,Positif
Adika Wijaya,5,2026-02-05 19:19:40,kegeden size nya,Wuthering Waves,Negatif
Achmad Rozy,4,2026-02-05 19:10:17,please more optimize,Wuthering Waves,Negatif
nusi santo,4,2026-02-05 18:02:28,cuman mau update 20Gb aja harus ngosongin 70gb dulu baru bisa,Wuthering Waves,Negatif
WillymVe,5,2026-02-05 17:39:49,absolut cinema,Wuthering Waves,Positif
Imam Syah Alfatah,5,2026-02-05 17:15:08,game baik !!,Wuthering Waves,Positif
Pratama Emir,3,2026-02-05 16:56:10,"please wuwa, kenapa setiap kali gacha selalu kalah rate off. rasanya sia-sia tiap hari maen buat nyari asterite tapi gachanya ampas. tolonglah dipermudah chance nya",Wuthering Waves,Negatif
Fitra febrian,5,2026-02-05 16:44:38,nice game,Wuthering Waves,Positif
Frestea,2,2026-02-05 16:40:32,update sekarang 3.1 map baru berat sampai ngecrash baru kali ini nge crash nya lebih parah dri pada yg di 3.0. tolong di optimalkan lgi secepatnya 🙏,Wuthering Waves,Negatif
Miftakhul Huda,5,2026-02-05 16:17:46,woke,Wuthering Waves,Positif
Akarui Aozora,1,2026-02-05 16:17:38,optimize your game please,Wuthering Waves,Negatif
Pria Misterius,5,2026-02-05 16:06:20,"100GB for data ? come on now, this is to much, i might be can't continue to play anymore, this is to big for a phone game, please handle this matter, i truly love your game",Wuthering Waves,Negatif
Mas Bobooon,1,2026-02-05 15:53:49,Need 67gb free space is so diabocal,Wuthering Waves,Negatif
Icha Yupi,1,2026-02-05 15:52:52,"setiap update pasti memberatkan ram hp, seperti nya ini waktunya saya pensi main wuwa karena ram hp saya sedikit, bye wuwa(ಥ﹏ಥ)",Wuthering Waves,Negatif
TanpaNama ‡,4,2026-02-05 15:41:52,"stelah update, poco f4 saya force close trus min baru juga masuk game",Wuthering Waves,Negatif
Ilham Maulana,1,2026-02-05 15:30:30,😡,Wuthering Waves,Negatif
Joan F,1,2026-02-05 15:27:18,"tolong di perbaiki soal penyimpanan di android, yang benar aja download cuma 19 ampe 20 giga tapi disuruh punya penyimpanan kosong sampe 62 giga itu kagak ngotak bjir (update 3.1)",Wuthering Waves,Negatif
Adnan kasogi,2,2026-02-05 15:22:24,to big,Wuthering Waves,Negatif
Raja Indo,2,2026-02-05 15:21:53,"Tolong optimalisasi game nya, masa yang di bagusin grafik doang, gimana mau nambah player nya kalo game nya aja berat, grafik emang penting tapi buat player nyaman dengan fps tinggi juga nomor 1, kalo mau buat grafik setara God of war mending di PC aja",Wuthering Waves,Negatif
Zack Click,5,2026-02-05 15:17:31,masterpiece,Wuthering Waves,Positif
Andrew Nurwinata,2,2026-02-05 15:12:37,Optimize the game. PC version reaches 133 GB which is insane for a game not even 2 years past.,Wuthering Waves,Negatif
Alfaraby,1,2026-02-05 15:00:43,"terlalu banyak memakan storage untuk sebuah game gacha anime, ini sudah tidak masuk akal untuk sebuah game hp/mobile dan jika size besar tersebut hanya untuk mendapatkan kualitas yang bagus maka pendapat saya tidak, kualitas game ini masih terbilang biasa saja dan bahkan story nya terlalu dipaksakan untuk nuansa romance dan itu bahkan hampir sering terjadi setiap patch terbaru jadi tolong perkecil size gamenya kalau tidak maka para player akan mulai meninggalkan game ini",Wuthering Waves,Negatif
G E A,5,2026-02-05 14:56:42,"Gg, ga pelit",Wuthering Waves,Positif
Zaidan Zulmi,5,2026-02-05 14:18:41,mantap,Wuthering Waves,Positif
Ardi Wiranata,4,2026-02-05 14:08:52,sangat suka gameplay nya tapi tidak memiliki bahasa Indonesia jadi mainnya sesekali aja😌...,Wuthering Waves,Negatif
Tam Tama,3,2026-02-05 13:52:21,"game nya bagus,tapi size nya untuk di smartphone terlalu berat fyi aku pakai POCO F4",Wuthering Waves,Negatif
hayubos 2345,5,2026-02-05 13:45:40,grafik sangat bagus,Wuthering Waves,Positif
Hendry 04,1,2026-02-05 13:30:47,"tiap update patch baru selalu ngelag bikin malas main jadi nya, aku sudah download game ini pake data lagi. gacha karakter sama senjata sekarang selalu di pity 70 ke atas, entah mengapa game ini sangat berbeda dengan versi 2.0 - 2.8 itu lah yang ku rasakan sekarang, kecewa berat 😔😔😔",Wuthering Waves,Negatif
Muhammad Habil,5,2026-02-05 13:23:25,bagus,Wuthering Waves,Positif
farrelyan Baskoro,4,2026-02-05 13:14:30,lumayan grapik yg bagus dan enjoy,Wuthering Waves,Positif
David Putra,5,2026-02-05 13:07:19,"developer baik, game baik, size update yang tidak baik😆",Wuthering Waves,Negatif
Carlotta,1,2026-02-05 13:04:24,"berat banget, padahal ini buat mobile loh, size game ini juga sangat besar di mobile nyentuh ±50 gb. Gachanya juga susah, saranku kalau buat akun terus gacha kalian buruk mending reroll aja karena kalau lanjut main kedepannya pasti bakal buruk terus gachanya, aku udah ngalamin soalnya kalah 5× berturut turut dan semuanya hard pity. Kalau saya kalah lagi ini bakalan jadi yang ke 6 kekalahan berturut, dan bintangnya jelas bakal ku rate 1, tapi kalau menang mungkin bisa naik, edit : kalah lagi ke 6",Wuthering Waves,Negatif
Diva Amalia,5,2026-02-05 12:51:28,Gim bagus tapi pls bkin temenku membadut pas gacha weapon,Wuthering Waves,Negatif
Angga,5,2026-02-05 12:29:35,3.1 aemeath 😭😭,Wuthering Waves,Positif
Felix,5,2026-02-05 12:02:23,kedepanya semoga size untuk player mobile tetep ramah di memori thanks,Wuthering Waves,Positif
Wira Yudha Pratama,3,2026-02-05 11:54:31,Perbanyak optimasi game ini terlalu framedrop padahal chipset smartphone Saya sudah masuk list rekomendasi,Wuthering Waves,Negatif
Xtra Cell,5,2026-02-05 11:52:04,game nya bgus mulai dri combat Gacha dll gk pernah gw kalah rate of,Wuthering Waves,Positif
Toshino Kyoko,1,2026-02-05 11:44:17,"bintang 1 semenjak update Lahairoi cacat optimalisasi sering crash, Udah gak niat yah buat optimalin di hp gw gak peduli size gede asal optimal aja gamenya kayaknya ini game terlalu maksa buat rilis di hp padahal devnya sendiri fokusnya ke PC atau konsol. oh iya issue crash lag gak jelas ini cuman di Lahairoi aja yah map lain gak masalah meskipun rata kanan jadi ini terbukti bahwa emang devnya aja kurang ngoptimalin game ini di hp bye bye gw pensi",Wuthering Waves,Negatif
Alfan Al u,5,2026-02-05 11:26:00,tolong di optimalisasikan agar lancar dan sediakan bahasa Indonesia,Wuthering Waves,Negatif
ridwan baihaqi,5,2026-02-05 11:21:47,"gila update yang sekarang, buka bentaran sekitar 6 menit, hp udah panas banget gokil sih, mungkin update selanjutnya udah ga bisa maen sama sekali. ganti akun suruh download ulang pula GG, mudah2 an ada optimalisasinya",Wuthering Waves,Negatif
Victoria Hart,1,2026-02-05 11:17:16,Kurooo tolong optimasi nyaaaa heiii,Wuthering Waves,Negatif
lare jelek,5,2026-02-05 11:13:33,meledak hp saya,Wuthering Waves,Negatif
Yusuf Gifari,5,2026-02-05 10:34:22,ukuran di kecilin,Wuthering Waves,Negatif
metro2 metro1,1,2026-02-05 10:33:08,update nga masuk akal butuh free space 50gb lebih jelek banget saat update memakai 100gb rom,Wuthering Waves,Negatif
Siti Aisyah Febriyanti,3,2026-02-05 10:30:15,saya tidak bisa download sisanya. sudah masuk seperti biasa. disuruh download tapi bawah lag di sana.,Wuthering Waves,Negatif
Luh asik bang (Sok asik),5,2026-02-05 10:29:49,"plisss kuroo, tambahin bahasa Indonesia plissssssss 😭😭",Wuthering Waves,Negatif
Yuriko ivander,5,2026-02-05 10:23:42,Saran gamenya bisa lebih dioptimalkan,Wuthering Waves,Negatif
ADENOVIANT,3,2026-02-05 10:20:57,gw gapaham ini game kok bisa updatenya 49gb. gw emang jarang main tapi selalu gw update. ini baru dapet 1gb njir. apalah,Wuthering Waves,Negatif
Luna khaliluna,5,2026-02-05 10:18:01,game nya bagus bgt apalagi karakter nya pada bagus-bagus,Wuthering Waves,Positif
Bintang Ramadhan,5,2026-02-05 10:08:28,ntaps,Wuthering Waves,Positif
Really,3,2026-02-05 10:07:41,nih gimana gue di suruh download lagi perasaan varu kemarin sekarang disuruh download lagi,Wuthering Waves,Negatif
Roza Kawaii,5,2026-02-05 10:00:41,Nice Game,Wuthering Waves,Positif
Muhammad Fadel Diandra,4,2026-02-05 09:42:54,optimisasi agar lebih ramah,Wuthering Waves,Negatif
Billy ArmanSOH,5,2026-02-05 09:36:10,mantap jiwa,Wuthering Waves,Positif
Muamar Juardhi,2,2026-02-05 09:30:12,game bagus tapi tolong turunkan size game nya saya sudah tidak bisa memainkan game ini lagi semenjak update terbaru,Wuthering Waves,Negatif
Swingly putra Tiwow,5,2026-02-05 09:24:54,bagus,Wuthering Waves,Positif
Alief Naufal,2,2026-02-05 09:24:16,"please kuro optimalisasi untuk mobile ditingkatkan lagi, jangan update rumput mulu bosan gw setoran 200mb gak kasian apa sama yang main pake data.. tambah lagi woe lah akun gw dikasih high pity mulu, kalah rate off lagi",Wuthering Waves,Negatif
Diota N.E,5,2026-02-05 09:23:14,game sangat cocok untuk player yg hanya punya 1jam waktu bermain karena apa-apa dipermudah,Wuthering Waves,Positif
arsya hua,5,2026-02-05 09:08:10,hokiii,Wuthering Waves,Positif
Nama depan 01,5,2026-02-05 09:06:14,👍,Wuthering Waves,Positif
Wafflet,5,2026-02-05 09:05:16,tolong untuk dioptimalkan di smartphone device karena sangat berat unreal engine. noted ty dev,Wuthering Waves,Negatif
Erlangga,4,2026-02-05 09:03:53,"untuk saya gamer yang sudah merasakan puluhan tahun melawan boss di game, boss di Wuwa kurang respon timbal balik dari serangan kita. seolah olah boss merintih kalau Shieldnya sudah habis begitu aja. menurutku sistem begini aneh sensasinya kurang hidup sedangkan kalau karakter kita terkena serangan sampai ga bisa di gerakin seolah dituntut sempurna. terus kelemahan ni game adalah kalau update buju buneng besar datanya, seperti install ulang. selebihnya udah oke oke aja sih",Wuthering Waves,Negatif
Tommy Saputra,5,2026-02-05 09:02:32,good,Wuthering Waves,Negatif
Andika Saputra,5,2026-02-05 09:00:53,"tolong berikan fitur menghapus karakter nyesel gw gacha prolova, karakter dengan desain terjelek di game ini",Wuthering Waves,Negatif
Wiwin Winarti,1,2026-02-05 08:56:45,sangat tidak kompatibel dengan player mobile,Wuthering Waves,Negatif
Lyra Rosella,5,2026-02-05 08:52:46,loveeeee itttttt ><,Wuthering Waves,Positif
dragon white,1,2026-02-05 08:48:47,tiap update ada aja bug nya. di HP maupun PC sama saja. dan gede bangett,Wuthering Waves,Negatif
Ari Prastyanto,5,2026-02-05 08:42:14,"Game seru. Tapi sementara uninstall dulu, size terlalu besar di Mobile 😭",Wuthering Waves,Negatif
Rama Purnama,5,2026-02-05 08:37:57,ok,Wuthering Waves,Positif
Wesly Lette,3,2026-02-05 08:32:23,"Game nya bagus, sayangnya tidak ada bahasa indonesia, jadi berenti dulu, kalau ada baru main lagi✌",Wuthering Waves,Negatif
ReGGa Kusdana,1,2026-02-05 08:30:05,"tolong optimalisasi penyimpanan, update seperti download ulang game butuh 65GB kosong. tolong penting kan optimalisasi",Wuthering Waves,Negatif
Samuel Dennis Setiawan,3,2026-02-05 08:28:32,update size make me mad,Wuthering Waves,Negatif
Razaaq A,2,2026-02-05 08:23:48,"Hitam, desain karakter nya tolong lebih tertutup lagi",Wuthering Waves,Negatif
Rendi Official,5,2026-02-05 08:23:17,makin update makin membengkak aukururan size,Wuthering Waves,Negatif
Muhammad Nur Huda,5,2026-02-05 08:18:00,good game,Wuthering Waves,Positif
BANG_ BUZZZ,3,2026-02-05 08:16:59,"kuro tolong penyimpanan datanya kurangin,masa sampe 116 gb,plis",Wuthering Waves,Negatif
Enggar Dwi aditya,1,2026-02-05 08:15:34,game nya ga kikir tapi update mulu dan sangat besar ukuran nya grafik sesuai tapi update ga sebanding dengan impact nya,Wuthering Waves,Negatif
Akhyar Rasid,5,2026-02-05 07:46:42,game nya berat banget jir tapi Masi bagus wog,Wuthering Waves,Negatif
Prambudi Prambudi ilham nugroho,1,2026-02-05 07:43:58,hmm Kmu apa hp android / Ios Version orang download 119Gb alamak sialan jangan Coba saja Kmu orang Hp 256 - 512 - 1Tb Danger!!,Wuthering Waves,Negatif
Never Surrender❶,5,2026-02-05 07:42:15,good,Wuthering Waves,Positif
Langit Zzz,5,2026-02-05 07:18:29,peak,Wuthering Waves,Positif
Zee Foreeen,5,2026-02-05 07:17:42,gokil,Wuthering Waves,Positif
Fachrul Rizki,5,2026-02-05 07:15:53,mantap,Wuthering Waves,Positif
AxBlack,5,2026-02-05 07:04:44,"dear developer kuro, tolong kasih opsi top up dana atau gopay khususnya buat bundles & vehicle looks di website kurogames pajak GooglePlay benar2 gila",Wuthering Waves,Negatif
Matsri,5,2026-02-05 06:28:47,aku suka main wuwa,Wuthering Waves,Positif
Isal,1,2026-02-05 06:06:14,"game gila, kalo update yang waras ajalah, masa update 20 gba ja kudu ngosongin storage 60 gb an, minimal ya dicompress gitu kek, dikira semua hp kuat kali ya storage segitu?",Wuthering Waves,Negatif
Opal Panai,5,2026-02-05 06:01:14,Mantap,Wuthering Waves,Positif
Kotori Itsuka,5,2026-02-05 05:53:31,game nya bagus apalagi buat player geratisan 😋 ada fitur skip pula buat misi,Wuthering Waves,Positif
Maulana Malik,5,2026-02-05 05:45:03,"mantap, walau hp ngosngosan tiap update",Wuthering Waves,Negatif
Ryuura Yamashii,5,2026-02-05 05:33:31,game fav. semoga bisa rasain pas dapat bahasa indonesia.,Wuthering Waves,Positif
Yusuf,5,2026-02-05 05:24:02,"game nya bagus bgtt, udah main dari versi 1.x sampe sekarang, cuma sedikit ada kendala pada penyimpanan terutama pengguna handphone yang memiliki storage terbatas, update semakin lama semakin besar jika bisa diringankan datanya mungkin para player akan betah bermain lagi, yang lainnya semua bagus mulai dari segi grafik, cerita, fighting, eksplorasi, karakter dan pemandangan dunia semua bagus, saya harap game ini sedikit diringankan bagi penggunaan handphone sekian Terimakasih.",Wuthering Waves,Positif
Blood Strike,5,2026-02-05 05:14:57,bintang 5,Wuthering Waves,Positif
Mochammad Galih Bintang,1,2026-02-05 05:11:52,woi optimalisasi space apk,Wuthering Waves,Negatif
Hollow_Xanz,5,2026-02-05 05:07:47,ok,Wuthering Waves,Positif
Rifki Ilham,2,2026-02-05 05:06:55,"entah semenjak masuk versi 3 mulai sering frame drop dan pas ngelakuin misi tutorial yang motor stuck ga jalan. sedangkan pas ngelakuin misi motor yang di sekitar aman aman aja. dan tolong kalau setiap update patch diperkecil lah untuk update, soalnya makan memori banget",Wuthering Waves,Negatif
LiMit,1,2026-02-05 05:04:34,Dev paling malas,Wuthering Waves,Negatif
M zainatul Firdaus,5,2026-02-05 04:55:37,please subtitle indonesia,Wuthering Waves,Negatif
Amru Prasetyo,4,2026-02-05 04:49:41,untuk developer maaf coba untuk sistem di benerin lagi soalnya lag parah.,Wuthering Waves,Negatif
Dava Reza,2,2026-02-05 04:47:23,"tolonglah untuk optimalisasi performa di mobilenya, size doang di gedein tapi optimalisasi nya buruk banget",Wuthering Waves,Negatif
Nelsen Nicolas,5,2026-02-05 04:43:27,"tolong penyimpanan wuthering waves diringankan lagi, karena saya terpaksa uninstall wuthering waves akibat penyimpanan terlalu berat hingga 53gb, walaupun udah hapus data quest lama tapi tetap terasa penyimpanan saya penuh, ketika masalah penyimpanan diringankan maka saya akan mendownloadnya kembali👌, mungkin sulit berharap penyimpanan file dari wuwa akan diringankan tapi ya saya berharap semoga saja bisa",Wuthering Waves,Negatif
ban kai,5,2026-02-05 04:38:40,bagus,Wuthering Waves,Positif
Ardianrizki,1,2026-02-05 04:37:45,"size bengkak cuma buat update rumput, optimalisasi kagak",Wuthering Waves,Negatif
Ahmad Nurahman,5,2026-02-05 04:29:22,game terbaik,Wuthering Waves,Positif
El Dear,5,2026-02-05 04:09:07,absolute cinema,Wuthering Waves,Positif
Oji Goper,5,2026-02-05 04:04:39,"game nya bagus tapi berat banget buat hp mid range kebawah, optimalisasi ny aga kurang untuk SoC mid kebawah, kalo SoC mumpuni harusnya enak2 aja",Wuthering Waves,Negatif
Arfa Desra triadi,5,2026-02-05 03:58:38,mantap,Wuthering Waves,Positif
Yoga Fahlevi,4,2026-02-05 03:58:13,"Ini game bagus, tapi optimalisasi di mobile JELEK BANGET",Wuthering Waves,Negatif
Venro Min,5,2026-02-05 03:53:00,bagus cuman konten end gamenya boss hp terlalu tebal dawg,Wuthering Waves,Negatif
Êxëñtrïx SïñūrãtÅrî,5,2026-02-05 03:51:11,bagus,Wuthering Waves,Positif
Dimas Naufal Tangahu,5,2026-02-05 03:45:45,"Saya suka dengan permainan ini, tapi ada banyak pemain yang penyimpanannya terbatas, tidak besar seperti laptop/komputer, coba kalau ada aplikasi Wuthering Waves Cloud, sistem log in nya sama seperti Wuthering Waves yang Original.",Wuthering Waves,Positif
Fanss Suryaa,5,2026-02-05 03:43:55,penyimpanan tiap update tolong di kurangin kuroo,Wuthering Waves,Negatif
Farhan,5,2026-02-05 03:39:31,great game,Wuthering Waves,Positif
GEMERS PELO,5,2026-02-05 03:18:13,mantab ada banyak istri🗿,Wuthering Waves,Positif
kurnia_one ikur,5,2026-02-05 03:15:41,aku suka bansos 😂,Wuthering Waves,Positif
Rifky Bengkulu,5,2026-02-05 03:13:12,"Suka banget sama game nya, tapi semakin update semakin besar storange nya, di hp semakin berat... tolong donk, developer, yakin banyak yg mau main di game ini dengan hp, karna ga semua nya punya pc, tolong donk di kecil kan lagi storange nya...",Wuthering Waves,Negatif
Exile,4,2026-02-05 03:07:09,"Aku yakin setiap update yang bisa sampe 1 GB itu, selain nambah performa dan optimalisasi permainan, kadang ada juga penambahan kelembutan fps untuk susu badag Cartethyia 😍",Wuthering Waves,Positif
Slayer_ Game38,5,2026-02-05 03:00:46,salah satu game openworld terbaik yg pernah saya mainkan,Wuthering Waves,Positif
-K-,5,2026-02-05 02:52:54,oke aja,Wuthering Waves,Positif
Ikhsan Mada,5,2026-02-05 02:52:53,keren,Wuthering Waves,Positif
Lavienth R,4,2026-02-05 02:49:08,setiap update map terlalu memakan banyak memori internal,Wuthering Waves,Negatif
Pentha Rahmatullah,2,2026-02-05 02:48:59,"woi hitam minimal size update tu bisa dikecilin gak, gede banget njir",Wuthering Waves,Negatif
Pillip Hendra,1,2026-02-05 02:42:05,"size terus membengkak, optimasinya semakin buruk, makin sulit mengalahkan musuh dan semakin tidak ramah untuk player untuk mendapatkan char limited.",Wuthering Waves,Negatif
Riya kanu joshua,5,2026-02-05 02:41:11,Great game overall,Wuthering Waves,Positif
Ni Kadek Ayu Meta Darmayanti,5,2026-02-05 02:40:52,serah deh,Wuthering Waves,Positif
Adelia Meira,2,2026-02-05 02:37:50,opi timize on phone,Wuthering Waves,Negatif
Ridho Aditiya,4,2026-02-05 02:28:53,Tolong di perbaiki di masalah compiling shader,Wuthering Waves,Negatif
Aldy Setiawan,5,2026-02-05 02:23:42,bgus,Wuthering Waves,Positif
Ardi Setiawan,5,2026-02-05 02:22:07,best lah😊,Wuthering Waves,Positif
Mirza,3,2026-02-05 02:19:54,dah sering ga win 50:50 lagi,Wuthering Waves,Negatif
Robby Candra,5,2026-02-05 02:17:01,Nice,Wuthering Waves,Positif
IGOK ZZZ,5,2026-02-05 02:13:14,My astreat😭😭,Wuthering Waves,Negatif
Michael Peter,5,2026-02-05 02:11:52,"Suka aja lorenya apalagi banyak referensi mulai dari novel, mitologi, bahkan game lain sama f2p banget sih buat sekarang. Sisanya yg masih kurang optimasi aja sih tpi bisalah improve lgi lah ya kedepannya 👍",Wuthering Waves,Positif
Ferdiansyah Bintang,2,2026-02-05 02:09:00,"tidak optimize sama sekali versi sekarang, HP mid range disuruh ganti gitu? grafik Low aja ngeframe banget, jangan fokus cuma pengembangan grafik aja. tapi juga optimize untuk device mid range!!!",Wuthering Waves,Negatif
Aji Mutaqin,5,2026-02-05 02:01:25,makin smooth,Wuthering Waves,Positif
skibidi toiet,5,2026-02-05 01:59:16,I LIKE CHARNYA,Wuthering Waves,Positif
RIZKI HIDAYAT,5,2026-02-05 01:56:53,ok,Wuthering Waves,Positif
AisiaAdiMukti Aisia,5,2026-02-05 01:55:02,saya harap developer sangat memperhatikan player,Wuthering Waves,Negatif
Jaya Sentosa,4,2026-02-05 01:53:30,tolong dioptimalkan gamen ny,Wuthering Waves,Negatif
Nighmare Aja,5,2026-02-05 01:52:36,gamenya bagus. cumn hp butuh up. dah patah2.,Wuthering Waves,Negatif
Singkong Keju,1,2026-02-05 01:46:08,"optimisasi jelek setelah update 3.0, size juga tidak dipedulikan",Wuthering Waves,Negatif
davin Aptana,1,2026-02-05 01:41:53,"game nya bagus dan kualitas yang semakin berkembang kerja bagus kuro gamenya, tapi izin ini kenapa gua kalah rete of mulu ya dan kenapa hard pity terus dan sekarang aku kalah lagi dia aemeth bro empat kali kalah rate off kamu bercanda kuro game hard pity semua lagi",Wuthering Waves,Negatif
Tommy Toni,5,2026-02-05 01:31:06,mohon developer tingkat kan terus optimallisasi buat pengguna mobile🙏,Wuthering Waves,Negatif
Arhy Jhee,5,2026-02-05 01:24:40,suka aja main game model kek gini😁,Wuthering Waves,Negatif
Power F,4,2026-02-05 01:14:33,"Overall game nya bagus, tidak ada keluhan yang berarti bagi saya,akan tetapi,Saya berharap agar ada bahasa Indonesianya,supaya saya bisa memahami dan mendalami isi cerita yang di sediakan tim developer lebih jelas, walaupun saya bisa sedikit bisa memahami bahasa inggris,saya selalu merekomendasikan game ini pada teman teman saya, alhasil keluhan mereka sama,tidak bisa memahami alur cerita karena keterbatasan bahasa Inggris,dan mereka tidak jadi memainkan game ini dan lebih memilih game sebelah",Wuthering Waves,Positif
Muhamad Fauzi,3,2026-02-05 00:58:38,Tolong optimalisasi untuk mobile nya di perbagus udah susah banget DIMENSITY 8200 untuk main ini game kayaknya sudah harus pensi.,Wuthering Waves,Negatif
Naofumi Iwatani,3,2026-02-05 00:57:15,lu pengen kita semua pensi kuroo??? storage makin bengkak woii,Wuthering Waves,Negatif
Yoru,3,2026-02-05 00:42:31,"optimisasi nya ampas, pls perbaiki",Wuthering Waves,Negatif
Yurni Uni,5,2026-02-05 00:40:37,"Jujur aja ini game bagus banget. Dari combatnya, visual, cut scene dan aspek-aspek dunia pergamean laginnya bagus banget. tapi itu semua gak di barengin sama optimalisasi yang bagus. yang di urus RUMPUT RUMPUT DAN RUMPUT AJA. WOY KURO NGOTAK DONG. BENERIN DULU OPTIMALISASINYA ANJIRRRR..BANYAN BUG ITU..MINIMAL JUGA JANGAN SERING-SERING UPDATE MAP AELAHH KALAU GAK ADA OPTIMALISASI YANG MEMADAI. TIAH HARI SETORAN 200MB MULU. BUG PUN SAMPE AKHIR PASE MASIH ADA. GILIRAN BIKIN MAP MAU TAPI OPTIM",Wuthering Waves,Negatif
Mamang Mv,5,2026-02-05 00:37:51,makin sini makin berat min apakah hp saya sudah gak mampu lagi untuk menjalankan game ini atau game nya yang semakin kesini semakin berat ? untuk next update tolong min optimisasi kan buat user mobile apa lagi yang hpnya gak terlalu bagus. Terima kasih,Wuthering Waves,Negatif
Bima Ekaputra,3,2026-02-05 00:31:59,"ada bug hang ketika mau driving tutorial 1, pas lewatin ring emas atau ring ketiga, langsung freze, sudah di restart game dan main di hari yang berbeda, tetap aja masih bermasalah disitu. tolong diperbaiki ! setelah update kenapa masih belum ada perbaikan? dan kenapa memorinya semakin membengkak? di android harus punya kapasitas 118 GB??? what the ... !",Wuthering Waves,Negatif
31 Vanezha Qirani,5,2026-02-05 00:22:04,jujur lebih nyaman maen di pc si daripada di smartphone 🧢,Wuthering Waves,Positif
Qays Atsila Zharfan,5,2026-02-05 00:22:02,GAME GACOR,Wuthering Waves,Positif
Robby Ndcdc,5,2026-02-05 00:16:38,"mantap kuro, terus memasak 👍ditunggu kolep cyberpunk nya",Wuthering Waves,Positif
aloavora,4,2026-02-05 00:16:36,"Kekurangan game ini cuma di size, sampe hapus game lain demi update wuwa, tolonglah size-nya itu dikecilin, masa iya yang dibagusin tekstur rumput doang. Padahal sebelum update 3.0, aman-aman aja, masih bisa main game berat lain, setelah update 3.0 terpaksa bersih-bersih karena size nya makin gede, tiap update juga rasanya kayak reinstall alias gede banget. Semoga Kuro mau dengerin playernya dengan masalah size ini. Overall selain masalah size, game-nya bagus, dari segi bansos juga🤗",Wuthering Waves,Negatif
Yunandri Chan,5,2026-02-05 00:15:56,best game ever,Wuthering Waves,Positif
Bary,5,2026-02-05 00:05:37,best f2p game ❤️❤️❤️❤️❤️,Wuthering Waves,Positif
DIKA01 dika,5,2026-02-05 00:02:24,"walaupun saya sudah lama mainnya dari awal rilis sampe sekarang jauh besar perbedaan di awal,Ampe sekarang dari segi optimal dan grafik terlalu ok mungkin ini kesan saya bertahan di gem ini sekian terimakasih.",Wuthering Waves,Positif
Fajar Yogie,3,2026-02-04 23:49:31,"optimasi jelek, size membengkak, umur game blm 2 thn sizenya dah gede banget.",Wuthering Waves,Negatif
Noor Azzam,5,2026-02-04 23:37:00,game sangat bagus,Wuthering Waves,Positif
Block Kode56,5,2026-02-04 23:35:26,good game 🤌,Wuthering Waves,Positif
Alvaro Sugianto,5,2026-02-04 23:29:05,"Pengalaman bermain yang sangat baik, dengan grafik memukau serta kombat yang diberikan terasa seru.",Wuthering Waves,Positif
azhar mean_solo,5,2026-02-04 23:14:37,mantap tapi memory penuh,Wuthering Waves,Negatif
Saskia Aulia,5,2026-02-04 23:07:09,"Tolong kuro, game nya di benerin dong. ini game kalo buat di mobile size nya terlalu gede, dan terlalu ngelag nih. ayolah optimalisasi buat mobile nya mana? saya suka game ini, saya ga mau berhenti gara gara device. tapi kalau size nya segede ini dan ngelag banget buat di mainin (padahal sebelumnya lancar) kan jadi sedih ya",Wuthering Waves,Negatif
Naren Tod,5,2026-02-04 23:05:44,bagus buat ngisi waktu gabut,Wuthering Waves,Positif
Agung Ramjaya,5,2026-02-04 23:02:48,perfect game..,Wuthering Waves,Positif
Veri Noah2,5,2026-02-04 23:00:53,dari grafik dari alur cerita gila kren parah game terbaik menurut saya👍👍,Wuthering Waves,Positif
Zola Septiawan,5,2026-02-04 22:50:28,peak!!,Wuthering Waves,Positif
Deni Fadli,5,2026-02-04 22:49:05,"like banget sih yg 1 ni, btw angkatan awal kluar ni game gweh😋😋",Wuthering Waves,Positif
Bgs Al,5,2026-02-04 22:40:43,"game ya bagus tapi jangan buru² buat upgrad grafis dioptimal kan dulu masi banyak bug² yang bikin mata sakit,tanah hilang,lag parah,dop grafik.",Wuthering Waves,Negatif
Mfarhan Prananto,5,2026-02-04 22:35:23,game baik,Wuthering Waves,Positif
Lucilla Sterrato,4,2026-02-04 22:34:20,"Secara fitur dan update bagus, tapi tolong untuk optimalisasi diperbaiki. Terutama dengan update baru ini, kebanyakan user mobile banyak yang tidak bisa memainkannya secara lancar padahal sudah di set ultra performance. Tolong untuk Dev, jika memang kesulitan lebih baik buat versi khusus untuk PC dan mobile jika memang kesulitan untuk optimasi.",Wuthering Waves,Negatif
Sawako,5,2026-02-04 22:20:43,"saya suka sekali sama game with waves ini.dari grafik, story telling nya, karakter desain nya,musik nya,mekanik bertarungnya dan ceritanya. gacha nya juga ramah untuk pemain f2p. tolong pertahankan dan kalau bisa di tingkatkan lagi.terimakasih kuro sudah membuat game wuthering waves ☺️",Wuthering Waves,Positif
Cid Kagenou,5,2026-02-04 22:14:07,"tolong perbaiki size nya, buat kami player hp susah ngimbangin nya terlalu gede",Wuthering Waves,Negatif
Zero Zerooo,4,2026-02-04 22:06:35,udah nggak bisa sudah nih game HP support tapi penyimpanan tidak support bye,Wuthering Waves,Negatif
Muhammad Fathi Rafa,5,2026-02-04 21:49:44,hoki,Wuthering Waves,Positif
Satria Adliraka,5,2026-02-04 21:38:23,"ini patch terakhir (3.1) gw main wuwa soalnya storage cuman 128 dan lagi nabung buat beli device baru,buat kuro great job soal gamenya udah bagus banget,makasih juga buat kuro game udah nemenin selama setahun",Wuthering Waves,Positif
Mivan Van27,3,2026-02-04 21:26:20,"dari awal main patch 1.0-2.0 masih suka ada bug dan feel ny kek kurang enak,dan di patch 2.0-2.7 udah lumayan nyaman di perangkat gue gak banyak drop,tapi saat update ke 2.8 feel ny jadi berat di hp banyak fps drop cepat panas dan sesekali FC tiba tiba.dan terakhir di awal patch 3.0 ku kira akan ada pengoptimalan yg lebih baik tapi nyatanya size game semakin bengkak gak karuan sampai lebih dari 50 GB di hp untuk sekarang dan terus akan bertambah seiring waktu,dengan kualitas di hp lumayan parah.",Wuthering Waves,Negatif
Tamm Ptraa,5,2026-02-04 21:23:19,"gim baik mantap banget cik, banyak waifu tobrud😹😹",Wuthering Waves,Positif
Ter Welu,1,2026-02-04 21:22:09,"baru downlad data dan selesai 35gb, tinggal nunggu kopilasi shadernya, tiba tiba ada update, gw update lah, malah harus download data ulang sebesar 16GB. halah jem.",Wuthering Waves,Negatif
marsel tukaedja sell,5,2026-02-04 21:05:27,tingkatkan gacha supaya GK 50:50,Wuthering Waves,Negatif
rehanpratamaputra putra,5,2026-02-04 20:57:25,👍,Wuthering Waves,Positif
Jay Chow,5,2026-02-04 20:57:07,the best open world game,Wuthering Waves,Positif
Uniciron Black,5,2026-02-04 20:52:56,"gw suka gameplay sama mekanik nya soal nya gw dulu pernah main pgr dan itu menurut gw bagus bgt cuma,plisss lah kasih opsi hapus data quest lama banyak bgt numpuk tapi nggak guna,yang ada malah hapus text nya doang tapi nggak hapus data scene nya",Wuthering Waves,Negatif
Rendi Pratama,5,2026-02-04 20:16:56,bagus sekali untuk game rpg tapi ga ada Subtitle indonesia tolong untuk development untuk menambah lan Subtitle indonesia agar bisa lebih untuk menikmati game nya,Wuthering Waves,Positif
Fadhil Widadi,5,2026-02-04 15:57:29,bagus banget,Wuthering Waves,Negatif
Gangsar Ari Prasetya,4,2026-02-04 15:00:24,"tiap update patch size selalu besar banget dah, tolong lebih di optimalkan.",Wuthering Waves,Negatif
Roffy Faizal,2,2026-02-04 12:34:19,"setelah update kenapa ukuran storage yg dibutuhkan bisa bengkak sampe sebesar ini sih?! tolong untuk update selanjutnya kalo bisa diperkecil lagi untuk storagenya terutama untuk device HP, masa harus ngabisin sampe 100 giga sih!!!",Wuthering Waves,Negatif
Windo Adong,5,2026-02-04 10:18:43,"buat versi cloud, karena perangkat saya sudah tidak mampu berjalan lagi 😭 kuro mohon dengar kan pendapat saya, 110gb hanya untuk permainan mu",Wuthering Waves,Negatif
Muhammad Rezky,5,2026-02-04 08:37:30,bagus jir sampe' hp gw tiba' mati trus suhu hpnya di 100°C😹,Wuthering Waves,Negatif
Rijal Doang,1,2026-02-04 08:26:14,penyimpanan yang jadi kendala itu setiap update game size game di duplikat terlalu besar. dan akhirnya tidak kuat untuk menjalani game ini.,Wuthering Waves,Negatif
Hafid Razzaq,5,2026-02-04 04:52:49,enak dimainin,Wuthering Waves,Positif
GAIUS Maji,1,2026-02-04 04:40:00,pliss turun ukuran download tan ya,Wuthering Waves,Negatif
P N,2,2026-02-04 03:39:09,"terlalu maksa konten baru, konten lama jadi tidak relevan dan menuh-menuhin storage doang.",Wuthering Waves,Negatif
Boneka santet,1,2026-02-04 02:10:23,Gem sangat berat.setiap update memakan ruaang sangat besar Sampek 100gb lebih.Calon Deat gem.sorry aku pensi duluan!,Wuthering Waves,Negatif
Haikal Kalcuy,5,2026-02-04 00:18:35,"dari segi gameplay udah bagus sih mantap banget😍, tapi tolong lah buat developer nya kalau update jangan terlalu besar² kasiahan player lain yg HP nya masih tidak memadai",Wuthering Waves,Positif
ZakyWan,1,2026-02-03 21:40:57,Jelek,Wuthering Waves,Negatif
NADS gaming,1,2026-02-03 21:04:22,"game gacha ini akan tetap sepi kalo setiap update nya bikin device entry level atau mid range sengaja di siksa demi grapich wow padahal ternyata developer dan fandom nya sama-sama egois suruh upgrade Device, btw mayoritas device para Rover di Indonesia 60% sampai 70%, device nya mid range, kalau tak di optimalisasi kan secara gameplay dan size aplikasi mereka akan berhenti, APALAGI subtitle Indonesia nya gak ada padahal banyak orang yang minta tapi ya sama tak i gubris selama bertahun-tahun..",Wuthering Waves,Negatif
bianca,1,2026-02-03 20:38:50,"kecewa gadapet iuno,2x lagi",Wuthering Waves,Negatif
muhammad cikal,5,2026-02-03 20:09:04,"Game Dgn gameplay terbaik, dengan storynya yang absolut cinema menjadikan game ini terbaik di kelasnya, semoga developer makin improve...",Wuthering Waves,Positif
renaldi sebastian,3,2026-02-03 18:06:18,"Saya pemain Wuthering Waves sejak awal rilis. Saat ini ukuran game hampir 50 GB, yang sangat besar untuk versi mobile. Masalahnya, setiap update hampir selalu menambah 15–20 GB ke base game. Ini sangat membebani pemain dengan storage terbatas. Tanpa solusi seperti optimalisasi data atau penghapusan aset lama, kemungkinan saya bisa terpaksa berhenti bermain. Saya masih percaya Kuro Games masih mendengarkan keluhan fans semoga mereka bisa segera memperbaiki masalah ini.",Wuthering Waves,Negatif
Mlbb Yopie,3,2026-02-03 16:34:41,"reedem code terlalu cepat expired. ga semua orang punya waktu buat stay di web untuk dapat reedem code. saya sibuk kerja tetap sempat kan bermain meskipun sebentar. top up juga meskipun tidak banyak tapi rutin perbulan. masalah reedem code terlalu cepat expired, sudah berbulan"" kode reedem yang saya sengaja cari, selalu expired. kalian membuat kode reedem untuk hanya sebagian player kalian saja??",Wuthering Waves,Negatif
R Ryo,4,2026-02-03 15:49:57,"untuk gamenya sudah sangat bagus dari segi apapun, cuma untuk masalah pengoptimalan harus di lakukan terutama buat di android karena sangat lag berutal meskipun sudah pakai device yang bagus",Wuthering Waves,Negatif
Ihsan,3,2026-02-03 15:38:19,"bagus cuma rata rata cara berfikir karakter nya tidak realistis dengan apa yang terjadi pada dunia game nya, coba kalian pikirkan manusia akan berfikir apa jika mereka sering kali menghadapi penderitaan yang tidak wajar seperti kematian, tekanan, rasa sakit,mental yang di permainkan tetapi karakter masih bisa bisa nya berfikir mengorbankan dirinya sendiri demi hidup orang lain, seharusnya ada dampak stress terhadap karakter dan yang paling bikin ngakak,dalam keadaan drama mereka tidak pakai baju",Wuthering Waves,Negatif
Ardi Julhamsah,5,2026-02-03 14:50:02,setelah update ukuran untuk ponsel di 115 GB dan ya ini terkahir kali memainkan game ini.,Wuthering Waves,Negatif
Riski Riski alipka,2,2026-02-03 12:59:59,ini saat saya mengunduh pre-update 3.1 itu mengulang 2 dan itu suda mengunduh banyak tolong kuro game untuk dioptimalkan untuk downloadnya,Wuthering Waves,Negatif
Qxy,5,2026-02-03 12:06:48,"10/07/24. Saya dukung game ini menjadi lebih baik, semangat tim kuro. Salam dari device low. Edit 03/02/26. Dari awal rilis maen sampai sekarang, sumpah wuwa semakin bagus dan sangat nyaman di mainkan di hp device low/kentang seperti saya. semoga kedepannya wuwa menjadi terbaik dari yang lain dan semoga hp device low atau kentang seperti saya bisa bermain dengan lancar. Semangat tim kuro❤",Wuthering Waves,Positif
Ronny Widian,5,2026-02-03 11:56:40,Sudah ga kuat memori hp ku 😅,Wuthering Waves,Negatif
wahidin ariansyah,1,2026-02-03 11:44:03,mau comeback tapi pas lihat unduhan data gede banget udah hampir 33gb lebih harus download data tambahan 25gb!!,Wuthering Waves,Negatif
ambatusyam 69,2,2026-02-03 11:41:31,Pas setiap update patch selalu bengkak ukuran ni game kocak,Wuthering Waves,Negatif
no names,5,2026-02-03 11:24:07,"admin wuthering wave ada gak fitur reset quest,storage ku udah membengkak banget,tolong donk adain fitur reset quest kaya genshin impack,kalau dari segi grafik udah bagus ko sama jalan cerita aku suka.",Wuthering Waves,Negatif
Joshua Gamaliel Damanik,3,2026-02-03 10:56:09,"game nya bagus namun tidak ada optimalisasi ruang penyimpanan, dibutuhkan banyak sekali space hanya untuk pra download saja. saran saya quest dari 1.0 yang sudah di kerjakan dapat dihapus data nya, serta event permanen yang sudah diselesaikan memiliki opsi untuk menghapus atau ada opsi download event permanen pada pengaturan agar tidak memakan banyak ruang",Wuthering Waves,Negatif
DEWI Al MAHYRAH,4,2026-02-03 10:50:45,selagi belum ada bahasa Indonesianya . saya tidak akan download .,Wuthering Waves,Negatif
U - DO,5,2026-02-03 10:42:03,"Semoga lebih baik lagi dan lagi ke depannya, dan tolong bisa lebih di optimalkan lagi untuk device mid... Thanks...",Wuthering Waves,Negatif
RE:projekt,5,2026-02-03 10:21:38,Ini game kalo urusan size makin lama tambah rakus. update sebelumnya suruh nyisain 40GB free space. Update yg baru ini suruh nyisain 60GB. gilakkk.,Wuthering Waves,Negatif
Sanjay Setiadi,1,2026-02-03 09:58:49,"SENGAJA BANGET NYURUH PENSI, UPDATE 16GB MASA BUTUH SPACE NYA HARUS 60GB LEBIH, YANG BENER AJALAH,,, KECEWA GUA",Wuthering Waves,Negatif
Bang RID.95,3,2026-02-03 09:37:55,jelek banget grafik nya padahal grafik udah ultra high,Wuthering Waves,Negatif
Zaki Kecebanget,5,2026-02-03 08:22:23,"plis kasih bahasa Indonesia juga lahh, aku ada yang nggak ngerti juga dialog bahasa inggrisnya, plissss lahh",Wuthering Waves,Negatif
Egardwi Januar,5,2026-02-03 07:56:23,kereeennn,Wuthering Waves,Positif
Atar Alfahrezi,5,2026-02-03 06:46:05,lumayan,Wuthering Waves,Positif
Nur Mauluddin,5,2026-02-03 05:50:40,"butuh bahasa Indonesia di dalam gamenya, mohon kuro ditambahkan, Storage full, Time to say goodbye WW🧤",Wuthering Waves,Negatif
Vino Vano,5,2026-02-03 05:33:36,grafik dan battlenya nya mantab,Wuthering Waves,Positif
Tri Bay,1,2026-02-03 04:36:41,gua gak bisa masuk,Wuthering Waves,Negatif
Rubennn Goa,5,2026-02-03 03:36:30,dapat augusta 1 pull,Wuthering Waves,Positif
Rizki Teddy,5,2026-02-03 00:35:37,mantap man gachanya,Wuthering Waves,Positif
Batagor the gaming,3,2026-02-03 00:21:07,tambahkan bahasa Indonesia,Wuthering Waves,Negatif
greo laster,1,2026-02-02 22:35:31,battery killer,Wuthering Waves,Negatif
m arshal,1,2026-02-02 16:14:14,"BURUK BANGET PERFORMANYA GAK OPTIMAL DI PATCH 3.0 INI, BERBEDA DENGAN PATCH SEBELUM NYA YANG SANGAT STABIL PADAHAL DEVICE SAYA SANGAT MEMADAI",Wuthering Waves,Negatif
RIZKY UMMARA,5,2026-02-02 14:16:23,"secara gameplay itu seru! dalam eksplorasi, karakter, cerita, quest, dan hadiah chest yang melimpah. 👍🏻 saran aja buat pengembangan kedepannya, mungkin bisa ditambahkan subtitle Indonesia agar lebih mempermudah player dalam memahami cerita, dan juga mungkin bisa ditambahkan aplikasi khusus buat komunitas, bisa cek peta, hadiah login tambahan, agar bisa memperluas juga. itu aja semoga update berikutnya, lebih baik lagi.",Wuthering Waves,Positif
Setia Budi,2,2026-02-02 12:53:03,kurang nya di bahasa aja .. gak ada bahasa indo . nanti aja main lagi kalau udah ada bahasa indo,Wuthering Waves,Negatif
Hanya Orang biasa,1,2026-02-02 12:46:40,makin berat ni game dah lah besok besok udah 100gb aja ni game uninstal aja dah gk ramah device low godbay wuwa,Wuthering Waves,Negatif
Husein Indah,5,2026-02-02 09:52:27,"gamennya bagus dan sangat realistis tapi pada saat main game saya merasa terganggu dengan jaringan tersebut namun aku tetap sabar dengan hal itu tapi jaringan itu terus yg menggangguku, kenapa aku kasih bintang 5 karena gamennya bagus dan sangat realistis ya walaupun keganggu ama jaringan tapi aku sangat suka bgt dengan game ini, yah semoga aja kedepannya kuro kasih game ini yang terbaik dan juga spinnya jangan disusahin yah :)",Wuthering Waves,Negatif
Huda,2,2026-02-02 08:43:57,Bahasa Indonesianya geng?! 😭😭,Wuthering Waves,Negatif
Muhammad Reyhan,5,2026-02-02 05:37:19,"absolute cinema sih cuma, ceritanya kurang tapi gak kurang banget. efek yang dihasilkan karakter udah sangat-sangat memuaskan cuma, masih sedikit kaku(menurut gw) terus perlu lebih dioptimalkan lagi gamenya biar fps lebih stabil soalnya hp yang mid-range aja udah gak kuat. grafik udah terbilang cukup di mobile dan sangat cukup di dekstop gw cuma pengen optimalisasi aja untuk sekarang. oh iya 1 lagi jangan kasih karakter perempuan mulu kasih juga laki-laki biar stabil",Wuthering Waves,Negatif
MCP 2005,4,2026-02-02 02:21:54,semuanya bagus masalah nya hanya pada size game nya kebesaran jadi gabisa main lagi mungkin ini aja kalo mau main harus hapus game lain dulu sampai kosong 😅 tapi aku suka,Wuthering Waves,Negatif
Fathan Sus,3,2026-02-02 00:54:48,"optimisasi nya masih kurang, main di snapdragon 7gen3 ngeleg parah itupun pakai grafik low",Wuthering Waves,Negatif
Ridho Setiawan,4,2026-02-01 19:24:40,"macam mana nih saya dulu main lancar² aja sekarang habis update banyak lag nya, fix lag nya gak ngotak tolong di perbaiki lagi ya.",Wuthering Waves,Negatif
nihong,1,2026-02-01 18:35:22,"game asu,kasih fiture terbang lagi di region baru",Wuthering Waves,Negatif
ilove carlmom,5,2026-02-01 12:22:50,"Masterpiece, terimakasih karna telah memberikan pengalaman bermain yang luar biasa, tapi sayang harus berhenti karna hp sudah tak kuat dwag💔🥀",Wuthering Waves,Negatif
Gunawan ab,1,2026-02-01 11:19:24,"Eksplorasi capek. flopwaves dinyotek gbf, dll",Wuthering Waves,Negatif
Serbet Belok,1,2026-02-01 10:16:23,ini game apa sih lama banget loading nya,Wuthering Waves,Negatif
Godn zero,5,2026-02-01 09:56:12,woke,Wuthering Waves,Positif
Muhammad Syamsul Huda,4,2026-02-01 08:25:19,"bagus, tapi agak berat ya",Wuthering Waves,Positif
Tree,5,2026-02-01 08:15:43,mantap,Wuthering Waves,Positif
Pain Tendo,5,2026-02-01 07:19:02,MMORPG dengan Grafis AAA non berbayar yang saya prioritaskan untuk kalian.. di dukung Audio dan Video Memukau patut di menjadi rekomendasi Bagi kalian para pecinta Eksplore Combat mekanik skill..,Wuthering Waves,Positif
Rakha adiwitya Ardana,1,2026-02-01 05:58:59,"Gamenya sebenarnya bagus, tapi gak ramah device seperti Hsr Dan Genshin. yah mau gimana lagi...",Wuthering Waves,Negatif
Muhammad Rafi,5,2026-02-01 05:40:29,"tolong dong min, tambah translate dialog nya b indo, gua g paham jer b. Inggris apalagi bahasa lain yg ada.... dialog aja terjemahannya b indo, voice jangan jelek.... tolong min huaaa cape gua belajar lagi",Wuthering Waves,Negatif
Mizuki Inazuma,5,2026-02-01 04:57:55,bagus bngttt,Wuthering Waves,Positif
Suaka Lmao,4,2026-02-01 04:01:48,mantap bagus game nya,Wuthering Waves,Positif
Kavindra Keanu,5,2026-01-31 23:39:00,bagus,Wuthering Waves,Positif
Dark Dragon,5,2026-01-31 18:25:38,"Best Game, Fight nya Keren, dan desain beberapa bos monster nya keren banget, juga sebagai penikmat story berharap game ini ada bahasa indonesianya mau banget lebih mendalami story dalam game nya",Wuthering Waves,Positif
Santri jadmiko,4,2026-01-31 06:48:26,fitur game nya udah bagus cuman saya berharap support bahasa Indonesia,Wuthering Waves,Positif
Zet 752,5,2026-01-31 06:40:53,game baik,Wuthering Waves,Positif
Moe,5,2026-01-31 05:09:23,"game terbaik yg pernah gw mainin, nyari chest mudah isinya 10 astrite ampe 30 astrite, gak kek game sebelah susah nyari dapatnya cuma 3 ampe 5 mana susah nyarinya, mekanik emang susah cuma udah gw atasi itu yg gak bisa karena skill issue",Wuthering Waves,Positif
Muhammad Albi,5,2026-01-31 04:47:30,grafik nya sangat bagus dan efek dari karakter nya juga bagus,Wuthering Waves,Positif
Yunohana Yuuna,5,2026-01-31 03:13:35,game terbaik,Wuthering Waves,Positif
Leoneve davinci,1,2026-01-31 02:11:33,"kecewa berat kepada developer kuro games tentang game Wuthering waves ini ga di Optimalisasi untuk spek menengah seperti helio g99 , dulu saya suka karena lebih baik dari genshin impack, reward cukup oke lalu gacha ok tapi sekarang di persulit kadang rate off kadang on, setiap update makin bertambah dari 19/20 gb menjadi 50 gb termasuk map lahairoi yang sangat berat dibanding map rinas atau septimont, kecewa intinya saya udah berat lag lagi ga di optimalisasi. game ga ramah bintang 1",Wuthering Waves,Negatif
Give me light,5,2026-01-30 18:08:21,"woy kuro, tambahin lah ladang asterite nya, gw aja sering berlangganan 30hari masih seret asterite gw, ayolah game nya lo asik gini, rugi gak di ksh event yg seger"", lebih inovatif lagi lah klo bikin event, dan jangan lupa di tambahin Hadiah asterite nya wkwkwkwkw",Wuthering Waves,Negatif
ndan Rf,1,2026-01-30 13:48:13,kurang optimal,Wuthering Waves,Negatif
Hidd de shiina,5,2026-01-30 12:45:14,"woi bisa ga sih klo ngasih rating tu mikir dikit? masalah lag lah bug lah kuro dah berusaha sebaik mungkin optimasi tapi kasih rating 1 cu, device lu lu pada aja yg ga kuat, *sadar diri lah cu*",Wuthering Waves,Positif
Yusuf Mahendra,5,2026-01-30 12:15:36,game mantab. wajib download kawan2.,Wuthering Waves,Positif
Abiy Yu,5,2026-01-30 11:56:31,"sumpah ini bagus banget, apalgi story beh mantap pokonya",Wuthering Waves,Positif
Bagas Hermawan,5,2026-01-30 11:02:02,tambahin bhasa indo bos,Wuthering Waves,Positif
Cha Azriellya,4,2026-01-30 07:30:33,game yang baik hati. gatcha nya mudah di dapatkan. cuma sayang dengan ukuran yang SEGEDE GABAN bikin HP demam kejang dan ngoshngoshan.kalo sdikit di kurangin size nya sh mungkin lebih asik buat di mainin lebih lama.,Wuthering Waves,Negatif
Yamaichii / Bryan Lionel Abielle,5,2026-01-30 06:13:06,"keren euy, btw Chisa kapan rerun? 🗿",Wuthering Waves,Positif
Burnely Official,5,2026-01-30 02:08:50,mantap,Wuthering Waves,Positif
Mario Benedicto Rizal Latul,1,2026-01-29 20:23:41,game sering tertutup sendiri padahal spek hp ku kuat untuk memainkannya,Wuthering Waves,Negatif
Radit Game House,5,2026-01-29 18:00:03,"Pada Quest Vehicle Driving Tutorial 1 selalu stack atau freeze saat masuk lingkaran ketiga, ada apa? Tolong di perbaiki, kalau begitu terus tidak bisa selesai Questnya. Terima kasih... Overall Luar biasa.",Wuthering Waves,Positif
Kenzie Aqila Manurung,4,2026-01-29 17:15:54,"ceritanya agk kurehg krena terlalu menonjolkan cerita mc dengan char lain terutama char cewek(kek genre harem). tpi untuk gameplay seru mekanik ny juga asik, gk kikir cmn gk ad bahasa Indonesia aj yng buat agak susah paham dengan ceritanya.",Wuthering Waves,Negatif
Kelvin r,2,2026-01-29 14:20:35,optimisasi game kurang,Wuthering Waves,Negatif
Ahmad Akbar,5,2026-01-29 13:16:57,setelah melihat kabar update wuthering waves 3.1 seperti mungkin saya dan beberapa orang yang bermain secara mobile dengan spek minimum akan pamit sedangkan untuk 3.0 pada map lahai roi saja sering frame drop apalagi ukuran game yang semakin bertambah terima kasih sudah membuat game yang bagus tapi sayang sekali untuk 3.1 tidak ada harapan lagi untuk bisa bermain dengan lancar,Wuthering Waves,Negatif
Muhammad Ivander,1,2026-01-29 11:03:25,ni game kikir bet mana dapetin 4 bintangnya susah betul abis selesain misi cuman dapet 100 asteriye ini game atau apaan dah jelek bet UDAH KIKIR OPTIMISASI NYA SAMPAH BENER ABIS UPDATE BUG NAMBAH,Wuthering Waves,Negatif
Aqil Kamil,4,2026-01-29 09:32:59,"gameplay bagus, story lumayan, graphic sangat bagus, 1 kekurang tolong pembelian dalam game atau top up di fix kan per regional harganya sebab KLO terus2 menerus dalam dolar harga bakal naik terus.",Wuthering Waves,Negatif
Naural Mumtazah,5,2026-01-29 08:37:59,"game nya cukup bagus dan menyenangkan, cuma tolong Adain hapus data game yang lama biar hemat penyimpanan dan tambahin subtitle Indonesia dong",Wuthering Waves,Positif
Vioo,1,2026-01-29 06:27:47,baru main udah lose 50/50,Wuthering Waves,Negatif
Iyep Rukmana,5,2026-01-29 06:05:01,"61GB free storage buat versi 3.1 + 50GB ukuran game, tolong ukuran free storage yang dibutuhkan, dikondisikan",Wuthering Waves,Negatif
Abdul khalik,5,2026-01-29 02:36:39,"omg, setelah hampir 1 tahun ngga main terus main lagi banyak bgt perubahannya dan sistemnya juga sudah banyak yg di perbaiki, jadi makin semangat mau main lagi di tambah cerita yang baru dan lagu lagu nya beuhhh best mmorpg",Wuthering Waves,Negatif
Ryan Ghiyats 25,1,2026-01-29 02:12:02,bahasa Indonesia nya mana oy 💩👎,Wuthering Waves,Negatif
Fahri Fauzi,5,2026-01-28 23:14:53,Game sangat bagus gameplay mudah dipahami dan gacha di game ini ga pelit,Wuthering Waves,Positif
Aulia Afifa,5,2026-01-28 14:40:10,"intinya game nya seru, story nya keren gabisa dijelaskan cmn dri kata"" saking keren nya soalnya",Wuthering Waves,Positif
Riski Prayugo,5,2026-01-28 13:41:58,"udh bagus bnget ni game, kekurangan nya cuma 1 yakni tolong tambahin bahasa indonesia dong",Wuthering Waves,Positif
Mardian,3,2026-01-28 13:24:14,terlalu berat buat kentang wkwk,Wuthering Waves,Negatif
Hibat,2,2026-01-28 10:09:21,"Tambah berat tambah lama tambah aduhhh, dulu seru padahal sekarang kebanyakan char cewe, yang lain lah kuro masa cwe mulu, knt ,l",Wuthering Waves,Negatif
Mei Aiharaa,4,2026-01-28 09:43:40,Tolong kuro tambahin bahasa indonesia udh perfect kalo ada,Wuthering Waves,Positif
Nazla,4,2026-01-28 08:56:10,minimal pas ngeloading resource dicepetin dikit untuk gamenya sih bagus,Wuthering Waves,Positif
P entol,5,2026-01-28 06:55:06,game bagus jalan di rtx 5090ti lancar😹,Wuthering Waves,Positif
Another,1,2026-01-28 03:05:56,saya kasih ranting 1karna penyimpanan geme ini sangat besar dan saya mau ada fitur hapus data terdahulu yang membuat penyimpanan geme di mobile agar tidak terlalu over tolong kasih fitur hapus data terdahulu,Wuthering Waves,Negatif
Maz Xameth,5,2026-01-27 18:47:03,"versi 3.0 ini fps drop parah untuk mobile. bahkan kadang sampek lag. padahal gak kentang amat, udah SD 8 gen 3. terutama di Startorch Academy. Di bagian 3 race track juga sama. Lag mulai sering setelah mencapai lap ke 2 hingga sulit menyelesaikan balapan sesuai waktu tercepat. Tolong perbaiki di 3.1 mendatang.",Wuthering Waves,Negatif
Rifky Zidane,4,2026-01-27 16:29:59,"tolong kuro game, tolong kasih B. INDONESIA NYA, dan tolong di otomatis",Wuthering Waves,Negatif
M4,4,2026-01-27 11:46:39,Hp flagship kluaran 2023 ga mampu jalanin lancar gamenya.. asli berat banget..,Wuthering Waves,Negatif
Camus,4,2026-01-27 08:58:15,"x3 losing 50/50 on hard pity! this game is friendly-player they said, LMFAOO what a fraud system!",Wuthering Waves,Negatif
Is Mail,4,2026-01-27 04:31:23,"perbaiki lagi untuk pengoptimalisasinya, karena terasa berat untuk mobile",Wuthering Waves,Negatif
Nando Purnomoaji,5,2026-01-27 04:28:41,ok,Wuthering Waves,Positif
Rizky,5,2026-01-27 02:35:55,pelit gacha,Wuthering Waves,Negatif
Bintang,5,2026-01-27 01:26:23,Tolong lebih di optimalkan lagi untuk versi mobile nya.,Wuthering Waves,Negatif
Rmdn Mdn,5,2026-01-27 01:02:10,tolong tambahan fitur transfer data biar enak,Wuthering Waves,Negatif
Jokowi Modesawit,1,2026-01-26 20:25:48,game jelek bayak bug lag ga ramah buat buat HP ketang,Wuthering Waves,Negatif
Amsa2nd,5,2026-01-26 17:46:04,"sering sering update optimalisi aja dari pada grafik terus biar bisa lebih lancer di hp atau di pc jangan jadi kan timpa data lagi ya kuro sekian ""terimakasih""",Wuthering Waves,Positif
Saidi Cool,3,2026-01-26 12:51:06,"saya pernah main waktu di awal release namun saya berhenti bermain dan hapus apknya,hanya satu alasan "" tidak ada bahasa Indonesianya "" nanti kalau sudah ada bahasa indonesia mungkin saya mainkan lagi",Wuthering Waves,Negatif
Diki Hasanudin,5,2026-01-26 12:51:03,bagus,Wuthering Waves,Positif
Rizki Alfarizi,5,2026-01-26 10:47:42,"Untuk overall game nya bagus tidak pernah sedikit pun menemukan bug atau gangguan apapun, dan untuk saya yang bermain f2p gacha atau mencari ressource sangat lah mudah, pengalaman saya bermain selama 3 bulan sudah mendapatkan banyak character bagus. cool wuthering waves i bet it will be a good game in the future.",Wuthering Waves,Positif
Mahwan Zxc,5,2026-01-26 08:40:52,"reward banyak , dapetin astrite gampang(yang bilang susah ngga tau gw susah nya di mana , kalo di bandingin genshin lebih gampang ini), explore gampang, mekanik seru (yang bilang susah,emang noob,skill issue) , kalo cerita ngga tau jelek apa kagak, gw main cuma buat nikmatin mekanik combatnya",Wuthering Waves,Positif
Reivandza yuda Guntara,1,2026-01-26 07:26:53,game play bagus ada tombol skip tapi pls bikin lebih optimal lagi,Wuthering Waves,Positif
Yoni Alfatah,5,2026-01-26 06:09:24,terbaik,Wuthering Waves,Positif
Sugiatno Yatno,5,2026-01-26 05:17:02,"story bagus , combat bagus, cinematic 👍",Wuthering Waves,Positif
Adelia Putri,5,2026-01-26 05:15:32,"gua pengen download ini game lagi, tpi kaget banget pas masuk harus download 30-40 gb an bujett, waktu itu kalo ga salah cuma 12gb, agak nyesel hapus ini game 🥲🥲 soalnya gua orang nya ga sabaran bangett harus nunggu sampe 30 gb an",Wuthering Waves,Negatif
Deren,5,2026-01-26 04:00:22,"Tolong ""Kuro Games"" dioptimalkan lagi di HP android agar tidak ngelag lagi, kalau sudah, saya janji akan kasih bintang 5",Wuthering Waves,Negatif
Albertt Yoo,5,2026-01-26 01:04:35,"bagus bet grafiknya, walaupun ada sedikit bug grafik yaa,tapi tetap the best lahh,game RPG anime pertama gw 😋",Wuthering Waves,Positif
Rei Hnzzz45,5,2026-01-26 00:53:33,"kenapa update ini aneh sekali, dulu rata kanan lancar saat 2.8 rata kanan lancar tapi sekarang rata kiri suka fc (hanya di area startorch academy saja) tolong perbaiki kasus fc ini. Karena 3.0 akan lebih sering di area startorch. Device Samsung A73",Wuthering Waves,Negatif
miselea,5,2026-01-25 20:41:27,"sistem gacha ga ribet, ftp termanjakan si.",Wuthering Waves,Positif
Bintang Andro Meda,5,2026-01-25 17:35:10,abslout cinema ✋️😮✋️,Wuthering Waves,Positif
Akbar Berianov,4,2026-01-25 16:41:27,"Hi, tolong saya tidak bisa quest tutorial driving motor dinlaha roi selalu bug dan freezee",Wuthering Waves,Negatif
muhammad nabil,5,2026-01-25 13:47:37,gacorrrr,Wuthering Waves,Positif
Hendika Ainur Rokhim,5,2026-01-25 11:41:46,"apakah tidak ada fitur yg menghapus data terdahulu agar tidak memakan banyak memory, saya harap fitur tersebut segera di luncurkan",Wuthering Waves,Negatif
Revi Aditya Pratama,5,2026-01-25 09:19:22,"Gamenya overall bagus banget, baik dari cerita, grafik, map, eksplorasinya. tapi, tolong pengoptimalannya untuk hp.",Wuthering Waves,Positif
Faniya Salsabillah,4,2026-01-25 08:42:56,"gameplay nya bagus banget dialog sama animasinya keren, eksplorenya gampang karena banyak alat yg bantu bwat eksplore, bansosnya mantap, tapi storynya gak deh, opiniku🙏",Wuthering Waves,Positif
Badus,4,2026-01-25 08:29:43,"mantap bet , cuman aga kurang optimal nya aja",Wuthering Waves,Positif
Al Alfarizy2,5,2026-01-25 06:41:53,mantap,Wuthering Waves,Positif
Shandi Desta,5,2026-01-25 06:13:39,"game nya udah bagus ,tapi bisa gak kesulitan nya di tingkatkan, kayak pgr atau arknight Enfield, biar gak cepet mati boss nya ,kurang seru kalau terlalu cepat mati ,kalau bisa buat boss yang punya phase ,kayak 2 phase atau 3 ,tolong banget yaa",Wuthering Waves,Positif
Yusuf Maulana,5,2026-01-25 05:12:23,terimakasih kuro,Wuthering Waves,Positif
ryo,3,2026-01-25 03:49:27,"duh, ga ada halus data misi lama, kasian yg hpnya mentok 128 gb, setidaknya kayak genshin, hsr dan game lain lah, bisa bisa game besar gini ga ada hapus data misi lama duh",Wuthering Waves,Negatif
Ihya M,3,2026-01-25 03:38:10,tolong tambahkan bahasa indonesia,Wuthering Waves,Negatif
Andryanda Raihan,5,2026-01-25 02:20:37,game keren habis dan developer selalu setia sama player ya,Wuthering Waves,Negatif
14 Brian Gymnastio Hadinata,5,2026-01-24 18:45:29,GAME BAGUS,Wuthering Waves,Positif
Akira,5,2026-01-24 18:40:11,game baik,Wuthering Waves,Positif
Arga Dahana,5,2026-01-24 16:49:37,Tolong tambahkah subtitle bahasa indonsia,Wuthering Waves,Negatif
Harits Prabu,1,2026-01-24 16:36:33,"game nya bagus tapi problem nya di penyimpanan, tuam kuro tolong dong penyimpanan nya di kecilkan, misi yg sudah selesai bisa di hapus",Wuthering Waves,Negatif
Naveen Mavi,2,2026-01-24 14:13:53,"Jujur ini game baguus banget mulai dari dunianya,karakternya,sampe gameplay-nya mantep bener. Tapi sayang banget aku nemuin bug yang dimana boss yang harusnya aku lawan malah gak muncul dan jadi gabisa lanjutin eksplorasi. Udah di laporin ke cs sampe pake bukti video eh si cs malah kekeh nuduh aku pake mod (plugin pihak ketiga) ngerti pake mod aja kagak😔. Yaudah deh daripada bete mending aku hapus. Semoga kedepannya ni game bisa lebih pertimbangin keluhan dari pemainnya ya.",Wuthering Waves,Negatif
Muhammad Ilham Pramudya,5,2026-01-24 13:56:17,game nya udah bagus tapi saya menemukan bug pada quest tutorial vehichle motor baru mengendarai motor beberapa meter tiba2 game nya force close tolong segera diperbaiki.,Wuthering Waves,Negatif
Valents,3,2026-01-24 12:01:44,"Di lahai ro, banyak banget bug. Tiap mau nyelesain misi, game langsung crash, ga bisa gerak, terus tiba tiba keluar. Masuk lagi, nyelesain misi nya, crash lagi, apa coba yang salah. Kalo karena HP, udah android 15 masih ga kuat main nih game",Wuthering Waves,Negatif
NOGAMIKA,5,2026-01-24 11:23:23,cakep,Wuthering Waves,Positif
GUSTIAN PARAGOL,5,2026-01-24 11:10:59,coba ada kalo ada subtitel indo,Wuthering Waves,Negatif
dhevinajiewiguna,5,2026-01-24 09:40:34,"Grafik mantap Poll,the best dah. btw gw pindahan dari player ghensin :D",Wuthering Waves,Positif
Ken To,1,2026-01-24 09:35:38,sumpah ni game. ngelag kali. sudah lah ngeframe. padahal sudah capek capek download data. yah malah ngeframe}:(,Wuthering Waves,Negatif
Bedegil,5,2026-01-24 08:48:56,mantap jir gk kayak genshin,Wuthering Waves,Positif
Morax,5,2026-01-24 07:45:02,absolute cinema game 🙌 💯💯💯,Wuthering Waves,Positif
Xiaomi Baru,5,2026-01-24 03:40:12,"keren, developer ga pelit, banyak bansos, dan dengerin keluhan player, tiap update selalu ada gebrakan baru yang bikin ga bosen maen",Wuthering Waves,Positif
Jayyn.,3,2026-01-24 03:23:44,"sebenernya sih bagus, grafiknya juga enak tapi tolong ini game nya udah 50Gb an dulu itu 20 an gb dan lebih berat dan pas waktu mau explore map kada Force close dan di lahai roi ngelag nya minta ampun, tapi overall yang lain udah bagus sisa fps nya nge drop sama ms nya 200+ lebih dan tolong jangan diberatin karena sampai harus hapus game kesayangan ku gara² sekarang 50 an gb",Wuthering Waves,Negatif
Saiful Riadi,1,2026-01-23 22:36:02,"update terus, nambah baik mah kaga......",Wuthering Waves,Negatif
Robbi Albarez,5,2026-01-23 21:58:20,GIVE me subtitle BAHASA INDONESIA KURO... AKU CINTA KAMU KURO... PLEASE SUBTITLE BAHASA INDONESIA,Wuthering Waves,Positif
Igud Kehed3,5,2026-01-23 17:19:47,"so far so good selama gua maen, oh ya jgn lupa optimalisasi",Wuthering Waves,Positif
Muhammadukiah,5,2026-01-23 16:00:58,probabilitas kalah rate off sedikit,Wuthering Waves,Positif
林科余Delvin,5,2026-01-23 15:19:36,good game,Wuthering Waves,Positif
Zenon Spade,1,2026-01-23 15:17:23,"WW KENAPA GAME NYA MAKIN BURUK, ASTERIT MAKIN SEDIKIT SEKARANG DAPET DARI MAP NYA,SERING LAG,FORCE CLOSED BAHKAN NGE CRASH PAS MISI BALAPAN,DAN LAGI PENYIMPANAN MAKIN GEDE AJA 50GB TAPI KOK TURUN PERFORMANCE NYA 😮‍💨",Wuthering Waves,Negatif
Albhani Rama F.Z,5,2026-01-23 15:12:04,game ramah tidak seperti kikir impack,Wuthering Waves,Positif
DICKY WAHYUDI,5,2026-01-23 14:08:26,kapan rilis bahas indonesianya,Wuthering Waves,Negatif
Sariffuyey,5,2026-01-23 13:16:53,wuwa game baik terimakasih untuk gachanya,Wuthering Waves,Positif
Arif Rizki,5,2026-01-23 12:25:15,ABSOLUTE CINEMA,Wuthering Waves,Positif
Nathaniel Wu,4,2026-01-23 12:22:26,"makin lama makin berat, bayangkan, saya hape sudah ROG 7 saja dgn grafik yg medium masih bsa hang setiap Lgi naek motor di lahai roi... tolong dioptimasi, makin lama makin tidak mumpuni utk dimainkan",Wuthering Waves,Negatif
Ibnu Fatihah,1,2026-01-23 12:07:17,"development g bener, g suport semua jaringan internet. masa iya cuman buat login doang g bisa, apa iya harus ganti jaringan biar lancar. tolonglah buat player betah, udh tertarik masa management aplikasi nya g optimal!",Wuthering Waves,Negatif
The God Of War Mydeimos,5,2026-01-23 11:57:28,ILOVEYOU KURO GAMES,Wuthering Waves,Positif
Daffa Mahasin,3,2026-01-23 11:53:50,"plis Lah itu apalah masa setiap hari update ulang, kok bisa error gitu sih udah mah update ulang nya puluhan gigabyte Lagi parah emang geh, itu quest sering stuck / black screen error, gak bisa ngapa ngapain, padahal device bagus dan sinyal juga bagus, itu kenapa bisa error gitu.",Wuthering Waves,Negatif
DHANI Ardiansyah,5,2026-01-23 11:22:41,mantab semoga menang selalu gacha nya,Wuthering Waves,Positif
Jil,5,2026-01-23 11:22:24,"cerita makin variatif, alur cukup menarik, gameplay nyaman dan bagus. side quest kualitas yang terbaik. hanya saja sayang akhir-akhir ini sering sekali force close",Wuthering Waves,Negatif
Ahmad Mulk,3,2026-01-23 11:03:49,dulu saya pemain wuwa tapi semenjak kehilangan akun saya merasa kehilangan yang luar biasa🥀😞,Wuthering Waves,Negatif
Dimazz AlAmin,5,2026-01-23 09:57:15,"UNTUK KALIAN YANG BILANG SISTEM GACHANYA JELEK KALIAN ADALAH BADUT YANG TERLALU MALAS,DAH KALIAN YANG BILANG GAMENYA TERLALU BERAT MIKIR YA BADUT MAKIN KEDEPAN MAKIN HARD LORENYA JADI BIASAKAN DIRI UNTUK TIDAK MENGELUH SAMA MASALAH GAMENYA,INI DAH TERLALU BAGUS DAN DEVNYA MASIH MENDENGAR KELUHAN PELAYER JADI JANGAN KARENA KALIAN BADUT YANG PEMALAS TERJADI MASALAH SAMA GAMENYA",Wuthering Waves,Positif
Zect,1,2026-01-23 09:56:51,bagus,Wuthering Waves,Positif
This mf's is let me cook,5,2026-01-23 08:49:35,"udah ga ada bug, lanjutkan kuro",Wuthering Waves,Positif
Duwik Dinar,5,2026-01-23 06:20:02,terimakasih sudah di perbaiki suka game nya,Wuthering Waves,Positif
Aldi Putra,4,2026-01-23 04:02:56,tolong kuro size nya kecilkan.. udah gak kuat ni HP ku😅,Wuthering Waves,Negatif
Zoduee_dou,4,2026-01-23 03:00:37,tidak ada bahasa Indonesia,Wuthering Waves,Negatif
Pengguna Google,5,2026-01-23 02:46:04,"jumpboat, bynk alasan",Wuthering Waves,Negatif
Rakan Abdoel Qadir,5,2026-01-23 02:44:11,"Bagus tapi optimisasi buat mobile woi, ini ngelag banget anjir. masa dikit dikit harus pake config",Wuthering Waves,Negatif
Ki Too,5,2026-01-23 02:33:11,gem nya sudah baguss dan grafik juga bagus cuma tolong kasih subtitle bahasa Indonesia dong 🙏🙏,Wuthering Waves,Negatif
Farzan Elfaris,4,2026-01-23 00:51:57,lumayan lah buat gw yg memori nya hampir penuh masih bisa download ni game rispek cuman yaa.......gacha gw Cok ampas jirrrr🗿🗿 tolong naikan ke hokian gw jadi 100%🗿🙏,Wuthering Waves,Negatif
Kausar Al fata,5,2026-01-22 19:08:42,sangat ramah bintang 5,Wuthering Waves,Positif
Afrizal Dwi Nugraha,5,2026-01-22 17:08:44,bagus,Wuthering Waves,Positif
Atha Darmawan,4,2026-01-22 15:48:16,"ayo lah kuro, karakter ku udh bagus2 masa lgsg pensiun gini cuma dalam beberapa bulan, sekalinya update gede bener cok. coba di optimalkan lagi dong di chip menengah kaya Helio g99 dan yg setara, soalnya msh nabung nih buat beli laptop gaming",Wuthering Waves,Negatif
Kuro Auxenn,5,2026-01-22 14:25:33,game baik,Wuthering Waves,Positif
Irfan Ar,5,2026-01-22 10:05:31,game baik gachanya harum,Wuthering Waves,Positif
Muhammad Alfiansyah yusuf,5,2026-01-22 09:14:29,keren tapi tolong dong di kecil lagi ukuran file nya,Wuthering Waves,Negatif
Fakhruddin Ilyasa,5,2026-01-22 07:43:15,"seru game nya, dev terbaik selalu improve...please tambahin sub indonesia",Wuthering Waves,Positif
leye leye,5,2026-01-22 07:34:02,"event main kartu ngebug energi ku gak bisa nambah meski udah, ngorbanin kartu.",Wuthering Waves,Negatif
danu handaru,5,2026-01-22 05:51:13,mantap,Wuthering Waves,Positif
Teguh Maulana,5,2026-01-22 05:29:21,gua suka para karakter cewe nya,Wuthering Waves,Positif
Prinz Eugen,1,2026-01-22 04:56:39,optimisasi nya jelek sama fandom suka mimpi basah dan pdf,Wuthering Waves,Negatif
Hkl Ghifari,1,2026-01-22 04:51:55,tolong compiling shadernya crash padahal udh download lama bgt,Wuthering Waves,Negatif
Sarah Maryanthi,1,2026-01-22 00:36:45,update nya gede,Wuthering Waves,Negatif
Muhammad Atha Fathi,5,2026-01-21 23:32:19,"jujur gameplay nya bagus , story dan karakter nya sistem gacha itu paling menarik karena ada soft pity nya",Wuthering Waves,Positif
Siapa ?,5,2026-01-21 18:21:19,bagi kalian yang ngasih bintang satu karna karakter nggak bisa gerak minimal sadar diri hp kentang maksa main game berat,Wuthering Waves,Positif
dhani 93,2,2026-01-21 17:54:01,"update gede map baru yg kota ga bsa dijelajahi karna ngfrem apa lgi pass quest motor g bsa sama sekali tolong lah gw masih Mao maen ini masa kudu ganti hp dlu,padahal game sebelah masih pada aman aman ajh.",Wuthering Waves,Negatif
Bar 147,4,2026-01-21 16:42:14,8s gen 4 ngelek cok gimana ceritanya,Wuthering Waves,Negatif
gery a-z,1,2026-01-21 16:07:25,ancur lah versi baru crest,Wuthering Waves,Negatif
suwun mas,3,2026-01-21 14:23:25,kapan nambahin subtitle Indonesia ya?,Wuthering Waves,Negatif
Sen Re,5,2026-01-21 14:04:33,keren banget,Wuthering Waves,Positif
Mario Isme,3,2026-01-21 13:26:25,"dari game nya gw kadang masih bingung sama fungsinya, apalagi echo sama stats nya kalau bisa di biki lebih simple aja",Wuthering Waves,Negatif
Reggie Rastadhia,5,2026-01-21 13:18:14,game gooner,Wuthering Waves,Negatif
M. Ghiffari Zakka Wali,5,2026-01-21 13:10:06,"Best ARPG open world. Game ARPG open world gratis dengan playstyle battle karakter paling mewah saat ini, implementasi sempurna game sejenis ZZZ dan PGR yang dibawa ke open world sehingga memberikan kebebasan dalam battle yang tanpa batas. Kekurangan game ini cuma 1, memerlukan spesifikasi perangkat yang cukup tinggi agar bisa mendapatkan pengalaman bermain yang sempurna.",Wuthering Waves,Positif
ananta desu,5,2026-01-21 11:42:43,"Please add Indonesian language support (UI and Subtitles).""",Wuthering Waves,Negatif
Madha Dante,5,2026-01-21 06:08:36,good,Wuthering Waves,Positif
13. Jeremy Fletcher,5,2026-01-21 04:37:51,"Aku udah kasih bintang 5, plis rate on aku ga mau nguli lagi",Wuthering Waves,Negatif
Faisal malik,1,2026-01-21 01:31:25,"optimalisasi di hp sampah, lag banget pake nget nget nget",Wuthering Waves,Negatif
Aryan Rizky P,5,2026-01-20 19:37:28,dev baik,Wuthering Waves,Positif
Ichsan Candra,5,2026-01-20 19:29:41,luar biasa,Wuthering Waves,Positif
Leonidas Thunderlatte,2,2026-01-20 14:55:06,"ada bug di quest yang melibatkan Mornye yang di lakukan di Submerged tunnel di Lahai-Roi. Di mana waktu berkendara saat mau putar balik, motornya cuma muter-muter doang.",Wuthering Waves,Negatif
Eurassia Enne Tuqyem,1,2026-01-20 13:39:46,Boo!! shame on you wuthering waifuslop waves 🤬,Wuthering Waves,Negatif
Habibi Noveri,4,2026-01-20 13:25:33,"kenapa ya padahal waktu main bagus aja apalagi dapat karakter tingkat tinggi kayak tingkat SSR ADA 5,tapi waktu di update malah hilang apalagi harus ngulang dari awal dan pet naga tulang yang susah didapatin malah hilang balik ke karakter awal level 1 🥀",Wuthering Waves,Negatif
Muhammad Wildan,1,2026-01-20 11:16:11,"tiap patch baru bug gak habis-habis nambah terus. sering crash, force close, karakter masuk ke tanah setengah badan, jalanannya goyang-goyang, dan masih banyak lainnya (terutama di lahai roi map). poco F7",Wuthering Waves,Negatif
Bondon Kopet,5,2026-01-20 09:28:01,mantap,Wuthering Waves,Positif
Maou,1,2026-01-20 09:06:39,game sigma kasi b indonya dong 👿👿,Wuthering Waves,Negatif
Hyasha Barin,5,2026-01-20 00:54:56,"ini merupakan game terbaik yang pernah saya mainkan selama ini, terutama dalam desain karakter, animasi pertempuran nya serta grafik nya yang begitu halus dan memukau, tapi sayang nya selalu ampas saat gaca",Wuthering Waves,Positif
agha Riyadi,5,2026-01-20 00:51:49,baguss,Wuthering Waves,Positif
Mrx nofan,5,2026-01-19 18:42:42,nicee,Wuthering Waves,Positif
Mylily Eyin,2,2026-01-19 14:18:33,segera tambahkan bahasa Indonesia,Wuthering Waves,Negatif
Nopal Muamatjorip,5,2026-01-19 11:20:40,"kurooo, kasi napas dikit,hp ku ngos ngos-ngosan",Wuthering Waves,Negatif
Salman Al - Farisi,1,2026-01-19 08:37:03,optimalisasi untuk mobile sangat sampah,Wuthering Waves,Negatif
Chibi hassan,5,2026-01-19 07:40:58,"menang rate off 2x bjir prolo sama mornye, makasih ireng.... uwwooooggghhh!!!!!!",Wuthering Waves,Positif
Iqbal Qutaybah,5,2026-01-19 05:18:20,"Tolong kalau bisa collab dengan anime seperti Naruto, Jujutsu Kaisen, One Piece, dll.",Wuthering Waves,Positif
Hary Ari,5,2026-01-19 04:01:27,best 😍🤪 game ever 2025 and 2026,Wuthering Waves,Positif
Umay Athallah,5,2026-01-19 02:58:12,Seru,Wuthering Waves,Positif
Ardhi Arya,5,2026-01-19 02:31:43,"jujur game ini selalu menemani saya di waktu luang, tapi sangat di sayangkan ukuran game ini terlalu over, hp saya sudah tak sanggup lagi, jadi mungkin next update saya akan pensiun. apalagi game ini sering freez, jaringan yang tidak stabil, mau di setting grafik seminimal mungkin tetap freez. saran saya adakan setting untuk lingkungan yang tidak bergerak, mungkin itu juga sangat mempengaruhi gameplay yang membuat hp semakin panas. terima kasih kuro, terus kembangan game ini... 🙏",Wuthering Waves,Positif
Hafiz Bagus,5,2026-01-19 01:11:33,keren seru cuman spin agak ampas aja tapi oke bisa toleransi oleh gameplay yang seru banget,Wuthering Waves,Positif
Ttata,1,2026-01-18 23:22:52,"Dari grafis ya udah bagus walau optimalisasi masih kurang, sayangnya tidak ramah sekali buat player baru, setelah dapat karakter 5 star baru tapi gabisa nyari material upgrade karakter karna harus mainin story dulu buat ngebuka wilayah.",Wuthering Waves,Negatif
Ksatria Dirgantara Putra,5,2026-01-18 22:26:28,best,Wuthering Waves,Positif
Muhammad rizki,5,2026-01-18 14:44:48,"lag nyoo HP gw, tapi mana bahasa Indonesia nya",Wuthering Waves,Negatif
Yescho AM2,5,2026-01-18 14:43:03,keren banget ini game asli.. enteng juga di settingan medium balanced 30fps di IQOO Z7 RAM 12GB,Wuthering Waves,Positif
Moonlight,1,2026-01-18 14:25:19,"dari awal rilis ini game di android optimalisasi nya payah banget kayak gak didenger keluhan pengguna, size nya juga bengkak gak ada fitus hapus story terdahulu",Wuthering Waves,Negatif
Rifai Al fatal,1,2026-01-18 13:49:48,"Entah kenapa, sehabis download data, malah keluar dari game nya sendiri, aku coba masuk ke game nya lagi, sama aja, mungkin karna hp ku kentang jadinya keluar sendiri deh, aku jadi nggak bisa nyobain ini game.",Wuthering Waves,Negatif
Aditia Indra,5,2026-01-18 13:34:07,tolong berikan sub indo karena sudah banyak player dari Indonesia,Wuthering Waves,Positif
Ibnutzy Ibnutzy,4,2026-01-18 13:25:23,bagsu tapi lag kalo update ngktak dikit size nya,Wuthering Waves,Negatif
Haxxor,1,2026-01-18 12:27:36,game baru 2 tahun aja udah 50gb+ di mobile. tolong dong itu quest sama event terdahulu kasih opsional bisa di hapus biar storage tetep aman.. ga semua player mobile punya hape spek tinggi. jangan upate feature mulu tp storage ga di perhatiin sama sekali,Wuthering Waves,Negatif
Ravly Elvarizy,5,2026-01-18 12:00:21,"singkat, gamenya bagus,ramah f2p",Wuthering Waves,Positif
Danaldi Adan,5,2026-01-18 11:32:32,game baik ramah pemula sangat rekomen untuk di download 👍👍,Wuthering Waves,Positif
Bryan adams Wardhani,3,2026-01-18 10:56:39,kuro tolong dong di optimalisasi lagi habis update ini terasa banget masalah frame drop,Wuthering Waves,Negatif
WALKER,5,2026-01-18 08:34:23,"tolong diperbaiki bug di quest tutorial mengendarai motor,dimana terjadi crash yg membuat keluar dari game",Wuthering Waves,Negatif
Abdurrahman Marzuki,1,2026-01-18 08:18:21,"banyak kali bug untuk mobile, tombol serangan hilang saat kembali turun setelah terbang. fitur repair malah membuat semua data hilang dan harus download 40 GIGABYTE DARI AWAL sangat mengecewakan",Wuthering Waves,Negatif
Aditya Ikhwanul Ikhsan,5,2026-01-18 08:11:10,"pliss kuro, aku mohon player mobile dan PC tolong ringankan game ini sehingga memperingan device saat bermain. aku yakin ketika game ini saat dimainkan device nya mendukung maka akan banyak yg main... jujur aku tidak terlalu menikmati saat bermain ketika mengalami frame🥲🙏",Wuthering Waves,Negatif
Muhamad Rafli Ripaldi,1,2026-01-18 08:02:10,"tambahin bahasa Indonesia dong, infokan kalo sudah.",Wuthering Waves,Negatif
VectoLogic,1,2026-01-18 07:22:56,ga stabil,Wuthering Waves,Negatif
Holy Heart,1,2026-01-18 06:06:15,"optimization nya sampah, gw main genshin udah size nya kecil lancar lagi",Wuthering Waves,Negatif
Dara Dzakiya,2,2026-01-18 04:48:33,"bagus,tapi 52 GB gakuat anj..ga worth it",Wuthering Waves,Negatif
Rendy Nelson Kailola,1,2026-01-18 03:54:23,ngestuck di main quest 3.0,Wuthering Waves,Negatif
Hafizh Nur,4,2026-01-18 03:20:29,ini game nya kenapa si pas mau login malah keluar lagi dan lagi suka ngecras,Wuthering Waves,Negatif
Jihan Jihan pratiwi,5,2026-01-18 03:02:21,bagus kak,Wuthering Waves,Positif
Wiramaha Dikarespati,5,2026-01-18 02:19:07,"game baik, bansos melimpah",Wuthering Waves,Positif
Kevin Jong,5,2026-01-18 01:50:41,dari segi story karakter itu bagus apalagi dari kualitas grafis mantap pokoknya,Wuthering Waves,Positif
Agung pambuka putra,5,2026-01-18 01:08:10,ukurannya makin membengkak dan makin berat dimainkan. Saya harap ada perbaikan karena makin banyak bug yang ditemukan semenjak Lahai-Roi rilis,Wuthering Waves,Negatif
Bayuaji Satria Wijaya,5,2026-01-17 16:07:14,MAKASIH KURO DAH NGASIH MY BINI ( IUNO ) PLUS SENJATA SIGNATUR NYAAAAAAA😋😋😋😋😋🔥🔥,Wuthering Waves,Positif
Misaki Tennoji,5,2026-01-17 13:59:45,"Pliss Kuro Jangan Sering² Kasih Rate Off😭 Itu Aja, Terimakasih:)",Wuthering Waves,Positif
Atmajaya Atmadja,4,2026-01-17 13:29:38,"-1 bintang, terus semangat yak kuro, 1 bintang yang hilang ini adalah bagian optimalisasi nya, overall udah bagus tinggal optimalisasi aja sama bug-bug di mobile yang terlalu banyak",Wuthering Waves,Negatif
mocha Zulfikar,2,2026-01-17 13:27:09,"aku suka konten game nya serius, cuma pas main langsung kayak, gak kerasa berat tubuh karakternya jadi sedikit-sedikit loncat sana loncat sini, terus terkessn kayak ngejar banget kecantikan sampai setiap scene tuh zoom in zoom out sementara emosinya ketinggal, dan naik motor jadi kurang nyaman karna ngutamsin visual cantik berkendara bukan ke kenyamanan, jadi yah aku suka game ini buat nonton kontenya tapi bukan buat mainnya langsung kecuali kalau pake controller",Wuthering Waves,Positif
Rifai Taufiq,5,2026-01-17 13:18:39,Keindahan cerita seperti gemuruh ombak Laut Rinascita akan semakin meresap jika disampaikan dalam bahasa yang akrab bagi pendengarnya. sebagai penggemar dengan hormat mengajukan subtitle bahasa Indonesia untuk konten di Wuthering Waves. Terima kasih atas karya luar biasa Wuthering Waves.,Wuthering Waves,Positif
IRGENDETWAS10,4,2026-01-17 13:02:18,"sejauh ini, ini game bagus banget dari segi mekanik dan juga story tapi menurut saya optimalisasi dari game ini masih kurang bgt jadi kadang masih frame drop dan patah-patah.Dan untuk game ini menurut saya sangat tidak cocok untuk yg hape nya dibawah snapdragon 835/mediatek G71 karena dapat meyebabkan lag yg sangat parah.....",Wuthering Waves,Negatif
Ahmad Ahlun najad,1,2026-01-17 11:10:42,"dalam kategori open world gamenya udah bagus tapi maaf aku kasih bintang 1 soalnya optimalisasi bug nya kurang cepet,terus kalo ada optimalisasi bug pasti harus download data lagi",Wuthering Waves,Negatif
Yoseph Darren Esprayenuno,1,2026-01-17 10:14:42,"bencana 3.0, optimasi sangat buruk, size sangat besar dan berat",Wuthering Waves,Negatif
Christian Erwin,1,2026-01-17 07:26:59,"sebenernya game ini bagus, cuma lag nya itu loh yang bikin geram. setiap kali main tu selalu patah patah ketika lompat dan nge dash. padahal hp gua infinix gt 30 pro loh. yang ngebuat gak nyaman itu grafiknya, pilihan dan settingnya itu terlalu banyak dan ribet. pemain yang terbiasa dengan grafik lembuk kayak grafik nya genshin tu jadi gak nyaman kalo main wuwa. udah gitu map nya terlalu luas lagi, walaupun itu bagus cuma jadi nya males kalo eksplore. terlebih, game ini tidak ada bahasa indo",Wuthering Waves,Negatif
Asw Bajing,3,2026-01-17 06:13:21,makin ga jelas nih kebanyakan update in-game mana gede-gede lagi gntd,Wuthering Waves,Negatif
Alzam Rabbani,5,2026-01-17 00:52:41,game baik,Wuthering Waves,Positif
M ASF,5,2026-01-17 00:22:37,"perfect, yang blg banyak bug, force close, signal, mslh login, fix hp klian kentang, mending main ff aja, jgn kasih ratting bintang 1 dikarenakan device klian yg bermasalah, mikir👍",Wuthering Waves,Positif
Mirza Harry Ramadhan,5,2026-01-17 00:12:38,"game nya seru banget, jujur untuk grafik entah itu rata kanan atau satu sebelum rata kiri memanjakan mata dan satu hal yang saya suka dari Wuthering ini adalah di dalam nya terdapat istri saya Carlotta 😋😋☕☕",Wuthering Waves,Positif
DiamondCrystal 717,1,2026-01-16 22:20:27,"saya mengalami bug force close pada tutorial quest tepatnya vehicle driving tutorial 1, tolong segera diperbaiki karena ini membuat saya jengkel",Wuthering Waves,Negatif
Sepa Tegar Pradana GG,1,2026-01-16 17:18:38,"Sistem gachanya BURUKK, akun yang hoki terus terusan hoki yang gak hoki terus terusan gak hoki, punya dua akun soalnya yang satu hoki terus dari awal main, yang satu gak hoki dari awal main. Coba di buat acak sistem gachanya jadi jangan ada yang hoki banget dan buruk banget. Gamenya jg berat bgt dan story nya juga bukan yang bagus banget. Yang menurut ku bagus ada di combat sama design char aja sih",Wuthering Waves,Negatif
Muhammad Rezki,5,2026-01-16 16:03:30,Game baik.,Wuthering Waves,Positif
Johan Fahjar,2,2026-01-16 15:03:21,size nya terlalu besar untuk ukuran mobile,Wuthering Waves,Negatif
Sakura ID,1,2026-01-16 14:12:03,hilangkan tune break ganggu aja,Wuthering Waves,Negatif
fadel muh,5,2026-01-16 13:58:52,"game nya sangat seruu, semoga aku mendapatkan augustaa",Wuthering Waves,Positif
Muhammad Mukarram,5,2026-01-16 13:08:11,"Tolong tambahkan subtitle Indonesia, di Indonesia lumayan banyak orang yang memainkan game ini.",Wuthering Waves,Positif
Abu Dzar Al Ghifari,1,2026-01-16 12:41:24,"gak ramah newbie f2p, gachanya busuk banget rate bohongan",Wuthering Waves,Negatif
hadi rosadi,5,2026-01-16 11:08:14,"game yang bagus dan cukup kompleks baik dari segi grafis maupun cerita, tapi saran saya harusnya dalam story utama sekali kali tokoh yang di tonjolkan itu karakter laki laki jangan karakter perempuan melulu.",Wuthering Waves,Positif
Tegar Nurfahrezy,4,2026-01-16 10:42:11,mantap GK terlalu kikir kyk ghensin 🗿,Wuthering Waves,Positif
Muhammad Harits,4,2026-01-16 09:03:27,"Gamenya bagus, keren, asik juga gameplay-nya. Tapi baru-baru ini dapet bug saat mau dialog sama NPC, tiba-tiba error layar tidak bisa dipencet, bahkan itupun tidak sedang berdialog, mohon segera diperbaiki walaupun ini jarang terjadi🙏🏻",Wuthering Waves,Positif
IMFC Channel,5,2026-01-16 08:56:32,3.0 grafik nya' bikin sakit Mata.. Nge blur.... tolong di optimalkan..,Wuthering Waves,Negatif
Dimas Kurniawan,5,2026-01-16 06:58:13,mekasih,Wuthering Waves,Positif
MPP Channel,5,2026-01-16 06:03:05,Terima kasih NEXON telah membuatkan game sebagus ini,Wuthering Waves,Positif
alfa riski 27,1,2026-01-16 02:43:13,mana sistem 50/50 itu kuro? kenapa saya selalu kalah dan pity diatas 60? game gblog banget jing,Wuthering Waves,Negatif
Nulfail Kun kun,5,2026-01-16 02:08:38,game mantap lah,Wuthering Waves,Positif
Trinity Suak,3,2026-01-16 02:08:14,"aku gak bisa menikmati game nya karena layar nya jadi hitam, gak ada gambar/ pemandangan nya. mulai dari loading screen sampai gameplay-nya blackscreen, palingan cmn muncul tombol ama teks doang tolong dev fix bug ini biar aku bisa main",Wuthering Waves,Negatif
Ridzmal Sabtal,5,2026-01-16 00:31:29,goood,Wuthering Waves,Positif
Verrel Arya Wijaya,3,2026-01-15 21:04:55,tolong tambahkan fitur download data di layar belakang soalnya nunggu download nya lama banget,Wuthering Waves,Negatif
Dyasta Shindo,5,2026-01-15 18:13:24,nice,Wuthering Waves,Positif
Arkan Naisu,4,2026-01-15 17:59:22,Baik baik game panjang,Wuthering Waves,Positif
Yotti,5,2026-01-15 17:23:11,nyuruh adek gua pull dapet mornye gelo soft pity lagi emang game baik😍,Wuthering Waves,Positif
Rizqi,5,2026-01-15 16:33:15,ok,Wuthering Waves,Positif
Amura Keyto,5,2026-01-15 16:23:10,"benget si lein siga bool babi, geleh aing setiap maneh na ngomong ""ini wajib si ini wajib si"". eh bajingan te setiap jelma siga maneh bangsat, te setiap jelma bisa top up berjuta-juta siga maneh. wujab wajib benget sia Tah wajib di tajong ari ngomong maneh teh kudu rilet jeng jelma Free to win, maneh kudu siga player-player eta ulah ngagenah Ken maneh. maneh ngenah setiap rate off Haigh pity asterid beak tinggal ngagesek. ngenah maneh jujur hirupna tapi ngomong sangenahna wae.",Wuthering Waves,Negatif
dermawan axel,5,2026-01-15 14:47:53,mantap,Wuthering Waves,Positif
Om Semant,5,2026-01-15 14:36:35,"semenjak topup, gacha gue ampas sengaja ya biar gue topup terus",Wuthering Waves,Negatif
Reza Fernandez,5,2026-01-15 12:21:17,game baik dan bagus walau menyiksa hpku hehehe,Wuthering Waves,Negatif
Doni Hafist,5,2026-01-15 12:05:54,game baik dan bagus,Wuthering Waves,Positif
Zalika zaka,1,2026-01-15 11:46:20,ada bug stak dan leg kadang force close juga di vehicle driving tutorial tolong ya di perbaiki... kalo sudah di perbaiki ulasan akanku ganti,Wuthering Waves,Negatif
Akhmad Raffi,5,2026-01-15 11:13:58,mantepppp kuroooo,Wuthering Waves,Positif
Gusti Satria,5,2026-01-15 10:43:18,"Tolonglah kuro. perbaiki quest 'What Burns Beneath Frostland' yang 'Talk To Mornye', masak setelah keluar quest, tidak bisa kembali lagi main quest nya.",Wuthering Waves,Negatif
Rayyan furry,3,2026-01-15 09:41:20,apakah akan ada wuwa cloud atau semacam nya?,Wuthering Waves,Positif
Uryuu San,5,2026-01-15 09:39:50,"bagus, tapi gak ramah untuk hp 🥔",Wuthering Waves,Positif
クンアサヒ,5,2026-01-15 09:05:31,makacih kuro ><,Wuthering Waves,Positif
Fasaha Kiana,5,2026-01-15 07:57:50,mantap kurro,Wuthering Waves,Positif
Reyhan Abyzar,5,2026-01-15 07:06:03,Mantapppppp,Wuthering Waves,Positif
Rey Vano,3,2026-01-15 06:44:33,"mantappp , setelah bilang gini entah kenapa jadi jarang hoki 🥲",Wuthering Waves,Positif
Maryama Maryama,1,2026-01-15 06:20:17,gem yang bagus semangat untuk kuro tolong op timal kan penyim paman plis semoga di dengar,Wuthering Waves,Positif
Eko Susanto,1,2026-01-15 05:23:16,"kikir anjir, sia2 login tiap hari nguli, spend lunit subscription",Wuthering Waves,Negatif
Mhmd_ Zuhron,1,2026-01-15 04:29:47,baru main udh rate off,Wuthering Waves,Negatif
Felia Aulia,5,2026-01-15 04:16:07,"Game nya bagus banget, grafiknya juga gk main² lebih bagus lagi di kasih sub indo biar lebih ngerti yang gk bisa bahasa English",Wuthering Waves,Positif
MrX Whisky,5,2026-01-15 03:39:52,"ini game bagus,setiap patch/versi pasti ada hal baru yang dimasukan,ya pokoknya Dev dari game ini selalu mempermudah para pemainnya, mau dari segi fitur ataupun gameplay sangat mudah untuk dipahami dan setiap masing-masing karakternya punya hal unik,terus lebih bagusnya lagi,kita sebagai pemain gak harus nge gacha setiap karakter baru yang rilis! jadi terserah kepada kita,yah pokonya ini bagus banget! kalau mau tau sisanya yah coba install dan mainin aja👍",Wuthering Waves,Positif
Koizo,1,2026-01-15 03:16:48,bau bgt main ni game,Wuthering Waves,Negatif
Ng Reyhan utomo,1,2026-01-15 03:11:53,oiiii knp gua udah pull sampai 70 pul tapi di riwayat gua masih pity 0 ??????,Wuthering Waves,Negatif
Maxi Lakaba,5,2026-01-15 02:53:43,Game terlalu baik nda sama kyk sebelah,Wuthering Waves,Positif
muhammad albi,5,2026-01-15 02:43:57,mantappp,Wuthering Waves,Positif
Rizky Pramana,5,2026-01-15 02:16:05,"makasih mas kuro, tolong gacha ku di kasih makin wangi lagii",Wuthering Waves,Positif
Nur Fajrul Chamdani,5,2026-01-15 02:09:08,"bagus, tapi bisakah menambahkan bahasa Indonesia supaya saya bisa menikmati story",Wuthering Waves,Positif
Ibnu Falah A,5,2026-01-15 02:03:04,mantap man,Wuthering Waves,Positif
Arbil Jam an,5,2026-01-15 02:02:26,gamebaik 🥰🥰🥰🥰,Wuthering Waves,Positif
Alhaska Ammar,1,2026-01-15 00:56:06,Game Kurang Optimal di perangkat mid end,Wuthering Waves,Negatif
UBAY OFICIAL,3,2026-01-14 21:56:25,memori ku belum penuh tapi notif download datanya penuh,Wuthering Waves,Negatif
Rahman Gege,5,2026-01-14 16:59:36,Ok,Wuthering Waves,Positif
Rahmad 245,5,2026-01-14 16:05:15,Bgus dari segi grafis dan pertempuran saya sebagai pemain tolong lebih d realistis kan gambar agar lebih hd,Wuthering Waves,Positif
Fitto Mufid,5,2026-01-14 15:47:44,sangat gachoer dan wangi char sayah disini,Wuthering Waves,Positif
Agus Sudarma,5,2026-01-14 15:28:04,"mendengarkan pendapat dan saran dari player serta perkembangan yang sangat bagus, semoga sampai kedepannya tetap jadi game yang stabil",Wuthering Waves,Positif
Zein Fauzi Sahil,5,2026-01-14 13:06:15,game awak,Wuthering Waves,Positif
Ahmad_LacKer,3,2026-01-14 12:54:08,hp spek menengah agak berat bahkan rata kiri terlalu ancur texturenya kalo bisa dibagusi lgi agar yg spek menengah bisa menikmati agar tambah minat pemain.,Wuthering Waves,Negatif
••,1,2026-01-14 12:04:31,tolong dong ada fitur hapus data quest yang udah selesai dan plss ini udah 50 GB annn,Wuthering Waves,Negatif
Made Juminten,3,2026-01-14 11:55:41,"Ga cocok buat hp kentang, memorinya harus banyak, setiap patch update harus sedia wifi, bejibun 30~50gb. Kalo main, sudah jelas dimanjakan mata dgn grapik rata kanan, tapi tetap bikin hp panas padahal baru di loading screen aja. Dari Gameplay itu mekanisme seru dan mudah dipahami. Event banyak yang mempermudah player claim hadiah, bukan puzzle dan ada tombol skip dialog. dari v.1~v2.9 Sejauh ini sy ga bisa lanjut, harus tunggu beli device baru. Untung ga kebeli skin Zani, dah ga bisa main lagi.",Wuthering Waves,Negatif
Raii X Kotomi,4,2026-01-14 11:01:02,geme nya sih bagus dan juga seru tapi saya kasih bintang 4 karena minus nya jaringan pas pake wifi sering error lag tolong kuro geme optimalin lagi jaringan nya padahal jaringan saya lancar lancar aja saat bermain geme lain udah itu aja sih keluhannya terimakasih tolong di optimalkan🙏,Wuthering Waves,Negatif
ULTRAMAN,5,2026-01-14 09:27:45,game nya bagus cuman ga ada bahasa indonesia jadi kurang buat nikmatin storynya,Wuthering Waves,Negatif
Rizzx FtxG,5,2026-01-14 09:02:29,game burik,Wuthering Waves,Negatif
Alpin •,5,2026-01-14 08:34:39,WOW,Wuthering Waves,Positif
Dwifa Yuda,1,2026-01-14 04:05:10,pensi karena update 3.0 ga ngotak😔,Wuthering Waves,Negatif
Ristopan Safitri,5,2026-01-14 03:40:20,"mohon perbaiki bug misi driving tutorial, eror mulu, kasian yang mau beresin misi nya harus muter balik dulu baru bisa beres bug nya",Wuthering Waves,Negatif
Nina Wulan Lestari,1,2026-01-14 03:03:45,"sayang sekali, tidak bisa dimainkan di device kentang",Wuthering Waves,Negatif
Muhammad Ardi,1,2026-01-14 02:58:23,update baru banyak bug. gk di pc gk di hp sama,Wuthering Waves,Negatif
Zephyr 01,5,2026-01-14 02:33:24,game baik dan bagus,Wuthering Waves,Positif
Raiden Shougun,5,2026-01-14 01:36:29,game baik,Wuthering Waves,Positif
Cristhovel Runtunuwu (Ovel),1,2026-01-14 01:10:54,game bagus tapi sayang ga pernah optimal saat main. tiap update harus re instal dan ubah2 setting grafik,Wuthering Waves,Negatif
Khansa Qais Fernanda,5,2026-01-14 00:01:50,game baik,Wuthering Waves,Positif
Ihtiar Mubarak,5,2026-01-13 20:06:44,mantap,Wuthering Waves,Positif
drian,5,2026-01-13 19:21:38,"optimalisasikan lagi, sebelum update lahai roy lancar + stabil wlau cmn dpet 40fps tapi visual juga bagus, nah sesudah update berat bnget walau dah disable total shadow dll juga intinya OPTIMALIN LAGI",Wuthering Waves,Negatif
Mara Chan,5,2026-01-13 16:36:35,🙂,Wuthering Waves,Positif
Garry Ramdhani,5,2026-01-13 16:15:22,i lop this game,Wuthering Waves,Positif
Zafrans Wijaya,5,2026-01-13 15:35:51,"ramah free to play,banyak ladang,topp",Wuthering Waves,Positif
Ahmad Tsaqif,5,2026-01-13 15:00:42,singkat saja... I love this game,Wuthering Waves,Positif
Rditya Raffi,5,2026-01-13 14:37:38,dah mentokin di 50gb aja penyimpanan nya kuro klo di lebihin bisa²pada ga kuat device nya,Wuthering Waves,Negatif
akmal priatamvan,5,2026-01-13 10:58:55,game baik,Wuthering Waves,Positif
風のように,5,2026-01-13 10:43:14,mantul,Wuthering Waves,Positif
apalah ini,1,2026-01-13 10:31:53,"balikin visual canta kaya awal rilis sama rating 15+ nya, bocil ngapain main wuwa",Wuthering Waves,Negatif
Zakaria Junior,5,2026-01-13 10:17:57,"Jujur awalnya ngira bakal nge-lag mainin ini game di device ini, tapi ternyata ini game punya optimalisasi yang wah.",Wuthering Waves,Positif
Muhammad Alfayas Darmansyah putra,5,2026-01-13 07:55:29,game nya bagus #chisa my bini,Wuthering Waves,Positif
Dodi Noval,5,2026-01-13 06:52:51,game ini sangat cocok untuk pencari wife dan para karbit,Wuthering Waves,Positif
cj,5,2026-01-13 06:09:37,saya menaruh rasa hormat sedalam dalamnya buat pihak developer trimakasih karna suda bekerja membuat map yang luar biasa trimakasih sedalam dalamnya,Wuthering Waves,Positif
LEMONY ZERO,2,2026-01-13 01:35:44,padahal cuma main lewat cloudmoon tiba tiba ke banned,Wuthering Waves,Negatif
Zen Din AL Harits,5,2026-01-13 00:05:01,thaksss kuroooo,Wuthering Waves,Positif
Ilham PR,5,2026-01-12 23:01:30,W Kuro!!!,Wuthering Waves,Positif
Frida Ciprut123,5,2026-01-12 20:39:40,game baik,Wuthering Waves,Positif
Vadhilah,2,2026-01-12 19:23:17,"sementara aku kurangi bintangnya. patch 3.0 ini parah sekali optimalisasinya, di mobile sering frame drop, sebelumnya gak seperti itu.",Wuthering Waves,Negatif
Ale Xeno,5,2026-01-12 16:33:23,mantap,Wuthering Waves,Positif
Rizki Musthofa (Rizki),4,2026-01-12 14:55:41,"kualitas visual mantap, music BANGER, story agak kurang lah, sejak companion quest di hapus main storynya agak kurang jadinya",Wuthering Waves,Negatif
Lionpky,4,2026-01-12 14:51:08,tonlong perbaiki sering keluar sediri setelah update 3.0 ini,Wuthering Waves,Negatif
M.Risky Saputra,5,2026-01-12 13:24:03,"gamenya bagus dan tentunya ramah untuk f2p. tapi tolong lebih cepat dalam optimalisasinya, karena jadi tidak bisa menikmati game yang bagus ini",Wuthering Waves,Negatif
Kenzie Adyatama,5,2026-01-12 12:44:57,"bagus gamenya , tapi developer kalo update dipikir, kasian sama yang low device ngelag2 jadinya 😅",Wuthering Waves,Positif
ri co,2,2026-01-12 12:37:36,banyak bug. kadang kualitas bermain di beberapa tempat menurun karena lag.,Wuthering Waves,Negatif
Rakha Fayrooz Haq,5,2026-01-12 12:25:17,"enjoyable, dan saya sebagai pemula memiliki pengalaman bermain yg baik. Karena player f2p seperti saya dpt 3 char + signature hanya dalam sebulan",Wuthering Waves,Positif
Ismail Kerzy,5,2026-01-12 11:56:31,I Hope Kuro Give banyak fitur² Sesuatu yg bisa dilakukan lagi ketika mode coop agar tidak memberikan nuansa bosan. ada bagusnya bila ada kesulitan ekstra (Meningkatnya Union Level) di coop mode Untuk Meningkatkan REWARD Yang didapatkan Overall Tiap update Absolute Cinema Banget 👍,Wuthering Waves,Positif
johe,5,2026-01-12 11:34:41,makasih kuro udah bikin wuwa,Wuthering Waves,Positif
Luchife r,5,2026-01-12 11:30:18,kasih Xy gratis lagi doang aku ketinggalan please kuro,Wuthering Waves,Positif
ZinnnTM,5,2026-01-12 11:20:15,"Please Kuro tambahkan bahasa Indonesia agar lebih di mengerti, dari segi gameplay sudah bagus, tapi karena ada yang kurang tidak ada bahasa Indonesia, semoga kedepannya di tambahkan bahasa Indonesia.. Terimakasih",Wuthering Waves,Negatif
RCYΛL,5,2026-01-12 11:18:33,jujur gamenya seru tapi tolong untuk kualitas grafiknya di perbaiki lagi tolong tambahin pengaturan grafik lanjutan agar bisa menurunkan kualitas resolusi dari tekstur alam/map nya karna kualitas grafiknya terlalu tinggi jadi membuat gameplay menjadi lag walaupun sudah grafik low,Wuthering Waves,Negatif
Raden Siswo,5,2026-01-12 11:18:00,Sinyal AXIS bapuk banget!!!,Wuthering Waves,Negatif
Bashar,5,2026-01-12 10:21:44,"gacor, tpi kasih bahasa Indonesia plis kuro, biar gk terlalu pusing pas quest",Wuthering Waves,Positif
Sopia Latjuba,4,2026-01-12 10:13:46,banyak kali makan GB jir tapi game nya bagus tolong tambahkan bahasa indonesia min capek pake otak pas pengen baca cerita,Wuthering Waves,Negatif
Rangga Adityaa,4,2026-01-12 09:24:23,"gada subtitle bahsa Indonesia tolong adakan, dan tolong optimalisasi",Wuthering Waves,Negatif
Dendy Saputra,5,2026-01-12 08:45:20,akhirnya ketemu juga game yang cocok buat gw. buat daily ga perlu makan waktu banyak jadi masih bisa main klo lagi sibuk kerja. ga nyesel sih top up di game ini karena sesuai apa yg di dapet sama waktu dan uang yg gw keluarin. gameplay dan mekaniknya juga bagus dan ga bikin bosen. apalagi design 3D karakter nya sesuai sama Splash art. graphic nya ga ada lawan udah kaya game Triple A klo main lewat PC. klo main di hp buat daily aja masih aman. terakhir Optimasi tlng di tingkat lagi thank's,Wuthering Waves,Positif
Anda,3,2026-01-12 04:44:42,"min, pas di misi ""Vehicle Driving Tutorial"" kenapa layar gw ngefreeze ya min? gk pernah saya sekalipun ngefreeze kyk sekarang, udah coba login ulang masih sama juga, tolong di fix ya min",Wuthering Waves,Negatif
Tiwul Jelek,5,2026-01-12 03:50:55,keren,Wuthering Waves,Positif
24. M. Nazriel Rizky,5,2026-01-12 01:29:41,mantapbang kuro,Wuthering Waves,Positif
Qori Fathul Haris,5,2026-01-11 19:13:21,setelah mikir matang matang dengan event yang di sajikan saya merasa event nya terlalu membebani dan membuat game tidak menyenangkan. intinya tidak mengerjakan event=tidak dapat asterid=pensi,Wuthering Waves,Negatif
Sheva AR,5,2026-01-11 17:59:08,"mantap gamenya, story bisa di skip sangat mempermudah player yang memang tidak punya waktu banyak main game. saran untuk animasi print, jump, dan dash lebih di improve. karena dari awal 1.0 sampai sekarang anime nya masih terlihat kaku menurut saya.",Wuthering Waves,Positif
Andy Sofyan,3,2026-01-11 16:38:09,"ini kenapa saya sekarang sering force closed ya, setelah update lahairoi, device saya infinix GT 20 pro, sblm update lancar"" saja",Wuthering Waves,Negatif
Aldi Nurrohmandii,5,2026-01-11 16:19:54,Thank kuro,Wuthering Waves,Positif
Kayaysa Kamila,5,2026-01-11 15:59:44,gem baik,Wuthering Waves,Positif
Poco Android,4,2026-01-11 15:37:20,"jujurly awal download agak gimana gitu yah soalnya animasi geraknya agak kaku tapi sekarang menurut aku sih udah lumayan smooth sih, tapi yang disayangkan chara cowo di game ini dikit banget padalan model cowo disini tuh lumayan bagus",Wuthering Waves,Negatif
ARP,5,2026-01-11 14:26:21,ini game absolute cinema cukk story visual apalagi main ni game rata kanan behh grafik ny memanjakan mata bet mungkin,Wuthering Waves,Positif
Pablo Yùzúrü,5,2026-01-11 13:50:31,untuk karakter sangat baik tapi kalo bisa untuk download nya bisa dikecilkan gak🗿,Wuthering Waves,Positif
Usui Miyu,1,2026-01-11 13:48:05,"misi melawan cacing gak ada Seve zone nya, gagal mulai dari awal. membosankan!",Wuthering Waves,Negatif
Reza Nurrahman,1,2026-01-11 13:37:02,"penanganan costumer servicenya terlalu parah, meminta diskusi sehat saja dijawab hal yang sama berulang-ulang, mengecewakan.",Wuthering Waves,Negatif
Wahyu,3,2026-01-11 13:15:26,sebagai pengguna handphone masih sering stuck saat melakasanakan tutorial vehicle 1. tolong segera diperbaiki 🙏,Wuthering Waves,Negatif
Muhamad Fachry Alfadilah (FrinnTzy),5,2026-01-11 12:37:29,good game,Wuthering Waves,Positif
Kayu Manis,5,2026-01-11 12:11:59,"game nya bagus,tpi maaf kuro,device saya sudah tidak kuat buat wuthering waves,,,,,",Wuthering Waves,Negatif
Muhammad Rifai,2,2026-01-11 11:41:48,"Tolong lah kuro games, di bagian Region lahai roi di startorch academy tolong di optimalkan lagi, frame drop nya parah banget disitu",Wuthering Waves,Negatif
rifki anggara,5,2026-01-11 11:23:56,keren,Wuthering Waves,Positif
Agus Wahyu,5,2026-01-11 11:15:35,mantap,Wuthering Waves,Positif
Bilqis Amelinski,4,2026-01-11 10:59:36,"gamenya bagus, hanya saja selalu ada kendala lag parah dari jaringan padahal saat bermain game sebelah tidak lag parah seperti main wuthering. tolong diperbaiki lagi yah😁🫰🏻",Wuthering Waves,Negatif
azizah nur,1,2026-01-11 08:57:38,"boong bgt jir aku udah main selama seminggu, ga ada tuh 93 free pulls",Wuthering Waves,Negatif
Sopiyullah 03,5,2026-01-11 07:54:05,mantap,Wuthering Waves,Positif
Shoutin Yuwaffiq,5,2026-01-11 07:52:42,the best,Wuthering Waves,Positif
Franklin,5,2026-01-11 06:53:38,mantap,Wuthering Waves,Positif
Arya Arya,5,2026-01-11 05:05:27,"game nya keren min, gak ada rencana buat sistem cloud min hehe",Wuthering Waves,Positif
Fikri Muzaki,5,2026-01-11 04:24:53,w game,Wuthering Waves,Positif
Aurora Azzahra,5,2026-01-11 02:46:09,"aelaa, gw download se abad ga selesai-selesai dan akhirnya... yapp -- ga ke download, tapi sumpa ini mah bagus si ya 😋 aku pakai hp ip nya kakakku, dan pas ku download si bagus sumpaaa, kya walau ga selamanya aku dipinjami hp! tapi aku syukaa",Wuthering Waves,Positif
Raja Rajaardian,5,2026-01-11 02:31:21,terimakasih buat developer karena game ini saya lebih bahagia,Wuthering Waves,Positif
Arche Arche,5,2026-01-11 02:29:05,bagus nya cuyyy dadi seni grafik dan lain-lainnya 😎👍mantap,Wuthering Waves,Positif
Kadek Amelia,1,2026-01-11 01:51:56,bansos nya dikit ... pasti karena temenan Ama dawei 😭,Wuthering Waves,Negatif
Malik IL,5,2026-01-10 23:24:02,game terbagus,Wuthering Waves,Positif
Raihasya,4,2026-01-10 18:27:15,"udah update ver 3.x jadi gk optimal gini, patcj kemarin² pdhal lancar aja",Wuthering Waves,Negatif
Farhan Alfarisi,5,2026-01-10 14:09:33,tambahkan bahasa Indonesia,Wuthering Waves,Negatif
Eka Hendra,5,2026-01-10 13:55:20,"game yg sangat bagus, tapi terlalu membutuhkan penyimpanan yg sangat besar",Wuthering Waves,Negatif
ShinoAk1,4,2026-01-10 13:05:59,kok g ada subtitle indo?,Wuthering Waves,Negatif
Fauzan S,5,2026-01-10 12:17:33,gas keuuun,Wuthering Waves,Positif
Ivan Mahesa,3,2026-01-10 04:40:44,"Tolong untuk Developer sizenya mohon diperkecil sedikit, untuk 50gb itu terlalu besar, mohon dongg🙏🏻🙏🏻🙏🏻🙏🏻",Wuthering Waves,Negatif
Tensai Kayo,5,2026-01-10 04:30:40,good game,Wuthering Waves,Positif
valentino rifqy,1,2026-01-10 02:31:12,"kasih bintang satu karena udah capek² grinding buat starter gacha malah tidak dapat character yang diinginkan, udah makan memori banyak, gacha dapat ampas mulu.",Wuthering Waves,Negatif
Lavaca Saturno,5,2026-01-10 02:05:42,bagus,Wuthering Waves,Positif
Asep Jajang,2,2026-01-09 22:50:00,"kenapa di update 3.0 ini banyak bug terutama di motor bike simulator trus game nya sering ngecras,gimana mau nyelesain ques klau tiba tiba berhenti ga bisa di pencet,tolong dong tim kuro di perbaiki,masalah ini untuk persi hp",Wuthering Waves,Negatif
Ahmad Rizki Pratama,5,2026-01-09 22:27:44,"game terbaik, cuma ada sedikit bug di quest tutorial riding pas melewati lingkaran yang berwarna emas. tolong di perbaiki bug tersebut.",Wuthering Waves,Positif
Rendi Cihuy,1,2026-01-09 20:31:47,ini bug nya gimana sih misi yg naik motor itu yg harus ber lindung di bangun nanruntuh pas lawan monster cacing yg lagi ngamuk udh pencet bosst gak nyampe yampe,Wuthering Waves,Negatif
Abghiii,5,2026-01-09 15:28:41,game baik,Wuthering Waves,Positif
Nanggala yudha Kurnia sandi,5,2026-01-09 15:17:29,favorit game,Wuthering Waves,Positif
Rendy Jay Ramdhani,5,2026-01-09 15:12:47,kenapa ga bisa masuk di gamenya?? pdhal kmren² bisa,Wuthering Waves,Negatif
Koi Zamba,5,2026-01-09 14:54:20,kerja bagus,Wuthering Waves,Positif
Eko Andrymawan,5,2026-01-09 14:06:14,tolong dong min sediakan teks bahasa Indonesia nya. overall ini game udah bagus. 🙏,Wuthering Waves,Positif
zulmi salam,1,2026-01-09 13:42:55,terlalu besar ukuran download nya 47GB,Wuthering Waves,Negatif
༺_BINTANG_༻ -,3,2026-01-09 13:35:28,tex indonya mana 🤔,Wuthering Waves,Negatif
Muklis Junaidi,3,2026-01-09 11:45:51,"Developer baik🥰 [edit] update lahai roi ngeleg bgt edan🗿 ping kayak pelangi merah kuning hijau, emang chipset ku Helio g100 cuman sebelum ke lahai roi gak separah ini, masa dapet 8 fps wey, tolong di apain lah biar gak apa kali",Wuthering Waves,Negatif
Nu Pea,3,2026-01-09 11:15:13,game nya seru cuma gak ada bahasa Indonesia nya jadi gak ngerti dari segi ceritanya kalo ada bahasa Indonesia kan enak mainin nya juga moga aja nanti ada,Wuthering Waves,Negatif
abdi afdillah,5,2026-01-09 10:32:34,gg gemink mantap,Wuthering Waves,Positif
THE sun,1,2026-01-09 06:38:35,update nya gak ngotak 55gb,Wuthering Waves,Negatif
Cak Wied,5,2026-01-09 05:11:15,"dari 1.0 sampai 3.0, wah.. GG sih developer ningkatin game ini",Wuthering Waves,Positif
Bayu Mardiansyah,5,2026-01-09 04:43:42,bagus gilak,Wuthering Waves,Positif
F san,5,2026-01-09 03:26:42,"Kuro Games emang ga pernah ngecewain di setiap game yang Kuro buat emang bagus banget, grafik, fighting, gak lupa karakter karakternya juga (mwehehehe 😁), tapi tolong dioptimalin ya soalnya makin di update makin berat gamenya, kalo udah aku nilai 💯🔥🔥",Wuthering Waves,Positif
Ikhmal Ihsan,5,2026-01-09 03:20:26,sangat mantapp ni game,Wuthering Waves,Positif
Fariz AlHakim,5,2026-01-09 01:46:03,"suka banget sama game yang seperti ini, cuma ini game tidak support bahasa Indonesia. tolong pihak developer menambahkan bahasa Indonesia.",Wuthering Waves,Negatif
Eldo Pradikdo,1,2026-01-08 20:29:18,"open game force close, open again and force close in lahai roi map. my device dimensity 6080 set all low, this game not for mobile.",Wuthering Waves,Negatif
Rahmat Baddu,3,2026-01-08 17:20:29,"tolong untuk size gamenya di perhatikan tolong di kurangin dikit, untuk bugnya jga di perbaiki saya pake snapdrgon 8s gen 4 fpsnya kadang drop ke 10, tolong yah papi kuro di perbaiki. terimah kasih",Wuthering Waves,Negatif
Eka Maulana,5,2026-01-08 16:56:28,gamenya seru bgttt,Wuthering Waves,Positif
Rafif Hasibuan,5,2026-01-08 16:29:25,mantap,Wuthering Waves,Positif
Vgl Official,1,2026-01-08 15:45:07,gapernah menang rate off game jelek,Wuthering Waves,Negatif
Egi Putra p,5,2026-01-08 15:40:42,"seru game nya mekaniknya baru, tapi sayangnya blom ada bahasa Indonesia",Wuthering Waves,Negatif
Clod4,5,2026-01-08 14:20:45,"kuro games kenapa gacha 50/50 hard pity mulu, kasih lah pity low ,selain itu absolute cinema",Wuthering Waves,Negatif
bubble mi,5,2026-01-08 12:30:05,w game,Wuthering Waves,Positif
davaa,1,2026-01-08 11:28:35,"3.0 banyak bug, hp gw force close mlu, sebelumnya hp gw kuat rata kanan maen dengan lancar tapi setelah 3.0 jadi force close map ngebug sinyal jelek",Wuthering Waves,Negatif
Hilarius Salvador Rao,5,2026-01-08 11:09:48,"ini game gilaaa.. keren parah!!! tapi please bahasa Indonesia nya dong di adain, pleaseee.. gua player baru, kalo diadakan bahasa Indonesia nya gue top up banyak deh, janji gue",Wuthering Waves,Positif
Rido Afianto,1,2026-01-08 07:29:46,👎⚠️,Wuthering Waves,Negatif
Hengki Gifari,1,2026-01-08 05:55:59,game jelek,Wuthering Waves,Negatif
Alvin Alvian,5,2026-01-08 04:26:20,seru,Wuthering Waves,Positif
Muhammad irfan Malik,5,2026-01-08 04:20:49,"bagus min, cuma kurang subtitle bahasa Indonesia",Wuthering Waves,Negatif
Honey Bun11,5,2026-01-08 02:35:40,"game bagus so far, yang ngeluh lag main di laptop dan gajinya bapakny dibawah 10juta perbulan",Wuthering Waves,Positif
Apandi Mardiansyah,5,2026-01-08 00:48:01,Disini saya menemukan my kisah,Wuthering Waves,Positif
Maulana lana,1,2026-01-07 23:49:08,update ke 3.0.1 banyak bug nya. tolong perbaiki. saya pengguna mobile,Wuthering Waves,Negatif
Muhammad Arfin,5,2026-01-07 23:21:15,"kuro tolong perbaiki lahroi misi motor selalu lag, tolong perbaiki ketidak nyamanan ini",Wuthering Waves,Negatif
Randy Sayfulloh 16,4,2026-01-07 22:54:46,untuk game udah sangat bagus jalan cerita juga menarik grafik juga bagus tapi tolong dong tambahin bahasa Indonesia agar player Indonesia bisa memahami alur ceritanya dengan baik,Wuthering Waves,Negatif
Raizaka Kurosora,1,2026-01-07 19:07:54,respon chat balasan di official website lambat ataupun lewat Gmail,Wuthering Waves,Negatif
stok,5,2026-01-07 19:04:11,good,Wuthering Waves,Positif
Boymin Clasher32,5,2026-01-07 16:42:04,Seru,Wuthering Waves,Positif
Muppie,5,2026-01-07 15:18:47,"jujur. game nya bagus banget, tapi dikit kecewa, awal main langsung kalah gacha, trs di pity tinggi terus. memang sih bisa explore, tapi masalah nya udah main ber jam jam sampai mual. walaupun gitu, tetep game yg bagus bngt dan bakal ku mainin terus😓",Wuthering Waves,Positif
muhammad hilman pratama,5,2026-01-07 14:35:56,game baik,Wuthering Waves,Positif
Radit Putra,5,2026-01-07 09:58:24,game kikir map dikit update dikit banyak bug kurang bansos,Wuthering Waves,Negatif
Dika Jefrianto,2,2026-01-07 09:45:04,"apaan sih dev,, makin kesini makin gak jelas banget asli,,update berkepanjangan,,tapi percuma gak optimal,,tolonglah dev, player yang punya device low kayak saya merasa gak nyaman,,sebelum²nya gak ada masalah deh,,lancar dan aman aja,,semenjak update patch makin gak optimal nih game",Wuthering Waves,Negatif
Jeffan,5,2026-01-07 09:28:45,minta zhezhi,Wuthering Waves,Positif
JULZ kris,3,2026-01-07 08:38:09,game nyaa baguss tapi bahasa nyaa tolong ada in bahasa indonesia nyaa,Wuthering Waves,Negatif
Codename - Kyoro,4,2026-01-07 08:21:27,Nice,Wuthering Waves,Positif
Leon KURAP,5,2026-01-07 08:08:00,bagus banget game nya,Wuthering Waves,Positif
Shafwa Khairinnisa,5,2026-01-07 07:00:45,sangat keren,Wuthering Waves,Positif
Rusman Lesmana,5,2026-01-07 06:34:24,"game ini sangat baik sekali, pliss kuro, signature cartheyia ku belum pulang udah pity 40😭",Wuthering Waves,Positif
NAFIS GAME,5,2026-01-07 05:42:03,"i love this game , good job kuro ,nice game",Wuthering Waves,Positif
Ricky Darmawan,5,2026-01-07 02:45:28,game baik 👌,Wuthering Waves,Positif
game - game seru bagi aku,1,2026-01-07 01:36:26,berat banget tolong di optimalkan lagi,Wuthering Waves,Negatif
BlackBoy,5,2026-01-07 01:19:31,Nice,Wuthering Waves,Positif
Amier Mb,2,2026-01-06 23:27:46,"gacha ampas, motor suka ngebug",Wuthering Waves,Negatif
Muhammad AlFAIZ,3,2026-01-06 21:58:42,"Saat login dengan WiFi tidak bisa, malah force close dan harus menggunakan data seluler terlebih dahulu, tapi untungnya masih bisa dimainkan menggunakan WiFi, bermasalah saat login saja, tolong masalah ini difix segera",Wuthering Waves,Negatif
Galih Pratama,5,2026-01-06 20:04:39,such a great game!! i have no comment for this game,Wuthering Waves,Positif
Alfin Marisa,5,2026-01-06 19:08:17,sangatlah bagus,Wuthering Waves,Positif
Harianto Lim,2,2026-01-06 18:07:34,"perbaiki gamenya.. game nya ngeframe parah semenjak update map baru, fps drop terus,susah untuk bermain explore doang dan main daily jadinya, perbaiki masalah ini segera",Wuthering Waves,Negatif
Sanny New email,5,2026-01-06 15:30:44,"udah bagus min, tapi kurang sub bahasa Indonesia aja 😊",Wuthering Waves,Positif
Arief Nurcahyono,5,2026-01-06 15:12:48,mantap sekali,Wuthering Waves,Positif
Marni Chania,5,2026-01-06 15:05:36,excellent,Wuthering Waves,Positif
03_Bintang shafa pratama,5,2026-01-06 15:01:14,seru banget,Wuthering Waves,Positif
Gilberth Silalahi,5,2026-01-06 14:52:03,5 star di 10 roll pertama,Wuthering Waves,Positif
Red Magic,4,2026-01-06 14:31:56,Gamenya bagus. tapi kenapa suka mental sendiri. bikin kesel,Wuthering Waves,Negatif
NadRam26,2,2026-01-06 14:31:47,"update 3.0 ini masih blm stabil sering lag, stuttering, ngefreeze, bahkan fc di map barunya padahal device sudah bagus tapi tetep ngelag di atur ke grafik low juga masih sama aja tolong diperbaiki/di optimalisasikan lagi kuro biar nyaman bermainnya",Wuthering Waves,Negatif
Samuel Denny,5,2026-01-06 13:55:00,Bintang 5 tapi ku bukan ancaman. Ku bukan Polisi ku buatmu angkat tangan,Wuthering Waves,Positif
Shidiq Satriawan,1,2026-01-06 13:44:02,Game tai,Wuthering Waves,Negatif
ITARA,2,2026-01-06 13:27:30,bad optimalization 🥀,Wuthering Waves,Negatif
Rafli Maulana,1,2026-01-06 12:52:16,game nya banyak bug sering FC,Wuthering Waves,Negatif
Restu Cross,1,2026-01-06 11:51:28,katanya bisa hapus data quest nyatanya kagak awkwkwkwk,Wuthering Waves,Negatif
icey,5,2026-01-06 11:27:08,"MASTERPIECE GAME STORY+RESONATOR+VOICE ACTOR, HOPE KURO GAMES GIVE ME SOFT PITY ALWAYS XD",Wuthering Waves,Positif
Ama Pratama,4,2026-01-06 11:20:42,Aku harap bisa bermain lagi,Wuthering Waves,Positif
Dede Mustopa,4,2026-01-06 10:06:12,"Overall bagus sih game nya, dari tiap patch ke patch selalu ada improve. Kecuali untuk optimalisasi di beberapa bagian tertentu frame drop parah, rate RNG critical nya parah banget, yakali 3 dari 5 serangan gagal critical, padahal critical rate 90%",Wuthering Waves,Negatif
Naufalgaya,4,2026-01-06 10:00:50,gede bet Jing buat main game ini 30+GB cocote,Wuthering Waves,Negatif
Ikrar Ahmad berlian,5,2026-01-06 07:09:14,gamenya bagus dan mas kuro tambahin lagi hadiah toa nya,Wuthering Waves,Positif
Kenji Runer,4,2026-01-06 06:50:38,ok,Wuthering Waves,Positif
Dark KINGG,1,2026-01-06 03:40:15,"gamenya Sangat² kurang Stabil Di android mau di akalin pakek Setingan Low Tp Grafis Di andro tergolong Kurang jernih/Kayak Orang gk Rabun di pakek in Kacamata Minus 4,terus Suaranya Jadi kayak Suara Setan Nyandet² gk jelas di tambaj sekarang ukuran gamenya udah 50anGB jadinya udah gak friendly di hp yang lama lama kelamaan antara harus beli yang ukurannya lebih gede atau pensi DAN PASTI SUARANYA KETIKA DI MAINKAN DAN MAU NGEREKAM LAYAR PERMASALAHANNYA MASIH SAMA JADI KAYAK RADIO RUSAK😭😭🤮",Wuthering Waves,Negatif
Zxu Can,5,2026-01-06 00:35:54,game baik 🗿,Wuthering Waves,Positif
Cinnamon Senpai,5,2026-01-05 22:37:13,"Improve dan Optimalisasi terus mas Kuro, dan juga aku tak bosan-bosan mengatakan—Kuro, Indonesian subtitle please... i need this...",Wuthering Waves,Positif
Muhammad Fardan,5,2026-01-05 19:06:24,keren,Wuthering Waves,Positif
thief boy,1,2026-01-05 18:29:25,goblog game kenapa ga sekalian aja jadi plagiat genshin impact buka map aja harus jalanin cerita sudah ceritanya sampah,Wuthering Waves,Negatif
KaylaA A,5,2026-01-05 18:21:01,"Hey hey, udah dikasih bintang 5. Tolong pulangkan sign Cartethyia dan Ciaccona kepadakuuuu. UDAH DAPET SEMUANYAAA, MAKASIH KUROOO.",Wuthering Waves,Positif
Neo z strike,5,2026-01-05 15:18:55,absolut cinema,Wuthering Waves,Positif
Muhammad Alvianor,5,2026-01-05 14:50:01,petualangan nya menarik,Wuthering Waves,Positif
The Black Thunder,2,2026-01-05 14:43:25,"sering mengalami crash ataupun force close saat menjalankan misi challenge motor, layar tiba tiba nge freeze padahal hp saya cukup mumpuni di grafik low, mohon bantuannya saya sangat suka game ini",Wuthering Waves,Negatif
Fauzi Abdillah,5,2026-01-05 14:10:16,bagus game nyah,Wuthering Waves,Positif
Rioo Tomo,5,2026-01-05 13:20:21,"game bagus, ga pelit",Wuthering Waves,Positif
Faishal Farras Naufal Abdillah,5,2026-01-05 13:03:35,"kemren absolute cinema, tambahin event please buat player baru bisa bisa gacha lynae",Wuthering Waves,Positif
Shin,5,2026-01-05 12:46:55,worth it,Wuthering Waves,Positif
andrian ramadhan,5,2026-01-05 11:28:54,tolong dong di perbanyak lagi fiturnya biar nambah berat game nya. biar si miskin miskin itu ngga mainnlagi,Wuthering Waves,Negatif
Eka Bara,1,2026-01-05 10:49:50,malas banyak bug,Wuthering Waves,Negatif
Astael_Ajah,1,2026-01-05 09:53:09,"gila memo penuh cuma gara-gara ni game doang bjir padahal realme c53 loh, tolong ya dev tolong optimal kn",Wuthering Waves,Negatif
Shea,5,2026-01-05 09:33:30,"mantap bet gamenya, banyak waifu yang bisa kita jadikan istri",Wuthering Waves,Positif
TNR frog,5,2026-01-05 08:38:58,size nya wuwa bikin penyimpanan hp menangis 😭,Wuthering Waves,Negatif
Moh Hendra,1,2026-01-05 08:06:12,tidak ada bahasa indonesia nya,Wuthering Waves,Negatif
kukuruyuk,4,2026-01-05 07:59:59,dear developer. aku tidak bisa mengerjakan quest tutorial di region terbaru. tiap ngerjain selalu nge crash. aku berfikir mungkin setelah update bisa diselesaikan tapi tetap aja tidak bisa sampai hari ini tertanggal 5 Januari 2026,Wuthering Waves,Negatif
SSR Protect,4,2026-01-05 03:48:21,makin lag,Wuthering Waves,Negatif
Chasan NN,1,2026-01-05 00:14:36,sekali lagi ngak bisa di update gw hapus nih game,Wuthering Waves,Negatif
Code name Davin,1,2026-01-04 18:35:21,"tolong beri kami kesempatan user 6 gb ram/128 rom kami ingin menikmati wuthering waves di versi 3.0 sampai seterusnya, dibutuhkannya 60 gb untuk update selanjutnya sehingga tidak dapat update karena kurang ruang penyimpanan untuk wuthering waves sedangkan memori yang tersisa hanya 30/40 gb 😭😭😭😭😭😭😭😭😭😭😭",Wuthering Waves,Negatif
Afid2 Bayusetiawan,5,2026-01-04 18:16:11,"game baik, semoga saja kedepannya lebih baik lagi mulai dari optimasi untuk chipset dimensity agar bisa mendapatkan frame generation",Wuthering Waves,Positif
Rey Ali,5,2026-01-04 17:13:29,terimakasih atas perbaikanya,Wuthering Waves,Positif
Zimmi Fadlizhar,5,2026-01-04 17:11:39,Game baik coooooy,Wuthering Waves,Positif
Naufal Zhoryf,5,2026-01-04 16:54:25,indonesian language please,Wuthering Waves,Negatif
Sadewa Patiselano,5,2026-01-04 15:32:24,"Gw tau sih ga bakal di baca 🗿, tapi kalau Collab sama Frieren saya pull Fern smpe S6 🗿",Wuthering Waves,Positif
Rin Rin,1,2026-01-04 15:13:35,"aku udh lama banget main game ini, tpi update 3.0 membuat ku kecewa, karena kejadian 1.0 terulang kembali, sebagus2 nya QoL tpi klo optimasi jelek ya ga bisa dimainkan. semoga di versi terbaru sesuai dgn harapan lah, minimal optimasi nya bagus.",Wuthering Waves,Negatif
lz media,5,2026-01-04 14:53:33,developer baik,Wuthering Waves,Positif
Zakaria _A,3,2026-01-04 13:57:30,tolong kuro tambah kan bahasa Indonesia,Wuthering Waves,Negatif
Ghulam Niyazi,5,2026-01-04 13:53:30,"terimakasih kuro sudah membuat game yang sangat bagus seperti ini! saya sangat suka visual grafik dan cerita yang diberi oleh game ini, saya selalu merasa tersentuh saat bermain game ini, musik yang dibagikan juga sangat bagus! sekali lagi, terimakasih... saya senang dengan ini.",Wuthering Waves,Positif
i komang ada guna artha,5,2026-01-04 13:40:05,"banyak gondal gandul jirr, GILAAAA OJI INIMAH SETARA HENDRA KUN, LANJUTKAN",Wuthering Waves,Positif
Ihsan Zidane,5,2026-01-04 13:11:36,"alur cerita bagus ga vacum, perfect lah pokoknya",Wuthering Waves,Positif
Jonathan stepanus,3,2026-01-04 13:07:24,"wuwa sekarang sangat berat untuk di mainkan dengan hp spek menengah ke bawah, total penyimpanan yang di gunakan bisa sampai 50Gb lebih dan pengoptimalan untuk device kentang mungkin akan terasa lag saat di mainkan, saran gua upgrade dulu device kalian ke hp flagship baru kalian main wuwa.",Wuthering Waves,Negatif
Desmond Toretto,5,2026-01-04 11:39:59,"keren game nya,,,tapi kadang suka ada bug kayak batu berubah warna jadi ungu pdahal saya gk pake config sama sekali,trs sonance yang gk keliatan,pas relog baru keliatan",Wuthering Waves,Negatif
Rohid Mohammad,5,2026-01-04 10:20:53,Keren cihuy,Wuthering Waves,Positif
Anaya,5,2026-01-04 09:38:04,30 pity dpt waifu,Wuthering Waves,Positif
Elaina Pacar gw,5,2026-01-04 09:06:49,game yg sangat bagus dan keren ini,Wuthering Waves,Positif
Nabil•ナビル,5,2026-01-04 08:46:40,kalo bisa tolong di tambah bahasa indonesia plis.,Wuthering Waves,Negatif
Arvieano Elgiansyah,4,2026-01-04 08:21:53,size nya gede sih ga masalah pokoknya optimalisasi nya bagus tapi kalau masih jelek ya bete juga majnnya,Wuthering Waves,Negatif
Ridho Rasyid,5,2026-01-04 06:58:26,game bagus. kalau bisa tambahkan bahasa Indonesia karena banyak player yang main game ini berasal dari indonesia❤,Wuthering Waves,Positif
Muhammad Zidan ibrahim,5,2026-01-04 06:21:33,best,Wuthering Waves,Positif
muh rafly,1,2026-01-04 06:06:59,"optimalisasi untuk mobile jelek, sekian",Wuthering Waves,Negatif
KhaTeki A_D_I,5,2026-01-04 05:11:39,"game RPG terkeren menurut gue ,hanya saja tidak ada SUBTITLE INDONESIA MOHON DEVELOPER ADAIN SUBTITLE INDONESIA NYA BIAR bisa lebih menikmati game play dan paham story 🙏🙏🙏",Wuthering Waves,Positif
Muhammad munawar zaki,5,2026-01-04 04:12:25,mantap,Wuthering Waves,Positif
Inaya Azmi,5,2026-01-04 02:03:23,"halo, kuro games! disini aku ingin menyampaikan pendapatku. game ini sangat bagus! aku main di laptop dan handphone, tapi untuk handphone yang sudah jelek ( maaf ya ;< ... ) saya tidak merekomendasikan untuk semua yang memiliki handphone dengan penyimpanan yang kecil.. saya sudah mencoba di handphone saya dengan penyimpanan kecil. jadi saya merekomendasikan untuk memainkan ini dengan handphone/laptop yang sudah didukung oleh game ini. terima kasih, walaupun, game gacha ini juga bagus kok!! <3 ^^",Wuthering Waves,Positif
ILHAM WILYA PUTRA,1,2026-01-04 00:14:20,force close mediatek dimensity 9400+,Wuthering Waves,Negatif
baggas fikrianto,3,2026-01-04 00:06:07,ada bug pas di misi vehicle drive tutorial selalu crash dan force close mulu,Wuthering Waves,Negatif
MadiatKun,5,2026-01-04 00:02:30,makasih kak,Wuthering Waves,Positif
Angga Bintang,4,2026-01-03 23:25:03,semua dalam game ini udah bagus cuma tolong ukuranya kalau bisa di perkecil. sejak update ke 3.0 ukurannya jadi besar banget dan kadang kalau main tuh patah patah banget😭😭,Wuthering Waves,Negatif
Lukman Nurhidayat,3,2026-01-03 19:40:41,data nya besar banget,Wuthering Waves,Negatif
Lintang Anggareksa,1,2026-01-03 19:21:41,"tolong gamenya lebih dioptimalkan buat hp android, masa maen di hp rog9 pake kipas tetep force close, udh diturunin pake low grafik masih suka force close.",Wuthering Waves,Negatif
Sans up Sans up,4,2026-01-03 19:13:36,"game nya bagus, tapi perangkat saya gk memadai. jd saya akan kembali nanti saat perangkat sy sudah bagus",Wuthering Waves,Positif
Ans Hoshinova,5,2026-01-03 19:07:22,BEST OF THE BEST,Wuthering Waves,Positif
Dia juga,5,2026-01-03 18:49:59,👍2024,Wuthering Waves,Positif
CMR• ARMOR,5,2026-01-03 18:00:08,maskuro gw kasih aemeath pull ke 50 jangan kasih rate off yak,Wuthering Waves,Positif
Alexa,4,2026-01-03 16:30:29,tolong sediakan bahasa Indonesia,Wuthering Waves,Negatif
Sky Walker,5,2026-01-03 16:01:56,Minimal Device Mumpuni :v Bru Ngeluh,Wuthering Waves,Positif
Hi`Luffy,4,2026-01-03 13:11:54,lebih baik untuk update kedepannya fokus optimalisasi,Wuthering Waves,Negatif
Baby Shark,1,2026-01-03 12:42:08,game jelek penyimpanan besar frame drop dan jaringan tida stabil developer yang buat game gila,Wuthering Waves,Negatif
Bravoocuy,5,2026-01-03 12:40:48,"gg cik,storylinenya seru,grafiknya bagus,karakter development nya lumayan",Wuthering Waves,Positif
Royyan Ardiansyah,5,2026-01-03 12:40:35,game gacha bagus ga kaku banyak hal inovatif semoga next update kedepan banyak hal hal yang baru dan size game semoga ga semakin membengkak,Wuthering Waves,Positif
Aditya,1,2026-01-03 12:16:20,ngelag banget,Wuthering Waves,Negatif
RAIS,2,2026-01-03 11:04:00,ngebag pas Iven bawa motor,Wuthering Waves,Negatif
Hafidz Rafi,2,2026-01-03 10:35:49,"ini game sekarang ga optimal sekali anjir, percuma ngejar ngejar grafik pc di mobile kalo para user device nya kentank kaya gw, tolong di optimal kan ulang seperti pada versi versi sebelum 3.0, apa lagi di continent barunya, sumpah ngeleg kali anjir",Wuthering Waves,Negatif
Sugar Ken,5,2026-01-03 10:06:42,good game,Wuthering Waves,Positif
ajimas dwi hariyokho,1,2026-01-03 09:27:19,"Update kali ini bikin ponselku sampe ngestuck, udah mau 60gb Top dah, terimkasih tapi cukup sampai disini",Wuthering Waves,Negatif
Kohaku,1,2026-01-03 09:08:52,optimalisasi sampah,Wuthering Waves,Negatif
Hansen Saputra,5,2026-01-03 08:14:26,yey,Wuthering Waves,Positif
Alexandrina Sebastiane,4,2026-01-03 05:15:29,"Sebenarnya sih no komen buat game ini, tapi saya mau mengangkat masalah optimalisasi pada patch 3.0 yang terbaru mengingat banyaknya masalah pada update terbaru ini. Yang paling banyak dikeluhkan adalah bug pada tutorial quest driving tutorial dimana ketika melewati cincin emas game nya freeze, juga banyak yang mengeluhkan kalau FPS mereka jadi sangat drop terutama saat battle pasca update, yang mana ini sangat berpengaruh terutama pada konten endgame seperti Whiwa, dan ToA",Wuthering Waves,Negatif
Agli,5,2026-01-03 05:14:40,gamenya bagus tapi optimalin dong untuk hp kentang,Wuthering Waves,Negatif
MHD Sukhron Bahari,4,2026-01-03 00:21:01,optimalisasi nya lagi dong biar tambah wah,Wuthering Waves,Negatif
Lawrens Rey,4,2026-01-02 19:22:19,Wuthering waves tolong lah kasih hadiah F2P susah memainkan nya karena karakter nya susah di dapat,Wuthering Waves,Negatif
IYUGAMI,5,2026-01-02 18:59:43,"atmin baik hati, 10x kasih my bini😋",Wuthering Waves,Positif
Manusia Biasa,5,2026-01-02 18:37:25,game bayik aku dikasih memang rate off low pity dua kali anjayy hahay,Wuthering Waves,Positif
Shinoa Chan,5,2026-01-02 16:25:07,game baik,Wuthering Waves,Positif
Hairul Naiim,5,2026-01-02 15:32:08,mohon maaf untuk developer kuro saya mau pensi main wuthering waves soalnya hp saya kentang dan gak sanggup lagi main wuthering waves..!!! thank you developer 🙏🙏,Wuthering Waves,Negatif
Irgi Zelly76,5,2026-01-02 15:10:49,ko mau login kluar Mulu yah? apakah kalian sama,Wuthering Waves,Negatif
Miftahul Ihsan,1,2026-01-02 14:55:12,"Force Close saat Vehicle Driving Tutorial 1 Help For subtitle indonesia, Please .. saat upgrade weapon ataupun lainya saya ingin membaca deskripsi, saya tidak mengerti inggris.. dalam penulisannya saja indonesia.. tidak perlu berbicara / speaking, tidak apa apa... i will revision Star, If Revision Accept",Wuthering Waves,Negatif
Yoona,1,2026-01-02 14:49:49,"Game ini tidak worth it untuk dimainkan. gamenya berat dan terkadang patah-patah layarnya. sudah begitu, pity nya tinggi-tinggi. aku sebagai player baru kesal sekali, karena masih baru gacha udah dapat rate off. padahal aku pemain baru loh. selain itu, isinya cuman fan servis dan cerita cukup monoton. quest Rata-rata ribet. Hasil yang didapat untuk astire nya juga sedikit. Player terpaksa bekerja keras untuk hasil yang mengecewakan. adik saya yang pertama kali main pun hasilnya langsung rate off",Wuthering Waves,Negatif
Andre Aswindani,5,2026-01-02 13:33:42,kumohon ada bahasa Indonesia,Wuthering Waves,Negatif
H Zaki,5,2026-01-02 12:43:11,"serius, aku pengen banget ngasih ni game bintang 5+ tapi tolong banget buat admin kuro games... performa untuk mobile... bener bener di tingkatin lagi...😭😉",Wuthering Waves,Negatif
Gracella S,5,2026-01-02 11:51:00,game kerennn,Wuthering Waves,Positif
Andika Bimantoro,1,2026-01-02 11:09:44,beneran optimalisasi nya kuro,Wuthering Waves,Positif
Konco 24,1,2026-01-02 11:05:21,semenjak update yang baru ini sering for close padahal main aman aman aja gak leg gak apa tiba freze sedetik for close hp Realme gt master edition,Wuthering Waves,Negatif
ReenRiz Q,1,2026-01-02 10:41:09,"gak friendly banget game ini buat hp Mid ke bawah, terpaksa harus rata kiri di tambah itupun gak lancar alias sering frame drop? emang gw tau grafis bagus tu butuh sistem kuat juga cuman why? tambahin opsi Grafik kentang sekalian biar banyak player atleast masih bertahan/mencoba download game ini, Apa mau yapping device issue? Emang! kebanyakan org indo tu hp nya mid ke bawah jadinya ni game gacocok buat di indo, Apa mau lancar di pc rata kanan? meh buat apa gw punya pc bagus main game ginian..",Wuthering Waves,Negatif
Yoga Kurnia algifari,5,2026-01-02 08:29:28,"buatkan versi cloud pliss, penyimpanan hp saya sudah penuh😢",Wuthering Waves,Negatif
Raffa Aqila,5,2026-01-02 07:45:40,"mulai dari grafik, chara, story, world building, sama lain lain nya udahh baguss bangett, ditambah aku dapat carte modal 30x pull win rate off🥰😁😁 tyy kurooo",Wuthering Waves,Positif
Vann,3,2026-01-02 07:16:34,"Aku udh main dri awal rilisnya tpi knp semenjak update ini jadi ga optimal lagi ya? Dulu awal rilis ya wajar lah masih blm optimal, lah skrng malah makin lag dari sebelum nya jirlah di Poco X6 Pro di lock 45fps walau sudah pakai cooler + mode performa settingan low atau medium pun masih tetep lock 45fps yg paling parah malah 30fps. Mungkin ini masalah device nya yg otomatis ngelock fpsnya atau emg dari game nya yg kurang optimal aku jg gtw. Ya aku jg main di PC sih hehe.",Wuthering Waves,Negatif
Andika MR,5,2026-01-02 03:09:21,"update kali ini bener bener gila dah,,, dari grafik geloo abiss,,,dari event baguss,,, story meningkat feelnya,, battle juga mana yang gk bagus dari kuro,, fitur dan qol yang benar benar memuaskan,, yang paling gw apresiasi,, ini new mapnya,,, wah bener"" gila dah,,, agak kasian sih yang device kentang,,,banyak yg bilang makin ngelag ...UDAH 2026 MASI KENTANG?🫵🫵🫵UPGRADE LAH.....",Wuthering Waves,Positif
Khanis Wirayudha Nata Raharja,5,2026-01-02 02:54:38,Tq Developer udah perhatiin gamenya dengan sangat detail👍👍👍,Wuthering Waves,Positif
Grh Shrmn,5,2026-01-01 20:54:40,"untuk pihak kuro tolong lebih dioptimalkan untuk user mobile, lalu keluhan diriku ini di patch 3.0 selalu ada update. diriku tidak mempermasalahkan soal updatenya, hanya saja sangat muak menunggu compiling shadernya. setiap hari update tapi tidak ada pengoptimalan yang membuat kita nyaman saat bermain game ini, tolong ya kepada pihak kuro lebih dimaksimalkan game ini jadi semakin berat untuk user handphone low dan mid range",Wuthering Waves,Negatif
Junico Ardi S.,5,2026-01-01 19:27:39,"game baik jir aseli, pity nya bagus semua, nguli nya sangat ramah apalagi bansos nya. sehat sehat developer baik",Wuthering Waves,Positif
Own Brenzy,5,2026-01-01 18:23:14,optimalisasi nya mantap kan lagi,Wuthering Waves,Negatif
Zhafi Bima Avichena,1,2026-01-01 17:56:13,Woi diperpanjang lah waktunya misi voidstorm g ngotak cepet banget mana ngebug lagi perpanjangan waktu escape voidstorm,Wuthering Waves,Negatif
Amantura,5,2026-01-01 15:58:09,game baik,Wuthering Waves,Positif
Septian Nurjati,5,2026-01-01 15:56:44,gamenya hebat kuro,Wuthering Waves,Positif
Fadhlan Rahman,5,2026-01-01 15:23:39,gilak game ini,Wuthering Waves,Positif
Gusti Putu Kartikawati,5,2026-01-01 13:50:23,good,Wuthering Waves,Positif
Stenly Almaarif,3,2026-01-01 12:55:48,"game lumayan bagus... andaikan suport bahasa Indonesia pasti lebih mudah dipahami untuk kami yg bahasa Inggris nya pas""an",Wuthering Waves,Negatif
Amura Vold17,5,2026-01-01 12:51:26,game baik,Wuthering Waves,Positif
Herwanto,5,2026-01-01 11:39:45,Pembaruan terbaru 3.0 memberikan kualitas eksplorasi baru aku sangat menyukainya,Wuthering Waves,Positif
Fandi mei Santoro,1,2026-01-01 11:06:27,"mengecewakan bikin malas main, gacha ampas setelah kalian kasih chalvaro",Wuthering Waves,Negatif
Muhammad akbar al pahrukh,2,2026-01-01 10:00:33,kok ak terjebak ya di download resources?,Wuthering Waves,Negatif
Louis Aureus,1,2026-01-01 09:45:04,"GAME BERAT BUAT HANDPHONE, NGGA USAH BEREKSPETASI TINGGI MASUK NOMINASI BEST GAME MOBILE WKWKWK!!!! 😹",Wuthering Waves,Negatif
Nobel Valentino,5,2026-01-01 09:30:33,hebat,Wuthering Waves,Positif
Andrean,4,2026-01-01 09:07:02,tolong kasih subtitle bahasa Indonesia,Wuthering Waves,Negatif
JebolGamingYT,1,2026-01-01 08:56:09,tolong di kasih subtitel indonesia nya dong,Wuthering Waves,Negatif
Fajar Rizky Andika Dwi Putra,4,2026-01-01 08:12:26,Tolong adain bahasa Indonesia min. mines di subtitle doang nih,Wuthering Waves,Negatif
dika,5,2026-01-01 01:55:36,game baik dikasih karakter limited terus,Wuthering Waves,Positif
Zakaria Rahmat,4,2026-01-01 00:36:14,device kentang ku mulai kewalahan di versi terbaru😭,Wuthering Waves,Negatif
Nauval Abbiyu,3,2025-12-31 23:35:04,map baru ngga stabil frame parah,Wuthering Waves,Negatif
AndhikaZ,5,2025-12-31 22:13:53,tolong tambahkan terjemahan bahasa Indonesia,Wuthering Waves,Negatif
Widi Pratama,5,2025-12-31 20:13:37,story ny bagus. animasi battle ny keren.,Wuthering Waves,Negatif
Kaelzy,5,2025-12-31 19:00:45,"Good game, gacha jarang busuk",Wuthering Waves,Positif
Arkan Zain,4,2025-12-31 18:16:59,gamenya lumayan bagus cuman masih banyak bug seperti tanda quest yg posisinya tidak tepat,Wuthering Waves,Negatif
pipin kurniawan,5,2025-12-31 17:40:50,Jika di perbolehkan bisa di kasih mod untuk yg 18+,Wuthering Waves,Positif
ARCHIELLO WISNU,5,2025-12-31 17:39:35,"gacor kang, gacha saya wangy",Wuthering Waves,Positif
Abdul Selian,1,2025-12-31 16:55:07,"keseringan aku dapat bug di game ini bikin kecewa, padahal udh lama main game ini bahkan lvl udh 66 rank 7 setelah di apdet mkin byak bug nya,, padahal game nya bgus, hadeh harus pensi lah, kerja misi nyangkut tiba² kluar dari apk, hadeh",Wuthering Waves,Negatif
Clown Company,5,2025-12-31 14:44:20,🙏👍,Wuthering Waves,Positif
Kurang Turu,5,2025-12-31 13:48:39,saya akan tetap bermain game ini tapi buat developer tolong di fix 3.0 yang sangat berat di mobile ngefreeze dan force close,Wuthering Waves,Negatif
Muhamad Luthfi,5,2025-12-31 13:34:45,"game terbaik yg bisa melibas genshin, serta mendengarkan keluh para player",Wuthering Waves,Positif
mamang,5,2025-12-31 13:29:54,lebih dioptimalkan lagi untuk rendering 3.0 sering mengalami bug bug kecil tapi tidak terlalu pengaruh dan map lahai-roi texture nya terlalu tajam membuat perangkat cepat panas mohon di optimalkan lagi,Wuthering Waves,Negatif
Rovik Hidayat,5,2025-12-31 12:55:10,game gacorrr,Wuthering Waves,Positif
Haziq Abqary,5,2025-12-31 12:43:40,mantap,Wuthering Waves,Positif
Ronggot Baru,5,2025-12-31 12:20:47,awalnya saya lihat game ini dari tiktok dan saya mencoba game ini tanggal 24 mei 2025 dan sejak itu saya tidak pernah bosan sampai sekarang (31 Desember 2025) karena sangat bagus walau saya main di hp kentang dan sangat patah saya harap kurogame memberikan saya hp iphone 17pro max,Wuthering Waves,Positif
Keano Agha,5,2025-12-31 11:51:13,"wah, gila ini game yang paling bagus menurut gw, battlenya itu lho keren banget. Tapi storynya aja kureng",Wuthering Waves,Positif
thesaa Serliana,4,2025-12-31 11:47:14,tolong tambahkan bahasa Indonesia untuk mempermudah orang Indonesia membaca lore atau storynya,Wuthering Waves,Negatif
Khae Ikhi,1,2025-12-31 10:49:42,update 3.0 banyak bug. hp cepat panas. sering crash.,Wuthering Waves,Negatif
Yudi Ansyah,5,2025-12-31 10:31:08,"saya cukup puas dengan game ini, dri char, story, qol, npc npc yg tersebar di lahai roi, sampe dev yg terus berkembang, terima kasih kuro",Wuthering Waves,Positif
Ahmad Zanky,1,2025-12-31 09:20:17,mohon pihak wuwa gw main nyelesain misi yang worm use the Dodge to attack susah banget gagal terus waktu di awal ini gimana,Wuthering Waves,Negatif
Attar Rizqullah,5,2025-12-31 08:46:27,makasih carte nya,Wuthering Waves,Positif
Adit Adit,1,2025-12-31 08:45:37,banyak bug,Wuthering Waves,Negatif
Alvino Betrand yoseanama,4,2025-12-31 07:32:20,untuk update terbaru overall bagus banget tapi tolong untuk di optimalkan lagi kestabilan untuk penguna android sebelum nya gak separah ini tapi setelah update frem nya kerasa banget tolong di perhatikan 👍,Wuthering Waves,Negatif
Randy Rahmat,5,2025-12-31 07:28:08,optimalisasi? device lu benerin,Wuthering Waves,Positif
yassin fadlillah,1,2025-12-31 06:57:14,"Masih Terlalu Berat Untuk Android, Bahkan Dengan GPU Adreno 650 Dan Chipset Snapdragon 885... Belajarlah Dari Game Mobile Seven Knights 2,Grafis Sangat Keren Seperti Game Konsol Namun Sangat Ringan Dan Lancar Di Android,Pengoptimalan Untuk Ponsel Masih Terlalu Payah",Wuthering Waves,Negatif
Samuel Jeremy,2,2025-12-31 04:41:41,"After the 3.0 update, the game still looks great and plays well, but performance issues remain — lag and crashes can still happen on a mid-range phone. There’s also no Indonesian subtitle support, and storage keeps growing with no proper data-cleanup option. The potential is there, but it urgently needs better optimization, subtitles, and cleaner data management. See you next time!",Wuthering Waves,Negatif
Dikri anakbaik,5,2025-12-31 04:34:05,game my seru,Wuthering Waves,Positif
Dafa,5,2025-12-31 04:29:44,"tolong bug nya diperbaiki di event kartu, ga bisa dipencet mmk",Wuthering Waves,Negatif
yustia FH,5,2025-12-31 03:21:30,"untuk papa kuro , plis tambahkan subtitle Indonesia karna sulit memahami bahasa inggris mudahan bahasa indinesia bisa ditambahkan",Wuthering Waves,Negatif
wie Wiyono,5,2025-12-31 03:13:53,game bagus seret penyimpanan rek😹😹 sisa 9GB punya gw,Wuthering Waves,Negatif
31_Tristan viijananda Atmaja,5,2025-12-31 02:51:37,"jangan macam"" sama istri gw bg",Wuthering Waves,Positif
Revan Aditya,4,2025-12-31 00:44:18,"game nya bagus, saya sangat menyukai combat style nya, apalagi beberapa karakter memiliki combat style nya masing masing, saya sangat menyukainya, namun ada satu hal yang saya tidak suka yaitu optimalisasi game ini di android sangat buruk, saya sering menemukan bug atau frame drop yang menganggu gameplay saya, saya berharap game ini dapat berkembang dengan lebih baik lagi. terima kasih",Wuthering Waves,Negatif
Tasya Elizayadi,5,2025-12-31 00:40:04,intinya... best lah. game favorit gue. 💯,Wuthering Waves,Positif
Gilang Maulana,5,2025-12-31 00:33:10,game baik,Wuthering Waves,Positif
Divatha Suryo,2,2025-12-30 23:30:01,"update lahai roi gak optimal, ada bug yg belum di fix.",Wuthering Waves,Negatif
YT Junior,5,2025-12-30 23:28:33,"akhirnya di perbaiki , jadi bisa Login lagi, Thanks 🌹❤🙏",Wuthering Waves,Positif
N V I M,3,2025-12-30 22:41:26,ngecrash terus setiap mau tutorial motor step 1 padahal yang lain aman dan debice mendukung.,Wuthering Waves,Negatif
Mbeeww,5,2025-12-30 22:36:33,bagus bnget gamenya,Wuthering Waves,Positif
Manisha Satriani,5,2025-12-30 22:26:16,tolong adain indonesian language. ini bagus bangetttttt bangetttt,Wuthering Waves,Positif
Rizki A,5,2025-12-30 21:05:39,BAGUS BANGET ASLI WAJIB MAEN,Wuthering Waves,Positif
I wayan Artana,1,2025-12-30 16:55:23,setelah update bug overclose di tutorial berkendara yang pertama,Wuthering Waves,Negatif
Faza XP,5,2025-12-30 15:47:37,"makasih mas kuro yang udah buatin game sekeren ini, meski gw harus berhenti main nih game karena mau fokus real life (device issue) yah makasih banyak buat nih game🙌",Wuthering Waves,Positif
Adet ya,2,2025-12-30 15:11:34,"tolong yang map lahai roi dioptimalkan dong kuro, masa iya waktu dimap lain aman aman aja giliran di lahai roi frame drop parah",Wuthering Waves,Negatif
Faruq 02,5,2025-12-30 13:30:25,"malas sistem gachanya, kapan bahasa indonya ga malas english",Wuthering Waves,Negatif
Adam Rizky,1,2025-12-30 13:29:33,Developer pemalas.... poster jiplak blue archive,Wuthering Waves,Negatif
Faisal Reza,3,2025-12-30 13:22:59,"Game nya seru mantap, sudah optimal juga di POCO X5 Snapdragon 695 5G. [New Note] Setelah update kenapa jadi berat ya? Tolong dioptimalisasi lagi, thanks.",Wuthering Waves,Negatif
Raka Muzakkii Jumaedi,3,2025-12-30 12:56:02,sebenarnya seru sih dari gameplaynya dan karakternya cuman tolong banget saya gak bisa menikmati storynya soalnya pake bahasa inggris jika bisa tolong tambah kan bahasa Indonesia ke dalam gamenya agar banyak orang yang dapat menikmati storynya terimakasih 🙏,Wuthering Waves,Negatif
Tan Yiung,3,2025-12-30 12:55:53,please kuro optimalisasi lagi dihp redmi 14 pro 5g yg misi tutorial warna orange sewaktu dimainkan ngefreeze,Wuthering Waves,Negatif
Taufiq Kurahman,1,2025-12-30 12:52:37,"serius gua nanya, ini bag apa gimana udah berapa kali gua downlod data 200mb kalau mau update sekalian jangan dikit- dikit.",Wuthering Waves,Negatif
Jeb,5,2025-12-30 12:49:46,"<33 Desain karakter top tier sihh, gameplaynya SERU PAKE ABIS AISSUSJAK, semuanya peak. Story peak, karakter peak, desain peak, map nya juga peak. Yang kurang peak, size nya 🥲 Tapi untuk game yang emang wow ini, ga heran sih. Coba aja aku punya device yang lebih memumpuni ahaha",Wuthering Waves,Positif
Muhammad AFIF AZMI,5,2025-12-30 12:43:21,story di game ini sangat bagus dan mempunyai kualitas grafis yang sangat indah 🤭😂,Wuthering Waves,Positif
Unda Hadi,5,2025-12-30 12:33:32,geloooo. 3.0 NPC nya cakep cakep semua.. yang paling sempurna dan istimewa NPC AI I.R.I.S. bisa main gitar dan nyanyi.. trus gerakan petik senar real cuy.,Wuthering Waves,Positif
ムハンマド •リズキー,1,2025-12-30 12:22:53,"update tiap hari bukannya dibenerin malah main ngbug, skrg update malah jadi sering mental",Wuthering Waves,Negatif
Muhammad Moreno sucipto,4,2025-12-30 12:11:46,"tolong dong ini siap update 3.0 asal masuk ke menu event ngefrezz mulu, entah saya aja atau orang lain begini juga",Wuthering Waves,Negatif
Mlebu Penak,5,2025-12-30 11:38:05,update mulu,Wuthering Waves,Negatif
Kyu Monz,1,2025-12-30 11:05:04,gada bahasa indo,Wuthering Waves,Negatif
Ali Nur Hakim,4,2025-12-30 11:03:37,jujur nunggu punya hp yg support buat main game ini🥲,Wuthering Waves,Negatif
SCP 049,5,2025-12-30 10:10:55,"I dont know how to describe this masterpiece game, every patch we got some improvement and now this game reach AAA level for me",Wuthering Waves,Negatif
Fania Indriyan,5,2025-12-30 10:09:43,Game baik,Wuthering Waves,Positif
Faisal GachaYT,5,2025-12-30 10:08:46,GOOD GAME,Wuthering Waves,Negatif
Ferry Dwinata,5,2025-12-30 09:38:56,best,Wuthering Waves,Positif
Duke Daffa,4,2025-12-30 09:24:27,tolong ditambahkan bahasa Indonesia Dev🙏 banyak kata-kata bahasa inggris yang jarang digunakan sehari-hari menjadi bingung.Masa harus lihat You tube untuk tahu Lore cerita game nya kan g asik banget 😔 MOHON DITAMBAHKAN BAHASA INDONESIA🙏,Wuthering Waves,Negatif
Adam Sahrul,5,2025-12-30 07:59:44,aplikasi tolol banyak bkpnya tapi bagus juga hee,Wuthering Waves,Negatif
Resta,5,2025-12-30 06:57:05,good,Wuthering Waves,Negatif
Super Spica,1,2025-12-30 06:53:20,Game paling busuk optimalisasinya ga di mobile ga di pc sama,Wuthering Waves,Negatif
Nada Adena,5,2025-12-30 06:05:54,SUKAAA,Wuthering Waves,Positif
Fajar Alita,1,2025-12-30 05:56:30,ko semejak 3.0 ini gem aneh banyak bug dan cepat panas,Wuthering Waves,Negatif
Pitox Ap,5,2025-12-30 03:41:23,"entahlah sudah nggak kuat lagi kemarin septimont sekarang region baru di kota academy malah nambah parah bukannya di berbagus kek gitu kek dioptimalkan biar playernya dengan device yang seadanya masih kuat, septimont kemarin dapetnya cuman 25 fps kalau nggak ada fight scene disana ya kalau ada tau lah drop nya kek mana ini di academy gila bukannya ""video game"" malah jadi ""picture game"" (terima kasih sahabat""",Wuthering Waves,Negatif
Aby,3,2025-12-30 03:05:48,"jujur saya sebagai mantan player wuthering waves di platform mobile sangat kecewa sekali dengan game ini karena game ini sudah terlalu banyak memakan storage sampai 50>gb dan game ini masih tergolong belum optimal di mobile, walaupun di update terbaru ada udah ada fitur untuk menghapus file-file dalam game yang udah ga terpakai lagi tapi menurut saya itu kurang membantu jadi tolong kepada pihak kuro games agar size game ini lebih diperkecil lagi dan gamenya lebih di optimalkan lagi",Wuthering Waves,Negatif
Nase Nase,5,2025-12-30 02:30:29,terbaikkk,Wuthering Waves,Positif
Fajarr Saja,5,2025-12-30 01:55:23,ABSOLUTE KURO sebagai gamers ini adalah game gacha terbaik menurut ku,Wuthering Waves,Positif
Robert Adiputra sanawi,3,2025-12-30 01:51:45,untuk gamenya sudah bagus tapi untuk ukuran game disesuaikan dengan penggunaan hp supaya tidak memberatkan,Wuthering Waves,Negatif
Azzam Alfarisi,5,2025-12-30 01:37:46,game ini sangatttt bagusss,Wuthering Waves,Positif
Dayan Iyan,2,2025-12-30 00:50:59,terlalu berat untuk ram 8 snap 700,Wuthering Waves,Negatif
Ryan Aditya,5,2025-12-30 00:44:04,ok,Wuthering Waves,Positif
Marvenda Rizal,5,2025-12-29 19:17:13,New outfit for rover please 😇😇,Wuthering Waves,Positif
HNim3 _,2,2025-12-29 19:02:18,"Bagus, cuma perlu optimalisasi lagi untuk update 3.0, ini Berat bet Wak padahal sudah pakai SD 870, minimal lancar 30fps walaupun burik, ini kaga patah banget sampai fors close (cuma terjadi di map baru 3.0)",Wuthering Waves,Negatif
SAMURAI ID,1,2025-12-29 18:56:11,"udah main satu tahun lebih, kecewa sama grafiknya, padahal udah rata kanan semua masih aja keliatan pecah, udah gitu bayangan objek bentuknya pixel",Wuthering Waves,Negatif
Rohul Amin,2,2025-12-29 17:46:41,kok qust terbaru banyak bug nya ini saya berulangkali belum selesai,Wuthering Waves,Negatif
GameML Danibjm02,5,2025-12-29 17:20:22,kagak kikir ty,Wuthering Waves,Positif
TEH Lejen,5,2025-12-29 16:53:02,keren coy,Wuthering Waves,Positif
arongalangsatria aron,5,2025-12-29 15:22:25,"idk how to say, but very great game brooo gilaaa ga expect sebagus inii",Wuthering Waves,Positif
we are tank,4,2025-12-29 14:42:13,size-nya tolong di press lagi 47gb terlalu makan penyimpanan,Wuthering Waves,Negatif
Rika Ch.,5,2025-12-29 14:30:20,"lumayan puas dengan ceritanya dan model karakter nya.. tapi masih ada beberapa bug yang harus di perbaiki lagi... kuro i want more male Characters 🥺 sekian dari saya, terimakasih",Wuthering Waves,Negatif
Rehan Choco,5,2025-12-29 13:51:09,"Aduh rek kuro ini baik banget loh cik, dikasih menang rate off 5x...barusan dapet lynae pity 70an makasih banyak kuro, btw boleh kali kasih signature lynae di pity 30an klo bisa dapet Mornye dipity 10😹🔥 #GameBaik #GameDermawan",Wuthering Waves,Positif
Nabil Aldhefa,1,2025-12-29 13:22:49,"Tolong buat developer game, setelah update 3.0 bnyk bug, scene nya patah patah dll dan juga ini utk ke sekian kalinya saya disuruh update gk jelas sebanyak 200 mb kalau begini terus habis lah paket saya",Wuthering Waves,Negatif
Muhamad Habil,4,2025-12-29 13:05:26,kapan bahasa indo nya min,Wuthering Waves,Negatif
Muhamadrijal Rupawan,2,2025-12-29 12:55:22,makin susah sih main di HP harus pake. PC,Wuthering Waves,Negatif
Muhammad,5,2025-12-29 12:09:57,kerenn,Wuthering Waves,Positif
Zurren TheAnimation,5,2025-12-29 11:50:22,"kapanlah aku bisa main game bagus ini, mohon do'akan kebeli leptop spek gahar buat main ni game",Wuthering Waves,Positif
Eko Cahyo,5,2025-12-29 11:44:29,kembalikan mode terbang di map terbaru😭,Wuthering Waves,Positif
Nurwidhi “PraTomo”,5,2025-12-29 11:43:53,Game Pembaik 😎😎👍👍🔥🔥,Wuthering Waves,Positif
Khoirul Anam,1,2025-12-29 11:35:51,ini gimana kuro update 3.0 banyak bug aku main pada tanggal 29/12/25 ga bisa login ku hapus terus ku download ulang gak bisa gimana ni,Wuthering Waves,Negatif
Gabriel Ryandika,5,2025-12-29 10:50:39,"Gacha sangat bagus tetapi grafik tetap blur padahal udah di atur paling tinggi, tolong segera diperbaiki",Wuthering Waves,Negatif
Dani Karya,1,2025-12-29 10:19:29,kena download data ulang 3x,Wuthering Waves,Negatif
Wildan Athala Rifqi,5,2025-12-29 09:30:44,semenjak lahai roi berattt bgtttttt,Wuthering Waves,Negatif
EZ Rev,5,2025-12-29 09:29:11,apik,Wuthering Waves,Positif
Ridho Mudzaki,5,2025-12-29 09:25:20,tolong dikasih sub indo plis gw bukan elitis english,Wuthering Waves,Negatif
johan ruth prapaska,1,2025-12-29 08:44:10,"semenjak update 3.0 sering eror, baru main challenge fantasia tiba tiba force close, mau log in ulang Samapi sekarang tidak bisa, force close terus, jadi sayang sudah langganan lunite tapi tidak bisa dibuka gamenya",Wuthering Waves,Negatif
I gede Vikantara,5,2025-12-29 08:17:27,game bagus cuma gacha gw nya ampas bet,Wuthering Waves,Negatif
Daniel Febrian,5,2025-12-29 06:15:56,game keren dan banyak bansos😘,Wuthering Waves,Positif
Oktavianda 98,5,2025-12-29 06:12:15,terbaik,Wuthering Waves,Positif
Hanzxsarr14,3,2025-12-29 05:54:42,"tolong optimalkan kembali pada perangkat kelas bawah atau low end device, perbaiki masalah ping atau ms yang tinggi, dan perbaiki beberapa bug yang ada di dalam game seperti tekstur yang ber ubah"" bentuk dan agak delay saat bermain, jaringan saya sudah bagus dan lancar namun saat bermain game ini banyak masalah dalam jaringan ""TOLONG OPTIMALKAN!!""/""PLEASE OPTIMIZE GAMEPLAY FOR LOW END DEVICE""",Wuthering Waves,Negatif
Fahriza. M.I,5,2025-12-29 05:27:23,mantaap,Wuthering Waves,Positif
Jutha Safura Kirana,1,2025-12-29 03:44:02,"masuk 3.0 knp jadi ampas gini ya jadinya , jaringan bagus memori masih lapang tapi knp jadi suka patah' dan lag ga jelas udh maen dari awal rilis ampe skrg dan ini yang paling parah ngelagnya hadehhh , suka kebiasaan dev nya kalo setiap update jadinya begini tolong dong ini grafik udh sampe di rata kiri in abis masih aja begitu",Wuthering Waves,Negatif
arya rizki,5,2025-12-29 03:23:30,mantap kali wak pity 40 weapon ny carte😁,Wuthering Waves,Positif
Al Zikri Riski,5,2025-12-29 03:07:11,Gacor,Wuthering Waves,Positif
Angput 22,5,2025-12-29 02:32:07,game bagus game baik saya rekomendasikan game ini untuk semua kalangan,Wuthering Waves,Positif
XO XO,5,2025-12-29 00:57:37,stuck di loding compiling shader habis itu fore close ada yg main di sd 660 masih bisa masuk punyaku aja sd 845 gak bisa,Wuthering Waves,Negatif
Ulqiorra Shifer,5,2025-12-29 00:15:59,game yang sangat bagus dari segi grafik dan story pokoknya absolute cinema,Wuthering Waves,Positif
Mr Dimas,5,2025-12-28 23:38:38,"kenapa gak coba cloud gaming, jd yg spek2 low end bisa main, apalagi kebutuhan spesifik game makin tinggi, pasar handphone kena dampak dari kelangkaan kebutuhan ram dan storage. kayaknya jd solusi yang bijak sih",Wuthering Waves,Positif
rival Adi,5,2025-12-28 19:53:38,"TERIMAKASIH DEV BAIK, SANGAT BAIK DAN BAIKK BANGET",Wuthering Waves,Positif
Ali Wufron,5,2025-12-28 19:20:47,selamat datang main,Wuthering Waves,Positif
Daffa Ferdiansyah,1,2025-12-28 19:12:52,"makin gk ngotak ni game di pc tembus 116GB di hp apalagi yg makan tempat banget, di kompres ireng size nya biar ngotak",Wuthering Waves,Negatif
Samsung S24ultra,5,2025-12-28 18:04:55,"Game bagus banget,meski game berat gpp penting aku suka🤭",Wuthering Waves,Positif
Wong Batang,3,2025-12-28 16:27:05,size mengalahkan GTA V🤓🤓,Wuthering Waves,Negatif
Farel Pratama,1,2025-12-28 15:35:39,"woy game ngebug bisa bisa nya lagi misi tiba"" bug mana ga bisa di keluarkan dari misi story",Wuthering Waves,Negatif
Bintang Gumilang,5,2025-12-28 14:50:43,mungkin untuk mobile bisa lebih di tambah kan grafik latar nya,Wuthering Waves,Negatif
restu gaming,1,2025-12-28 14:39:41,map barunya tolong ngelag banget GK gerak hp ku GK bisa log in aku main gensin aja rata kanan bisa loh dapat 40 fps ini ngelag,Wuthering Waves,Negatif
Oktagaram Oktagaram,5,2025-12-28 14:21:45,game play nya bagus cuman ada berapah bug pas region Laha roi pas cehgellan coba motorbike nya kelura sendiri semoga kuro game bisa perbaiki bug tersebut.. sejauh inih game bagus 👌,Wuthering Waves,Positif
Jurig Sawah,5,2025-12-28 14:07:33,Mantap dan puas di mainkan. kata kata nya : mamam tuh hp kentang,Wuthering Waves,Positif
Clyde Spencer,5,2025-12-28 13:38:13,"untuk game ini secara keseluruhan sudah sangat baik baik secara gameplay, grapich, dan combatnya. gamenya sudah bagus tapi kurasa untuk storynya masih kurang. itu saja sih",Wuthering Waves,Negatif
Dennis imasuly,5,2025-12-28 13:20:00,keren parah,Wuthering Waves,Positif
ORANG GABUT,5,2025-12-28 13:00:48,beri saya senjata Agusta,Wuthering Waves,Positif
muhamad yosha,2,2025-12-28 12:55:25,update nya berapa GB sampe 5gb blom bisa maen,Wuthering Waves,Negatif
Wahyuning Jagat Sukmo Jati,1,2025-12-28 12:13:55,Perbaikan dievent dimana langsung diem sendiri,Wuthering Waves,Negatif
Ammar Thoqna,5,2025-12-28 12:11:18,yg ngide bikin fitur motor GOAT 🔥 main berjam-jam pun ku gas kan walaupun jadi rada lag si (sebenernya agak parah si lag nya kalo udah 1 jam lebih 🗿),Wuthering Waves,Positif
Yokura,5,2025-12-28 11:59:50,"update nya ga pernah mengecewakan, game berkualitas emang ini, sehat sehat developer haha",Wuthering Waves,Positif
Aye Ricky,5,2025-12-28 11:48:18,Soalnya Dapet Carte 2 kali,Wuthering Waves,Positif
ADIB BIL ANUFA,4,2025-12-28 11:36:22,"aku cuman bilang aja ini game bagus banget dan betulan absolute cinema, Tapi... kalian kalau mau main game seperti ini lebih baik main di PC ketimbang di hp. karena di hp beda banget sama di PC dan juga adrenaline nya jauh berbeda. tapi ya minus nya 1 aja yaitu game ini gak bisa kompetible dengan hp jikalau main game ini kelamaan... itu aja sih selebihnya bagus banget. tolong kuro klo setiap update jangan bikin semua hp orang jadi potato gegara game elu..",Wuthering Waves,Positif
Juan Juan,5,2025-12-28 11:32:40,"anjim padet nya ga ngotak sampe gw APUS,mau nyaingi GTA kah😹tapi ceweknya mantep banget apalagi shorekepwr sama cangli😹",Wuthering Waves,Negatif
Sgamers,4,2025-12-28 11:17:05,tolong masukan bahasa Indonesia,Wuthering Waves,Negatif
Nur Rofiko,3,2025-12-28 11:02:51,"IQOO NEO 10, Update 3.0 rata kiri 30fps. Woilah, baru balik main udah 50GB aja udh paling bener gk comeback ini mah. Apaan ini Fly nya Rinascita gk bisa dipakai di region baru. Ganti motor cuma susah di hp buat control nya pakai auto mode kelamaan rute nya pada kejauhan, tak tinggal bikin mi instan pun blm sampai 😟. Map Lahai-Roi nya pun jelek, letak antar tempat kejauhan cuma buat bikin jalan tol kebanyakan spot kosong -masih bagusan Jinzhou jadi males buat eksplor 😒",Wuthering Waves,Negatif
Nanda Dwi,5,2025-12-28 11:00:14,game seru banget asli. no fake fake,Wuthering Waves,Positif
Wang Lin,2,2025-12-28 10:51:48,game nya bagus tapi ga ada bahasa Indonesia nya 😔,Wuthering Waves,Positif
Baskoro Radhitya Firdaus,2,2025-12-28 10:06:07,"game nya bagus, gw download karna mau tau alur cerita nya tapi ada keterbatasan karna gw g terlalu bisa bhs Inggris, tolong adain bhs Indonesia",Wuthering Waves,Negatif
Nadeo Afandi,5,2025-12-28 09:35:34,menul menull cowoknya,Wuthering Waves,Positif
akmal izzanul,5,2025-12-28 09:19:01,Ditunggu Bahasa Indonesianya,Wuthering Waves,Positif
Hanzz Keren,5,2025-12-28 07:13:22,mantap,Wuthering Waves,Positif
tonton Wae,5,2025-12-28 06:58:15,pelis buat gem ini kuragi gb ya hp kentang ku udh gak kuat kaya di genshin 25,Wuthering Waves,Negatif
Dimas Dewa,5,2025-12-28 06:46:51,gamenya bagus,Wuthering Waves,Positif
Bambang Berjuang,5,2025-12-28 06:21:30,😋,Wuthering Waves,Positif
Arcan Zateky,4,2025-12-28 06:04:57,"Aku pemain baru di Wuthering Waves dan baru sebulan aku main game ini (sudah masuk season kedua : Rinascita), namun setelah update Laha Roi aku hampir tidak sanggup main lagi karena gamenya yang makin berat sehingga mengalami lag dan frame ketika battle di Rinascita, mungkin tidak ada yang salah dengan gamenya mungkin memang saya yang terlambat memainkan game ini karena baru bulan lalu saya ganti HP dan langsung mencoba game Wuthering Waves sebelum update besar",Wuthering Waves,Negatif
Shin ZX,5,2025-12-28 05:45:17,masih di tunggu sub indo nya 😊,Wuthering Waves,Positif
Serem24,1,2025-12-28 03:35:10,gacha terlalu ampas,Wuthering Waves,Negatif
Ilham Dzikru Ramadhan,5,2025-12-28 03:32:02,Bagus,Wuthering Waves,Positif
INGAT! OKE?,4,2025-12-28 03:11:48,gamenya bagusss bangett cumn masalahnya hp ku udh ga support,Wuthering Waves,Positif
Anjas gaming,5,2025-12-28 02:56:33,Gamenya Sebenarnya seru cuma hp gw nya yang gak kuat lagi buat mainin ini game,Wuthering Waves,Positif
Ridho,5,2025-12-28 02:40:47,Game baik,Wuthering Waves,Positif
dimas hidayatullah,5,2025-12-28 02:40:23,"dev, vihicle driving tutorial error, tolong diperbaiki di Xiaomi pad 6",Wuthering Waves,Negatif
Rizki Galang,5,2025-12-28 02:32:46,keren,Wuthering Waves,Positif
Reginald Pradana,3,2025-12-28 02:15:56,hapus lah event yang sudah lewat itu Menuhin memori,Wuthering Waves,Negatif
Estomihi Rotama,5,2025-12-28 01:32:42,"game nya seru gk ngebosenin banyak banget fitur fitur nya dan ramah terhadap player baru,dan animasi nya keren dan di buat niat banget bagus dah",Wuthering Waves,Positif
ubai dillah,1,2025-12-28 00:57:14,"update versi 3.0 ini gak tau,bug atau apa setiap kali login dalam game malah black screen dan ketika hp di mulai ulang game nya kehapus sendiri dan harus install ulang tolong di perbaiki bugnya kuro,terimakasih.",Wuthering Waves,Negatif
Mochamad Asep,2,2025-12-27 23:32:23,bang game nya ngebug. dari tadi ngestuck di story itu Mulu. mohon untuk diperbaiki,Wuthering Waves,Negatif
Unaa,5,2025-12-27 22:57:12,gem baik lop yu kuroo,Wuthering Waves,Positif
Flyy,1,2025-12-27 22:50:34,"Optimalisasi Update 3.0 jelek, Force Close setiap di Map Baru",Wuthering Waves,Negatif
Didik Pratama,5,2025-12-27 20:56:32,terbaik,Wuthering Waves,Positif
Maz Gombalz,5,2025-12-27 20:25:38,habis update kenapa malah stuck waktu tutorial berkendara,Wuthering Waves,Negatif
Arifin Rahqel,5,2025-12-27 19:46:17,wuwa..kenapa hard banget gachaa nya udah hampir 150 kali gacha lynae ga pulang² gw belom gacha signature nya pliss lah kuroo..akun lama ini😭😭,Wuthering Waves,Negatif
Wiwit Wahyudi,5,2025-12-27 19:16:14,"ni game bagus banget,,ga pelit seru juga mohon lh Dev agak di ringanin dikit buat hp yg speknya minim lh hehehe terlalu berat ni game",Wuthering Waves,Positif
Agus Hardiyan S.E,3,2025-12-27 18:54:27,"setelah update Lahai Roi, entah mengpa banyak bug di map baru ini, mulai dari joystick yg stuck, fps fluktuasi parah, hingga force close, meskipun setting di performance. padahal di map lainnya lancar meski di setting max dan 60 fps. tolong diperbaiki. device saya Xiaomi pad 7",Wuthering Waves,Negatif
12. Esa Rhenaldi V2 -XTOC,4,2025-12-27 18:31:17,bansos tambahin bos,Wuthering Waves,Negatif
Rayhando Ardiansyah,3,2025-12-27 17:34:24,"tolong untuk tingkatin optimasi terutama pada android 16, gw pakai spec Snapdragon 8 gen 3 force close karena file shader nya belum optimal",Wuthering Waves,Negatif
Muhammad Isma,4,2025-12-27 16:39:56,"semenjak update v3.0 Game WuWa menjadi lebih berat. saya menggunakan Helio G99 Ulti pas versi2 sebelumnya lancar2 aja di setingan rata kiri, skrng walau udah setting rata kiri tetep berat.",Wuthering Waves,Negatif
Arif Maulana,4,2025-12-27 16:36:14,gg 100% dapet weapon,Wuthering Waves,Positif
Nabil Makarim Martadiredja,3,2025-12-27 16:28:14,"game terbaik tapi sayangnya kurang lancar karena grafik game nya, saran saya mending grafik nya diubah jadi 3D kartunis ala anime maksudku saranku grafik gamenya diubah menjadi seperti game guilty gear strive",Wuthering Waves,Negatif
Tedwin,5,2025-12-27 15:35:19,updet baru jadi patah patah tolong,Wuthering Waves,Negatif
Rosdiana Pangestu,5,2025-12-27 14:40:49,"game gacha paling peak menurutku. fitur banyak banget bejibun, utility ngga pelit. cuma sayang memory nya tiap update kegedean. nggak cukup di hp ku yg cuma 128 GB. nanti kalo udah pindah device bakal download lagi",Wuthering Waves,Negatif
Adithia AL,1,2025-12-27 14:30:56,Game wuthering waves sangat berat di perangkat poco x3 pro saya benar-benar tidak layak untuk di mainkan di perangkat saya,Wuthering Waves,Negatif
Khresno Bayu,5,2025-12-27 14:08:56,"setelah update kok jadi berang banget, kondisi settingan grafis sama sebelum update. tapi kerasa berat banget setelah update",Wuthering Waves,Negatif
M Zufar,5,2025-12-27 14:05:07,gacor reek,Wuthering Waves,Positif
Mohammad Afif,1,2025-12-27 14:00:04,game hama,Wuthering Waves,Negatif
Nanan,4,2025-12-27 12:17:26,"ada bug salah satu quest dan bug nya itu lumayan ganggu, yg pertama game bakal nge freeze dan yg kedua bakal force close, tolong di perbaiki kuro",Wuthering Waves,Negatif
Loopy Lopez,1,2025-12-27 11:29:44,"in the new update 3.0 there are lots of problems such as lag, crashes and I have never experienced this since the game was released, so this is the first time I have experienced this problem, can the developer fix this problem as soon as possible??? this is very annoying for me",Wuthering Waves,Negatif
Dika Pratama,5,2025-12-27 11:19:48,game baik,Wuthering Waves,Positif
Nizar Nizar,4,2025-12-27 11:14:17,baik :),Wuthering Waves,Positif
AMDH 1996,1,2025-12-27 09:52:05,"Makin berat aja buat ponsel, tolonglah jangan cuma PC yang didengerin, ponsel juga diperhatikan",Wuthering Waves,Negatif
Eko Arifianto,2,2025-12-27 09:32:43,gila semenjak update Region baru Lahai doi saya merasakan frame drop dimana mana mungkin karena device saya yg sudah gak kuat atau game ini harus perlu improve lagi,Wuthering Waves,Negatif
Mohammad Annan Makruf Mustofa,3,2025-12-27 09:31:32,"Story terlalu fokus romance, ga seru",Wuthering Waves,Negatif
indra irawan,1,2025-12-27 09:28:32,Kurang banyak gachanya kalau bisa di bikin 1000kali gacha baru dapat,Wuthering Waves,Negatif
Rifki Wahyudin,2,2025-12-27 09:25:09,tambahkan subtitle Indonesiaan,Wuthering Waves,Negatif
Muhammad Ridha,5,2025-12-27 08:30:38,Ada masalah waktu di dalam startorch academy pingnya merah sedangkan waktu di luar kotanya normal saja pingnya,Wuthering Waves,Negatif
Ikram Nour Wahid,5,2025-12-27 08:12:05,kuro tolong lah kalo update jangan gede banget atuh gk kuat penyimpanan gw,Wuthering Waves,Negatif
mistergatah,5,2025-12-27 08:09:03,plis kasi gacha saya low pity,Wuthering Waves,Positif
Nova Refca Saputri,5,2025-12-27 07:52:10,bagus,Wuthering Waves,Positif
Fajrin,5,2025-12-27 07:44:10,"Halo Kuro games, jujur optimalisasi 3.0 sangat jelek, berbeda dengan sebelumnya. Bahkan di 3.0 saya baru merasakan Frime rate down parah, dan banyak bug terkhusus di mobile. Saya player mobile tentu tidak nyaman di 3.0, semoga bisa cepat di optimalisasi. Terimakasih saya sudah mengirim laporannya ke Gmail anda",Wuthering Waves,Negatif
Herrscher,1,2025-12-27 07:38:36,Game gak bagus buat user android banyak bug developer malas memperbaiki,Wuthering Waves,Negatif
Muhammad Farhan,5,2025-12-27 07:11:53,"Dari segi battle dan desain bagus, tapi kedepannya tolong di optimasikan untuk hp mid-range agar tidak terlalu lag (walaupun rata kiri) dan tolong diberikan subtitle Indonesia.",Wuthering Waves,Negatif
Adisutisna,3,2025-12-27 07:01:32,"ini yg komen komen bagus tentang game ini , player atau developer player",Wuthering Waves,Negatif
Gian,1,2025-12-27 06:44:00,size gamenya dipikir mas,Wuthering Waves,Negatif
Ezekiel E.S,5,2025-12-27 05:38:02,TERIMAKASIH KURO,Wuthering Waves,Positif
Znovier,4,2025-12-27 05:35:07,"Pada mekanik combatnya mungkin ini adalah salah satu game terbaik pada bidangnya,tetapi pada grafisnya mungkin harus ditingkatkan lagi texture renderingnya dan ketajaman texturnya,karena meskipun saya bermain di settingan grafis tertinggi masih terdapat banyak sekali texture yang flat dan hanya texture di dekat karakter saja yang terender,itupun masih terlihat flat dan kurang enak dipandang.Jadi,mungkin di next update bisa di pertajam lagi texture worldnya dan diperluas lagi texture renderingnya",Wuthering Waves,Positif
Aditya Rafka,2,2025-12-27 05:23:20,banyak bug,Wuthering Waves,Negatif
Master Opang,5,2025-12-27 05:14:41,TOLONG KURANGI UKURAN DATA GAMENYA!!!!!!!!!!,Wuthering Waves,Negatif
Dodol,5,2025-12-27 04:28:34,bagus banget ni gameeeeee,Wuthering Waves,Positif
Muhamad fiqqri Hidayat,5,2025-12-27 04:07:11,gacha nya wangi,Wuthering Waves,Positif
Christopher Rafael,5,2025-12-27 04:00:05,"tolong kepada developer untuk memperbaiki optimasi pada perangkat mobile setelah update 3.0, karena di kondisi ke-2 hp saya terdapat bug dimana karakter tidak bisa digerakkan, namun fitur lainnya masih bisa digunakan dan dipencet. 🙏",Wuthering Waves,Negatif
Adistyo Nugroho,5,2025-12-27 03:54:53,"Gamenya bagus keren explorasi bebas dan juga ada tambahan pinjaman character banyak games semenjak update makin ok sedikit saran tambahan fraksi jahat baru tidak soal menyangkut seputar Threnodian, Leviathan, Fenomena, lamen, Fractsidus dan imperator saja supaya story makin terkejut dan tidak tertebak ada beberapa bos fight yang double seperti melawan Threnodian, Sovereign, dan Fractsidus, dan beberapa villain karakter yang masih menjadi misteri itu saja",Wuthering Waves,Positif
Daeng Muhammad Zamzami,3,2025-12-27 03:14:18,mohon di perbaiki rekomendasi penyimpanan hp pas tiap mau update patch padahal cuman perlu 17gb tapi di minta kosongkan penyimpanan Sampai 51 GB padahal tidak perlu penyimpanan sampai segitu,Wuthering Waves,Negatif
Dhiya Naufarizq,4,2025-12-27 02:50:36,berat banget sumpah min padahal di genshin g gitu 😮‍💨 tapi game nya baguss,Wuthering Waves,Negatif
Firdi Muhammad,5,2025-12-27 02:34:23,"game bagus ramah player F2P tapi sayang nya udh GK bisa main setelah update ini di karenakan ram hp ku sudah tidak cukup, agak kaget patch 3.0 ini sangat besar storage nya🥲",Wuthering Waves,Negatif
Sulthan Rahmatullah,5,2025-12-27 02:04:47,Crowless nya ber aura,Wuthering Waves,Positif
RK21 21RK,4,2025-12-27 02:03:42,"Menantikan cerita yang lebih menarik Selama mas Rover mencari istri kembali ke la,hei,roi,",Wuthering Waves,Positif
Erdhawisnupratama Pratama,5,2025-12-27 01:54:04,mantap,Wuthering Waves,Positif
Taupik H,5,2025-12-27 01:14:51,"kemarin kan ada pre download 4gb, kok malah download lagi 4gb ya?",Wuthering Waves,Negatif
Noni Dwi,5,2025-12-27 01:12:50,bagus banget grafik nya tapi kurang ada bahasa Indonesia,Wuthering Waves,Negatif
hari hari,1,2025-12-27 01:08:01,game tai,Wuthering Waves,Negatif
Nabil Harizon,5,2025-12-27 00:39:32,terima kasih kuro karena rate gacha ku sangat wangi saking wanginya dapet verina terus🥰,Wuthering Waves,Positif
Sandi ???,5,2025-12-26 23:18:10,"defnya baik hati, tidak kikir😋😋",Wuthering Waves,Positif
Muhammad Raafi Gustyan,5,2025-12-26 22:32:37,"devnya baik atau gw yang kelewat hoki, tapi yang jelas setiap banner karakter baru ratenya kayak di tinggiin, gak sampe 50x pull udah di pastikan 89% dapet dan gak pernah di atas 80x pull gak dapet.",Wuthering Waves,Positif
Bima AkunReal,5,2025-12-26 22:13:02,mntap min dpat carte+sign sering2 kasi menang yaa,Wuthering Waves,Positif
Fadzil Rabbi,5,2025-12-26 21:50:14,semoga update wuthering waves berikutnya ada bahasa indonesia,Wuthering Waves,Negatif
Shadow,5,2025-12-26 21:01:28,mantap,Wuthering Waves,Positif
Tama yulkhoas Y,5,2025-12-26 20:30:22,game ini sangatp baik dan keren,Wuthering Waves,Positif
Bintang,5,2025-12-26 17:36:22,game yang benar benar luar Biasa,Wuthering Waves,Positif
Fachri Febrian Mujadi Ahmad,2,2025-12-26 17:34:12,sumpah malah makin berat gamenya,Wuthering Waves,Negatif
Kerina Priscilia,4,2025-12-26 17:31:29,Please fix the network because it often shows red and yellow.,Wuthering Waves,Negatif
Kevin Richardo,1,2025-12-26 16:34:19,Woy botak game loh kenapa sih haaa kok loading kok lama banget sumpah tolong lah di perbaiki lagi dong game yg game pelit GACHA GAK DAPET² GG,Wuthering Waves,Negatif
Sey Salehudin,2,2025-12-26 16:10:08,ga ngerti bahasa Inggris,Wuthering Waves,Negatif
Andika Putra,3,2025-12-26 16:04:33,"Tolong segera untuk dioptimalisasi game nya karena ukuran nya sudah mencapai ± 50gb di mobile, dan kalau bisa fitur hapus resource harus bisa menghapus lebih banyak resource yang tidak dipakai.",Wuthering Waves,Negatif
Muhammad Jefri,5,2025-12-26 15:59:55,game santai gak kompe,Wuthering Waves,Positif
Muhammad Devano,5,2025-12-26 15:43:13,"Karakternya bagus dan menarik saya sangat suka, tapi mungkin tampilan gamenya bisa dipisahkan antara buat PC dan smartphone karena di smartphone kelas medium gamenya suka berat gak seringan kompetitor. Hanya sekedar saran",Wuthering Waves,Positif
video games,5,2025-12-26 15:38:47,"game bagus dan baik dan kasi bansos banyak lagi aku cinta wuwa, dan aku menyukai mu wahai developer terimakasih sudah membuat game dan aku sangat bersyukur sudah ada game ini membuat hati gembira, dan hemat uang",Wuthering Waves,Positif
Hatsune Miku,5,2025-12-26 15:31:01,setiap update pasti ad yang baru gk cuma story aj . jadi gk pernah bosen setiap next update . mantap bgt kuro game . semoga next update beneran dpt skin rover .,Wuthering Waves,Positif
Faridz Bembi Permana,1,2025-12-26 14:16:56,optimalisasi mobile sangat SAMPAH kalo mau nyaingin genshin MOHON BENARKAN OPTIMALISASI NYA sehabis update 3.0 force close terus menerus!!!,Wuthering Waves,Negatif
Akhmad Muharam,1,2025-12-26 14:07:28,"update 3.0 banyak bug dan bikin device cepat panas padahal sebelumnya ga separah ini. tolong untuk lebih dioptimalisasi lg, sekalian size nya juga tolong diperhatikan, kalo banyak masalah gini bikin ga enak main.",Wuthering Waves,Negatif
DIAN ANSYAH,3,2025-12-26 13:55:16,"ada kendala sedikit mengenai game ini jadi saya masih pemula game ini karena saya kemari karena teman saya, saya liat dia main game ini dan saya bilang bro lu main Wuthering Waves? nah setelah itu saya ikut juga main dan Doawnlod/instal ini game gejala nya disini! saya mau login tapi keluar dari permainan?) kenapa ya bisa gitu.... tolongin jelasin admin/ developer",Wuthering Waves,Negatif
Haruko Miyuki,5,2025-12-26 13:50:55,makasih bnyk papa kuro,Wuthering Waves,Positif
Badriah Aah,1,2025-12-26 13:11:15,pas login malah keluar Mulu gak bisa login,Wuthering Waves,Negatif
lucky cristiyanto,5,2025-12-26 12:24:15,game open world yang sangat seru dan game play nya berbeda dengan game open world lain,Wuthering Waves,Positif
aska Gemilang,5,2025-12-26 12:06:16,makasih udah buat game sebaik ini,Wuthering Waves,Positif
Manga Ku,5,2025-12-26 10:54:48,"sangat menyenangkan main suka, grafis bagus, karakter cantik""",Wuthering Waves,Positif
Sevin Pn,3,2025-12-26 09:51:04,tolong kasih opsi bahasa indo.mau pakai aplikasi pihak ketiga buat nerjemahin takut ke ban,Wuthering Waves,Negatif
Riswan Anggara,5,2025-12-26 09:45:50,"bikin versi cloudnya dong kayak genshin impact,biar yang device nya kurang memadai bisa main juga 😁",Wuthering Waves,Negatif
Haerul Kusuma,5,2025-12-26 09:40:12,"setelah update 3.0 ada tutorial quest baru yg gk bisa saya clear malah keluar sendiri terus berkali-kali, tolong di fix, saya sangat menyukai gamenya, semoga tidak berhenti karena bug dari device yang kurang",Wuthering Waves,Negatif
Toni,1,2025-12-26 09:11:28,"berat banget woi patch baru, udah gk playable di mobile ini mah 🥲",Wuthering Waves,Negatif
Muhammad Husnan,5,2025-12-26 09:01:38,LUARBIASA BANGET,Wuthering Waves,Positif
Akhdan Hasbi,5,2025-12-26 08:31:03,"game nya nyaman, grafik Hd, karakternya cantik cantik lagi, pengen deh nikahin Robin imut soalnya",Wuthering Waves,Positif
Iwantz,2,2025-12-26 08:25:38,50gb untuk mobile di patch terakhir ini? ayolah... 🙃,Wuthering Waves,Negatif
Luqman Al Hakim,1,2025-12-26 08:07:22,udh 3 kali ngeframe pas lgi battle,Wuthering Waves,Negatif
Sholichul Hadi,5,2025-12-26 08:02:05,sasuga goldenboy... ini sebenernya developer segabut apa coba? hampir semua permintaan player(bahkan yang aneh-aneh pun) satu persatu diturutin bjir... aga laen emang kuro bikin ini game🗿,Wuthering Waves,Positif
Wulangsya JotaRangga,2,2025-12-26 07:25:38,"tolong kenapa pas mau quest selalu nge stuck, kadamg ngebug dan ga bisa mulai dari awal, tolong perbaiki, saya ga bisa ekplor kalau questnya belum selesai",Wuthering Waves,Negatif
Aziz Firmansyah,5,2025-12-26 07:08:41,"Game nya seru, komunitas nya ramah, setiap patch selalu improve, selalu mendengarkan keluh kesah player wuthering waves is the best game 2025. tapi apakah kuro berkenan untuk menambahkan Bahasa Indonesia ke dalam game nya? Saya sangat terbantu bila kuro menerapkan bahasa Indonesia pada game nya, dan juga saya ingin berkenan jika ada player yg memakai config untuk membuat game nya jadi lebih lancar, jangan mem blokir/ban akun player tersebut. Sekian dari saya terimakasih ☺️ 🙏",Wuthering Waves,Positif
Muhamad Faris Effendi,2,2025-12-26 06:56:47,"Habis update game jadi ga optimal, lag dan crash terus",Wuthering Waves,Negatif
Satria Fu,5,2025-12-26 06:49:11,game nya dah bagus tapi pas mau selesaikan misi tutorial Quest yang baru tiba tiba frezee gak mau gerak tolong segera di perbaiki,Wuthering Waves,Negatif
Muhammad Agil Masruri,4,2025-12-26 06:39:46,"ada bug di update acara terbaru saat mengerjakan quest menaiki motor. saat dimainkan pada sesi tersebut, game ngefreeze",Wuthering Waves,Negatif
Fadil voldigoad,1,2025-12-26 06:22:54,mohon untuk developer nya kok saya patah patah yah padahl ram tersisa 310 gb dan jaringan lancar mohon diperbaiki,Wuthering Waves,Negatif
Ubi cilembu,5,2025-12-26 05:43:30,SERUUU,Wuthering Waves,Positif
Anas Sholikhin,5,2025-12-26 05:15:57,coba ah,Wuthering Waves,Positif
Ndra Irawan,3,2025-12-26 05:11:32,"semenjak update 3.0 banyak terjadi crash pada permainan,",Wuthering Waves,Negatif
Itsu Fuby,5,2025-12-26 04:59:20,"game ini sangat baik,bagus bijakk,dan sangat baik,saya sangat suka game ini",Wuthering Waves,Positif
Alby 12,4,2025-12-26 04:25:18,ini kok kenapa ya ruang penyimpanan masih banyak tapi pas download update terbaru ga bisa download padahal udah klik continue minta di perbaiki kuro,Wuthering Waves,Negatif
botolnya Nrealt,1,2025-12-26 04:11:32,optimalisasi sangat buruk,Wuthering Waves,Negatif
Refan Flf,3,2025-12-26 04:05:47,"Pas update 3.0 ini, saya lanjutin story saya di bagian cartethyia lawan echo Lupa, trs pas lgi story sering nge-crash keluar sendiri pas mke skill terbaru tune break,mungkin karna itu skill baru yg ditambahkan dan saya lgi main story 2.4 jdi blum ke trigger skill nya di story lama, pdahal klo lgi tdk main story bisa bisa saja mke skill tune break, tolong kuro games benerin bug ini 🙏🏼, sama tolong kecilkan sedikit ukuran game nya saya main pke HP redmi note 13 pro ram 12 masih sdikit lag 😅",Wuthering Waves,Negatif
Baka Vann,1,2025-12-26 04:04:34,"Astaghfirullah, hei bung, updatenya kalo bisa jangan seperti download ulang, ringankan lah versi mobile, itu saja saran kritik dariku bung",Wuthering Waves,Negatif
Aldo Aldo,5,2025-12-26 03:35:23,game seru wak rugi ga download,Wuthering Waves,Positif
Shiraishi Urara,4,2025-12-26 03:08:46,seteh update lah parah ..,Wuthering Waves,Negatif
H D,1,2025-12-26 02:58:27,"Tidak ada sub Indonesia nya, masih ada bug setelah update 3.0",Wuthering Waves,Negatif
Nawaf Nabilah,5,2025-12-26 02:55:25,"sejak update lahai roi jadi makin parah, sering nge frame, sering force close padahal settingan udah low masih aja susah padahal sebelum update grafik high masih aman-aman aja",Wuthering Waves,Negatif
Debi Pranatania,2,2025-12-26 02:48:56,"please fix your storage issue kuro, as a mobile player i can't play ur game anymore.",Wuthering Waves,Negatif
Randa Randa,5,2025-12-26 02:39:21,"untung developer,jinshi mana Mulu dah.gua mau gacha jinshi",Wuthering Waves,Positif
Muh Yusril,5,2025-12-26 02:32:05,"game nya bagus. tapi kok setelah di update apk nya keluar paksa terus, itu kita2 kenapa ya?",Wuthering Waves,Negatif
Ahwan Syah,5,2025-12-26 02:11:03,"buat wuwa untuk sementara gua uninstall dulu makasih buat kuro udah bikin game sebagus ini... tapi gua janji kalo gua dah ada device yg mumpuni gua pasti balik maen, buat sekarang sampai jumpa dulu🙂",Wuthering Waves,Positif
Ega Reyking,5,2025-12-26 01:58:00,hahah aku harus pensiun main game nya karena device ku sudah tidak mampu buat update game nya 😭,Wuthering Waves,Negatif
Rizky Rama,5,2025-12-26 01:56:49,storage hp bengkak musti pake PC biar aman tapi ok sih,Wuthering Waves,Negatif
Pecinta Alam,4,2025-12-26 01:46:31,sizenya gede bngttt anjirr 46 gb full data gemenya,Wuthering Waves,Negatif
Ferdynand Adinata,5,2025-12-26 01:26:40,"gacor bet sebagai game mobile, sayang banget kalah tga 2025, semoga next dapet",Wuthering Waves,Positif
lmao ngap,5,2025-12-26 01:14:49,"3.0 force close saat download resource! tidak ada app background yang berjalan, tapi tetap saja force close setiap sekian menit! but it's alright, game-nya berjalan smooth tanpa force close setelah berhasil download resource👍",Wuthering Waves,Negatif
Hirohito,5,2025-12-26 00:46:07,gw main dari awal rilis sampe sekarang... tetep enjoy aja nikmatin alur nya.. walaupun sekali update makan banyak ruang penyimpanan,Wuthering Waves,Positif
Nawawi Polo,1,2025-12-26 00:38:14,pity nya dikondisikan pler,Wuthering Waves,Negatif
Wolter And Wilti,3,2025-12-26 00:25:22,"Suka sih design nya, Tapi Lore nya Gak ada, Kalau ini mah Yang suka Combat nya Cepat dan Story telling nya juga. rekomendasi Jika ada yang suka itu, Tapi bagi saya sebagai penyuka Lore, Saya gak rekomendasi karena setiap update gak ada Koneksi untuk semua region nya. seperti mereka bisa ubah Lore nya sesuka mereka. Tapi beneran rekomendasi kalau suka story telling bukan Lore.",Wuthering Waves,Negatif
Arba Safwan,5,2025-12-26 00:12:22,kenyang bansos,Wuthering Waves,Positif
Ghaza Al Ghifari,3,2025-12-26 00:00:29,"tolong saya main di samsung S24 FE kenapa suka out sendiri gamenya, bahkan tiap main 5 menit tbtb out, padahal jaringan lancar. tolong diperbaiki",Wuthering Waves,Negatif
Ramadhan Al qadri,5,2025-12-25 23:55:15,"Tak bosan bosan, aku menyebut game PEAK!",Wuthering Waves,Positif
Ai M,4,2025-12-25 23:19:22,"sedikit saran -tambahin bahasa Indonesia, karna gk semua orng Indonesia ngerti bahasa Inggris -banyakin karakter cwo jangan cwe trs -adain apk wuthering waves cloud biar yg hpnya kentang tpi pengen main bisa main di wuwa cloud itu (kan klo ada top-up nya juga kalian yg untung) jdi tolong adain ya karna kami butuh banget oke, kami tunggu",Wuthering Waves,Negatif
Muhammad Fiqran Din Nur Taslim,5,2025-12-25 23:15:32,Keren banget. Terutama gameplay dan grafiknya. Serta Fitur explorasinya yang sudah bervariasi tiap wilayah. Nggak nyesel gua main dari rilis pertama. walaupun sempat bug di awal banyak. Tapi tim Kuro berusaha improve. 👏🏻👏🏻👏🏻😤,Wuthering Waves,Positif
Bylusky,5,2025-12-25 21:27:52,terbaik 👍,Wuthering Waves,Positif
Alal Kahfi,2,2025-12-25 20:53:10,"gila baru juga main kemaren habis download 24,7 G sekarang mau maen langsung di sodorin update 0,94 G Terus disuruh download lagi 25,3 G (GILA GILA 🤬🤬🤬🤬🤬🤬🤬)",Wuthering Waves,Negatif
TOMI SANJAYA,5,2025-12-25 19:57:35,game baik😁,Wuthering Waves,Positif
Maros Adi,1,2025-12-25 18:55:40,"mulai jadi game pembunuh storage,,space udh memadai masih disuruh hapus lagi",Wuthering Waves,Negatif
Ahmad Ridha,5,2025-12-25 18:51:44,Absolutely Cinema 👏🏻👏🏻👏🏻 tiap update makin improve gamenya Terimakasih Kurogames telah membuat game terbaik Wuthering Waves 👍🏻👍🏻👍🏻,Wuthering Waves,Positif
Ryze,1,2025-12-25 18:04:48,"Game tolol , optimasi game nya makin busuk , tolong lebih niat lagi optimasi game nya, gw ga peduli mau engine lu apa tapi kalau ga bisa optimasi dengan baik ya tetap aja ampas, makin ke sinih makin parah game nya dah masalah optimasi game nya makin tidak di pedulikan. gw bukan buzzer hoyo ya, game yg gw mainin cuman dari kurogames doang jujur gw kecewa banget nih developer makin ga becus untuk optimalisasi game nya, Rendering nya aja buruk banget,ga usah nyalahin hp kentang,game nya aja busuk",Wuthering Waves,Negatif
Chairil Rusdy Official (Chairil rusdy),5,2025-12-25 17:29:25,seru,Wuthering Waves,Positif
Muhammad Fadhil adyaksa,5,2025-12-25 17:24:56,"update client yang sekarang KOK GEDE BANGET OIII! HP GUA UDH KEBANYAKAN GAME MASSA HRS GUA HAPUS SIHH.. perasaan genshin update client kecil,zzz juga,LAH INI KOK GEDE BUENER KURO TULUNGLAH CLIENT DOANG LOOO...",Wuthering Waves,Negatif
Zyon,5,2025-12-25 17:17:21,Sub Indonesia,Wuthering Waves,Positif
Virda Annisa,5,2025-12-25 17:11:46,bagus,Wuthering Waves,Positif
Reyhan Isyraf Yasid,5,2025-12-25 17:02:00,terimakasih kuro 😭😭🙏🏿,Wuthering Waves,Positif
Ahmad fauzy Zulkarnaen,1,2025-12-25 16:09:51,maaf banget ya pihak kuro game semenjak update 3.0 ini optimalisasi nya makin jelek dan parah🙏 kalo bisa optimalisasi nya di buat lebih bagus lagi ya🙏,Wuthering Waves,Negatif
Fachri Alzufri,1,2025-12-25 16:07:48,sekalinya update langsung melebihi genshin impact,Wuthering Waves,Negatif
Tommywilliam Lim,5,2025-12-25 15:56:08,keren,Wuthering Waves,Positif
Irvan,5,2025-12-25 15:20:55,"game open world mobile terbaik the real genshin killer.gacha nya juga udh pasti dapet seperti di banner nya, bansos nya banyak udh gak bakal bingung lagi event nya seru².optimalisasi udh lancar tapi di ping nya agak ngaruh kalo tiba² ping nya merah lag.update terbaru ngambil storage 86,6GB wah untuk game mobile sih",Wuthering Waves,Positif
Chelsea _Imanuella,5,2025-12-25 15:13:46,CINTA DEH SAMA KUROO,Wuthering Waves,Positif
Ridwan Smith,5,2025-12-25 14:53:56,tiap kali upgrade gede bget 17 GB.. yg di perkampungan sinyal ngempot wkwkwk,Wuthering Waves,Negatif
Raka Atha Dipa,5,2025-12-25 14:44:53,main dari awal rilis terus tinggalin sekarang main lagi dan cukup seru sih,Wuthering Waves,Negatif
Um Da,5,2025-12-25 14:35:49,"bagus si game nya tapi update 3.0 perlu 70 gb device ku ga bisa handle,jadi ya bye² wuwa ak udh pensi,makasih pengalamnnya selama 2 tahun 🫡",Wuthering Waves,Negatif
hanif idham,5,2025-12-25 14:20:37,mantap,Wuthering Waves,Positif
Thony Azis,1,2025-12-25 14:14:51,game jelek,Wuthering Waves,Negatif
Lizar Samtidar,5,2025-12-25 14:05:51,Game terbaik,Wuthering Waves,Positif
hanase sotaa,5,2025-12-25 13:56:41,gem terbail sepanjang masa semoga diberi b5 limited low pull,Wuthering Waves,Positif
deodatusrevitoaryasena,5,2025-12-25 13:54:30,game baik :^),Wuthering Waves,Positif
Ibam Gamer,3,2025-12-25 13:44:03,tolonglah kuro... aku cuman mau download data dalam wuwa aja selalu force close mulu dah... Tolong pikirkan komunitas gaming mobile juga,Wuthering Waves,Negatif
Alex-_,3,2025-12-25 13:42:09,bug!! update versi 3.0 gabisa donwload data padahal sudah di tekan continue,Wuthering Waves,Negatif
Rifaldi3 Prayogi,5,2025-12-25 13:37:57,game keren!!!!,Wuthering Waves,Positif
KYO KUSANAGI,3,2025-12-25 13:12:00,game ini bagus tapi memori terlalu banyak sekitar 90 GB saat mendownload data tersebut nanti 3.1 diusahakan untuk mengecilkan memori seperti 31 GB perangkat saat download game tersebut agar pemain dengan perangkat memori rendah agar bisa bermain lebih berpengalaman dan mudah tidak patah atau bisa ada fitur penghapusan data saat story sudah selesai agar bisa memori jadi lebih berkurang,Wuthering Waves,Negatif
NotFound Gmail,1,2025-12-25 12:47:26,"content end game lu yang baru susah konbaik, kurang kurangin dah kyk gitu game konbaik.",Wuthering Waves,Negatif
Baalダニ,5,2025-12-25 12:41:42,gacor kang🤑🤑🤑🤑🤑🤑,Wuthering Waves,Positif
bunga,5,2025-12-25 11:57:03,"developer, tolong ini kenapa yaa setiap mau download data wuwanya selalu error, yang ngecrash, tiba-tiba keluar sendiri, kadang ad notif sistem download gagal. padahal device yang saya gunain masih aman. udah saya coba restart, unistal, instal lagi tapi masih tetep aja gagal buat download data. apakah ada solusi buat perbaikinnya?",Wuthering Waves,Negatif
Agung,5,2025-12-25 11:30:23,gak kikir,Wuthering Waves,Positif
Somad Keluarga,5,2025-12-25 11:30:22,Saat mengunduh bagian dalam saya sering force close atau aplikasi suka tertutup sendiri. Hal ini mengakibatkan saya tidak bisa melanjutkan download kira-kira kenpa ya??,Wuthering Waves,Negatif
Ratna Kurnia,5,2025-12-25 11:17:29,seru..... ceuk aku mah teuing mun ceuk batur,Wuthering Waves,Positif
Yt Agus Official,1,2025-12-25 11:09:52,game qmpas gacha ampas,Wuthering Waves,Negatif
Zhao Muxi,5,2025-12-25 10:51:05,gue suka kasih bintang full udah itu aja gak perlu komen banyak capek ngetik wkwkwk,Wuthering Waves,Positif
Saifullah Salim,5,2025-12-25 10:46:48,sehat² game baik,Wuthering Waves,Positif
Muhammad Habibie,5,2025-12-25 10:34:12,game ini sudah semakin bagus aku juga pindah game sebelah ke game ini kalian juga wajib download klo ga kata gw nyesel makasih,Wuthering Waves,Positif
RIFKISME,4,2025-12-25 10:26:50,"Game nya udah bagus banget, tapi optimalisasi baik gameplay-nya, grafik, bug, sama jaringan yang menurut saya lebih baik di optimalkan lagi, selebihnya udah bagus kok. pls kalo update 3.0 atau 4.0 jangan besar besar amat",Wuthering Waves,Positif
Heru Ismanto,3,2025-12-25 09:42:12,versi 3.0 gameplay tidak ramah ke pengguna mobile👎,Wuthering Waves,Negatif
Doni Outro,1,2025-12-25 09:39:58,habis update 3.0 main forced close mulu.mau di android atau di iPhone .parah bgt.,Wuthering Waves,Negatif
Hilal Alexandra,5,2025-12-25 09:34:06,good,Wuthering Waves,Positif
IKVV PUNK,5,2025-12-25 09:31:02,bagus berkualitas tinggi,Wuthering Waves,Positif
zia ulhaq,1,2025-12-25 09:08:37,game pelit player baru gacha aj udh langsung kalah di banner limited parah banget gini harusny menang untuk pertama kali main gimana mau dapat kesenangan ketika gacha dapat warna emas eh dapat chalcaro apaan dah game pelit kikir gk beda jauh sma gensin sma sama pelit udh kecewa bngt sma ni game gk nyangka orng baru main aj diginiin apalagi udh lama main.,Wuthering Waves,Negatif
pelangi zk,1,2025-12-25 09:06:43,pensi pensi setelah update ngeleg parah,Wuthering Waves,Negatif
Savrel,5,2025-12-25 09:05:24,makasih game baik gak seperti sebelah dev budeg,Wuthering Waves,Positif
Rayhan Rahmadhani,5,2025-12-25 09:00:26,sangat keren tapi tolong kalau update jangan besar betul ukurannya kalo bisa dikompres sekecilnya dari saya awal main selalu pra unduh serasa download baru,Wuthering Waves,Positif
Frida Mutria Defi,5,2025-12-25 08:55:46,"story bagus. event juga bagus, cara bertarung nya juga seru, tapi sayang device gak kuat lagi di uptade sekarang dan terpaksa pensi, kapan kapan main lagi kalo udh beli device baru.",Wuthering Waves,Positif
Yuanqi,5,2025-12-25 08:51:13,Sebelumnya ak udah main PGR dan ternyata setelah lama hiatus dari dunia game dan ketemu berita Wuwa bakal rilis itu bener bener udah excited karena menurutku gameplay mereka unik. Walau awal perilisan memang agak kacau tapi Developer bener-bener berusaha keras buat optimal game mereka.. dan sampai sekarang aku main ini game makin hari makin terkesima sama proyek game ini..,Wuthering Waves,Positif
Wan Muhammad Reyhandika,3,2025-12-25 08:47:28,"Secara teknis ini game PC yang di port ke android, tentu untuk pengalaman terbaik yaitu bermain di PC. Belum lagi system requirements minimumnya juga berat. Susah untuk memainkannya jika mengandalkan device rendah, perlu device besar dan mahal. Mau kamu mengakalinya juga tidak bisa. Intinya ini game mahal bro😅, bukan harga game tetapi harga device.",Wuthering Waves,Negatif
V-RUS,5,2025-12-25 08:23:24,walaupun tiap update gede nya gak ngotak tapi sepadan ama isi nya. makasih kuro ireng 👍,Wuthering Waves,Positif
Fauzi Fauzi,5,2025-12-25 08:11:30,"tapi permasalahannya setiap update selalu memiliki penyimpanan yg cukup besar, mohon segera didengar. walaupun scr gameplay cukup bagus tapi secara penyimpanan di mobile terlalu besar, ini menjadi kendala yg cukup penting. soalnya jika terus terjadi akan banyak seiring waktu para pemain akan tidak ingin bermain lagi. soalnya banyak pengguna HP mobile tidak cukup memiliki penyimpanan yg cukup tolong dijawab development.",Wuthering Waves,Negatif
RBP,5,2025-12-25 07:51:43,tengkyuu,Wuthering Waves,Positif
fajri akatsuki,5,2025-12-25 07:47:20,keren,Wuthering Waves,Positif
Muhammad Yanto,5,2025-12-25 07:39:08,Keren sih...,Wuthering Waves,Positif
teguh Rahmad,3,2025-12-25 07:32:07,"game ini ngelaaag, sering close program, padahal device ku udah standar loh, tapi masih aja kenak close program",Wuthering Waves,Negatif
Rama Satria,5,2025-12-25 07:29:32,GILA F2P PARAH,Wuthering Waves,Positif
School Rider,5,2025-12-25 06:41:31,sangat susah bagi pemula. terutama Ascension Phase dan Battle Boss. Dogde sangat susah. Game harusnya bikin rileks malah stres.,Wuthering Waves,Negatif
Wildan Al hafidz,5,2025-12-25 06:22:37,muantep,Wuthering Waves,Positif
yu-otosaka and ToMoRi,4,2025-12-25 06:12:55,KURO SIZE NYA TURUNIN Gw mau main ga bisa 😭,Wuthering Waves,Negatif
Abdurrahman Bakhid,5,2025-12-25 06:08:38,i love you makasih semoga rate on jangan rate off. hoki bet gweh,Wuthering Waves,Positif
Adzka Samha saufa,5,2025-12-25 06:08:13,game dengan developer yang mencintai game nya,Wuthering Waves,Positif
Dicky rio,5,2025-12-25 06:06:45,bagus bbgt woy tpi hp gua sesak napas 🙂,Wuthering Waves,Positif
Liant Tegar,5,2025-12-25 05:58:50,lambat dalam pengerjaan laporan,Wuthering Waves,Negatif
Valda Khalisha,5,2025-12-25 05:51:18,"gameplay cakep, developer perhatian dan pengertian, event seru, minim bug, cmn design karakter aja yg memang terbuka. tapi sejauh ini masih favorit dan tersayang. Tapi plis Kuro tolong dibenerin penyimpanan nya. ini kalo menyentuh 100gb di mobile, bisa aja mengeliminasi player mobile karena device nya ga kuat",Wuthering Waves,Positif
April 4413,5,2025-12-25 05:51:06,game baik,Wuthering Waves,Positif
Iyar Lokiarsih,1,2025-12-25 05:43:45,terlalu big sizenya untuk update versi 3. gak merhatiin keinginan player yg sebenernya lebih sederhana. dan selamat. versi 3 jadi versi pembuat beberapa player harus pensiun dini.,Wuthering Waves,Negatif
Mhd Adittia,5,2025-12-25 05:36:40,"akhirnya kedownload juga🥹🥹,waktu awal rilis cuma bisa liat aja,gara2 hp kentang",Wuthering Waves,Positif
Kalinggabintangpertiwi13,5,2025-12-25 05:32:19,gacor 🔥🔥 grafiknya mantep apalagi desain karakternya juga keren keren 🥹🥹🤘,Wuthering Waves,Positif
Al Rizky,5,2025-12-25 05:31:16,handphone ga kuat aja masih enak look-nya.,Wuthering Waves,Positif
rama dani,5,2025-12-25 05:14:07,"good game, aku di kasih momi canterella😋",Wuthering Waves,Positif
Cray Exceed (Gy),5,2025-12-25 05:13:24,"Chinematik , Bgm , Story , Event , Hadiah , animasi , effect , grafik , feature , kemudahan explore , Semuanya Udah mantep banget. ❤️",Wuthering Waves,Positif
Arya Kusuma,5,2025-12-25 05:11:05,nice udh grafik bagus visual mantap wifulible nice lah pokoknyaa,Wuthering Waves,Positif
Yudho Anggoro,5,2025-12-25 05:09:22,tidak banyak waktu untuk memainkannya,Wuthering Waves,Positif
ARA NAMI,3,2025-12-25 05:06:24,bangke gacha di spam char standar,Wuthering Waves,Negatif
Insomnia Dragoonmusicc,5,2025-12-25 05:04:00,"datanya newasin 3 generasi. 32gb,64gb,128gb",Wuthering Waves,Negatif
Mahiru Shiina,5,2025-12-25 04:52:29,"Kuro Game, Update Game Sudah Sangat Bagus, Tapi Kalau Boleh Tolong Jangan Duplikat Resource Pack Update Yang Baru Dengan Data Yang Dulu, Sebab Storage Saya Kecil, Dan Harus Berulang Balik, Untuk Memadam Data Ketika Update, Please Respon Ulasan Saya Kuro Game!",Wuthering Waves,Positif
Agah Yana,5,2025-12-25 04:51:09,game baik,Wuthering Waves,Positif
Ming Zhuuuq,5,2025-12-25 04:43:04,bagussss bangettt,Wuthering Waves,Positif
Sujang huntu,5,2025-12-25 04:42:57,makin keren aja ni game,Wuthering Waves,Positif
IraOne,5,2025-12-25 04:32:19,"grafiknya, musin, gamplay karakter dandesain karakter keren abis",Wuthering Waves,Positif
Kenn Shiki,5,2025-12-25 04:24:02,"bagus banget game nya mulai dari grafik, karakter, story dll. pokonya perfect dah bansos nya juga melimpah",Wuthering Waves,Positif
Farras Abiyyu,5,2025-12-25 04:19:45,mantap kali wak,Wuthering Waves,Positif
Mang Rizky,5,2025-12-25 04:17:53,game terbaik kuro anak solehh,Wuthering Waves,Positif
Hanz The Honored One,5,2025-12-25 04:17:07,"game baik banyak bansos, i love Kuro mwah mwah mwahhh",Wuthering Waves,Positif
Azmi Muhammad,5,2025-12-25 04:01:46,"Terimakasih game baik, dev baik , cinta sama wuthering waves, semoga sukses wuwa,",Wuthering Waves,Positif
Sakti,5,2025-12-25 03:54:35,"Kuro, Lu kalau nambahin bahasa Indonesia pasti mantep si game nya. Cuma selebih nya emang bagus game ini, Dari grafik juga mantep walau kadang fps turun parah banget serta panas hp, Dan end game konten yang lumayan bervariasi ya, Serta Eksplor nya seru dan gampang, Event yang menarik, Dan reward nya ga pelit si kuro. The Best deh, Cuma kuro akalin gimana cara nya biar device yang low bisa main juga kaya saya karena pengen banget grafik rata kanan, tapi ini rata kiri aja masih pnas dan fps low",Wuthering Waves,Positif
Albara Dhafir,5,2025-12-25 03:48:42,"NO KIKIR KIKIR, BANYAK BANSOSNYA OMG",Wuthering Waves,Positif
Khefin Firmansah,5,2025-12-25 03:47:13,"Terimakasih kuro sudah membuat game sebagus ini sumpah, udahlah banyak bansos, jalan ceritanya unik, character nya keren semua, pokoknya semuanya 10/10, wajib banget sih semuanya buat main game Wuthering waves ini, keren deh pokoknya",Wuthering Waves,Positif
Rifaldi bintang Bramanthio,5,2025-12-25 03:45:05,TERIMAKASIH UNTUK C1 LYNAE NYA KURO....,Wuthering Waves,Positif
Y- BOT,5,2025-12-25 03:44:14,Design setiap karakter sangat menawannnn✨,Wuthering Waves,Positif
Bias Bagaskara,5,2025-12-25 03:40:52,"Game yang selalu berkembang dan selalu mencoba untuk berikan yang terbaik, selalu ingin memperbaiki kesalahan. Big Respect untuk Developer ✨",Wuthering Waves,Positif
Riza Fahlani,5,2025-12-25 03:36:18,mantap,Wuthering Waves,Positif
Adam Latif,5,2025-12-25 03:32:25,walau ngentod tapi ok👍,Wuthering Waves,Negatif
sesa sesi,5,2025-12-25 03:22:34,"Absolute Cinema. hp saya kentang tapi kuat grafik rata kanan, mana karakter Ama gameplay nya cakep semua. GG sih nih gane",Wuthering Waves,Positif
Nouval Arif,5,2025-12-25 03:19:05,"ini game jujur aja bagus banget.. cuman masalah utama game ini adalah game nya yg size-nya guedeeee banget,gw aja Ampe rela hapus roblox,data YouTube,data tiktok,data yg lain demi bisa lanjut main",Wuthering Waves,Negatif
Umarr.lsm23,5,2025-12-25 03:18:17,gamenya gak kikir kek game sebelah,Wuthering Waves,Positif
mardha tillah,3,2025-12-25 03:15:01,"sering force close pas lagi update, padahal dari dulu ga pernah bahkan pas lagi main, baru update ini aja, internal masih banyak ruang",Wuthering Waves,Negatif
Fariz Surya Jaya,5,2025-12-25 03:08:41,setelah update pada hari ini (3 juni) wuwa force close dari smartphone infinix zero 5g 2023. sehingga saya tidak bisa bermain lagi.,Wuthering Waves,Negatif
Abdur Rozaq,5,2025-12-25 03:07:30,"kuro listened,game yang selalu setiap update pasti di tingkatkan kearah kenyaman player dari awal-awal 1.0 yang waduh sampe sekarang 3.0 yang wow",Wuthering Waves,Positif
Aljatul Rohib,5,2025-12-25 03:01:39,"game nya seru, grafiknya juga bagus",Wuthering Waves,Positif
Matthew Adley,5,2025-12-25 02:54:36,bagus bgt game nya story nya bagus bgt apalagi cutscene nya owah sangat absolute cinema dan juga bisa kete phibi my my dan juga setiap gacha di game ini hoki terus:D,Wuthering Waves,Positif
Rizky Hady,5,2025-12-25 02:53:53,"Game nya ga kikir,gak kek game sebelah",Wuthering Waves,Positif
Galaksi J7,5,2025-12-25 02:52:49,game baik,Wuthering Waves,Positif
vynrequiem010,5,2025-12-25 02:52:44,"game favorit gw jir, story yang semakin kesini semakin bagus, terus combat style yang asik dan gak nggak ngebosenin, sama reward untuk F2P juga melimpah, gak sia sia investasi di game ini, itu aja ratingnya semoga ni game terus berkembang dan menjadi lebih baik kedepannya",Wuthering Waves,Positif
ETRY's Funrey28,5,2025-12-25 02:48:23,ini kenapa dah pas lgi download data update ke force close mulu.,Wuthering Waves,Negatif
Satrio Ramadan,4,2025-12-25 02:47:55,"gamenya sudah bagus dan grafik nya yang sangat keren tapi apa bisa data untuk pengguna android sedikit dikurangi,aku Masih nak main tapi memo ga kuat resolusinya kurangjn dong untuk pengguna android",Wuthering Waves,Negatif
Pencilgon,5,2025-12-25 02:44:25,🤩🤩🤩,Wuthering Waves,Positif
Dian Rembul,5,2025-12-25 02:41:23,game baik saya sukaa😋,Wuthering Waves,Positif
sofian gonzales,5,2025-12-25 02:39:19,"aku dah mulai suka, tinggal menunggu bahasa indonesia",Wuthering Waves,Positif
Aqsanul Khaer,2,2025-12-25 02:37:42,"tambahkan fitur manage storage untuk android, storage hpku membengkak karena file lama gk kehapus, gw udh gk bisa login wuwa😭😭😭",Wuthering Waves,Negatif
Rino Nugroho satriya,5,2025-12-25 02:34:17,"hebat,tidak kikir grafik bagus walaupun berat",Wuthering Waves,Positif
Qivano Diyan Nugraha,3,2025-12-25 02:32:06,grafisnya bgus.,Wuthering Waves,Positif
Irwan Arizki,5,2025-12-25 01:58:13,untuk gemplay sangan menarik grafik sangan bagus karna bisa pake config HDR tampa berbayar cuma satu yang kurang gada bahasa indonesia t,Wuthering Waves,Positif
Cici Mochici,4,2025-12-25 01:56:43,ku kasi bintang 5 kalo menang rate of,Wuthering Waves,Positif
Oyit Story,5,2025-12-25 01:56:38,suka si tapi makin lama penyimpanan membengkak sekarang dah nyentuh 96GB desember 2025,Wuthering Waves,Negatif
Rifky bayu,5,2025-12-25 01:56:19,"seru sih ni game, grafiknya mantap banget, charnya juga bagus, nice bansos, game baik",Wuthering Waves,Positif
MA gimang,5,2025-12-25 01:54:11,mantap dev baik,Wuthering Waves,Positif
Rizqi Maulana,5,2025-12-25 01:50:59,Best Game Anime Adventure Yang pernah Gw mainin,Wuthering Waves,Positif
La Tiful,1,2025-12-25 01:27:16,"kuro tolong kasih bahasa indonesia, aku balik lagi kasih b5 kalo dah ada sub indo",Wuthering Waves,Negatif
Vivers Adreith,5,2025-12-25 01:21:41,"rate gacha ampas semua akun, high pity kalah rate off, dipaksa bgt buat top up",Wuthering Waves,Negatif
herry wanto,5,2025-12-25 01:17:15,cerita lumayan bagus,Wuthering Waves,Positif
Lazmov.,5,2025-12-25 01:01:46,"main dari hari pertama rilis, dulu masih belum optimal, banyak bug. Sekarang sih gokill improve abiss. GG kuro",Wuthering Waves,Positif
Vais Muharom,5,2025-12-25 01:01:26,game bagus tapi kenapa kuro Waifu gw GK bisa di nikahin kecewa banget,Wuthering Waves,Negatif
rofi aulaulia,5,2025-12-25 01:00:41,keren,Wuthering Waves,Positif
Andy Santoso,5,2025-12-25 01:00:30,"game terbaik! game anti kikir, memuaskan!",Wuthering Waves,Positif
Cece Game,5,2025-12-25 00:47:26,"main dari awal rilis yang banyak bug, update tiap hari, banyak yg caci maki tp makin kesini sudah banyak improve dan ngasih experience yg beda dr game lain salut buat tim Dev yg kerja keras. please kuro kasih domain buat farming seal tube sendiri jgn jadi satu sama echo udh penuh nih tas dan kasih opsi bhasa indonesia ya.",Wuthering Waves,Positif
wahyuhidayath4433,5,2025-12-25 00:35:14,"jauh improve & optimalisasi makin ok, cuma ga ada sub Indonesia aja",Wuthering Waves,Positif
Andre,4,2025-12-25 00:32:08,bagus banget tapi gk ada bahasa Indonesia dan gampang lag tapi okelah -min kasih bahasa Indonesia dong min pils🙏,Wuthering Waves,Negatif
Willy Kun,5,2025-12-25 00:25:23,"Yups, Overall gw bilang ini game open world terbaik, menurut opini gw, dan gw juga happy aja sih bawaan nya game nya, dan gw juga lebih mendalami di tiap karakter nya masing-masing, thanks kuro you are made a the best game.",Wuthering Waves,Positif
Hizkia Abisha laksono,5,2025-12-25 00:21:03,"bagus banget dari grafik, karakter, efek nya semua nya mantapp",Wuthering Waves,Positif
Hikaru. Jr,5,2025-12-25 00:18:39,gamenya sangat bagus hanya saja minim story nya. gak kayak game sebelah... saran juga : berikan subtitle bahasa indonesia,Wuthering Waves,Negatif
Nicholas Ndahawali,1,2025-12-25 00:12:59,apa ini update di mobile 43GB,Wuthering Waves,Negatif
Zetory0003,5,2025-12-25 00:08:33,"mantul poollll. cuman satu aja mungkin yang aku harap diperbauki. Astrite hariannya ditambah lagi, biar yg udah habis map farming nya dah habis nggak cape kelamaan nabung astrite, apalagi yang F2P",Wuthering Waves,Positif
Hamzah Game,5,2025-12-24 23:46:03,"tolong untuk kuro game, tambahin translate bahasa indonesia dong, kami yg bhs inggrisnya kurang atau bahkan gk bisa bahasa inggris sulit untuk memahami, dan bingung juga dengan alur story nya, saya pun juga sulit untuk paham sama jalan cerita wuthering waves, dan untuk mengerjakan quest2 juga sangat bingung arahnya kemana, tolong yaa plis kuro baik tambahin bahasa indonesia🙏🙏",Wuthering Waves,Negatif
CK INDO,5,2025-12-24 23:27:53,TOLONG ukuran game diperkecil karena untuk sebagian stroge ini terlalu besar untuk 1 game,Wuthering Waves,Negatif
Muhammad Ridho,5,2025-12-24 23:24:29,bagus tapii hp ku ga kuat lagi memorinya wkwk gede banget memorib128 siap siap aja kalau ada update mau ga mau harus hapus wawa terus instal ulang,Wuthering Waves,Negatif
Venry Cloryn,5,2025-12-24 23:03:19,game open world terbagus yang pernah saya mainkan,Wuthering Waves,Positif
camellya69,5,2025-12-24 22:55:56,Tap tap tap mantap,Wuthering Waves,Positif
Ridhoreynaldi Reynaldi,1,2025-12-24 22:55:38,"kenapa update harus ngosongin 50gb padahal updatenya cuma 15gb?, terus setiap update seperti download ulang, data update terlalu besar.",Wuthering Waves,Negatif
Muhammad Firmansyah,5,2025-12-24 22:41:57,Gacor,Wuthering Waves,Positif
Farel Farel,5,2025-12-24 22:40:06,gamenya bagus dari gachanya juga bagus saya rate on sampai mentok pity dan questnya juga bagus saya sampe pusing nyelesain questnya yg amat bagus dan bansos nya 100% bagus saya suka sekali dibagian ini dan ada juga beberapa bug semoga nanti bug nya hilang dan gamenya menjadi top,Wuthering Waves,Positif
Smoky Boy,5,2025-12-24 22:39:25,comeback karena ada event bebas pilih char b 5 pas aniv sampe skrg msh main tanks kuro,Wuthering Waves,Positif
Muh. Sukri,5,2025-12-24 22:35:43,terbaik!! 👍👍👍,Wuthering Waves,Positif
Santri Rau,5,2025-12-24 22:22:33,pliss tambah kan artinya ke bahasa indonesia . mohon dukungan nnya,Wuthering Waves,Negatif
AZHAR,5,2025-12-24 22:18:09,"mas kuro carthe 3.0 Rerun nanti , menang 50/50 lah.",Wuthering Waves,Positif
DHiKA NATION67,5,2025-12-24 22:18:09,Game Baik,Wuthering Waves,Positif
alyashakila Irawan,5,2025-12-24 22:06:28,"gamenya baguss apalagi make ue4 jadi kerasa realistis dev nya juga ngasih qol yang mudah bgt mekaniknya agak susah , design karakter sudah semakin bagus sesuai dengan tema region, story juga bagus, saran aku lebih ke penyimpanan sih agar stabil dan engga terlalu las waktu mainin di hp thanks kuro",Wuthering Waves,Positif
Kuriri,5,2025-12-24 22:05:29,Lebih berkembang lagi game baik,Wuthering Waves,Positif
Rafi Arif Wardoyo,4,2025-12-24 22:00:37,sebenernya bagus bbrp char lagi complete tapi berat bet memori gak kuat kuro 🥲,Wuthering Waves,Negatif
Alfaldy Ektyas,5,2025-12-24 21:55:30,"Emang mantep banget wuwa, main dari patch 2.0 walaupun gacha ampas diawal tpi overall amazing nih game combat nya satisfying",Wuthering Waves,Positif
achmad daffi,5,2025-12-24 21:54:15,"yang bilang game nya banyak bug, hp nya kentank 🗿",Wuthering Waves,Positif
Natsuno Kirihime,5,2025-12-24 21:52:35,kapan ada fitur hapus data ?,Wuthering Waves,Positif
Bad Privacy,5,2025-12-24 21:41:16,"game mantap, mekanik nya selalu improve ga pernah ngebosenin,world building nya bagus bgt,VA mc jepang nya aku suka banget, music nya bintang 5, untuk cerita relatif kadang mid kadang bagus,goodjob lah.",Wuthering Waves,Positif
Thoriq Alkhadler,5,2025-12-24 21:35:20,game yang sangat bagus 👍👍,Wuthering Waves,Positif
Seblak geprek,5,2025-12-24 21:30:48,game yang bikin gue top up sampe 2 digit,Wuthering Waves,Positif
Bagus Niam,5,2025-12-24 21:25:25,"gamenya bagus, story nya juga oke tapi hp saya ga kuat wkwkw untuk kuro mohon penyimpanannya jangan kegedean dipatch 3.0 terlalu memakan data😭😭🗿",Wuthering Waves,Negatif
Andres,4,2025-12-24 21:21:54,"game bagus, tapi tidak ada bahasa Indonesia🥲. tolong lah Dev tambahkan bahasa Indonesia supaya kita orang bisa mengerti😀",Wuthering Waves,Negatif
EF CAL,5,2025-12-24 21:18:50,game terbaik di tahun 2025!!!!!!!! tolong tambahin bahasa indonesiaaaaa,Wuthering Waves,Positif
Jeremy Lesmana,4,2025-12-24 20:49:20,optimalisasi mungkin bisa lebih baik lagi aja sih,Wuthering Waves,Negatif
Gheriya Cahya Pramudita,4,2025-12-24 19:40:49,"gamenya bagus, story absolute, karakter menarik, tapi sizenya ga main-main",Wuthering Waves,Positif
Nafas Nurani,5,2025-12-24 16:59:10,game baik,Wuthering Waves,Positif
Dio Rafel Mandey,5,2025-12-24 16:58:12,"Dari segi mekanik game ini sangat bagus ketimbang game sebelah:v terlebih khusus untuk Skip Cerita sangat2 membantu ditambah lagi kami dari player sering dikasih bansos sama dev kuro,, terima kasih KuroGame anda baik sekali 😁",Wuthering Waves,Positif
EDIT VIDEO MUHLIS,5,2025-12-24 14:12:21,perlu optimalkan grafik nya untuk mobile,Wuthering Waves,Negatif
Adhy Shergil,5,2025-12-24 12:58:40,"Bagus banget sih, cuman game ini yang buat aku bertahan main sampe sekarang.",Wuthering Waves,Positif
Bima Pratama M,5,2025-12-24 11:59:25,dapet char b5 first try wkwk,Wuthering Waves,Positif
ハディくん,5,2025-12-24 10:05:23,aku sukaaaaaaaaaaaaaaaa sama game ini semoga main nya lancar dan membaga berkah bagi si pemain nya🥰🥰🥰,Wuthering Waves,Positif
Islan Bintang,5,2025-12-24 08:39:03,Game baik,Wuthering Waves,Positif
Mas Lana,5,2025-12-24 08:07:23,bruh gw Tau game ini game rpg terbaik sekarang tapi size nya bludak banget,Wuthering Waves,Negatif
Mars Venus,5,2025-12-24 07:56:46,"Overall, game nya sangat bagus Kuro, terutama pada mekanik combat dan grafiknya, tapi kenapa global filter yg sudah di setting tidak masuk kedalam scene dialog, ya? namun, yg digunakan malah yang default. Karena saya kurang puas dengan pewarnaan dalam filter default. Jadi, semoga update selanjutnya global filter bisa masuk scene dialog, agar saya bisa lebih menikmatinya. Thanks Kuro.",Wuthering Waves,Positif
Mister Han,5,2025-12-24 06:47:44,"dear develover, kalo update jangan membutuhkan storage gede lah ini mah update nya cuma 15GB ruang penyimpanan kosong nya harus ada 50GB hp gw penuh memorinya kasian harus unistal aplikasi lain dulu. ok terimakasih",Wuthering Waves,Negatif
Rio Zcoandi,5,2025-12-24 06:22:28,"CINTA BGTTT SAMA NI GAMEE💓💓,bansos nya banyak,setiap aku gacha karakter selalu dapet apa yang ku mauuu💖💖 trus buat grafik nya cakepp gilaa,ramah di player f2p dan ramah bagi pengguna HP makasih kuro udh ciptain game sebaguss iniii💗💗🤩",Wuthering Waves,Positif
MobChazz,5,2025-12-24 05:54:46,game nya bagus tetapi jika ditambahkan bahasa Indonesia sepertinya bakal bagus,Wuthering Waves,Positif
edi kelbek,5,2025-12-24 05:46:43,tolong bansosnya buat 3.0 di banyakin hhe,Wuthering Waves,Positif
Azmi,5,2025-12-24 04:59:33,"game nya udah bagus, dari segi kombat, grafik,dll, tapi sayang nya, kami dari Indonesia kurang bisa bahasa inggris, Kalau sempet, kasih subtitle Indonesia, supaya bisa di nikmati oleh player dari Indonesia",Wuthering Waves,Negatif
ReyyFan,5,2025-12-24 03:17:03,mntap,Wuthering Waves,Positif
M Teguh S,4,2025-12-24 02:51:40,"tolong dong developer size nya kurangi, data quest yang sudah beres bisa di hapus biar size penyimpanan gak bengkak.",Wuthering Waves,Negatif
Lann Sptra,5,2025-12-24 00:54:00,"Menurut ku Dari segi Grafik,Story,dan lainya sudah bagus,cuman 1 yang agak kurang,yakni Manajemen Data dari game nya,Tolong Pihak Dev Kuro Tambakan Manajemen data Seperti Hapus data yang terdahulu supaya Pas Update atau Pra Unduh Tidak Membengkak,Di Pra Unduh 3.0 ini Storage ny udah Hampir memakan 70% penyimpanan saya Yang di 256 GB Yang sudah hampir 100 GB,Itu saja sih semoga di dengar:).",Wuthering Waves,Negatif
Sai Akuto,1,2025-12-23 23:46:25,"Anj update apaan 17 GB jembot,bagus sih tapi ,banyak bansos.",Wuthering Waves,Negatif
tomvel,5,2025-12-23 23:16:38,"GAME BAIKKKKKK, BEST GAME GACHA FOR TODAY",Wuthering Waves,Positif
Evan,1,2025-12-23 22:56:23,storynya sangat jelek,Wuthering Waves,Negatif
Ryyy,5,2025-12-23 22:11:31,"bgus bgt gamenya,TPI knp pas shader stack di 60 mulu",Wuthering Waves,Positif
Razan Pratama,5,2025-12-23 21:19:15,tolong adakan sub indo,Wuthering Waves,Negatif
Afdal Barokah,5,2025-12-23 21:12:39,mantab,Wuthering Waves,Positif
Muhammad Nursim,5,2025-12-23 18:02:23,game bagus,Wuthering Waves,Positif
daffa erfano,5,2025-12-23 17:11:28,hadirin bahasa Indonesia biar gampang main nya,Wuthering Waves,Negatif
Arga,5,2025-12-23 15:26:40,game nya oke,Wuthering Waves,Positif
Muhammad Hafidh Ma'ruf,4,2025-12-23 14:37:44,"Jujur saya suka dengan semuanya, Tetapi ada satu yang saya tidak suka, yaitu Size Memori nya sangat besar. Sepertinya di Version 3.0 Saya akan pensi karena Size Memori sangat besar sekali. Mohon Pertimbangan dan Semoga KuroGames bisa mencari solusinya. Saya tunggu Kabar baiknya. agar saya main lagi. Ini Alasan saya memberikan Star 4. Terima kasih KuroGames.",Wuthering Waves,Negatif
Zee Always,5,2025-12-23 12:00:09,game bagus gak kikir/pelit cerita sangat keren,Wuthering Waves,Positif
bambang siswanto,5,2025-12-23 08:09:17,game baik,Wuthering Waves,Positif
Christina Novania,5,2025-12-23 06:23:55,"Perbaiki bug nya oii nanti kasih bintang 5 kalo dah fix, bismillah menang rate off selalu aamiin.",Wuthering Waves,Negatif
Akun,5,2025-12-23 05:12:55,game bagus,Wuthering Waves,Positif
Kakarotto Kakarotto07,5,2025-12-23 05:03:41,mantap banget,Wuthering Waves,Positif
Focalors Del Fontaine,1,2025-12-23 04:16:09,"wuthering waves adalah game yang sangat kusukai setara dengan genshin impact, Namun karena ini game udah kelewat batas tentang the goon alhasil aku jadi malas buat login, takutnya nanti ada perasaan yang mengganjal ketika bermain dan jadi g terlalu fokus nikmatin game nya.",Wuthering Waves,Positif
Al ZIKRI,5,2025-12-23 03:52:45,"mantap sih tapi gachanya mohon di perbaiki ,dan kualitas skill bertarungnya mohom di tingkatkan juga",Wuthering Waves,Positif
disxto,5,2025-12-23 03:03:19,banyak waifu,Wuthering Waves,Positif
Muhammad ansyari,5,2025-12-23 00:50:37,mantap,Wuthering Waves,Positif
MagerU GabutO malesU,1,2025-12-22 23:15:51,game gk bisa di buka. hadehh,Wuthering Waves,Negatif
Muhammad daffa raihan Daffa,5,2025-12-22 14:29:46,geme nya bagus tapi gak ada translate Indonesia,Wuthering Waves,Negatif
Freeg Gg44,1,2025-12-22 12:27:55,gada bahasa indo mending genshin😏😏😏,Wuthering Waves,Negatif
Ramaj Rill,5,2025-12-22 10:37:41,"GAME MANTAP GW DAPAT KARAKTER BINTANG 5 PADAHAL PLAYER NEW, KARAKTERNYA MANTAP"" SEMOK"" GA KIKIR AWWW",Wuthering Waves,Positif
Al Bara Muhammad,5,2025-12-22 09:03:43,"kuro game lu udah bagus banget dari visual, grafik, gameplay, bahkan story nya juga bagus, gk kikir juga lagi kek game sebelah, selalu mempermudah player nya, tapi tolong dong kuro gua minta satu hal, tolong adain subtitle Indonesia biar gua makin bisa menghayati story nya, kalo bisa juga gua pengen grafik nya dibikin bagus lagi, dibikin lebih realitas kek di pc/leptop, gakpapa dah lu bikin ukuran game nya jadi 60-70gb gua pengen banget bisa maen di grafik/visual kek dipc tapi gua gk punya pc😭",Wuthering Waves,Positif
Yoga Gunawan,5,2025-12-22 08:05:07,Game baik.,Wuthering Waves,Positif
Akmal Ranan,4,2025-12-22 07:07:18,"seru banget dari karakter,map, gameplay yang menyenangkan dan apalagi update mendatang bisa naik motor beh gimana rasanya nya ya",Wuthering Waves,Positif
Kevin S.,5,2025-12-22 06:47:48,"Peak game. Dari segi manapun game ini benar-benar bagus, gameplay seru, event nya juga asik, developer nya bisa dibilang sangat mendengarkan pemain nya. Lore nya menarik, apalagi dengan world building dan storytelling yang diberikan, bisa di bilang wuthering waves merupakan salah satu atau bahkan yang terbaik di antara game sejenis nya.",Wuthering Waves,Positif
Have You,5,2025-12-22 03:56:58,oke mantap dapet 2 biji,Wuthering Waves,Positif
Arsandya Wirasena,5,2025-12-22 03:34:08,"Luar biasa, game ini benar-benar bisa membuat saya betah bermain dalam waktu lama. Gameplay-nya seru, mekaniknya menarik, dan tidak terasa membosankan meskipun dimainkan berulang kali. Visualnya juga enak dipandang serta didukung dengan performa yang cukup stabil. Secara keseluruhan, game ini sangat menghibur dan layak untuk terus dimainkan😆👌",Wuthering Waves,Positif
Firman Ramadhan,5,2025-12-21 15:30:13,mantap tidak kikir,Wuthering Waves,Positif
Fachri Nasution,5,2025-12-21 13:53:55,kuroo game baik tidak kikir🥳🥳🥳,Wuthering Waves,Positif
STRohma Rizky,5,2025-12-21 13:23:58,"Tolong dong gamenya agar di optimalkan lagi, masih terasa berat di snapdragon 8 gen 3",Wuthering Waves,Negatif
Diyy y,5,2025-12-21 13:23:16,sangat bagus,Wuthering Waves,Positif
Haris Praja,2,2025-12-21 13:20:24,"overall bagus, minus di sinyal, ping kuning merah terus",Wuthering Waves,Negatif
Fahri Al-luthfi.S,5,2025-12-21 13:11:32,bagus dan tidak pelit hadiah,Wuthering Waves,Positif
Saiful Malik,5,2025-12-21 12:49:01,game nya bagus bgt. trs banyak cewe cantiknya. mweheheheh,Wuthering Waves,Positif
Jumayati Sikui,4,2025-12-21 12:45:32,bagus mohon hadiah hadiah gratisannya bisa diperbanyak lagi dan mohon sediakan bahasa khususnya indonesia,Wuthering Waves,Positif
Roudhoh Fouzi,5,2025-12-21 10:54:34,mohon tambahkan opsi bahasa indonesia,Wuthering Waves,Negatif
Dafa Dafa,5,2025-12-21 08:01:52,"sumpah game seru banget game baik, love developer",Wuthering Waves,Positif
Lauren Monikasari,5,2025-12-21 06:22:12,cantarella cantik bgt woy,Wuthering Waves,Positif
Zefan,5,2025-12-21 04:57:11,SERUUUUU SEKALEHH,Wuthering Waves,Positif
Naufal Aja,5,2025-12-21 03:20:29,bags banget,Wuthering Waves,Positif
Mryn AlDnzz,5,2025-12-21 01:41:06,"gweee suka banget ama ni game, gw udh main 1 tahun lebih, dan experience nya bener bener memukau, mulai dari grafis, story, lore, map, eksplorasi mechanic combat developer, gacha sistem, semuanya udh perfect, dan respect banget developer selalu mendengarkan para player nya akan QOL yang mereka pgn ada di game, dan sedikit demi sedikit di kabulin, salut juga ama dev, nge improve game nya ga main², dari 1.0 terus berkembang sampai sekarang, I LOVE KURO GAME💯♥️",Wuthering Waves,Positif
Khadafi Rabbani,4,2025-12-20 23:17:08,jir lah 40gb,Wuthering Waves,Negatif
Syafara Fairyshel,5,2025-12-20 22:05:31,bagus banget tolong kasih sub Indonesia di hp,Wuthering Waves,Positif
Ra Ma,5,2025-12-20 16:15:56,mantap banget sayangggg🥰🥰🥰🥰😘,Wuthering Waves,Positif
Septia Aye,1,2025-12-20 14:51:53,mau update atau mau download versi baru tapi tiba-tiba ada notif memori penuh sedangkan udah hapus hampir semua aplikasi engga dipakai dan juga hapus data² juga masih ada ada notif memori membutuhkan ruang tolong dong dikasih keringanan buat masalah ini,Wuthering Waves,Negatif
Maho hernawan,5,2025-12-20 11:01:05,seruu,Wuthering Waves,Positif
Aisyah Salsabilla,5,2025-12-20 10:50:14,akuu pertama kali mainin ini eehh taunya malahh ketagihan baguss bangett🤍,Wuthering Waves,Positif
Azikri Ramdani,5,2025-12-20 10:34:02,bagus gerafik nya hd udah ituh aja,Wuthering Waves,Positif
wibi sendiri,5,2025-12-20 10:07:46,"bintang 5 lama jadi ga guna bintang 4 S6 ga guna kec sanhua n mortefi perlu balance damage dan revamp Hero bintang 4 n 5, F2P jadi males main,asal daily sdh lanjut mlbb saja",Wuthering Waves,Positif
Dava Muhammad Aprizal,5,2025-12-20 09:10:48,Game bagus,Wuthering Waves,Positif
Legi Riyatmi,5,2025-12-20 07:55:46,keren,Wuthering Waves,Positif
Eko Purwanto,5,2025-12-20 06:30:31,"Overall suka banget, tapi tolong tambahkan bahasa Indonesia agar bisa lebih mudah menikmati storynya",Wuthering Waves,Positif
Sandy Rencakaprawa,1,2025-12-20 00:54:23,game nya lag bgt,Wuthering Waves,Negatif
Robby Abdul aziz,4,2025-12-20 00:52:08,"yap,gw download lagi karna ada char cantik🗿 secara keseluruhan game ini bagus dan yg paling bisa ku banggakan dari game ini adalah gameplay nya yg menarik,latar dunia yg bagus,kuntuk cerita menurut gw mid 8,5/10,terlalu mimpi basahhh,btw,bahasa Indonesia nya mana woi dasar developer hitam🗿",Wuthering Waves,Positif
Iqbal Kazuto,5,2025-12-19 17:32:54,suka gua harus epic cinema terus,Wuthering Waves,Positif
RAM chan,5,2025-12-19 15:35:20,mungkin anda sekalian harus memperbaiki bagian visual di mobile,Wuthering Waves,Negatif
Vinnn,5,2025-12-19 14:32:10,"Kuro saya sangat kecewa!!!. Sistem gacha rate on tidak menjamin bakal rate on, setiap saya mau sign my istri saya, sangat susah sllu dpt barongsai sm psht, istri saya banyak yg tidak dpt di sign in karena sllu klh rate off 🥀",Wuthering Waves,Negatif
arya sumargo,5,2025-12-19 12:02:56,"MAKASIIHH MIIIINNNN, AKU HOKII",Wuthering Waves,Positif
Syarief J,5,2025-12-19 11:35:28,mantap king,Wuthering Waves,Positif
Rajasaid,5,2025-12-19 10:40:26,GAME BAIK,Wuthering Waves,Positif
Adrian Maulana,5,2025-12-19 09:44:51,keren,Wuthering Waves,Positif
M Arief Budi Rijaldy,5,2025-12-19 07:40:32,"Seru story nya, story telling nya juga bagus",Wuthering Waves,Positif
Dikyynr,4,2025-12-19 07:20:18,tolong tambahin bahasa Indonesia 😁,Wuthering Waves,Positif
Gerardus Sitinjak,5,2025-12-18 17:09:49,keren gamenya mekaniknya juga ok. namun kalau mau dioptimalin bisa di buat lebih simple dalam bagian event dan chart lainnya,Wuthering Waves,Positif
Deniy Pantek,5,2025-12-18 13:36:55,"Buat lu pada yang sering fc, rata kiriin grafik nya jngn maksa hd/ganti hp 😹, dan klo jringn didalem game ny leg ganti server ke sea (klo tinggal di indo)",Wuthering Waves,Positif
Amalia Lovers Squad,5,2025-12-18 13:13:18,"dari segi grafik dan story ny bener² ga main-main, tapi kalo boleh request tolong subtitle Indonesia nya",Wuthering Waves,Positif
Wahyu Meilandri,5,2025-12-18 12:19:07,"Untuk peforma di mobile masih kasar, untuk peforma di PC sudah perfect. Tapi aku lebih sering memegang hp dibandingkan PC, saya harap kedepannya untuk mobile bisa lebih baik lagi dari segi peforma",Wuthering Waves,Positif
Dimas Setiawan,5,2025-12-18 12:07:14,game baik,Wuthering Waves,Positif
Valn3,5,2025-12-18 12:01:18,"kepada developer, tolong buat aplikasi cloud khusus untuk wuwa, karena dari waktu ke waktu ukuran aplikasi ini sangat besar untuk game android",Wuthering Waves,Negatif
Danny Pranata,5,2025-12-18 11:41:14,gacorrrr game ini,Wuthering Waves,Positif
Hyper Geko,4,2025-12-18 10:52:39,Ok,Wuthering Waves,Positif
Akbar Ramdhan,4,2025-12-18 07:49:52,"Dari segi gameplay bagus, cuma agak disayangkan ga ada bahasa Indonesianya",Wuthering Waves,Negatif
Ryukaa,5,2025-12-18 07:47:46,game nya bagus mulai dari grafik dan gameplay tapi kenapa di server sean kalo soal gcaha pelit banget sedang server lain pada hoki semua,Wuthering Waves,Negatif
Gii Crimson,5,2025-12-18 05:58:28,ga kikir kayak sebelah,Wuthering Waves,Positif
rizky ard,5,2025-12-18 05:13:03,bang kuro!! tolong permudah bagi player indonesia. saya jamin game anda akan semakin ramai pemainya kalau ada sub indonesia nya (terjemahan bahasa indonesia(,Wuthering Waves,Negatif
Samsi,5,2025-12-18 04:57:59,terimakasih telah menciptakan game yang sangat bagus dan terimakasih telah membuat karakter secantik Phoebe,Wuthering Waves,Positif
Ferdiansyah ClimbV,5,2025-12-18 04:31:39,kapan ada bahasa indo,Wuthering Waves,Positif
Rifqi blora Nurul fajri,5,2025-12-18 04:17:58,Keren,Wuthering Waves,Positif
Firza Hadi,5,2025-12-18 02:52:00,"ini game bagus, cuma please bikin cloud game biar saya bisa daily login di hp kentang saya",Wuthering Waves,Positif
Adit Irawan,5,2025-12-18 00:28:14,5 akun hoki semua cik 😁 makasih kuro karakterku rata rata r1 sama signaturenya,Wuthering Waves,Positif
dodi Apriadi,5,2025-12-17 23:29:51,mntap,Wuthering Waves,Positif
Ali Aljufri,5,2025-12-17 16:30:57,bagusssssss banget,Wuthering Waves,Positif
Dzakwan Akifi Ishmat,5,2025-12-17 15:06:25,yes yes yes banyakin lagi hadiah gacha nya,Wuthering Waves,Positif
Bayu Aprilio,5,2025-12-17 14:59:38,Semoga bagus bisa kembali melanjutkan progress,Wuthering Waves,Positif
Muhammad Nur adnan,5,2025-12-17 13:29:53,"ahh aku berharap hoyo itu terhapus genshinnya dan kalian kuro games bisa menciptakan genshin versi kalian😞😞.hoyo udah jelas lebih pentingkan ketenaran dan kekayaannya hingga rela mengabaikan saran pemain karena menganggap gamenya udah terkenal.moga moga jika terjadi sesuatu pada genshin seperti terhapusnya game itu secara tidak terduga,kuharap kalian kuro games bisa ciptakan ulang game itu agar hoyo itu bisa kapok akan tindakannya karena membuat pemain gak rela sarannya ditolak gitu saja🗿🗿.",Wuthering Waves,Positif
hafiz muhrizah,5,2025-12-17 12:47:30,"gameplay mantap,storynya bagus sama grafiknya cuman kurang optimal di prangkat mid kebawah,jadi mohon optimalisasi kan lagi dong gamenyas supaya bisa banyak orang yang main dengan enak🙏",Wuthering Waves,Negatif
Rafdav Noana,5,2025-12-17 12:06:23,saya kasih bintang lima soalnya habis gacha dapet bintang lima... terimakasih developer baik,Wuthering Waves,Positif
Oky Pandu,5,2025-12-17 11:48:23,ok good tolong developer for berikan bahasa Indonesia subtitle nya tolong di segera,Wuthering Waves,Negatif
Arsyila Farzana,5,2025-12-17 09:13:51,"gamenya keren, saran aja sih kalau bisa ditambah bahasa indonesianya supaya bisa menikmati alur ceritanya.",Wuthering Waves,Positif
Subanu Rizal,5,2025-12-17 07:49:47,mantap,Wuthering Waves,Positif
ardi 86,5,2025-12-17 04:59:09,redwar melimpah,Wuthering Waves,Positif
Ryan gunawan,5,2025-12-17 02:51:11,"overall si bagus yak, makin hari makin di updet dari segi kualitas graphicnya, meski tambahannya jadi agak berat si, tapi ttp good, w suka dari ceritanya, pembawaan narasi per karakter, scene pas battle semuanya kerasa hidup, segi combatnya juga, meski w suka nge frame perkara ni game emang berat, tapi ttp overall is gud 9/10 dari w ni gem 👍 (perbanyakin event end gem dong biar gmpang farming asteritenya w cok 😭)",Wuthering Waves,Positif
Aydin Nugroho,5,2025-12-17 00:53:28,Terima kasih wuwa sudah memenangkan pity ku memang game terbaik 💯💯💯💯💯💯💯,Wuthering Waves,Positif
Irfan Latif Muazzam,5,2025-12-16 23:43:43,game bagus dan seruu,Wuthering Waves,Positif
PhiLia 5086,5,2025-12-16 17:47:48,gamenya bagus banget karakter nya juga cantik cantik😋tapi saya punya saran yaitu buat bikin fitur hapus quest story lama soalnya itu fitur berguna banget buat ngekompres size gamenya yang udah gede jadi bisa lebih kecil lagi🙏🏻,Wuthering Waves,Positif
Renjin Jin,5,2025-12-16 15:38:22,baguss banget ga kikir,Wuthering Waves,Positif
Wisnu,5,2025-12-16 14:13:50,menurutku ini game yang bagus banget,Wuthering Waves,Positif
Vipnix,5,2025-12-16 14:11:12,"overall game nya bagus walaupun kayak full serius alurnya tapi okelah, sistem gacha nya juga agak ramah untuk dana pelajar , gak kikir dan harapan nya gak bakal kikir, kalau gacha nya sulit banyak player yang males main pasti nya dan begitu juga sebaliknya, tapi tolong lah kasih bahasa Indonesia, main nih game kebanyakan isinya nge translate dialog doang.....",Wuthering Waves,Positif
Melki Sianturi,5,2025-12-16 13:42:36,"Bagus si, cuman kenapa aku sering force closed ya? Tolong donk.",Wuthering Waves,Negatif
Puji Handayani,5,2025-12-16 13:23:39,"Gamenya bagus, dimulai dari grafik, cutscene, story, karakter, pokoknya semuanya bagus dah makasih game baik🗿",Wuthering Waves,Positif
Novas,5,2025-12-16 13:19:31,story nya epic cuman gk ada bahasa Indonesianya,Wuthering Waves,Negatif
DivioArs DV,5,2025-12-16 13:01:39,Hoki coy,Wuthering Waves,Positif
Mozal Zaki vikiano,5,2025-12-16 11:29:39,"keren banget, terus mekaniknya juga menarik, alur cerita mantap, pokok nya terbaik👍",Wuthering Waves,Positif
Cacha Salsabila,3,2025-12-16 11:28:03,"Please developer, please provide Indonesian dialogue text because it is very difficult for people who don't speak English to understand the story",Wuthering Waves,Negatif
Aqueena Kencana,3,2025-12-16 10:51:04,"tiap login suka disuruh retry terus jadinya gabisa masuk buat main, sinyal nya padahal bagus lohh",Wuthering Waves,Negatif
Sir Imron,5,2025-12-16 09:20:51,game ini menyajikan pertarungan yang seru dan gameplay open world yang gampang buat di ekplorasi,Wuthering Waves,Positif
Spider-Man,5,2025-12-16 07:17:06,"Game-nya seru dan gameplay-nya bagus. Namun sayangnya belum ada terjemahan Bahasa Indonesia, jadi agak sulit dipahami bagi pemain yang belum lancar Bahasa Inggris. Semoga ke depannya bisa ditambahkan opsi Bahasa Indonesia. Terima kasih.",Wuthering Waves,Negatif
opik sakaleak,1,2025-12-16 05:53:20,gk bisa login malas unistalll aj,Wuthering Waves,Negatif
Egiyy Praditiya,5,2025-12-16 03:05:40,Bagus banget game nya dari segi combat dan story tapi tolong dong di optimasinya untuk hp mid kebawah fps sering drop parah kalo ke kota besar.selain itu bagus aja si,Wuthering Waves,Positif
Shakeela Kyanara,4,2025-12-16 00:18:08,game nya bagus sih karakter jugs bagus tapi masalah nya aku main bentar tiba² keluar sendiri gak tau kenapa,Wuthering Waves,Negatif
11. MUHAMMAD REYHAN IBNU SEDAYU,5,2025-12-15 23:51:01,"game nya bagus keren, doakan aku dapat sk🙏🤭",Wuthering Waves,Positif
Lia Dulcea,5,2025-12-15 19:59:06,ROVER GANTENG BANGETTTTTTT 😍😍😍😍😍🥰🥰🥰🥰🥰😘😘😘😘😘😘😘😘,Wuthering Waves,Positif
Ratna Wulandari Rahman,5,2025-12-15 17:21:55,bagus min aku suka,Wuthering Waves,Positif
Inda Aja,4,2025-12-15 16:48:26,"aku suka game nya karna ada cowok nya aja, trus ada tombol skip, wleekkkkkk",Wuthering Waves,Positif
AlFian,5,2025-12-15 15:17:21,bagus cuman ga support hp kentang 🗿,Wuthering Waves,Negatif
Daffa Almer,5,2025-12-15 13:45:26,"ramah f2p, grafis bagus banget, gameplay ngak bikin ngantuk, the best pokoknya",Wuthering Waves,Positif
Raito Gamma,5,2025-12-15 13:08:05,👍👍,Wuthering Waves,Positif
GTS REALME,5,2025-12-15 11:09:10,"Satu satu nya game open world terbaik yang pernah saya mainkan,di banding dengan genshin atau tower of fantasi,game ini jauh lebih baik dan jauh lebih ramah f2p,yah namanya juga kuro ya kan thanks kuro 😘 rekomendasi buat kalian bre sumpah gua ga bohong game ini jauh lebih baik dr pada game open world lainnya...",Wuthering Waves,Positif
YouRiee`,5,2025-12-15 10:50:00,"game ny jujur udh BAGUSS BNGTT cmn plss bngt kuro tambahin cloud game buat wuwa, soalny klo pke apk lain kbnyakan mahal² aku yng susah buat kumpulin duit klo mau beli hp baruu, jdi harapan ku moga aja bisa ada cloud game dehh buat wuwa nihh😭😻💕",Wuthering Waves,Positif
Eko Susanto,1,2025-12-15 10:47:50,"baru juga main malah di kasih karakter b5 yg bukan di baner, setidaknya kasih lah karakter b5 limited buat pemula. payah",Wuthering Waves,Negatif
Reedi Maulana,5,2025-12-15 07:24:03,"game RPG ter menyenangkan menurut ku dan aku harap lebih banyak story baru, misi dan bansos untuk kedepan nya :)",Wuthering Waves,Positif
Murfid 1,5,2025-12-15 06:38:57,"Terimakasih Kuro karena telah membuat masterpiece ini, meski puzzle buatanmu itu terkadang sangat menjengkelkan tapi semua itu kalah dengan visual yang bagus cerita yang sangat menarik dan suara setiap karakter yang memiliki aksen dan karakteristiknya yang berbeda. Luar biasa! 💯",Wuthering Waves,Positif
nojustice anonime,1,2025-12-15 06:09:30,saat instal stuck terus,Wuthering Waves,Negatif
Isaac Einstein,5,2025-12-15 05:34:50,"Game bagus, story ya bagus banget, grafik jangan ditanya rata kanan grafik juga tidak terlalu berat, event ya mantap,",Wuthering Waves,Positif
Akunmlbbb Jual,1,2025-12-15 03:50:13,"kok gw gak dapat bansos ya, udah lama Lo aku setia main game ini, akun kawan ku juga gak dapat bansos ini game apa sih pelit beneh gitu aku hapus aja lah alasan buff KAh apa kok gini",Wuthering Waves,Negatif
Aestrick,5,2025-12-15 03:25:36,rekomendasi buat yang nyari game mobile dari voice actor goty xixixixi,Wuthering Waves,Positif
Kayzen monarch,5,2025-12-15 03:21:29,game nya dari segi music/story bagus cuma saya ingin kedepan nya ada bahasa indonesia terimakasih.,Wuthering Waves,Positif
ahmad zaky,5,2025-12-15 02:59:36,❤️,Wuthering Waves,Positif
Afandi Ndy,5,2025-12-14 18:11:27,semoga bisa s6 cartethya 🥰,Wuthering Waves,Positif
Audy Trifena,5,2025-12-14 17:24:59,Developer paling gacor karena mendengarkan keluhan dan saran player! grafiknya characternya tuh semua bagus banget. setiap ada character yang keluar selalu ingin pull gabisa skip!,Wuthering Waves,Positif
naisha,5,2025-12-14 17:09:05,GIM BAIK SAYANG KUROO MWAH MWAH,Wuthering Waves,Positif
Muhammad Zadda aufa,5,2025-12-14 16:52:34,seru karna aku tampan,Wuthering Waves,Positif
Rafel maulana Raharja Raharja,5,2025-12-14 16:11:57,berat dikit,Wuthering Waves,Positif
Imron M,5,2025-12-14 16:04:11,mntap,Wuthering Waves,Positif
Gunawan Firmansyah,5,2025-12-14 15:08:22,Mantap banget gameplay-nya,Wuthering Waves,Positif
Nurhugo Rulistio,5,2025-12-14 14:33:21,game anime open world paling keren gabisa berkata kata 🙌.. anyway pitynya digampangin dikit dong min buat yg f2p,Wuthering Waves,Positif
Halimi Akbar,5,2025-12-14 12:56:59,aku suka wuwa mantap coy,Wuthering Waves,Positif
Michael Owen,4,2025-12-14 11:51:09,game baik dan tidak pelit,Wuthering Waves,Positif
Arkanatara Priatna,5,2025-12-14 10:37:24,gelo keren cuy,Wuthering Waves,Positif
18. Alka Tatsuyoshi,5,2025-12-14 09:45:56,Keren,Wuthering Waves,Positif
Wisnu,5,2025-12-14 09:41:16,mantap min keren,Wuthering Waves,Positif
Yo What,1,2025-12-14 08:31:01,gk bisa dowload datanya padahal awal awal bisa,Wuthering Waves,Negatif
Mikhail Bintang,3,2025-12-14 07:35:17,fps nya naik turun,Wuthering Waves,Negatif
Nikeisha Anindya,5,2025-12-14 04:50:28,"GRAFIKNYA CAKEPP, story nya jga keren, design karakter mantepp, gila sih. cmn kurg sub indo aja wkwkw",Wuthering Waves,Positif
Rivan,5,2025-12-14 02:48:23,semoga ada bahasa Indonesia,Wuthering Waves,Positif
xxx,5,2025-12-14 01:56:37,"Game gratis untuk dimainkan namun memberi pengalaman bermain yang sangat baik serta bansos yang tidak kikir, wajib download.",Wuthering Waves,Positif
G e m i n i 002,5,2025-12-13 19:35:50,Tidak kikir,Wuthering Waves,Positif
M Rizky,5,2025-12-13 16:17:09,mantap lah pokoknya walaupun gacha gua ampas banget :V,Wuthering Waves,Positif
Danu Angga Kusuma,5,2025-12-13 15:01:33,absolute cinema,Wuthering Waves,Negatif
Muhammad Royan,5,2025-12-13 13:47:06,biarkan bintang yang bicara,Wuthering Waves,Positif
Azka Mandala008,5,2025-12-13 13:33:11,bagus bet ni game sampe gw donlot di pc,Wuthering Waves,Positif
Yoshikazu Fiipik,5,2025-12-13 12:33:22,🥰🥰,Wuthering Waves,Positif
Abdul Syahputra,5,2025-12-13 11:42:10,👍👍👍👍,Wuthering Waves,Positif
Rency Nino,5,2025-12-13 08:49:13,terima kasih game baik😁,Wuthering Waves,Positif
Muhammad wildan Herdiansyah,5,2025-12-13 07:12:42,"pliss add bahasa Indonesia, sesusah ituu kahh, tapi jujur ini sangat peak",Wuthering Waves,Positif
Rizky Naufal,5,2025-12-13 06:19:39,"cerita nya bagus, tapi kalo karakter nya ngomong lama banget biasa nya",Wuthering Waves,Positif
Jelita Putri,5,2025-12-13 05:40:13,"Sejauh ini saya main dari awal rilis hingga sekarang terasa sekali perbedaannya. Semakin kesini, story di dalam game semakin seru dan menantang, grafik yang dapat dicustom agar menambah estetika, Combat yang semakin seru dari setiap karakter. Saya sangat suka dengan story dimana relationship antara karakter yang lain itu ada seperti persahabatan yang akhir² ini ditambahkan. [Terimakasih untuk kerja kerasmu, Developer 👍]",Wuthering Waves,Positif
The Predator,5,2025-12-13 05:26:34,"Kuro Tolong Buat Fitur Penghapusan Data Quest Dll Yang udah Di kerjain Dong,Makin Lama Sizenya Membengkak Storage Ga Mencukupi game Play Jadi Keganggu Karna Size yang terus membengkak. Terimakasih",Wuthering Waves,Negatif
Felix Robertson,5,2025-12-13 05:17:45,mantep,Wuthering Waves,Positif
Muhammad Amirudin02,5,2025-12-13 04:36:53,game nya bagus,Wuthering Waves,Positif
Lav,5,2025-12-13 04:30:43,"baru bisa Main di update 2.8 , absolutely amazing 😍",Wuthering Waves,Positif
Minoki Iruyuki,1,2025-12-13 03:39:29,saya kasih B1 karena kekecewaan tersendiri terimakasih,Wuthering Waves,Negatif
Rahma dandi ersah putra,5,2025-12-13 01:30:30,aku suka gane suka karena banyak susu sedap😋,Wuthering Waves,Positif
Na'vi Ahmad,5,2025-12-13 00:35:27,SELAMAT ATAS AWARD YANG TELAH DI MENANGKAN OLEH GAME WUTHERING WAVE... SEMOGA KEDEPANNYA BISA TERUS MAJU DAN TERUS MENJADI YANG TERBAIK 😆👍,Wuthering Waves,Positif
Farel Eddy,5,2025-12-12 21:18:49,Karna ada fitur skip jadi kukasih *5,Wuthering Waves,Positif
Romi Irawan,5,2025-12-12 19:22:54,terimakasih pak bagus,Wuthering Waves,Positif
Zuhri Clip id,5,2025-12-12 16:51:24,"Pas 1.0 emang kurang, tapi 2.0 banyak perubahan jadi gak nyesel comeback",Wuthering Waves,Positif
Risfi Rahman,5,2025-12-12 16:19:18,game awards terbaik,Wuthering Waves,Positif
Sendy Catur,5,2025-12-12 15:47:53,"yes wuthering waves menang voice nominasi game awarse 2025. secara gameplay bakalan tambah bagus bakalan di region baru, tapi aku punya saran dan permononan kuro tolong dong sedikit pertimangi mbuat player mobil biar kedepanya bisa mainin ini game sepaya tetep stabil. biyar enggak berat-berat amat contohnya sediain hapus story qoell lama yang udah klier udah usai, memori ram biar enggak penuh. main di hp android biar enggak berat dan aku ucapin selamat buat kuro semoga jadi game sukses terus..",Wuthering Waves,Positif
NICHOLAS VALENTINO,5,2025-12-12 15:39:12,gem baik,Wuthering Waves,Positif
Radi Radiansyah,5,2025-12-12 14:46:12,sangat bagus,Wuthering Waves,Positif
Sandika P,5,2025-12-12 14:24:17,sehat sehat game baik,Wuthering Waves,Positif
Ilham Maulana Yusuf,5,2025-12-12 13:38:52,bagus rekomen,Wuthering Waves,Positif
MCBI128,5,2025-12-12 13:31:22,makasih kurooo,Wuthering Waves,Positif
Proyek Pribadi,3,2025-12-12 13:08:35,game nya bagus sayang G suport subtitle Indonesia,Wuthering Waves,Negatif
RIO Nicolas,5,2025-12-12 12:11:59,"semua nya bagus, tapi lebihh optimalin lagi yaaa",Wuthering Waves,Positif
Abel Akbar,5,2025-12-12 11:53:14,keren bro grafiknya,Wuthering Waves,Positif
HENGKER TZY,5,2025-12-12 11:34:42,tolong untuk alur cerita di buat agak banyak terus tambahin scene dan romance dikit gpp lah,Wuthering Waves,Positif
20. Moch. Majid D,5,2025-12-12 11:21:38,mantap,Wuthering Waves,Positif
Naufal H,5,2025-12-12 10:21:14,bagus game nya,Wuthering Waves,Positif
PSPD_Dafi Fawaz Dzakiamir Fachrudin,5,2025-12-12 07:10:39,"Saya ga bisa banyak komen di game ini, umurnya masih 1 tahun dan masih bisa banget berkembang. bahkan melebihi ekspetasi para playernya sendiri. perlu ditingkatkan lagi fitur co-op nya, terlalu terbatas dan sedikit yang bisa dilakukan ketika co-op.",Wuthering Waves,Negatif
seicchi - god,5,2025-12-12 05:51:49,Tolong Kuro Karakter Laki Lakinya Di Tambah Biar Balance,Wuthering Waves,Negatif
Isawa Shizue Shizuee,5,2025-12-12 04:47:31,👍👍👍,Wuthering Waves,Positif
Asepp No Limit,5,2025-12-12 04:18:05,Frame rate gacha semoga lebih mudah,Wuthering Waves,Positif
Herry v,1,2025-12-12 03:53:41,weh sistem gacanya selang seling dapet B5 rate off .terus dapet lagi ree off lagi apa lah deflover. mau ngejar s1 aja susah.,Wuthering Waves,Negatif
Akane Punyaku,5,2025-12-11 21:42:16,tidak sepelit genshin,Wuthering Waves,Positif
Bintang Bk,5,2025-12-11 19:12:33,Dev baik,Wuthering Waves,Positif
BABATAN TOMBOW,4,2025-12-11 18:03:54,sangat cocok untuk f2p,Wuthering Waves,Positif
Ilham al Hafidz,5,2025-12-11 17:30:18,🥰🥰,Wuthering Waves,Positif
Guntur Adi Pratama Guntur,5,2025-12-11 17:27:19,grafik bagus dan alur cerita nya seru,Wuthering Waves,Positif
Korup Si,1,2025-12-11 16:26:51,"Hadeh game pembuat frustasi dan tidak ada bahasa Indonesianya, tolong ditambahkan fitur bahasa",Wuthering Waves,Negatif
Muhammad Azim,5,2025-12-11 15:05:15,"untuk ni game, dari grafik, dan Beatle ok banget gak kaku, tapi hanya saja untuk char nya kebanyakan cewek, tambahin lah kuro char cowok nya. dan juga story nya terlalu monoton my kisah semua. PR nya hanya di story nya. kebanyak cewek semua",Wuthering Waves,Negatif
Hp Bagus,5,2025-12-11 14:04:33,keren,Wuthering Waves,Negatif
HandIxxa,5,2025-12-11 13:43:57,"update 1.3 pengoptimalannya semakin bagus untuk android juga semakin optimal tapi untuk yang masih ngeluh drop, lag, coba pake cooler atau cek device kalian deh",Wuthering Waves,Negatif
Tri Aji Wijanarko,5,2025-12-11 12:38:24,jaringannya di perbaiki lagi biar stabil,Wuthering Waves,Negatif
Azsyifa Restiana,5,2025-12-11 12:01:27,game nya bagus grafiknya juga memuaskan dan untuk karakternya juga beragam pokoknya bagusss polll deh,Wuthering Waves,Negatif
Vayr,5,2025-12-11 11:03:04,mantapp,Wuthering Waves,Negatif
Rizki Subagja,5,2025-12-11 10:28:02,Ta masuk akal udh di kasih prolova di kasih janda 🥰,Wuthering Waves,Negatif
sandy,5,2025-12-11 08:58:35,bagus,Wuthering Waves,Negatif
Haikal Amii,5,2025-12-11 08:16:38,"tambahkan 20 level lagi untuk musuh dan boss nya, untuk union level 80 musuhnya terlalu mudah",Wuthering Waves,Negatif
Algifari Abadi,1,2025-12-11 07:55:06,sistem echo sampah,Wuthering Waves,Negatif
Dika Dwi,5,2025-12-11 06:21:50,Game baik,Wuthering Waves,Negatif
Rafly Febriansyah,5,2025-12-11 06:08:13,Hidup KuroGame😹,Wuthering Waves,Negatif
Andre bagas Saputra,1,2025-12-11 05:08:12,Game kikir dontol 20k astrite gak dapat,Wuthering Waves,Negatif
darren stanley,1,2025-12-11 04:34:12,dptkan astrite susah kali cok wthh,Wuthering Waves,Negatif
Tempe Mendoan,5,2025-12-11 03:49:55,"Game paling oke sejauh ini, developer sering kasih bansos, f2p pun masih bisa namatin ini game",Wuthering Waves,Negatif
Devano Puji,5,2025-12-11 03:16:10,kerennn woyyy,Wuthering Waves,Negatif
Bamz Harz,5,2025-12-11 02:54:45,mantap,Wuthering Waves,Negatif
Felix Detmet C1,5,2025-12-11 02:35:00,gim baik,Wuthering Waves,Positif
ZIO ??,5,2025-12-10 23:56:31,gem seru saya suka sama ini gem,Wuthering Waves,Positif
Muhammad Rifki,5,2025-12-10 22:17:34,Bisamah lebih lebih di optimalkan panasnya,Wuthering Waves,Negatif
Rizki Wijaya,4,2025-12-10 14:30:11,game nya bagus cuma sayang gak ada bahasa indo nya kalau ada pasti banyak yang suka,Wuthering Waves,Negatif
Nadia Fitri,5,2025-12-10 11:20:07,keren,Wuthering Waves,Positif
Rahmat Bagus,5,2025-12-10 10:58:33,"gamenya bagus, perbanyak lagi char ceweknya, aku mau jadi lord karbiter😎",Wuthering Waves,Positif
Jayszeelarsh 233,5,2025-12-10 08:55:22,"pengalaman bermain sudah lebih baik, cukup memuaskan",Wuthering Waves,Positif
Muhamad Zaenal Afif,5,2025-12-10 08:53:44,baru 10 kali pull di kasih 5 star hoki jirrr,Wuthering Waves,Positif
Estomihi Manurung,5,2025-12-10 07:02:21,saya suka dengan grafiknya,Wuthering Waves,Positif
Klein Khaslana,5,2025-12-10 04:34:03,GAME BAGUS,Wuthering Waves,Positif
Nydiva,4,2025-12-10 03:05:30,rada kikir,Wuthering Waves,Negatif
Akmal Arriza,5,2025-12-10 00:04:55,"nice, bagus semua dari segi grafis, story, gameplay, character..",Wuthering Waves,Positif
Yoo Jihwan,4,2025-12-09 22:49:11,gamenya udah bagus keburu berat malah lebih ringan genshin,Wuthering Waves,Negatif
Dhila,5,2025-12-09 20:00:00,"BAGUS BGTT, gamee ini bener bener beda samaa game RPG lain yang pernah aku mainin fyi aku awalnya main ini karna fomo, tapii setelah tau va jp nya M! rover itu Masuda toshiki jadii aku mainin sampe hampir endgame- dann banyakk va jp terkenal lainnya, kaya ono yuki, hanae Natsuki dll nyaa. pokoknya aku suka banget juga gachanya engga ampas, cocok buat aku yang suka game gacha hehe, tapii tolong perbanyak character cowo yang bisaa digachaa dong~ soalnya chara cowo nya bener bener bisa diitung jari",Wuthering Waves,Positif
Chiyo,5,2025-12-09 17:06:09,gg bang game nya☕🗿,Wuthering Waves,Positif
Blood of the conqueror,5,2025-12-09 15:51:04,minusnya di optimalisasi game nya kayak masalah jaringan dll kalau untuk in game kayak story gaca dll good dev juga sering banget bagi bagi bansos,Wuthering Waves,Positif
Asriyanto Rizky,1,2025-12-09 15:40:02,"lagi main crash 2 kali semenjak update, device saya iqoo 13 jadi harusnya aman device, Kecewa banget sumpah padahal dari awal release gak pernah crash, mulai jadi game sampah!!!",Wuthering Waves,Negatif
s revan,1,2025-12-09 13:41:41,game tolol gua kaga bisa masuk malah keluar keluar sendiri,Wuthering Waves,Negatif
Jefferson Crisde,5,2025-12-09 13:38:16,"gamenya udh bagus, cuman tambahin bahasa indonesia nya",Wuthering Waves,Positif
Muammar Alfurqan,5,2025-12-09 12:47:35,"game nya sangat bagus,tapi mohon kasih bahasa indonesianya",Wuthering Waves,Positif
Ady GAMING,4,2025-12-09 12:04:40,Game nya bagus grafik nya jugak oke Tapi knp pas mau login di game nya download data 200mb terus pas login game nya apa emang kayak gituh kah gituh aja mksh. tolong di tambahin bahasa Indonesia dong,Wuthering Waves,Negatif
Yil Yula,5,2025-12-09 06:05:48,menyenangkan,Wuthering Waves,Positif
Fitzyt,5,2025-12-09 04:56:23,BAIK BANGET NI GAME,Wuthering Waves,Positif
Arya Ardiansyah D.S,5,2025-12-09 03:33:28,"Kuro dev baik, dapet my bini Chisa + Signature nyaa",Wuthering Waves,Positif
Akashi Seijuro,4,2025-12-09 02:24:02,akhir-akhir ini saya main kan gamenya sering force close,Wuthering Waves,Negatif
Zhoo,2,2025-12-09 02:04:29,saya baru pertama kali mendownload nya tapi pas saya baru buka aplikasi ini saya kira bahasa Indonesia eh ternyata bahasa lain mana nggak bisa di atur lagi bahasa nya saya mencoba memainkan kan namun yg ada hanya layar gambar nya saja dan tidak bisa main kan padahal saya ingin sekali mencoba memainkan nya karna saya penasaran namun sayangnya tidak bisa masuk..apa mungkin harus di tunggu dulu buat download data nya.?tolong jawab🙏 nanti kalau bagus saya bakal balik lagi kesini buat kasih bintang,Wuthering Waves,Negatif
Muhammad Nur Efendy,2,2025-12-09 00:39:44,"kenapa akhir-akhir ini wuwa agak susah ya buat masuk ke game nya, mau dowload data nggak bisa udah berkali kali pencet continue, ini wuwa pertama kali rilis nggak kayak gini dulu, dulu gampang buat masuk gamenya, gw mah bodo amat pity jelek, yg penting bisa main lagi itu aja, untuk kali ini bintang 2 duls kalo udah di perbaiki ane kasih 5 👍",Wuthering Waves,Negatif
M Andra F F,5,2025-12-08 15:16:36,mantap game baik,Wuthering Waves,Positif
HAKKA Adzimah,5,2025-12-08 15:06:50,bagus banget min sumpah bisa kali kasi saya char b5,Wuthering Waves,Positif
Wave Games,5,2025-12-08 14:14:54,THANKS KURO♪ (〃∇〃),Wuthering Waves,Positif
MELANCOLIS,5,2025-12-08 14:14:10,sering FC mau d setting grafik mid bah kn low,Wuthering Waves,Negatif
Iqbal Ramadhan,4,2025-12-08 13:55:16,"tolonggg!! masukan bahasa indonesia ke dalam game ini, game ini sangat seru untuk di mainkan. tapi tolong add indonesia language",Wuthering Waves,Negatif
Mamang Alfian,5,2025-12-08 13:50:41,"game ini sangat bagus sekali, dari grafiknya yang bikin hp kalian cepat panas, paling masukan aja dari saya untuk kuro yaitu kurangin size wuwa atau ada fitur hapus data story di hp biar tidak berat"" amat. udah itu aja sih dari saya",Wuthering Waves,Positif
Kevin Saputra,5,2025-12-08 12:59:11,game yg bagus dan menarik,Wuthering Waves,Positif
Ryux Shina,5,2025-12-08 12:35:27,mantap min cuman semoga update selanjutnya ada tambahan bahasa Indonesia ya min sejauh ini sih bagus bgt,Wuthering Waves,Positif
Fuukinoru Ken,1,2025-12-08 10:50:11,game ribet mau ganti email aja banyak persyaratan nya ga lagi lagi main game dari developer ini cuihhh,Wuthering Waves,Negatif
Xian Yi,4,2025-12-08 08:58:34,"gak ada bahasa Indonesia males main, aku hapus",Wuthering Waves,Negatif
Melati Tulip,5,2025-12-08 08:47:28,game yang bagus sekali cocok untuk semua kalangan,Wuthering Waves,Positif
STOCKHOLM,5,2025-12-08 07:22:55,tolong aktif kan frame gen untuk snapdragon 8s gen 3,Wuthering Waves,Negatif
Amin Udin,5,2025-12-08 06:28:42,tambah bahasa Indonesia nya,Wuthering Waves,Negatif
Hendri,5,2025-12-08 02:23:02,tolong berikan bahasa Indonesia,Wuthering Waves,Negatif
Big Brother,4,2025-12-07 20:21:14,"gamenya bagus,tapi di hp gw kok force close jam 3.00 pagi ya? mohon di perbaiki",Wuthering Waves,Negatif
Abdullah Faries,1,2025-12-07 16:36:16,"saya adalah player sejak BETA, sudah lama main sampai saat ini tapi semakin lama setelah bermain quest Augusta, saya sangat miris dengan cara kuro menyajikan cerita self insert nya, saya pikir ini adalah game dengan potensi AAA+ namun malah di rusak dengan cerita yg flat dan dipenuhi fans servis, mungkin saya rasa mc terbaik tetap caelus dari HSR kalau segi cerita yang menarik dan tidak monoton",Wuthering Waves,Negatif
Theofilus 22,5,2025-12-07 13:18:49,game sama ceritanya seru,Wuthering Waves,Positif
Slamet Mashur,5,2025-12-07 10:49:17,sudah malas gacha gak dapet²,Wuthering Waves,Negatif
vazar aja,5,2025-12-07 09:26:13,game terseru yang pernah aku mainkan bikin betah juga alur cerita nya apalagi tokoh nya bikin betah,Wuthering Waves,Positif
UZU,5,2025-12-07 08:42:30,balasan karna sering kasih gw low pity,Wuthering Waves,Positif
Mus Sirx77,5,2025-12-07 05:57:23,"Dari gameplay udah bagus , story dan CG nya juga udah mantap. Cuma masih sering banget framedrop nya . Dan berharap kedepannya bisa di tambahin subtitle bahasa Indonesia (soalnya player Indonesia banyak ini)",Wuthering Waves,Positif
Sahlan,5,2025-12-07 04:18:19,gelooooo bagus kali alur nya fight nya behhhh.....hp aj yg ngedukung🥲🥲,Wuthering Waves,Positif
Henny Adhari,5,2025-12-07 03:38:37,keren,Wuthering Waves,Positif
Ariel permana Putra,5,2025-12-07 01:40:48,terbaik,Wuthering Waves,Positif
8D 08 Fakhri Arya Bimantara,5,2025-12-07 00:31:23,selalu tambahkan optimasi setiap update,Wuthering Waves,Negatif
Pengguna Google,5,2025-12-07 00:05:30,"untuk kuro games,game ini sudah bagus dari segi grafik,story,adventure,gacha tapi saran saya gini...pada next update di harapkan untuk lebih mengoptimalkan UE4 karena hp saya sudah kurang kuat🙏🥲",Wuthering Waves,Negatif
Maria Adawia,5,2025-12-06 18:58:02,keren,Wuthering Waves,Positif
Fauzi Tolani,5,2025-12-06 18:35:11,game terbaik,Wuthering Waves,Positif
Agung Fadillah,4,2025-12-06 16:26:26,Hard pity Mulu anjir!,Wuthering Waves,Negatif
Dimas Prayoga,5,2025-12-06 16:25:14,keren,Wuthering Waves,Positif
Aulia Izana182,5,2025-12-06 16:04:23,game nya sangat Bagus sekali dan ketika saya main juga lumayan lancar,Wuthering Waves,Positif
Ahmad Bintang A,5,2025-12-06 15:59:54,10 kali gacha langsung dapet. mantap banget,Wuthering Waves,Positif
Cahyo PrasGun,5,2025-12-06 15:20:09,kasih Bahasa Indonesia,Wuthering Waves,Negatif
Galang Raditya,3,2025-12-06 15:12:10,akun saya tiba tiba kembali lagi ketutorial awal padahal akun saya sudah union level 27,Wuthering Waves,Negatif
Rosi Rosi,5,2025-12-06 15:09:50,game santai seru full my kisah,Wuthering Waves,Positif
Jaen Jaenudin,1,2025-12-06 14:57:40,tambahin bahasa Indonesia lah oi,Wuthering Waves,Negatif
DenD,5,2025-12-06 14:50:17,"bagus game nya secara mekanik dan graphic sudah sangat bagus (tapi kapan ada bahasa indonesia woi Kuroo!!!, tak bisa bahasa inggres)",Wuthering Waves,Positif
Nukar Uyah,5,2025-12-06 12:56:37,keren,Wuthering Waves,Positif
Lita iramawati,5,2025-12-06 12:25:45,"bukan wuthering waves ini mah, tapi gathering wife 🥰",Wuthering Waves,Positif
Fito Pratama,1,2025-12-06 11:58:37,gacha ampas player baru tersiksa,Wuthering Waves,Negatif
Maple RK,5,2025-12-06 11:41:11,Ohhh wuwa.... kenapa kamu berat sekali untuk aku mainkan😭 akun aku jadi sia sia karena gamenya makin berat🥲 berikan aku kesempatan untuk memainkannya lagi wahai kurogame😂,Wuthering Waves,Negatif
Beny Saja,5,2025-12-06 11:27:54,makasih game baik,Wuthering Waves,Positif
susilo habibi,5,2025-12-06 11:06:33,bagus,Wuthering Waves,Positif
FAJAR FAJAR,4,2025-12-06 09:32:03,bagus,Wuthering Waves,Positif
Akun Buyer,5,2025-12-06 09:16:26,gacor game gam kikir,Wuthering Waves,Negatif
scarfang,5,2025-12-06 05:48:03,mantap akun saya hoki trus,Wuthering Waves,Positif
Ahmad,5,2025-12-06 05:08:31,mantappp jir,Wuthering Waves,Positif
Zoro Von Earlsheids,5,2025-12-06 05:01:43,Game RPG terbaik sih ini dimobile asli the best lah pokoknya Wuthering Waves,Wuthering Waves,Positif
Farrel Rajendra,5,2025-12-06 04:35:16,"keren, tapi pensi dulu gara2 kendala hp kentang",Wuthering Waves,Negatif
MT1.29. Farel Prakoso,5,2025-12-06 00:40:27,"game secara cerita, combat, event sudah bagus di atas rata rata, mungkin sistem yang aku saran kan jaminan rate on/sistem gacha yang lebih dipermudah untuk limit karakter, karna tidak menutup kemungkinan player bakal kalah rate off berturut-turut. kemudian dan tingkat kan kapasitas penyimpanan waveplate cadangan nya, karena ga semua player bisa main secara terus menerus",Wuthering Waves,Negatif
Bernkastel,5,2025-12-05 23:48:08,"Game ini sangat seru, aku benar2 enjoy memainkan game ini, keep it up Kuro games!",Wuthering Waves,Positif
B Lingga,5,2025-12-05 17:52:29,"Game dengan karakter dan grafik yang cakep. skill tiap karakter yang unik dan gameplay-nya yang beda2 makin membuat combat di game ini makin menarik. ditambah ada mekanik parry, dodge, dan counter. Belum lagi soal story. Keliatan jelas peningkatan kualitasnya. mantap memang Kurogames",Wuthering Waves,Positif
Akhmad Rizal Kamil,5,2025-12-05 15:40:03,aku hoki,Wuthering Waves,Positif
Dhuss alwi,5,2025-12-05 14:20:40,free game spek AAA inimah😭,Wuthering Waves,Positif
Askar Jaeger,4,2025-12-05 13:40:49,"sangad bagus, cuma update kemarin kok suara Hero di Saya hilang ya??, animasi suara waktu basik attack atau ulti nggak ada, tolong diperbaiki",Wuthering Waves,Negatif
Yoruka Kirihime,1,2025-12-05 10:27:47,game sampah dr awal main sampe sekarang gk pernah menang rate off udh gitu hard pity,Wuthering Waves,Negatif
Damar Panuluh,5,2025-12-05 07:32:11,"?/?/2024 : UNTUK GRAFIK SUDAH SANGAT SANGAT HD 🔥🔥🔥 || 5/12/2025 : Sudah satu tahun lebih saya memainkan game ini. Namun, saya masih berharap agar Kuro Games menambahkan Bahasa Indonesia agar para player dari Indonesia bisa lebih memahami alur dan pembicaraan dalam game.",Wuthering Waves,Negatif
•Shiraishi Desuka,5,2025-12-05 04:24:21,game terbaik,Wuthering Waves,Positif
Almira aulia Syifa,4,2025-12-05 04:02:57,mana optimalisasi apus stori biar tak numpuk,Wuthering Waves,Negatif
Ocha Salud Adianto (オチャです),5,2025-12-05 03:21:27,"grafiknya bagus! main selalu pake cooler biar fpsnya stabil digrafik ratakanan, sekedar saran tolong tambahkan subtitle bahasa Indonesia. kdang klo lgi main suka males buat mikir terjemahannya😅",Wuthering Waves,Positif
Yandak Tw,2,2025-12-05 00:32:45,udahmah rate off high pity lagi dev ireng dev ireng,Wuthering Waves,Negatif
REZKY LEMBAH,5,2025-12-05 00:24:26,"gamenya bagus cuma hp gw aja yg g mendukung. udah main dari pertama rilis sampe sekarang, mungkin update kedepan hp udh g mendukung. semoga ada pengoptimalan yg bagus👐",Wuthering Waves,Negatif
夜刀神十香,5,2025-12-04 22:44:23,"sempurna, ide nya selalu di luar ekspetasi, tinggal bagaimana mereka menghadapi bug yang melanda ini...",Wuthering Waves,Positif
Fadhli Rizqi,4,2025-12-04 19:19:57,tolong tambah kan optimalisasi file agar bisa menghapus file yang sudah tidak di perlukan soalnya ini game sudah tembus 40 gb buat mobile 🙏🙏🙏🙏,Wuthering Waves,Negatif
Glenツ,5,2025-12-04 18:43:35,"absolute cinema masterpiece gak nyesel download, ramah f2 p, grafik sangat memuaskan. 💘💘❤‍🩹❤‍🩹💯💯💯💯👅👅👅",Wuthering Waves,Positif
Ariief,5,2025-12-04 16:51:37,Semua nya bagus dari grafik combat dan semuanya mines cmn 1 gk ada subtitle Indonesia susah untuk menikmati alur ceritanya,Wuthering Waves,Negatif
Rakha IM,5,2025-12-04 16:39:15,gamenya sudah berkembang dari awal saya main. walaupun sempat rehat tapi ketika kembali bermain lagi sudah banyak hal yang dioptimalkan. semoga fps di mobile bisa diperhalus agar dapat memainkan gamenya dengan fps tinggi.,Wuthering Waves,Negatif
Sid De Vann's,5,2025-12-04 16:34:34,"overall udah bagus banget, saran tambahin emote waktu chatan sama temen biar lebih ekspresif aja",Wuthering Waves,Positif
Raditya Yudistira,5,2025-12-04 15:47:10,makasih buat kuro games udah buat game sebagus ini,Wuthering Waves,Positif
Muafra Gamers,5,2025-12-04 15:14:26,"Game nya cukup bagus overall, grafik dan design character nya bagus, dari segi music pendalaman karakter sangat memuaskan",Wuthering Waves,Positif
Putu Serli,5,2025-12-04 14:56:23,"Dari awal main sampai skrg pun tetep konsisten, Terimakasih Kuro Games ❤️❤️❤️ tetep improve dan upgrade game nya setiap update ya dan tetap konsisten mendengarkan keluhan player",Wuthering Waves,Positif
Nata rasengiyanto,5,2025-12-04 14:45:13,"crazy update,bisa pake vulkan coyy👍👍",Wuthering Waves,Positif
Yue Chan,5,2025-12-04 14:40:22,"Keren, Tolong tambahin bahasa Indonesia, Buat saya yang kurang bisa berbahasa Inggris:)",Wuthering Waves,Negatif
Mirza Yoewono,5,2025-12-04 14:29:34,next bisa lebih ringan,Wuthering Waves,Positif
Ibrahim hamid,5,2025-12-04 14:26:00,mantap,Wuthering Waves,Positif
Dante S,5,2025-12-04 14:14:41,Srkarang frame nya dah normal.....gak force close lagi dan suhu kembali normal,Wuthering Waves,Positif
Idea zech,3,2025-12-04 13:41:21,plis ada bahasa Indonesia🇮🇩🇮🇩🇮🇩🇮🇩,Wuthering Waves,Negatif
zahra humairo,5,2025-12-04 13:36:56,Tolong tambahkan bahasa Indonesia,Wuthering Waves,Negatif
Tom Cjpng,5,2025-12-04 13:30:51,"game nya bagus sangat bagus, teruskan dan banyak kan astrite nya biar gak bosen bosen maen game wuthering waves nya, dan kasih bahasa Indonesia biar paham jalan ceritanya,sekian dari saya",Wuthering Waves,Positif
Jamal udin,5,2025-12-04 13:17:49,ok,Wuthering Waves,Positif
ken taro 02,5,2025-12-04 13:04:39,"Tolong tambahkan bahasa Indonesia, karena pemain mayorotitas di Indonesia juga banyak",Wuthering Waves,Negatif
Iyan,5,2025-12-04 12:47:51,"tolong untuk grafis rendah itu animasi rumput nya bisa di matiin biar makin lancar atau sekalian aja rumput nya di hapus di grafis rendah, soalnya aku gak butuh grafis bagus karena masih pake HP low end jadi untuk update kedepannya tolong optimalkan grafisnya.",Wuthering Waves,Negatif
Lily Flore (Lily),5,2025-12-04 12:41:38,Gamenya sangat canciii dan saya suka muehehe,Wuthering Waves,Positif
Ahmad Iqbal,3,2025-12-04 12:15:18,"Absolute cinema, gw terkagum-kagum liat grafis dan buildingnya benar-benar wah bgt. Ceritanya gak terlalu gw notis, tapi fighting scenenya KEREN bgt njir gk salah gw main ni game edited: ceritanya mid njir, apa coba romance bait mulu",Wuthering Waves,Positif
ANTONIUS MB,5,2025-12-04 12:05:25,game bagus ngalahin game sebelah 😎🤟,Wuthering Waves,Positif
Indra,5,2025-12-04 10:26:10,sehat² game baik,Wuthering Waves,Positif
Light,5,2025-12-04 08:31:13,baguss bet,Wuthering Waves,Positif
Lineage Mobile,5,2025-12-04 08:29:19,langsung dapet b5 maksih bang,Wuthering Waves,Positif
Ihsan_ Kamal,5,2025-12-04 00:48:30,"Mohon Tolong untuk developer agar mempermudah gacha, untuk player gratisan/miskin. itu saja yang aku harapkan, Soalnya aku setiap nge-gacha pasti dapet zonk/nihil😭🙏",Wuthering Waves,Negatif
Agus Wijaya,5,2025-12-04 00:45:57,bagus,Wuthering Waves,Positif
fajar junior,4,2025-12-03 23:37:22,"saya kasih 4 ⭐ lah Dev, game nya bagus, cuma kendala nya bahasa nya, gak semua orang ngerti bahasa Inggris, kalo udah ada bahasa Indonesia saya kasih 5 ⭐ deh 👌",Wuthering Waves,Negatif
Andreas Jonathan,5,2025-12-03 21:41:27,Best Game RPG tidak kikir dan story nya mantap,Wuthering Waves,Positif
DMY YT,5,2025-12-03 17:46:15,"terimakasih, developernya sangat baik",Wuthering Waves,Positif
Marcello Emanuel,5,2025-12-03 17:15:03,mantap banget lek,Wuthering Waves,Positif
Ditt Frizz,2,2025-12-03 16:24:34,bug force close device Infinix GT 30 pro mohon diperbaiki,Wuthering Waves,Negatif
Abay Ali,5,2025-12-03 12:48:51,mantap,Wuthering Waves,Positif
derly,5,2025-12-03 10:29:48,makin berat woilah,Wuthering Waves,Negatif
Morax,5,2025-12-03 10:10:13,lu baik gacha nya,Wuthering Waves,Positif
Kamael Exwp,5,2025-12-03 08:15:22,gachaku wangi,Wuthering Waves,Positif
Alfin Kurrahman,5,2025-12-03 06:56:08,"game nya bagus, tapi kurang fitur, yaitu fitur hapus data story, yg udah lama di selesai kan cuma itu sih semoga gams terus berkembang dan nurutin kemauan player lain",Wuthering Waves,Negatif
David Satria,5,2025-12-03 06:22:15,bagus ini tetapi grafis kurang high tinggi kedua kurang bahasa indonesia belum baru.mohon buat .,Wuthering Waves,Negatif
Has Bi,5,2025-12-03 04:12:39,kalian perbedaan sama gi sama wuwa jelas banget lah kalau gi udah duluan dari pada wuwa terus gi itu lebih ringan dari pada wuwa plis jangan perbandingan sama gi komentar ya asli udah muak full size ya 40gb an kalau dah hapus data lama jadi 29gb an,Wuthering Waves,Positif
Changli Lord,5,2025-12-03 02:24:07,bagus,Wuthering Waves,Positif
Mas_ren,5,2025-12-03 02:19:27,plis kasihh bahasa lain,Wuthering Waves,Negatif
Fahriln137 Fahrilk317,5,2025-12-02 23:51:15,memberi like 👍,Wuthering Waves,Positif
Ashenn,5,2025-12-02 22:03:46,wajib donlot,Wuthering Waves,Positif
Muhammad Arafat,5,2025-12-02 20:23:01,bagus bg kuro lain kali sering² kasi yak,Wuthering Waves,Positif
Kamu Nanya,1,2025-12-02 20:03:29,stress jirs baru login suruh download 34 gb🤘🗿🥶🤚,Wuthering Waves,Negatif
Awangga Koswara,5,2025-12-02 17:59:43,"Saya sangat suka game ini, memiliki story yang bagus dan semua character keren-keren. Tapi memiliki 1 kekurangan yaitu tidak adanya bahasa Indonesia, saya harap kedepannya di adakan bahasa Indonesia pada game wuthering waves.",Wuthering Waves,Negatif
Na Dina,5,2025-12-02 17:01:01,mantap,Wuthering Waves,Positif
Arise,5,2025-12-02 13:50:52,"oke secara gameplay dan grafik bagus semuanya, tapi kenapa akun saya yang lama hilang??? saya coba login kembali dengan akun yang sama tapi semua data lama sudah hilang.",Wuthering Waves,Negatif
Aditiya Firmansyah,1,2025-12-02 13:08:43,gede amat ni size nya di Hp,Wuthering Waves,Negatif
Surya Damar Lintang,5,2025-12-02 12:41:20,asik lebih asik dari game sebelah,Wuthering Waves,Positif
M. Adifro Yurfadho,5,2025-12-02 09:17:06,2 kata Sangat bagus 👍👍,Wuthering Waves,Positif
Fatah Njay,5,2025-12-02 08:47:06,"ceritanya mantap abiezzz, dan juga fanservice nya🤭😋",Wuthering Waves,Positif
Habib Alfaroqi Ikhsan Ridwan,3,2025-12-02 08:44:32,size gamenya terlalu besar buat HP sy kalo bisa di optimalkan lagi dari segi size sama performance Kalo dari experience bermain game ini absolute cinema,Wuthering Waves,Negatif
Cosans,5,2025-12-02 07:12:05,Makasih game baik,Wuthering Waves,Positif
mrgokzz gt,1,2025-12-02 06:35:28,iklan mulu pler,Wuthering Waves,Negatif
Dimas R Pratomo,4,2025-12-02 06:00:08,masih bener bener pemula,Wuthering Waves,Positif
Lmt limit,5,2025-12-02 05:05:32,ayo kita coba!! dan bagus!!,Wuthering Waves,Positif
Fardi 123,1,2025-12-02 04:46:13,pas mau download data dalem malah stuck gabisa pencet continue tolong di perbaiki,Wuthering Waves,Negatif
[Dark Fire] Official,5,2025-12-01 20:27:35,GAME BAIK! SOFT PITY DI BANNER SENJATA! DAN MENANG RATE OFF CHISA!,Wuthering Waves,Positif
Luis Arung,5,2025-12-01 16:52:02,"gameplay nya bagus , tidak kikir seperti sebelah.",Wuthering Waves,Positif
Ariq Pratama,5,2025-12-01 15:36:11,"Kurang lebih gameplay bagus,cuma butuh pengoptimalan aja.Keep Enjoying this game everyone",Wuthering Waves,Positif
muhammad hasbi salamah 7_29,5,2025-12-01 12:57:05,keren,Wuthering Waves,Positif
Wirat Maje,5,2025-12-01 12:52:20,game bagus mudahan dapat character banyak,Wuthering Waves,Positif
Sw Sh hehe,5,2025-12-01 11:01:52,gamenya bagus dari cerita dan gameplay,Wuthering Waves,Positif
Baihaqi,5,2025-12-01 07:45:05,baru main langsung dapat char b5 baru,Wuthering Waves,Positif
fahrul rozi,5,2025-12-01 02:50:00,ayo dong kuro tambahkan bahasa Indonesia 🙏,Wuthering Waves,Negatif
Khazari Shouri,5,2025-12-01 01:03:57,admin baik tiap minggu kasih 10x gacha gratis,Wuthering Waves,Positif
Pande Juliantara,5,2025-11-30 23:05:35,Game mantap tidak kikir kek sebelah🫶🥰,Wuthering Waves,Positif
Ajisaputra Kurnia,3,2025-11-30 17:55:14,minimal ada bahasa indo lah pening gua nerjemahin nya klo maen lama,Wuthering Waves,Negatif
FLIPPY •1234,5,2025-11-30 15:35:01,tolong di kasih subtitle bahasa indonesia biar mudah di pahami sama kasian yg gak bisa bahasa Inggris mau main nya susah tolong di respon ulasan saya,Wuthering Waves,Negatif
Nebula Origin,5,2025-11-30 15:25:26,Pensi jir,Wuthering Waves,Negatif
Isyou Seaa,5,2025-11-30 12:16:01,game nya overall keren banget segi ceritanya and skill effect nyaa keren BGTT asli,Wuthering Waves,Positif
Gean Pradito,1,2025-11-30 11:38:46,udah mulai kikir,Wuthering Waves,Negatif
Rian Corleone,5,2025-11-30 10:01:09,pas awal awal main gamenya berat bet tapi pas kelamaan lumayan nurun beratnya,Wuthering Waves,Positif
Wi Jay,2,2025-11-30 09:44:16,"sangat susah mencari suply, gacha juga sulit banget, sebagai player gratisan kecewa berat saya",Wuthering Waves,Negatif
Hadri Ansyah,1,2025-11-30 09:17:18,update ya makin gede aj sekarang aj udh 34 koma... lbih Gb gila benar ...udah stuck game nggk mau download,Wuthering Waves,Negatif
Anggi 10969,1,2025-11-30 07:59:09,"Banyak Notifikasi Gk Jelas, Padahal Tidak Membuka Wuthering Waves",Wuthering Waves,Negatif
Rusmen Maragen,1,2025-11-30 07:10:29,"musuhnya masuk kedalam tanah, gimana cara mau kawannya, tolong perbaiki",Wuthering Waves,Negatif
ROYAN,5,2025-11-30 05:15:16,game yang sangat bagus rekomen buat yg ga ada kegiatan main ni game aja☕🗿,Wuthering Waves,Positif
Lobang Puki,5,2025-11-30 03:36:52,susuai perkiraan tapi tambah lah mas kuro senyum nya,Wuthering Waves,Positif
Asyu Lahh,5,2025-11-30 03:02:50,aku harap ada subtitel indonesia nya,Wuthering Waves,Negatif
Ziro 03,5,2025-11-29 23:21:51,gg geming,Wuthering Waves,Positif
Dodi ermantan putro Putro,5,2025-11-29 22:37:48,kekurangan nya bahasa indonesia nya gk ada,Wuthering Waves,Negatif
Iqooz9x Ini,1,2025-11-29 20:07:31,game busuk sistemnya,Wuthering Waves,Negatif
Karina,5,2025-11-29 18:48:23,game terbaik,Wuthering Waves,Positif
Randal Aldifah,1,2025-11-29 15:30:49,"Gaca tidak fifti"",",Wuthering Waves,Negatif
Marvell Saja,5,2025-11-29 11:29:16,GAME BAIKKKKKKK,Wuthering Waves,Positif
Nameless,1,2025-11-29 11:12:15,"mohon maaf pihak Kuro, ini gacha di akun gw ngebug apa gimana, gw udah gacha sampe rate off, terus gw gacha lagi sampe 70 kali masih belum dapet karakter bintang 5, gw coba gacha lagi sampe ke 80 kali yg seharusnya dalam status ""rate on"" untuk gacha banner ""Chisa"", tapi malah dikasih karakter bintang 5 basic dan bukan limited ""Chisa"". Tolong dijelaskan Kuro, ini gacha nya ngebug apa gimana, apakah sistem rate on rate off nya dihilangkan apa gimana? MOHON PENJELASANNYA!!",Wuthering Waves,Negatif
Cid Kagenou,5,2025-11-29 08:21:33,"Segi grafik, dan story Keren",Wuthering Waves,Positif
Syahrul Hidayat,4,2025-11-29 07:03:27,kalau bisa terjemahan nya ada bahasa Indonesia nya GK sih soalnya aku udh jauh ikutin alur cerita nya TPI GK ada bahasa Indonesia nya jadi kebanyakan skip alur nya,Wuthering Waves,Negatif
Eupho мαʝoυ,5,2025-11-29 02:14:13,"sangat menarik, sangat seru, sempurna",Wuthering Waves,Positif
RIZAL ANDI PUTRA,5,2025-11-29 01:30:12,fitur bahasa Indonesia di versi android belum ada,Wuthering Waves,Negatif
Foxyx Ez,5,2025-11-28 11:06:32,"di buat lebih berat lagi game nya, ni hp gw belum ngos ngos San😛",Wuthering Waves,Positif
Aan Kiyotaka,5,2025-11-28 10:49:12,"bagus secara menyeluruh, tetapi untuk saya kurang bisa bhs inggris jadi kadang kesusahan saat menjalankan misi, untuk kedepannya bisa berharap ada bahasa indonesia nya",Wuthering Waves,Negatif
Riziq Avansyah,5,2025-11-28 05:11:43,mantap boskuu,Wuthering Waves,Positif
Derry Palevi,1,2025-11-27 23:17:38,Gada bahasa Indonesia nya jadi kalo yang ngak ngerti bahasa Inggris jadi gapaham game nya alur ceritanya quest nya,Wuthering Waves,Negatif
imam syaiful,5,2025-11-27 15:45:49,i love wuwa yg loyal sama playernya 😘,Wuthering Waves,Positif
WhyNotGG,5,2025-11-27 15:28:15,oke,Wuthering Waves,Positif
Mac Gibson,5,2025-11-27 15:27:36,Kuro Ngga kikir,Wuthering Waves,Positif
Rivay Vanny,1,2025-11-27 15:15:51,baru aja mau masuk udh suruh dowload 34GB . gila benar game ini. langsung aja uninstall dsr game bngsattttt,Wuthering Waves,Negatif
Galih Rio,3,2025-11-27 13:48:25,"apasih compling shader mulu hampir tiap hari anjir, udah loding lama coo",Wuthering Waves,Negatif
Fachry Fajar Destian,5,2025-11-27 13:32:38,game baik dapet low pity terus🥰🥰,Wuthering Waves,Positif
Muhammad Riski sumajid,5,2025-11-27 13:18:20,game baik,Wuthering Waves,Positif
Rudolf MaHa,5,2025-11-27 13:07:01,game baik,Wuthering Waves,Positif
Muhammad Ghaza Asyadda,5,2025-11-27 10:20:00,Alhamdulillah chisa lengkap,Wuthering Waves,Positif
Adhi Putraa,5,2025-11-27 08:11:07,tambahkan bahasa Indonesia,Wuthering Waves,Negatif
Septian Tirta,5,2025-11-27 07:47:29,GOKILLL,Wuthering Waves,Positif
Lnz Tersakiti,5,2025-11-27 06:32:09,gacha nya hoki bgt,Wuthering Waves,Positif
Noval Naftar,5,2025-11-27 06:07:20,terimakasih atas b5 nya dapet 3 nih game gacor bet wajib download,Wuthering Waves,Positif
yogi hargiono,5,2025-11-27 06:00:08,mantaaaapppp,Wuthering Waves,Positif
Anonim Cuan5,1,2025-11-27 04:35:30,terlalu besar size game nya,Wuthering Waves,Negatif
Jeremias Siagian,5,2025-11-26 17:20:33,game baik,Wuthering Waves,Positif
surya scarlet,3,2025-11-26 15:33:14,masa bisa force close sendiri,Wuthering Waves,Negatif
Palladin Edmonia,4,2025-11-26 14:13:26,"saya kasih rating bintang 4 dulu karena masalah download. kalau bisa, tolong tambahkan download di latar belakang lagi. masa saya harus menunggu sampai selesai apalagi internet saya lemot. tolong lah tambahin download latar belakang lagi. tapi sisanya aman, cerita bagus, gameplay ga membosankan, dan sebagainya",Wuthering Waves,Negatif
Riadus Solikhin,5,2025-11-26 13:46:59,Joss gandoss,Wuthering Waves,Positif
muhammad Ripki,1,2025-11-26 11:44:07,perbaki sistem updatenya kuro apan suruh update fulgame ulang ke gensin lah pra unduhnya filenya ga di copy semua,Wuthering Waves,Negatif
Valensia Tanera,1,2025-11-26 11:31:44,"banyakin karakter cowo woy, cewe stylenya pasaran/sama kebanyakan. bosann",Wuthering Waves,Negatif
Badal Yk,5,2025-11-26 08:13:59,bgus,Wuthering Waves,Positif
Resky Anggara,5,2025-11-26 08:00:01,gamenya bagus,Wuthering Waves,Positif
Lord K,1,2025-11-26 05:36:53,"Kecewa bangett... udah pelit ngeluarin char cowok, eh tetep aja kalah di banner Qiuyuan. Kedepannya plis lah keluarin lebih banyak char cowoknya lagi, dikira yang main cuma cowo doang",Wuthering Waves,Negatif
Eren Yeager,5,2025-11-26 05:09:41,bagus banget char nya detail dan gameplay menarik,Wuthering Waves,Positif
Naya U,5,2025-11-26 05:08:24,"secara keseluruhan udah bagus (BANGET) apalagi grafiknya dan combat yg wadidaw keren sekali, farming gampang, gacha meskipun bau tp dapet astrite gampang so ia bagus anjay mabar. jujur Dev nya sering dengerin player, mungkin next time adain bahasa Indonesia meskipun bisa bhs Inggris tp ini masih bnyak pakai bahasa kiasan, klasik lama yg kurang dimengerti, Terima kasih kuro.",Wuthering Waves,Positif
wibu emperor,5,2025-11-26 04:54:45,untuk game yang dimainkan ini sebenarnya sudah sangat bagus yah. mungkin dimasa depan yang bisa ditambahkan adalah mengenai bahasa pada game nya. mungkin bahasa Inggris sudah cukup untuk dipahami seluruh player. akan tetapi juga jangan lupa untuk membuat penyesuaian seperti misalnya menambahkan bahasa Indonesia untuk para player Indonesia yang memainkan game ini.,Wuthering Waves,Positif
ชื่อของฉัน nano_,2,2025-11-26 02:33:26,pelit bet char cowok,Wuthering Waves,Negatif
mochammad anwar abdul jabbar,5,2025-11-26 00:18:34,"bagus banget first time main game dengan grafik yang sangat memanjakan mata dan juga gameplay yang ga terlalu sulit,keren abis pokoknya. note : tolong tambahkan bahasa indonesia ke dalam gamenya,soalnya saya ingin menikmati storynya 🫡",Wuthering Waves,Negatif
Hoshino Yozora,5,2025-11-26 00:06:13,baru main lagi dikasih double gold,Wuthering Waves,Positif
Mas Mikail,5,2025-11-25 23:08:38,Teruslah berkembang dan berkarya kurogames semoga sukses kedepannya 🙏,Wuthering Waves,Positif
Aeje Ijee,5,2025-11-25 21:57:14,"game nya seru banget, apalagi kalo bisa grafik rata kanan 🙂😭😭😭👍👍👍 ini kalo bisa ngasih bintang 1000 udah gw kasih 🗿",Wuthering Waves,Positif
Febri,5,2025-11-25 20:44:08,"game ini sangat baik hati , 我爱kuro game",Wuthering Waves,Positif
Ando ra,3,2025-11-25 18:11:06,"Untung gameplay bagus banget,asik dimainin. Kekurangannya mungkin dari segi optimalisasinya masih kurang, mungkin karena ini masih game Baru kali yah. Semoga sih bisa lebih lancar setidaknya di settingan normal",Wuthering Waves,Positif
Rei Sorean,1,2025-11-25 17:53:10,"Gamenya bagus saya sangat menyukainya, namun saya sudah mengumpulkan banyak astrite untuk gacha chisa, sayangnya aku tidak mendapatkan character ya namanya juga game gacha, saya sekarang ingin berhenti dan mengunistall nya, sungguh sangat kecewa 🥲🥲",Wuthering Waves,Negatif
ICE C,5,2025-11-25 17:00:38,"GG bgt ini game, grafiknya ,alurnya gacorrrr bgt, tp klo ada sub indonya lbih gacorrr lagii",Wuthering Waves,Positif
jakson kristoper,5,2025-11-25 16:36:51,"game paling the best mobile yang membuat aku terjun ke dunia gacha, W kuro🙏",Wuthering Waves,Positif
BAD MOOD,5,2025-11-25 15:28:14,"absolut cinema, dan paling penting tidak kikir",Wuthering Waves,Positif
Muhammad Haiqal,5,2025-11-25 13:36:24,games yang menarik saya susak semangat buat pengembang dari awal rilis masih ngelek ngelek sampek sekarany bisa lancar cukup memuaskan dari pengembangannya,Wuthering Waves,Positif
Muhammad Zahir Zain,5,2025-11-25 13:23:13,MANNTAPPPP,Wuthering Waves,Positif
Saya,5,2025-11-25 12:35:29,"suka banget design karakternya, visual story juga menarik mata animasinya apalagi waktu tarung.. sayang hp gw kentang buat game ini jadi rata kiri itupun masih stuttering 😅",Wuthering Waves,Positif
Fantasy Movie,5,2025-11-25 12:27:38,game bagus mines GK ad bahasa Indonesia,Wuthering Waves,Negatif
Klan Sakai,5,2025-11-25 12:17:10,geme nya bagus yah pertama kali saya nyoba geme ini very absolute cinema walaupun berat di hp kentang Saya chipset hp saya dimansty 6300 rasanya lagi di panggang hp semoga kedepannya makin bagus geme nya good job kuro gemes,Wuthering Waves,Negatif
Berserker Armor,5,2025-11-25 11:13:49,bagus,Wuthering Waves,Positif
Vulcano,5,2025-11-25 11:01:22,terbaik,Wuthering Waves,Positif
Nuzulul Furqan,5,2025-11-25 10:48:47,mantap,Wuthering Waves,Positif
Yani Daryas,5,2025-11-25 10:40:29,bagus njirr ceritanya,Wuthering Waves,Positif
19 M Irzha R R N,5,2025-11-25 08:14:40,Lupakan tentang blackscreen karena mungkin sinyalku yang lag😅 terimakasih sudah selalu mengoptimalkan game ini supaya bisa dimainkan diperangkat spesifikasi rendah🙏🏼 akhirnya saya bisa merasakan my kisah😋,Wuthering Waves,Positif
Al Ambi Muli,5,2025-11-25 05:59:08,"2.8 Chisa story... Beautiful! gak nyangka bisa seindah itu visualnya, banyak referensi anime yg di masukkan juga. Walau singkat dan filler patch tapi... effort yg di berikan luar biasa!",Wuthering Waves,Positif
Danil R.,5,2025-11-25 05:20:02,"Bagus Suka Ama Ost, Karakter, Storynya, Menanti Map & Act Baru",Wuthering Waves,Positif
Droid Bwang,5,2025-11-25 04:03:44,Chisa❤🥰🥰🥰🥰❤,Wuthering Waves,Positif
Muhamad Rizki,5,2025-11-25 03:24:02,saya mendapatkan dua karakter b5 dua kali berturut turut pertama 10x pull ke dua 1x jadi saya kasih bintang 5,Wuthering Waves,Positif
Khairul Lutfi,5,2025-11-25 03:04:30,"Makin Bagus Makin Berat... Mobile Device Makin Panas... Story Selalu Ada Unsur Romansa, setidaknya kurangi di setiap story...",Wuthering Waves,Negatif
khosyem syim,5,2025-11-25 00:43:27,mantap,Wuthering Waves,Positif
MALAIKAT EVIL,1,2025-11-24 23:56:16,udah kikir gamenya,Wuthering Waves,Negatif
Shunkaa 6661,5,2025-11-24 23:52:06,TERIMAKASIH SUDAH MEMBERI EXO CHISA MUACH*,Wuthering Waves,Positif
Ami Ami,5,2025-11-24 23:46:29,"Main story bagus, Combat nya bagus, visualnya bagus POKOK NYA BAGUS DAH VERY RECOMENDED",Wuthering Waves,Positif
frmnptrhmn,1,2025-11-24 22:34:45,"tolong dong ko dapet bintang 5 di game ini susah banget!!,masa harus pity 70 ke atas terus",Wuthering Waves,Negatif
dandi pratama,1,2025-11-24 19:35:31,cuih.... update kecil 12GB,Wuthering Waves,Negatif
Dyas 16,5,2025-11-24 17:20:10,ya gamenya cukup menarik dan seru tapi tolong ada kan bahasa Indonesia nya lah saya ingin lebih tau jalan cerita gamenya jadi tolong adakan bahasa Indonesia nya ok,Wuthering Waves,Negatif
Al,5,2025-11-24 14:58:43,ini bagus keren,Wuthering Waves,Positif
Muhammad salman,4,2025-11-24 14:56:13,"bagus, cmn setelah update terbaru ini, kenapa setiap login harus compiling shader terus, bahkan setelah dihapus data nya trs download ulang masih aja kyk gitu, tolong dong ini saya yang salah atau emang ada kesalahan dari game nya ya",Wuthering Waves,Negatif
Yuliana Mustopa,5,2025-11-24 14:42:24,game bagus gak ngeleg rekomen👍,Wuthering Waves,Positif
Aldi winata,5,2025-11-24 14:34:20,game bagus,Wuthering Waves,Positif
"Ahmad Raihan dkv,absen 4",5,2025-11-24 13:34:31,keren banget loh ya dapat ayank phoebe🥰,Wuthering Waves,Positif
Putri Chans,1,2025-11-24 13:29:08,"mengapa saya selalu kalah rate off, saya tidak pernah menang rate off😔😔",Wuthering Waves,Negatif
Nur Arafat,5,2025-11-24 13:13:37,selalu force close,Wuthering Waves,Negatif
dalton Junius,5,2025-11-24 13:09:16,makasih wuwa,Wuthering Waves,Positif
eurofora Radithya,5,2025-11-24 12:52:49,game yang bagus bagi saya,Wuthering Waves,Positif
Moz Kara,5,2025-11-24 12:33:27,"grafik bagus, seru dan eksplorasi nya asik dan luas, gratis lagi 😁",Wuthering Waves,Positif
Scubusa Sorce,2,2025-11-24 12:14:51,buff outro Chisa terlalu cepat durasinya,Wuthering Waves,Negatif
ahmad zihron,5,2025-11-24 12:12:35,yoi,Wuthering Waves,Positif
Albert Emerson,5,2025-11-24 11:27:47,"pokoknya bagus deh, semangat developer",Wuthering Waves,Positif
Muhammad Sultan Salahuddin Alayubby,5,2025-11-24 06:27:55,Salah Satu Game Gacha Terbaik,Wuthering Waves,Positif
Muhammad Ridho Firdaus,5,2025-11-24 05:23:26,"untuk perkembangan game nya sudah sangat bagus dari alur cerita awal sampai akhir patch sekarang, tapi yang membuat saya merasa tidak puas banget itu karena hadiah astrite yang diperoleh dari harian nya itu kurang memuaskan untuk player F2p yang hanya mendapatkan 60 astrite, sedangkan waktu yang diberikan event-event seperti banner char baru dan char Rerun itu sangat memiliki waktu yg sangat sedikit, jadi kuro pertimbangkan dan kasih kemudahan bagi player F2p untuk mendapatkan char yg kita mau.",Wuthering Waves,Negatif
Sayid Agyl,5,2025-11-24 04:46:08,tiap habis update sering compiling shader mulu,Wuthering Waves,Negatif
Atta Bintang,5,2025-11-24 04:23:33,gacha wangi yey,Wuthering Waves,Positif
Aisha R.A,1,2025-11-24 03:16:49,"Saya agak merasa kecewa pada update terbaru, karena pada update ini memerlukan storage kosong yang sangat besar, dan saat download data lama sekali padahal saya sudah menggunakan wifi yang kencang, saat saya test di game lain baik baik saja tapi saat di game ini malah loading. mohon di perbaiki 🙏",Wuthering Waves,Negatif
Ajun Shing,1,2025-11-24 02:33:59,Game Ampas Bab! Sistem GACA berat jelek.. Jdi kasih Bintang 1 aja...,Wuthering Waves,Negatif
Jackson Ruff,2,2025-11-24 02:07:06,Menunggu bahasa indonesia,Wuthering Waves,Negatif
Kon K,1,2025-11-24 00:56:34,kecewa card chisa jelek banget gak sesuai ekspetasi,Wuthering Waves,Negatif
Huro,3,2025-11-23 22:26:50,ini seriusan bg gw baru download di playstore 800 an mb terus didalam game download lagi 34gb ? besarr nyoo,Wuthering Waves,Negatif
Zulfikri Zukfikri,5,2025-11-23 16:39:29,mantap wuwa bagus banget story nya plus perhatian ke player best game for me kuro (:,Wuthering Waves,Positif
M Fidar Qurobi,5,2025-11-23 15:27:20,mantap,Wuthering Waves,Negatif
Muhamad fahri al falah,5,2025-11-23 15:21:14,gamenya bagus ceritanya bagus grafiknya bagus tapi satu hal yang harus di perbaiki lagi di optimalisasinya jujur ni game optimalisasi buruk kalo di bandingkan dengan genshin jadi mohon untuk optimalisasinya,Wuthering Waves,Negatif
Daniel HottuaS,5,2025-11-23 13:42:34,Game ini beneran keren dari story sampai character nya,Wuthering Waves,Positif
Felofi,1,2025-11-23 13:41:23,"patch kemarin aku dapet singa. kuro tolong. nanti kalo udah dapet b5 lagi di banner event, aku update jadi rating 5 lagi. tolong.",Wuthering Waves,Negatif
AnDika AnFir,1,2025-11-23 13:22:46,GK ada bahasa Indonesia nya,Wuthering Waves,Negatif
Fazil Nanda,5,2025-11-23 12:41:59,gamenya sigma bangat 🙏,Wuthering Waves,Positif
Muhammad Rafi Putra Setiawan,5,2025-11-23 12:41:35,"karakternya cantik2, ayah syukaaaaakk",Wuthering Waves,Positif
Andi Suramana,5,2025-11-23 12:31:13,bagus,Wuthering Waves,Positif
Jengkol loverss,5,2025-11-23 09:49:25,SERU! semoga tidak kikir yah...,Wuthering Waves,Positif
kenzho bryan imanuel,5,2025-11-23 08:35:45,MANTAP HOKI GACHA DI GAME INI,Wuthering Waves,Positif
Hazhbi Arrauf,5,2025-11-23 07:26:22,"Cinta banget sama game ini asli, charanya cantik"" sama ganteng 😛😛 tapi jujur aja untuk hp mid/low range agar patah"" kurang smooth tapi masih playable lah, semoga updatenya ngefix beberapa isu optimalisasi sama banyakin dong chara cowo bosen cewe mulu 🥲🥲",Wuthering Waves,Negatif
Curse Of Aros,5,2025-11-23 06:54:42,coba tambahin ini pendapatan astrite perbulan dan pengeluarannya perbulan,Wuthering Waves,Positif
Kageri,5,2025-11-23 06:38:43,"MANTAP, kalau bisa kasih gw changli gratis lah wowkwokw",Wuthering Waves,Positif
VanzX,5,2025-11-23 06:26:47,keren!,Wuthering Waves,Positif
Arr Arr,3,2025-11-23 06:06:33,di xiaomi 13T update terbaru 2.8 jadi sering force close,Wuthering Waves,Negatif
Faiz asyam,5,2025-11-23 06:01:26,lop yu kuro,Wuthering Waves,Positif
Muhammad Arya Firman,4,2025-11-23 04:12:19,mantab,Wuthering Waves,Positif
Alif Hartoyo,5,2025-11-23 03:48:31,ok,Wuthering Waves,Positif
Aris Setiawan,5,2025-11-23 01:59:58,"game yg sangat bagus dan keren tapi tolong dong Dev nya bikinin tempat buat farming echo tube, masalahnya sudah banget naikin level echo nya dan exp echo nya terbatas,itu saja kekurangan ini game menurut ku.tolong ya🙏",Wuthering Waves,Negatif
Meme Skw,5,2025-11-23 01:33:53,bagus,Wuthering Waves,Positif
Ahmad Luthvi,5,2025-11-22 22:47:55,lumayan,Wuthering Waves,Positif
•XjboodzX•,1,2025-11-22 20:51:19,Gacha Zonk semua cuy!,Wuthering Waves,Negatif
Muhammad Fauzi,5,2025-11-22 20:41:44,game yang sangat bagus dan cocok untuk saya yg pemuja grafik🗿🗿,Wuthering Waves,Positif
Faris Ari romadhon,5,2025-11-22 20:18:26,Tolong optimalisasi lagi game nya,Wuthering Waves,Negatif
Reza Lubis,5,2025-11-22 20:02:02,"game nya sangat oke , kalau boleh sih kasih Hero gratis nya dong",Wuthering Waves,Positif
qrzfta,5,2025-11-22 17:35:36,SUKA BANGET,Wuthering Waves,Positif
chitanda eru,5,2025-11-22 17:09:11,"overall bagus, grafik mengagumkan, story tidak boring, absolute cinema🔥🗣",Wuthering Waves,Positif
Reyhan Pw,5,2025-11-22 16:27:13,gamenya sangat bagus dan keren!!! no minus lah pokoknya!!!,Wuthering Waves,Positif
Suriya nonton oy,5,2025-11-22 15:41:38,keren abis,Wuthering Waves,Positif
Ikhsan Araaffli MV,5,2025-11-22 15:34:18,"Baru kasih Rating sekarang, padahal main mah dari awal Rilis 😂 , dulu banyak bug , sekarang okelah , developer juga sangat mendengarkan playernya , ga kaya sebelah 🗿 , dan paling buat setiap map baru aja yg belum terlalu stabil , seiring berjalannya waktu makin stabil.. , game baik juga suka bagi bagi bansos 😂",Wuthering Waves,Positif
SHAH-RI Al Rosyid,5,2025-11-22 15:25:38,"kak aku farming echo kadang nggak ada di lokasi, kadang ngebug masuk dalem tanah mohon diperbaiki ya🙏😇",Wuthering Waves,Negatif
Aldi Aldi,5,2025-11-22 15:18:30,"game absolut cinema game yg bgs bgt dri segi apapun gua Puas betul,, saran dikit aj mas kuro gacha gua dri banner agusta merah mulu coo mana kalah rate off lagi tolongin dong mas @kuro jgn kejam banget gachanya😭😭",Wuthering Waves,Positif
Toge Bobon,5,2025-11-22 14:18:31,game baik,Wuthering Waves,Positif
Saa Yaa,5,2025-11-22 14:17:43,aku suka gamenya,Wuthering Waves,Positif
evellyn evellyn,3,2025-11-22 14:12:57,"gud, kapan sub indo p",Wuthering Waves,Negatif
Raihan Rasyad,5,2025-11-22 13:18:31,game baik,Wuthering Waves,Positif
PakGuru Dwis,5,2025-11-22 13:16:31,gatchanya mohon di permudah donk. 🙏,Wuthering Waves,Negatif
Adryan Zidan,5,2025-11-22 13:07:04,Game Baik,Wuthering Waves,Positif
Krish Yuddianto,2,2025-11-22 12:20:50,"butuh optimasi lagi😝hehe, plz D7300u g kuat walaupun lowest, tolong optimalkan lagi game nya untuk device yang kurang bagus. kaya pgr lahh, masa pgr bisa lancar ini g bisa, beda engine sih :v ywdh lah gitu aja, tolong optimalkan lagi. dan perbanyak bansos, saya mau 10x langsung dapat char banner.",Wuthering Waves,Negatif
Rizki Rahma,5,2025-11-22 12:04:55,game baik panjang' umur,Wuthering Waves,Positif
Saiful Anwar,5,2025-11-22 11:53:25,mantap,Wuthering Waves,Positif
Syibran Murtadha,5,2025-11-22 11:23:09,mantap,Wuthering Waves,Positif
Firman Maulana,5,2025-11-22 09:47:42,"bagus sama kayak pgr,tapi tolong kasih subtitle Indonesia karena ga bisa bahasa inggris 😹",Wuthering Waves,Negatif
Muhammad yadi,1,2025-11-22 09:18:49,"tolong perbaiki lagi bagian jaringan, terlalu sering merah Mulu berasa jadi malas main. satu lagi tolong tambahkan fitur data lama di hapus aja. karna udah nyelesaikan quest.",Wuthering Waves,Negatif
El23 El23,1,2025-11-22 09:07:32,game ta1 mau download data aja malah setak di situ Mulu,Wuthering Waves,Negatif
TF Lotus Gaming,5,2025-11-22 08:51:25,game bagus story tidak membosankan tapi terlalu berat tolong di ringankan lagi,Wuthering Waves,Negatif
Sapatro,5,2025-11-22 08:49:36,tolong tambahan kan bahasa Indonesia biar player indo menikmati ceritanya,Wuthering Waves,Negatif
MUHAMAD FAUZAN,4,2025-11-22 08:33:05,Lumayan,Wuthering Waves,Positif
Riski Prayana,5,2025-11-22 08:07:37,habis update kok lama loginya,Wuthering Waves,Negatif
Giarto Prayogo,5,2025-11-22 07:46:25,game baik sehat selalu,Wuthering Waves,Positif
Feinta Mei Atma,5,2025-11-22 05:29:36,Game baik saya harus upgrade hp kalo gini terus,Wuthering Waves,Negatif
Vitage Dhiaz,5,2025-11-22 05:20:52,tolong tuan kuro terhormat tambahkan bahasa indonesia,Wuthering Waves,Negatif
Rifkyaldi Zx,5,2025-11-22 05:12:12,game nya bagus,Wuthering Waves,Positif
Zenn,5,2025-11-22 04:29:56,game nya seru bgt puas bgt sama segi grafik,Wuthering Waves,Positif
Miyuu,5,2025-11-22 04:20:13,mantap ini dah peak banget story: solid grafik: solid bgm: solid gameplay: solid gw tidak menyesal sebagai player wuwa,Wuthering Waves,Positif
Arkana,4,2025-11-22 03:52:13,"gamenya cukup bagus, juga dapat dimainkan di hp midrange, sayangnya belum ada subtitle indo, tapi overall sudah bagus",Wuthering Waves,Positif
Muhammad Rayhan,5,2025-11-22 03:23:13,"perfect, cuman kurang bahasa Indonesia saja",Wuthering Waves,Positif
Sri Mutia,5,2025-11-22 03:19:50,trimakasih baik bett,Wuthering Waves,Positif
Dimas Azhar Risqy (Dimas),4,2025-11-22 03:09:33,lebih di optimalkan lagi biar makin lancar performanya,Wuthering Waves,Negatif
Rizqy Nabil Ramadhan,5,2025-11-22 02:56:46,makasih yah kuro,Wuthering Waves,Positif
Fahmi Azmi,5,2025-11-22 01:03:08,Gameplay & story nya mantapp,Wuthering Waves,Positif
Ani Rpg,1,2025-11-22 01:00:21,Sementara bintang 1 kenapa karena saya sudah 50 kali pull tidak dapat B5 1 saja tidak dapat jika di 80 pull saya kalah rate off thanks ya saya akan hapus game ini sebagai game kikir saya sudah granding seluruh map sampai semua teleportasi kebuka dan misi sampai level tinggi jika ini kalah Rate off saya hapus gamenya !!!,Wuthering Waves,Negatif
Khun Note,5,2025-11-21 23:49:45,aduhai,Wuthering Waves,Positif
Shdqi Rizwannail,5,2025-11-21 23:23:52,pliss naikin dmg chisa,Wuthering Waves,Negatif
andi azman64,4,2025-11-21 22:41:25,game nya bagus cuma lebih bagus kalau ada terjemahan Indonesia nya,Wuthering Waves,Negatif
Andre,1,2025-11-21 21:59:48,hp udah gak ngangkat SD 7+Gen2 udah patah patah terpaksa harus keluar dari game ini,Wuthering Waves,Negatif
Coy Skak,1,2025-11-21 20:34:29,nice wuwa 3 akun tak satupun menang rate off lanjutkan,Wuthering Waves,Negatif
Wahid 12,5,2025-11-21 18:52:59,gachanya gak pelit sumpah,Wuthering Waves,Positif
KAIZUMI Ryuen,4,2025-11-21 17:27:21,"Developer baik, selalu respon keluh kesah player dan langsung berbenah jika ada yang kritik.",Wuthering Waves,Positif
Akmal Najid,5,2025-11-21 16:06:36,"absolute cinema, admin baik salute for kuro game stay success dude",Wuthering Waves,Positif
Nazwa Aulia,5,2025-11-21 15:39:33,luvvv this game❤️,Wuthering Waves,Positif
Fadil,5,2025-11-21 15:33:11,"gamenya sangat baik dan tidak kikir, aku suka",Wuthering Waves,Positif
Budi Nurdianto,3,2025-11-21 14:34:27,"patch baru 2.8 Masi belum optimal, tolong kuro!! di optimalkan performance gamenya , sebelum update permainan sangat lancar tanpa lag dan patah patah, namun setelah update terbaru game jadi terasa sangat berat dan sering patah patah Framenya... device cukup high padahal SD8+ gen 1 👌",Wuthering Waves,Negatif
Arkan Some,5,2025-11-21 13:43:21,"game ini sangat bagus karena ada my wife, my love",Wuthering Waves,Positif
Deni Ario,1,2025-11-21 12:44:29,"Banyak bug, loading stuck di angkat 75%",Wuthering Waves,Negatif
ZANZ SENSEI,5,2025-11-21 11:26:00,grafik mantap,Wuthering Waves,Positif
Ariendra,5,2025-11-21 10:23:01,tolong tambahkan bahasa Indonesia,Wuthering Waves,Negatif
Una Marshup,1,2025-11-21 10:01:22,gacha zonk mulu,Wuthering Waves,Negatif
Hendika ainur rokhim (Hendika ainur rokhim),5,2025-11-21 09:59:05,"apdet kali ini terasa lumayan berat gk tau kenapa, klo bisa di bikin sistem yg di mana bisa menghapus data menunpuk,dan pas di permainan sebelum apdet saya bi memainkan tampa ada lag sedikitpun tapi kenapa sejak apdet ini rasanya lumayan berat untuk di mainkan,saya tidak tau ini bug apa gimana,dan harap segera di perbaikin 🙏🙏🙏",Wuthering Waves,Negatif
The Nexus,5,2025-11-21 09:24:57,keren terbaik,Wuthering Waves,Positif
Alfatih Barkah,5,2025-11-21 08:48:21,game baru ini bagus sekali,Wuthering Waves,Positif
Anton Hilarius29,1,2025-11-21 07:26:18,game jelek berat nya doang,Wuthering Waves,Negatif
dzikra ahmad ad dzikrie,5,2025-11-21 06:26:42,"Salah satu game mobile gratis terbaik yg pernah saya mainkan gameplay asik, kualitas story selalu meningkat, building karakter yg sangat mudah dan memanjakan player, grafis yg sangat memukau. kekurangannya hanya belum ada lokalisasi bahasa indonesianya saja karna saya ingin lebih memahami storynya ❤️ kurogame",Wuthering Waves,Positif
Alvin Prassojo,1,2025-11-21 05:16:22,"game berat.,ya walau bisa berjalan lancar di gw tapi ga logis aja musuh lebel 56 sampah 60 ge di level 50 kurang itu bukan level boss nya.,gw bunuhnya gimana",Wuthering Waves,Negatif
RATTAE YUDHA PAMUNGKAS,5,2025-11-21 04:09:05,lu udah Gilak kuro abis selesai arc 1 ini absolute cinema. wajib download game ini bagus beneran dan ga terlalu berat,Wuthering Waves,Positif
Yasir Abdilah,2,2025-11-21 04:05:14,kok sehabis update 2.8 malah gk bisa di buka gamenya. Tolong perbaiki sesegera mungkin,Wuthering Waves,Negatif
Sahrus Syawali,4,2025-11-21 03:53:31,game nya sudah bagus dari segi gameplay dan grafik tapi sayang belum ada bahasa Indonesianya,Wuthering Waves,Negatif
Dimas Anggara,5,2025-11-21 03:39:01,"tolong di buatin subtitel bahasa indonesia nya, terimakasih.",Wuthering Waves,Negatif
Sky Blue,2,2025-11-21 03:19:50,tolong untuk quest atau event lama kasih fitur hapus data. ini game mau 40gb sudah. game baru aja ada fitur hapus data lama,Wuthering Waves,Negatif
Unknow Error,3,2025-11-21 02:52:02,"pakai poco x6 pro terasa pakai hp kentang saat mainin game ini (mungkin emang kentang😂), grafik sudah rata kanan masih burik framerate tidak stabil lagi kadang tinggi kadang nyendat2 di settingan medium sama saja, kelebihannya mungkin cuman di fightnya . mending main game sebelah🥱 lebih lancar grafik juga lebih bagus",Wuthering Waves,Negatif
Dadan Ramdhani,5,2025-11-21 01:58:39,"game bagus, grafik bagus banget, story juga bagus",Wuthering Waves,Positif
Sonya Amelia,5,2025-11-21 01:16:03,baguss tapi gede jg buat penyimpanan😭,Wuthering Waves,Negatif
musa lubis,5,2025-11-21 01:06:03,gacanya di saya hoki Mulu jarang kalah dan gameplaynya mantap,Wuthering Waves,Positif
Muhammad Wafa,5,2025-11-21 00:31:04,CS nya asik ga terlalu kaku respon mereka👍,Wuthering Waves,Positif
Ilham muhammad,1,2025-11-20 22:54:38,kenapa semua akun saya hilang capek capek saya ngebangun itu akun tapi malah hilang malah jadi mulai dari awal lagi,Wuthering Waves,Negatif
Carl John,1,2025-11-20 19:51:03,uma musume ez win,Wuthering Waves,Negatif
Hasanuddin Sedunia,5,2025-11-20 19:03:05,sangat keren,Wuthering Waves,Positif
Faizal Sofyan,5,2025-11-20 18:45:44,"setelah bosen genshin ini jadi pelarian terbaik sih, soalnya dari game play hampir sama kaya genshin.. the best lahh pokonya, paling terjemahan deskripsi nya kalo ada bahasa Indonesia pasti the best banget dahhh",Wuthering Waves,Positif
Fawwaz Rsj,1,2025-11-20 17:57:30,"di deskripsi gacha dijamin di 80 pull dapat resonator yg ada di banner, nyatanya malah dapat resonator standard, kemaren pas banner iuno sama galbrena juga gitu, aneh",Wuthering Waves,Negatif
Rhazel Khaliank,5,2025-11-20 17:42:53,"makin improve aja ini kuro , btw quest 2.8 mantap , kayak nonton anime aja",Wuthering Waves,Positif
Sky Yarsz,5,2025-11-20 16:02:27,"dari segi grafik game ini udah bagus bgt, lorenya juga bagus, grafiknya gilaa. minusnya gd sub indo, tolong dong kuro lirik market indo dong. terima kasih",Wuthering Waves,Negatif
Zx Vierr,5,2025-11-20 15:49:47,"semakin update semakin bagus dan stabil, aku berharap untuk update selanjutnya seperti ini atau lebih.aku tidak bisa berkata-kata lagi.nih game gacor parah njir.",Wuthering Waves,Positif
FangFang,5,2025-11-20 15:48:00,sukak banget jirlah,Wuthering Waves,Positif
Padrian Hidayat,5,2025-11-20 15:27:58,Udah bagus banget ini game gua kasih rating 5,Wuthering Waves,Positif
AFS_ Firman,2,2025-11-20 14:47:20,"habis pembaruan mau buka misi malah keluar senidiri,, event film malah bikin account gk bsa di buka",Wuthering Waves,Negatif
wendi patra,5,2025-11-20 14:40:55,"saya suka gamenya,history sama grafik gk ad tandingannya,",Wuthering Waves,Positif
Yales Novianto,5,2025-11-20 14:18:57,game bagus :),Wuthering Waves,Positif
Ivander Riski,5,2025-11-20 13:34:20,game nya seru dan grafiks. nya oke la,Wuthering Waves,Positif
Rc Joox,5,2025-11-20 13:32:00,terimakasih,Wuthering Waves,Positif
Rendy Jawai,5,2025-11-20 13:15:13,dev gacor,Wuthering Waves,Positif
Kitsunee,5,2025-11-20 13:11:50,kuro sangat baik,Wuthering Waves,Positif
Wibu Biasa,5,2025-11-20 13:06:48,udah bagus sihh ni game tapi saya belum dapet si my bini 😔😔,Wuthering Waves,Negatif
qi h,5,2025-11-20 12:54:53,mantap,Wuthering Waves,Negatif
Ahmad,3,2025-11-20 11:57:04,Ga ada fitur bahasa Indonesia nya😔 Jadi ga paham story nya,Wuthering Waves,Negatif
milasruM Mdl,5,2025-11-20 11:00:21,"Tetap konsisten Kuro and Team dalam memberikan pengalaman bermain yg The Best, dan Good Joob..",Wuthering Waves,Positif
Mana saya Tau,5,2025-11-20 10:45:11,"Yg ngasih rate jeleq paling haters tuh, padahal Wuwa kurangnya dari segi apa?, jujur main wuwa itu seru, apalagi sekarang banyak detailnya 🥰",Wuthering Waves,Positif
Yusmar Kamaruddin,5,2025-11-20 10:22:39,bagus,Wuthering Waves,Positif
Marchel,5,2025-11-20 10:19:49,Terimakasih,Wuthering Waves,Positif
Hudzaifa atsaqif,5,2025-11-20 10:08:05,"aku dapat char bintang 5 dan weapon bintang lima nya juga, love love buat kuroo",Wuthering Waves,Positif
Khairul Ikhwan,5,2025-11-20 09:40:16,wuwa jgn bikin kaget ya tadi hampir sedih saya gara dpt rate off yg bukan inginkan tapi untung nybdpt yg ku ingin kan,Wuthering Waves,Positif
Hadyan AP,5,2025-11-20 09:27:43,sippp lop u kuro,Wuthering Waves,Positif
Iputu Bramanstya,2,2025-11-20 09:22:20,"Dikit dikit force close! fix bug dong, dimensity 8300 kurang kah?",Wuthering Waves,Negatif
Asep P Fachrurrozi,1,2025-11-20 09:21:35,ga ngotak 12 gb update,Wuthering Waves,Negatif
Triwandy Simbolon,5,2025-11-20 09:10:34,"grafik bagus, alur cerita lumayan menarik tapi untuk sistem gacha nya, saran saya tolong dipermudah kesempatannya supaya player lebih semangat main nya terimakasih",Wuthering Waves,Positif
Sharul Khancill,5,2025-11-20 09:07:33,"Apa cuman gw yak dikit dikit download, kalo sekali doang sih gpp, tapi ini tiap hari anjirrr download 200mb",Wuthering Waves,Negatif
Ajril GNZ,5,2025-11-20 09:03:10,game rpg gacha paling absolute cinema 🖐️😂🖐️,Wuthering Waves,Positif
Muhammad Kamil Ihtiroz,5,2025-11-20 08:53:10,Gamenya bagus sekali,Wuthering Waves,Positif
Berto Alam B,5,2025-11-20 08:53:07,"saya sangat merekomendasikan game ini, karena mengisi waktu luang saya dan tentunya tidak boring game yg bagus",Wuthering Waves,Positif
Masayu Akmalia A.P,5,2025-11-20 08:50:44,"game ter oke, dev juga baik poll, 10/10",Wuthering Waves,Positif
Tom Obento,1,2025-11-20 08:36:10,INSTALL MULU GAME FILE GEDE GA JELAS UDA IKUTAN KEK GENSHIN IMPACT AMA HONKAI GAMEPLAYNYA KASI BINTANG KARENA KEBANYAKAN UPDATE,Wuthering Waves,Negatif
AUTUMNSPY,1,2025-11-20 08:28:51,"Bad Customer Service, hacker's google account linked with my wuwa acc and I've been playin this game since 1.2, they can't even help me to unlink the hacker's google account from my wuwa. dissapointment. do better customer service.",Wuthering Waves,Negatif
Aditya Lorand,5,2025-11-20 08:19:46,baik banepget,Wuthering Waves,Positif
Dendy Fuadin,5,2025-11-20 08:18:03,ok,Wuthering Waves,Positif
Maul22,1,2025-11-20 08:16:50,"game busuk, kalah terus pity tinggi, tiap update suruh download puluhan gigabyte",Wuthering Waves,Negatif
Vadya Dewi fortuna,5,2025-11-20 08:03:49,GA PELITT💗,Wuthering Waves,Positif
Athoil,3,2025-11-20 07:54:34,"Update patch kayak install ulang nggak di compress, masa 30 gb lebih buat update beda kayak di pc. tolong lah kuro",Wuthering Waves,Negatif
AFSAH SUBARI,1,2025-11-20 07:44:57,"saya sudah download data lebih dari 30 gb, dan bisa di bilang saya memakai handphone dengan chipset yang lumayan bagus dimensity 8350 ultimate (infinix gt 30 pro) , memang indikator HP sudah menunjukkan 60 fps tapi gambar tidak mulus,sudah rata kanan tapi masih jelek kualitas gambar nya, tolong untuk di perbaiki dan saya lihat juga memang untuk device lainnya sudah tidak memiliki kendala, tolong untuk mengatasi bug ini",Wuthering Waves,Negatif
Raja Aditia,5,2025-11-20 07:34:15,semoga makin improve kuroo,Wuthering Waves,Positif
gua bill plenger banget wok,5,2025-11-20 07:32:49,mantap dikasi menang rete off,Wuthering Waves,Positif
Axelle,5,2025-11-20 07:26:43,"Wow, terimakasih Wuwa :)",Wuthering Waves,Positif
Icaad,5,2025-11-20 07:23:55,pity kecil coyyy baikknyaa,Wuthering Waves,Positif
Vinnn R,5,2025-11-20 06:58:23,thankyou,Wuthering Waves,Positif
satria gilsen,5,2025-11-20 06:57:50,mantap game nya,Wuthering Waves,Positif
Akhdiat Irroki,2,2025-11-20 06:55:30,"setiap kali update harus banget kosongin storage 35GB? update nya padahal ga ada setengah nya, tapi HARUS BANGET kosongin 35GB? ngebikin tiap update patch harus hapus file file yg udah di back-up di cloud dan download lagi file nya. Fix you're damn system.",Wuthering Waves,Negatif
Aziiz Nur R. R.,5,2025-11-20 06:36:50,nasib main game bagus kalau sdh update 13gb anjir dah.,Wuthering Waves,Negatif
Toy aa,4,2025-11-20 06:32:07,"Minimal Jan kalah rate of terus lah, akun baru ini,kalo menang rate of di bener chisa gwe kasi b 5",Wuthering Waves,Negatif
Muhammad Azka kamal f,5,2025-11-20 06:23:57,game bamgus,Wuthering Waves,Positif
Sihgura aja,2,2025-11-20 06:00:34,"aneh, pas saya mau update malah stuck dan gak bisa di update",Wuthering Waves,Negatif
Muhammad Fathan Raqilla,5,2025-11-20 05:59:54,asik banget ini game sumpah grafik bagus banget cuman ya ga semua device bisa main karena emang berar,Wuthering Waves,Positif
Zani R,5,2025-11-20 05:29:49,"cuman satu sih,tambahin bahasa Indonesia bahasanya biar ngerti",Wuthering Waves,Negatif
nailah nur A.,5,2025-11-20 05:28:30,"keren, good job Kuro",Wuthering Waves,Positif
Alwi Alamsyah,1,2025-11-20 05:25:29,"34GB for mobile update 2.8 .. Hahahaa, thnks. thisn't game mobile.",Wuthering Waves,Negatif
Haris Hardiansyah,5,2025-11-20 05:02:37,"tolong saya kuro, setiap update masa iya harus download 30 GB",Wuthering Waves,Negatif
Deo Tgar,5,2025-11-20 04:59:32,awww suka banget😍,Wuthering Waves,Negatif
Nahar Nugraha,5,2025-11-20 04:43:33,kapan sih keluar versi bahasa indonesianya ?,Wuthering Waves,Negatif
Eiqoo Game,1,2025-11-20 04:19:10,setiap update harus ada storage kosong setara size asli aplikasi sangat tidak efesien itu membutuhkan 2x lipat ukuran data aplikasi seharuanya hanya perlu sebesar data baru saja,Wuthering Waves,Negatif
Tiara Sandi Z S,5,2025-11-20 04:16:04,"Bagus banget dev nya baik deh, sehat2 game baik. main story asik, story yg ga penting bisa di skip. grafiknya beuhhh mantap. musik smkin oke. pity bisa dimaklumi. animasi keren abis. lingkungannya juga hidup. building nya cakepp",Wuthering Waves,Negatif
Muhammad Shadam,4,2025-11-20 04:15:09,"bug nya tolong diperbaiki, masa udah tinggal finishing boss nya ngebug ga bisa dihit",Wuthering Waves,Negatif
Slayer,1,2025-11-20 04:10:38,"lu yang bener aja kalo ngasih chance gachanya lek, minimal kasih double B5 lah, atau ga kasih low pity kek, pelit amat kaya GI",Wuthering Waves,Negatif
Rizky Leonaldy,5,2025-11-20 03:50:29,"Gak bisa maen Geshin? main ini aja.. lebih ringan di dan cocok untuk yang pengen belajar ""Tangan Wangi""",Wuthering Waves,Positif
achil Gaming,5,2025-11-20 03:48:32,bagusss,Wuthering Waves,Positif
Mang Nce,5,2025-11-20 03:38:42,"orang ngeluh game nya berat,pahami dulu ini engine nya beda,game lain rata kanan jelas game nya ringan walaupun begiga2,semoga orang yg ngeluh baca.",Wuthering Waves,Positif
Fajri Asidik,4,2025-11-20 03:33:23,mantap,Wuthering Waves,Positif
Snow,5,2025-11-20 03:25:29,gacha ku wangi chisa wangy wangy,Wuthering Waves,Positif
Vega Punk,5,2025-11-20 03:17:06,"combat nya mahal euy, animasi. quest hampir absolute cinema Minus masalah tuning echo, force close, delay summon konten (whimpering) itu doang sisa nya good. oiya tambahin skin camellya hehehe",Wuthering Waves,Positif
Dimas Ragil,4,2025-11-20 03:13:49,"-1 , tolong size ny di kompres",Wuthering Waves,Negatif
Fadhil Ilman Zuhriy,5,2025-11-20 03:07:39,ini game PEAK,Wuthering Waves,Positif
AV STORE,5,2025-11-20 03:06:18,Story dan gambarnya bagus cuma perlu tambahan bahasa Indonesia biar lebih mantap lagi terimakasih,Wuthering Waves,Positif
Furqon Machmud yunus,5,2025-11-20 02:58:29,terimakasih atas kemenangan nya,Wuthering Waves,Positif
Dayanu Ikhsanuddin,5,2025-11-20 02:53:33,semoga dah rating b5 gak rate off lagi,Wuthering Waves,Positif
Irsan Dani Pratama,4,2025-11-20 02:52:42,masik sering force close,Wuthering Waves,Negatif
Muhammad Rijal,5,2025-11-20 02:36:59,"Game kikir gacha hard pitty mulu dan sering kalah rate off, bansos seret...",Wuthering Waves,Negatif
bomberman gaming,5,2025-11-20 02:23:52,game bagus ..story sangat bagus..semuanya bagus.. tapi sayang gak ada sub indonesia nya.. yg bikin bingung untuk yg kurang bisa bahasa inggris jdi story gk ngerti..jalan cerita gk ngerti .dan hasilnya kaya game baku hantam biasa ..kalo gk ada sub untuk semua negara dan untuk device yg mid ..sangat di sayangkan sulit untuk main game ini...saya aja sampai upgred device baru untuk bisa main,Wuthering Waves,Negatif
Kadek Dhanes,5,2025-11-20 02:20:35,The best lah pokoknya...,Wuthering Waves,Positif
Alfarisi Faris,3,2025-11-20 02:12:06,kenapa gw kasi b3 sebetulnya pengen kasi b5 cuman gara klo buka Region atau ngebuild kaeater baru jadi susah harus story sebetulnya bukan males story tapi ctok cadangan buat asterids klo lagi sered,Wuthering Waves,Negatif
Prast,3,2025-11-20 02:03:40,"gamenya lumayan berat untuk device menengah kebawah, tolong kuro buat fitur supaya kita bisa atur grafik serendah mungkin, karna banyak yang mau main tapi kehalang device, kalau di buatin pasti tambah banyak yang download lagi",Wuthering Waves,Negatif
Atilla Maulana Sapari,5,2025-11-20 02:02:21,"Gw perbarui ulasan gw yang lama, buat sekarang gila event nya seru seru , free gift nya lumayan lahh apalagi sekarang update 2.8 beuhh gila makin seru deh yakin gw, dan seneng nya cantarella rerun dan gw bisa dapet signwep nya hehehe thanks once again KuroGames❤🔥",Wuthering Waves,Positif
Bintang Maulana,5,2025-11-20 01:58:16,"bagus, tapi segi cerita munurutku rada kureng gmn gitu",Wuthering Waves,Negatif
Ahda Rayyan,1,2025-11-20 01:56:52,kenapa setiap update minta 30gb+ untuk dikosongkan??!!?,Wuthering Waves,Negatif
Faqih Dr,5,2025-11-20 00:55:35,seru bgt sumpah dha,Wuthering Waves,Positif
Septian Hady,5,2025-11-20 00:54:43,sudah bagus cuma keluhan di mobile ngerender map nya agak telat selebihnya itu absolute cinema,Wuthering Waves,Positif
Rᴇᴀʟ Kʜᴀɪʀɪɴ Nᴏᴏʀ,5,2025-11-20 00:52:43,"Terus Tingkatkan, Saya Senang Dengan Game ini.",Wuthering Waves,Positif
Zura Katsura,5,2025-11-20 00:43:49,"game bagus, untuk yang bilang sering force close, tolong upgrade perangkatmu 🤣🤣🤣🤣",Wuthering Waves,Positif
Arif Efendi Yulianto,1,2025-11-20 00:40:59,setiap update selalu download ulang,Wuthering Waves,Negatif
Ibnu maulana malik,5,2025-11-20 00:36:16,semakin berkembang tidak mengecewakan,Wuthering Waves,Positif
Vir007 (V),5,2025-11-20 00:30:22,"Terimakasih untuk karna sudah mendengar keluh kesah para player. jujur kerasa banget banyak perubahan yang bagus, semoga Dev tetap ramah kepada playernya",Wuthering Waves,Positif
Adi Saja,5,2025-11-20 00:28:36,"mantap, saking mntapnya sampe cape nyelesain 1 quest sangat pnjang story keren 😅😎",Wuthering Waves,Positif
Faqih,5,2025-11-20 00:16:14,"Gim baik + sekarang udah optimal jadi makin gacor, efek ny jga gak main main🥶",Wuthering Waves,Negatif
Samsul.,5,2025-11-19 23:55:20,"Game nya sangat bagus dari segi grafik, story, dan karakternya sangat beragam dan bagus² tapi lebih baik untuk segi gameplay lebih di optimalkan lagi supaya bisa dimainkan dengan nyaman.",Wuthering Waves,Positif
rama 900,5,2025-11-19 23:46:37,semoga menang nominasi game mobile terbaik👍,Wuthering Waves,Positif
putra wawan,5,2025-11-19 23:46:36,game keren pokoknya,Wuthering Waves,Positif
Maung Bodas,5,2025-11-19 23:19:39,kasih aku phoebe ya kuro baik,Wuthering Waves,Positif
Harley Effendi,5,2025-11-19 23:01:04,"Grafik nya Mantap, Gameplay Joss.",Wuthering Waves,Positif
Jauharotun Naqiah,5,2025-11-19 22:58:37,"KERENNN PLISS, cuma karena ak pake mobile dan device ak kurang mendukung, aga lag dan ga begitu hd, cuma okeee kokk",Wuthering Waves,Positif
Muhammad Ismail,5,2025-11-19 22:58:17,seru,Wuthering Waves,Positif
mass rudd,5,2025-11-19 22:56:26,"keren"" cerita nya, gameplay nya ga terlalu sulit tapi kalau bisa lebih banyakin gratisannya kalo setelah update",Wuthering Waves,Positif
Asri Assura,5,2025-11-19 22:40:19,"Saat pertama kali saya memainkan permainan ini... saya merasa kurang tertarik. namun, setelah beberapa selang waktu. ternyata berapa menariknya game ini. dengan, pembawaan cerita yang menarik juga karakter yang menarik hati... kurang apasih? UI yang mudah dipahami... udah sih segitu aja.",Wuthering Waves,Positif
Habib Ngeng_ngeng,5,2025-11-19 22:39:23,"pokoknya the best, tetaplah konsisten dengan semua bansosnya",Wuthering Waves,Positif
Nino de Ajax Deddy Firmansyah,5,2025-11-19 22:31:49,udah punya anak sama si changli (changli dewasa dan changli kecil),Wuthering Waves,Positif
Muhammad Haris,5,2025-11-19 22:21:53,Mantap👍🏻,Wuthering Waves,Positif
Achmad Miftah Farid,5,2025-11-19 22:21:41,Luar biasa,Wuthering Waves,Positif
ZianRaa Varka,5,2025-11-19 22:19:12,"kualitas oke,more better dari genshin 🤭 saya harap tetap utamakan kualitas min",Wuthering Waves,Positif
Mazz Sam,3,2025-11-19 21:55:43,SEMAKIN SERING FRAME DROP... TERLALU BANYAK BUG SEKARANG... APAKAH DEVELOPER KURO TIDAK MENDENGARKAN FEEDBACK DARI PLAYER MOBILE????? DAN HANYA MENGUTAMAKAN PENGGUNA PC????? LAMA-LAMA BISA MELEDAK HP PUNYA SEMUA PLAYER..,Wuthering Waves,Negatif
Wibawa Wiryanta,5,2025-11-19 21:36:45,"game dengan grafik yg bagus dan gameplay yg seru, best lah pokok nya",Wuthering Waves,Positif
Ismail A,5,2025-11-19 21:20:08,"Sekarang optimalisasinya sangat pesat, kerasa sudah ngga terlalu lag. Sudah nyaman lah mainnya, sekarang memang developer gamenya ini mendengarkan keluh kesah usernya agar merasa nyaman main gamenya. Mantap 👍",Wuthering Waves,Positif
Flynn,5,2025-11-19 21:18:34,bagus banget tinggal tambahin bahasa Indonesia aja udah deh jadi perfect👍👍👍💯💯💯,Wuthering Waves,Positif
Fadel,5,2025-11-19 21:17:47,👍👍,Wuthering Waves,Positif
Arky Karepouwan1,4,2025-11-19 20:59:54,"suka dengan game nya, selaingrafiknya bagus... banyak plot twist nya... alur cerita nya juga keren yang nyusun.. gila memang yang buat ide game ini",Wuthering Waves,Positif
Febby Arisandi Setia Bakti (Febby),3,2025-11-19 20:56:55,tambahan bahasa indo plss😭😭,Wuthering Waves,Negatif
Choky Mahendra,2,2025-11-19 20:54:00,pengoptimalannya masih kirang untuk beberapa device,Wuthering Waves,Negatif
Rahmat Wahyu Hidayat,5,2025-11-19 20:51:14,nice,Wuthering Waves,Negatif
Aris Setiawan,5,2025-11-19 20:41:10,"game baik, sehat selalu game baik🥰. semoga tambah lebih baik lagi dan juga tambahin fitur buat penstabil fps dan sebagainya, oh ya buat tablet pengubah stat echo tolong di update lagi biar bisa ubah sub stat bukan main stat saja👍 , ni game paling best gua gacha selalu di bawah pity merah semua 🤩🥰 + chisa sudah rilis!! Akhirnya",Wuthering Waves,Positif
Violett,5,2025-11-19 20:14:31,"Awal main dari pertama kali rilis gamenya, banyak bug, grafik masih kurang, tapi lama kelamaan makin improve ni game keren parah sumpah, masih nyaman gua main wuwa sampai sekarang, absolut cinema game ✋🏼😖🤚🏼",Wuthering Waves,Positif
Zxu,5,2025-11-19 20:11:51,gamenya genshin kiler abis,Wuthering Waves,Positif
07 Arlo Jack Braviano,5,2025-11-19 19:28:14,"Ini game terlalu bagus,mulai dari cerita, visual grafis, tata letak bangunan(8/10), karakter, animasi,animasi efek, dll. Tapi minus dari semua game gacha cuma 1 yaitu terlalu banyak karakter cewek. Please dong tolong banyakin karakter cowo karena 1 kita juga pengen bagaimana kalian mendesain karakter cowo seperti apa, 2 supaya GK bosen bosen amat ama gachanya, 3 biar keliatan makin hidup ni game. Jangan yg terlalu bagus juga rupanya supaya kalo main player GK terlalu lebay ama wajahnya.",Wuthering Waves,Positif
Dhe,5,2025-11-19 17:00:33,"Saya harap ada perbaikan mengenai re-login, padahal hanya ingin keluar dari aplikasi untuk sementara waktu",Wuthering Waves,Negatif
Ikky Koi,5,2025-11-19 16:18:55,"Story 5* Battle 5* music 5* scene 5* animated 5* gestures dialogue 5* freebies 5* graphics 5* map 5* characters 5* no power creep issues 5* community 5* art 5*. yg ngeluh size/spek, pindah PC/ganti hp. setiap aplikasi setiap game ngeluh berat spek/ ga muat. setting mentok kanan hp mentok kiri isi kantong miris gara gara otak kena inflasi.",Wuthering Waves,Positif
Crish Jerycho,5,2025-11-19 15:22:28,"gdak kata yang pantas selain the best untuk game ini, sumpah ni game terlalu bagus dan sangat sangat sangat sangat baikkkkk, BIG RESPECT FOR YOU KURO",Wuthering Waves,Positif
Sahrul Gunawan,5,2025-11-19 14:49:41,"wau game yang saaangat memuaskan dari segi apappun, semuanya sempurna dan lengkap serta sang king kuro tiap updet pasti ada perbaikan dan kemudahan untuk pemaennya,, semangat king kuro.. dan sub Indonesia nya dong ada in..",Wuthering Waves,Positif
Aldhimas Kurniadi,5,2025-11-19 14:36:22,game gratis bagus banget,Wuthering Waves,Positif
haris ramadhan03,5,2025-11-19 13:43:47,mantap kerasa masuk issekai,Wuthering Waves,Positif
Houta,5,2025-11-19 12:54:02,Changli❤️,Wuthering Waves,Positif
Loli Killer,5,2025-11-19 12:13:05,cukup puas,Wuthering Waves,Positif
ahdan gendut,5,2025-11-19 11:58:21,semoga dpt chisa,Wuthering Waves,Positif
Excel Liuzzi,5,2025-11-19 11:48:45,"makin ke sini makin bagus, nice one kuro",Wuthering Waves,Negatif
Abdillah Fathurahman,4,2025-11-19 10:58:48,"sudah lumayan stabil, tapi eventnya kurang dan tingkat kesulitas event yang mungkin berat buat diselesaikan, tolong tingkat kesulitannya sedikit di permudah sesuai dengan tingkat pemain. teirma kasih",Wuthering Waves,Negatif
Yasmin Mumtaz,5,2025-11-19 10:52:43,"game yg keliatan khusus bgt buat PC eh gk taunya kaum android bisa main juga, untuk grafik nya sendiri udh realistik buat sekelas handphone, story juga fav bgt..walau minim char cowk... :)",Wuthering Waves,Positif
Hairi 4You,5,2025-11-19 10:42:52,"secara gameplay sudah bagus dengan Parry Dodge nya, dan story saat Jinzhou sampai dngn blackshores agak biasa aja sih tapi mulai masuk rinascita udah absolute cinema, dan sekarang game nya udah lumayan optimal dihandphone, untuk masalah gacha gak ada yang dipermasalahkan, overall udah bagus nih game dengan grafik dan story nya, semoga bisa terus berkembang",Wuthering Waves,Positif
Myster X,5,2025-11-19 10:14:46,"udh bagus dalam semua aspek, dan selalu membuat event yang meriah dan tidak membosan kan. jujur ini yang bagus dari game sebelah, jujur saja saya main game sebelah itu saya baru menyadari dalam aspek karakter itu selalu sama dan membosan kan para pemain. sedangkan game ini selalu membuat karakter yang selalu berbeda dan tidak membosan kan para pemain, bahkan setiap karakter itu memiliki animasi dalam ultimate nya dan tidak Rasis dari pada game sebelah 😌. sekian review dari saya.",Wuthering Waves,Positif
Like & Love,5,2025-11-19 09:55:47,"mantap cuy cakep cakep charnya, efeknya juga bagus, suka banget main karena dah ada laptop jadi lebih enak mainnya",Wuthering Waves,Positif
Zen Null,4,2025-11-19 09:24:35,"Game nya udh bagus bgt walaupun di hp saya agak patah patah kalok main, but, tolong banget kenapa saya kalok gacha setiap update tidak dapat dan susah banget dapetinnya, tolong banget",Wuthering Waves,Negatif
Rayhan Christian mulyana,5,2025-11-19 08:38:10,"dari segi grafik visual, alur, dan aksi nya sangat keren, dan kalau lebih bagus di permudah lagi^^ pakai bahasa indonesia.",Wuthering Waves,Negatif
Only daffa,5,2025-11-19 08:22:46,bansos nya banyak,Wuthering Waves,Negatif
MUHAMMAD RIZKY ARDIAN,5,2025-11-19 07:43:37,keren,Wuthering Waves,Positif
Maden,5,2025-11-19 07:38:33,"gamenya bagus banget, cuma sayangnya karena gak ada bahasa Indonesia jadi agak sulit untuk memahami storynya😅, tapi tetep bagus pake banget gamenya😁",Wuthering Waves,Negatif
Wan,4,2025-11-19 05:46:25,"gamenya bagus cm agak aneh snapdragon 8s gen 4 ga bs stabil main nya, walah udh grafik medium ga bs dpt 60 malah sering 45 an fps",Wuthering Waves,Negatif
Official Yuu,2,2025-11-19 05:28:42,ngebag kocak masa mau instal aj g bisa lama banget nungguin nya anj,Wuthering Waves,Negatif
Refan Nayaka Satria,4,2025-11-19 03:11:52,"Game bagus, hanya kurang optimal pada map terbaru semoga Dev akan cepat memberikan optimalisasi agar dapat bermain lebih halus dan lancar.... semoga juga Dev memperbanyak event beserta Collab dengan game maupun anime ternama",Wuthering Waves,Negatif
Aril Ramadhan,5,2025-11-19 02:54:30,berikan aku low pity kuro,Wuthering Waves,Positif
Ibnu Samir,4,2025-11-19 02:48:57,"Gamenya sih sudah bagus dan seru, apalagi gameplay combat nya. Tapi tolong dong tambahin bahasa Indonesia di game nya. Biar bisa lebih menikmati story nya",Wuthering Waves,Negatif
Raka Andias,4,2025-11-19 02:21:40,"boleh lah, devnya dah improve banyak di tiap update, moga aja jih game ga nerapin sistem powercreep",Wuthering Waves,Positif
Muhammad Rizwanaditya,5,2025-11-19 02:16:59,mantapp chisa my bini,Wuthering Waves,Positif
E Hidayatul S,5,2025-11-19 01:36:32,"Semua hal didalam gamenya bagus. Saran aja buat developer pasar indonesia juga bagus, semoga kalian menambahkan bahasa kami didalam gamenya😁.",Wuthering Waves,Positif
Toni,5,2025-11-18 23:20:51,bismillah chisa,Wuthering Waves,Positif
MUHAMMAD ANSHARY,2,2025-11-18 21:49:18,"udah download , disuruh nunggu shadernya lama bener",Wuthering Waves,Negatif
Revanska Riady,5,2025-11-18 21:44:58,"saat ini game yg cukup bagus buat ku, baik dari segi grafik, gacha, story yg udh improve brutal, karakter cakep² ditambah battle nya yg keren menurutku. meski sdh bagus tpi saran gw, lebih ditingkatkan lagi.",Wuthering Waves,Negatif
Renoo Id,3,2025-11-18 19:43:31,story jgn mykisah teerus hitam🗿,Wuthering Waves,Negatif
Mute.,5,2025-11-18 17:37:32,"pembaruan ulasan, saya harap pihak dari kuro dapat menambahkankan subtitle Indonesia kedalam game ini, karna saya sangat menyukainya",Wuthering Waves,Negatif
Damar San,5,2025-11-18 15:32:33,Tolong sediakan teks bahasa Indonesia,Wuthering Waves,Negatif
Titi tutu,5,2025-11-18 15:29:31,"selamat atas game mobile yang paling bagus, dan permintaan saya hanya tolong gachanya dipermudahkan dan tunning echonya juga dipermudah",Wuthering Waves,Positif
jakaarek ndopo351,5,2025-11-18 14:54:07,alur gg,Wuthering Waves,Positif
Evan Van,5,2025-11-18 13:17:49,"gamee mantaf,,panen Waifu tiap ganti region😋",Wuthering Waves,Positif
Ahmad Fauzi,5,2025-11-18 13:12:15,dear kuro development tolong bikin sistem kencan dan event date plissssss di update nanti 🙏🙏🙏🙏🙏🙏🙏🙏🙏🙏,Wuthering Waves,Positif
niell.,5,2025-11-18 11:33:07,game asik,Wuthering Waves,Negatif
Putu Bayu,5,2025-11-18 11:03:12,Terbaik ini mah,Wuthering Waves,Positif
kenn tut,5,2025-11-18 08:47:42,gamenya bagus ga kaya game sebelah kikir parah🤙😜,Wuthering Waves,Positif
fadlann,5,2025-11-18 08:20:45,"Absolute Cinema ! main di hp midrange pun masih terbilang enak, untuk bug masih jarang ditemuin dan lapor ke CS pun langsung direspon. Mungkin untuk koneksi jaringan yang kadang suka jumping jumping padahal di apk yg lain biasa saja dan tambahin ladang astrite woi 👊 coba bikin fitur reset explore biar bisa diulang lagi hehehe",Wuthering Waves,Positif
Haw,4,2025-11-18 07:10:15,exchange item resetnya terlalu lama,Wuthering Waves,Negatif
Khalid Muh Rafli,3,2025-11-18 06:03:01,"Gamenya dari segi gameplay dan kesuluruhan sudah sangat memuaskan, tetapi ada di masalah Grafik yang harus sedikit di Optimalkan saat ngrender Objek yang membuat saya setiap kali bermain selalu terjadi Lag, itu saja saran dari saya untuk Developernya semoga di tanggapi😁",Wuthering Waves,Positif
Muhammad Iqra,5,2025-11-18 03:16:32,quest story 2.5 buat saya menangis,Wuthering Waves,Positif
Farhan Ganteng,5,2025-11-18 02:13:55,game nya sangat bagus alur cerita nya udah diperbaiki dan semuanya telah diperbaiki semua keinginan pemain langsung dikabulkan walaupun butuh yang lama kan wajar membuat game seperti ini butuh pembuatan yang sangat lama sesuai keinginan player,Wuthering Waves,Positif
Muhammad Ravi,5,2025-11-18 01:17:59,"game baik, QOL berlimpah, game seru, sangat rewarding, pokonya terbaik lah",Wuthering Waves,Positif
Abdul,5,2025-11-18 00:25:31,"game nya gak kikir, tolong masukan beberapa bahasa, seperti bahasa Indonesia, China, jepang, dll",Wuthering Waves,Positif
Candra Nurrohman,5,2025-11-18 00:09:24,"Game bagus,perfect game good",Wuthering Waves,Positif
Dho Tzy,5,2025-11-17 22:14:50,"mau comeback tapi hp udah gak mendukung cik,dulu gw download pas update 2.1 masih enjoy soalnya hp masih baru , langsung aja gw download bisa gak sih kuro size nya dikecilkan,haduhh nyesel nyo gw hapus😭😭",Wuthering Waves,Negatif
Johnny Okray,1,2025-11-17 19:47:29,pity merah Mulu cape doang....,Wuthering Waves,Negatif
Adi Saepul rahman,3,2025-11-17 19:02:21,berikan kami subtitle Indonesia KURO😭,Wuthering Waves,Negatif
Faizun,5,2025-11-17 14:36:25,👍,Wuthering Waves,Positif
Val Kyrie,5,2025-11-17 12:04:57,keren,Wuthering Waves,Positif
Harwalis Deslow,5,2025-11-17 10:39:28,gak tau kenapa mekaniknya walau susah tapi seru jadi ada tantangan,Wuthering Waves,Positif
Ibankkk12,5,2025-11-17 08:59:05,"benar benar menakjubkan jir game ni, aseli keren bat. tapi gw belum nyobain sih, soalnya masih download data hhe👉😛",Wuthering Waves,Positif
Hendra Saputra,5,2025-11-17 07:48:14,"Tolong di masukkan bahasa Indonesia nya,biar lebih di pahami alur ceritanya,grafik game sudah bagus .",Wuthering Waves,Negatif
Jhoni Syaputra,5,2025-11-17 06:30:23,Makasih udah buat game sebagus ini,Wuthering Waves,Positif
Nekkozil,5,2025-11-17 05:33:06,mantapp,Wuthering Waves,Positif
Jhody Adhitya p,4,2025-11-17 04:15:15,"game nya cukup bagus untuk dimainkan,tapi tolong minimal main game ini, chipset Helio g99 bisa 30 fps stabil,kalau ini bisa, kemungkinan yang pakai Helio g99 pasti tambah banyak Player main dengan nyaman, terimakasih admin, semoga di balas sama adminnya,salam dari Player indonesia",Wuthering Waves,Positif
Azry Fachrizi,5,2025-11-17 03:22:16,mantap,Wuthering Waves,Positif
Deswendi Saputra,1,2025-11-17 02:11:18,"game nya jelek secara keseluruhan, kecuali untuk orang yang suka lihat booba.. karena karakter nya hampir 100% menjual booba.. susu, susu, susu..",Wuthering Waves,Negatif
Marta deviana,5,2025-11-16 23:54:03,Sangat bagus,Wuthering Waves,Positif
Daniel Yusuf,5,2025-11-16 21:22:15,"gamenya bagus banget, tapi kurang di optimalisasi. semoga update kedepannya bisa lebih optimal",Wuthering Waves,Positif
forgetmeNot-,1,2025-11-16 18:38:32,Optimisasi perangt mobile sbgt buruk!,Wuthering Waves,Negatif
Rihan Doko,4,2025-11-16 16:56:35,bintang 5 untuk sediakan bahasa Indonesia hehe,Wuthering Waves,Positif
M FIKRI PRASTYA,5,2025-11-16 15:44:58,keren aw,Wuthering Waves,Positif
ferdi bae,5,2025-11-16 15:44:11,game baik,Wuthering Waves,Positif
Mustafa Ismail,3,2025-11-16 14:26:41,saya minta tolong kepada developer agar di buatkan bahasa Indonesia nya,Wuthering Waves,Negatif
Iskhak,5,2025-11-16 11:50:06,sangat bagus 🤩,Wuthering Waves,Positif
Nur Iman,5,2025-11-16 11:14:27,dah maen dari awal rilis sekarang dah mantap semoga spesifik tidak terlalu tinggi ketika sudah di versi kedepannya good job 👍,Wuthering Waves,Positif
Ahmad Shofiudin,5,2025-11-16 09:15:18,"Geloo bagus baget game play nya,story gacor parah, perfek dah ni game",Wuthering Waves,Positif
Akbar Nur Arifin,5,2025-11-16 08:55:49,"cerita nya seru banget, love it so much!",Wuthering Waves,Positif
Yogi Nur,5,2025-11-16 03:50:45,terbaikk,Wuthering Waves,Positif
Rafa Tri Maulana,5,2025-11-16 03:08:08,bagus,Wuthering Waves,Positif
Cheriel Tata,5,2025-11-15 23:05:23,ini game membuat saya kembali ke 2 tahun yang lalu,Wuthering Waves,Positif
Moch Margi Winata,2,2025-11-15 22:23:13,Game wuwa semakin hari semakin tidak playable di perangkat mobile. Sering mendadak force close dan terasa sangat berat saat dimainkan. (Device poco F3),Wuthering Waves,Negatif
Shadow Kagenou,5,2025-11-15 17:23:41,sangat keren,Wuthering Waves,Positif
Frekurnia Advan,5,2025-11-15 14:35:21,ini game yg gw paling the best rekomendasi petualangan game ini solusinya,Wuthering Waves,Positif
Farid M.z,3,2025-11-15 12:43:29,ini bagus banget game nya cmn tolong di beri bahasa indonesianya🙏,Wuthering Waves,Positif
Faith551,4,2025-11-15 12:43:20,ga seru 😹🗿,Wuthering Waves,Negatif
Raffael,5,2025-11-15 12:18:09,game nya bagus tapi boleh tolong perbaiki bug nya di login suka keluar sendiri,Wuthering Waves,Negatif
Dream Machine,5,2025-11-15 06:09:04,Sering frame drop tolong di perbaikk,Wuthering Waves,Negatif
Nishikawa Sensho,5,2025-11-15 05:06:29,game bagus 👍,Wuthering Waves,Positif
YT Zyrex17,5,2025-11-15 01:02:20,"game nya bagus ,cuma ini kan saya main di ps5 tolong dong developer nya stabilin fps di ps5 nya jangan fokus naikin grafik aja ,",Wuthering Waves,Negatif
devil 021,5,2025-11-14 17:36:48,mantappp,Wuthering Waves,Positif
Wolfy,5,2025-11-14 15:10:24,"game nya sangat bagus,",Wuthering Waves,Positif
Made Rangger,1,2025-11-14 11:56:48,buatkan versi cloud kuro please aku ingin memainkan nya,Wuthering Waves,Negatif
Irwan Aja,5,2025-11-14 08:55:59,Tolong Rilis Bahasa Indonesia 😁,Wuthering Waves,Negatif
Ali mercon,5,2025-11-14 07:42:16,helio g99 ngeframe parah euy,Wuthering Waves,Negatif
Aziz Sauvage,4,2025-11-14 04:54:49,optimal kan lagi,Wuthering Waves,Negatif
Lingleng Tawardi,5,2025-11-14 02:21:02,games terbaikkkkkkkkk. tapi tolong tambahkan sub Indonesia nya,Wuthering Waves,Positif
Adit Tio saputra,1,2025-11-13 15:30:12,"game ampas masah gacha nya jelek banget gacha 130 kali cuman dapat yinglang 2 itu aja,mana parming untuk gacha udah 5 hari nonstop malah di kasih ampas gini gacha mana gak sakit hati game ampas kasih bansos nya lumayan banyak tapi gacha nya kayak ngtod, game gak jelas😡😮‍💨",Wuthering Waves,Negatif
Qieqizie e,2,2025-11-13 13:51:39,"gamenya bagus banget, tapi setelah update entah kenapa HP saya jadi ga sanggup mainin. Padahal main dari awal patch yg seminggu sekali ada update, sekarang setiap 5 menit force close, semoga ada perbaikan dari pihak kuro",Wuthering Waves,Negatif
Akmal Nur Fauzie,5,2025-11-13 13:41:53,mntp Dev hytam,Wuthering Waves,Positif
Asbiq Ubayu01,5,2025-11-13 01:35:07,asik,Wuthering Waves,Positif
C B M Official,5,2025-11-12 18:49:23,"aku sedang nabung untuk membeli hp yg bagus untuk lanjut bermain wuwa lagi, semoga aku konsisten agar bisa bermain lagi💪 jadi aku kasih bintang 5, larna game ini kesukaanku🌹",Wuthering Waves,Positif
Fadil. Ego,5,2025-11-12 16:40:12,game bagus,Wuthering Waves,Positif
Embong gaming,5,2025-11-12 14:50:50,keren game nya,Wuthering Waves,Positif
Arya Vwr,5,2025-11-12 12:41:36,waw,Wuthering Waves,Positif
nowadays62,5,2025-11-12 12:13:56,"Terimakasih kurogames, berhasil membujuk saya menjadi kurobot nomer kesekian, tambahan aja sih untuk optimisasi di hp tolong ditingkatkan ya, semoga area lama dan area khusus untuk story kedepannya bisa dihapus secara opsional. supaya tidak memberatkan penyimpanan internal hp 😅",Wuthering Waves,Positif
Need For Speed Mobile,5,2025-11-12 08:50:45,bagus minus ga ada teks indo semoga ada kedepan nya,Wuthering Waves,Negatif
Teliv Rigen,5,2025-11-12 03:37:39,"Wah makin lama makin bagus gamenya, semua nya dah perfect, cuma kadang hp saya sering force close karena kurang kuat😅, saya harap untuk map map setelah nya gak begitu berat, sekalau bisa juga ringankan lagi gamenya",Wuthering Waves,Positif
annisa salsabila,4,2025-11-12 01:38:13,bagus banget gameplay nya. tapi sayang ga ada sub Indonesia. jadi agak susah ngerti lorenya. tolong tambahkan subtitle Indonesia,Wuthering Waves,Negatif
Lukman Khakim,1,2025-11-11 18:36:24,saat membuka game terjadi force close padahal main game berat lainnya lancar seperti genshin dan efootball,Wuthering Waves,Negatif
SPNM Modern Warship 96,5,2025-11-11 17:58:59,Tolong update kedepannya tambahkan bahasa Indonesia... ..,Wuthering Waves,Negatif
RIDHO GM 70,5,2025-11-11 16:26:22,mantap,Wuthering Waves,Positif
KyyUW Epep,5,2025-11-11 16:25:58,game yg sangat bagus dan admin nya baik sekali,Wuthering Waves,Positif
LS_minerva,1,2025-11-11 16:21:56,"93 free pull taee , kudu grind sampe mid game baru dapet , gw download kata nya game ramah ke new player ,",Wuthering Waves,Negatif
Xiao Bai,5,2025-11-11 15:48:52,"Game ini sangat bagus sekali,tapi tolong tambah kan bahasa Indonesia untuk game ini",Wuthering Waves,Positif
Aditya Ndutz,5,2025-11-11 15:47:06,"Awalnya Suka bgt sm game WuWa, tp belakangan sering FC ga jelas...",Wuthering Waves,Negatif
TOMAS,5,2025-11-11 14:03:55,"terimakasih atas 2 banner ini,saya menang rate off semua game baik👍🏻👍🏻😎😎🙏🏻🤏🏻",Wuthering Waves,Positif
D Vlog,5,2025-11-11 10:31:05,"mantap, Genshin killer buat kaum gabiss beli hp gaming mahal",Wuthering Waves,Positif
KARBITERS,5,2025-11-11 10:02:47,"Bagus gamenya walaupun sering frame drop di Redmi Note 13 Pro, semoga di optimalkan lagi kedepannya, Dan tambahkan bahasa Indonesia",Wuthering Waves,Negatif
Aditiya Nugraha,5,2025-11-11 09:31:16,gamenya ga pelit,Wuthering Waves,Positif
YAGaming,2,2025-11-11 06:13:58,Login stuck ngebug ajg,Wuthering Waves,Negatif
Gala Galaksi,5,2025-11-10 23:54:21,Uwoe,Wuthering Waves,Positif
Hapis,5,2025-11-10 14:56:18,GOKILLL,Wuthering Waves,Positif
santoon tv,4,2025-11-10 14:26:45,berikan bahasa yang lebih banyak lagi,Wuthering Waves,Negatif
Manzz,5,2025-11-10 13:07:03,Tolong lah tambahin bahasa Indonesia biar gk pusing🗿,Wuthering Waves,Negatif
Cadis etrama Di raizel,5,2025-11-10 11:41:11,gameplay keren,Wuthering Waves,Positif
Yuri Chan,5,2025-11-10 11:29:39,"Gacha lumayan gampang dan ngga pelit juga, serius gw main nih game +-1thn dah punya 10 limit+sign 😭 Kurang dermawan apa coba nih game dari kuro 👌 Kalo ada yang bilang gacha ampas ya gw cuman bisa bilang, selamat datang di dunia gacha 😁 gw punya 4 akun juga 1 akun doang yang hoki gachanya",Wuthering Waves,Positif
Flayyy,2,2025-11-10 10:26:02,gada bhasa indonya,Wuthering Waves,Negatif
Rakha Jati,5,2025-11-10 09:39:53,game nya mantap banyak epic moment nya,Wuthering Waves,Positif
William,5,2025-11-10 05:28:10,mantap karakter,Wuthering Waves,Positif
Mo Beixu,5,2025-11-10 01:06:24,"no comment, soalnya bagus bgt dri segi grafik dll",Wuthering Waves,Positif
L1t0 H3mm,5,2025-11-10 00:16:53,👍,Wuthering Waves,Positif
rimuru,4,2025-11-09 23:16:35,berat cuyyy,Wuthering Waves,Negatif
Ange Lus,5,2025-11-09 14:13:16,👍,Wuthering Waves,Positif
Hisui Ernesta,3,2025-11-09 11:45:01,"Game nya bagus dari story sampai sistem combatnya sangat enjoyable dan berbagai event seru yang sangat disayangkan bila dilewatkan, tapi ini game sangat berat di perangkat SOC Dimensity 7025-Ultra kebawah dan file size dari game ini yang terbilang cukup gila besarnya.",Wuthering Waves,Negatif
Devid Maulana,1,2025-11-09 11:23:18,game ampas gacha kalah mulu udah gitu dapetnya selalu nyaris mentok pity,Wuthering Waves,Negatif
Yui,5,2025-11-09 10:46:53,keren..,Wuthering Waves,Positif
Randy Putra pratama,5,2025-11-09 09:10:19,gacor kang,Wuthering Waves,Positif
Pann,1,2025-11-09 05:01:35,makin kesini makin buruk size semakin membengkak tidak ramah untuk HP kelas menengah ke bawah,Wuthering Waves,Negatif
Suzy Kim,5,2025-11-09 01:06:50,Game bagus banget. Game baik. Royal. Ga pelit. Grafik bagus cut scene keren,Wuthering Waves,Positif
Synx,5,2025-11-08 18:09:03,"absolute galbrena ✋️😮‍💨🤚, semoga genshulin playable, udah lumutan ini nungguinnya",Wuthering Waves,Positif
Akun Asli,5,2025-11-08 16:27:30,cuma bisa bilang WOW untuk game gratis ini kembangkan lagi agar bermain di android spek mid lebih lancar,Wuthering Waves,Positif
Tanaka Ch,1,2025-11-08 15:56:44,tambahkan bahasa Indonesia!,Wuthering Waves,Negatif
Kadek Sura,5,2025-11-08 15:31:07,mantapppp,Wuthering Waves,Positif
•,5,2025-11-08 15:27:11,Yay,Wuthering Waves,Positif
Zednii Satoru,5,2025-11-08 14:54:48,"guamen epic cuk, story awal bagus apalagi selanjutnya",Wuthering Waves,Positif
Ravindra Arsyaq,5,2025-11-08 13:04:51,adain widget pemberitahuan min,Wuthering Waves,Positif
Held Oct,5,2025-11-08 05:49:16,game baik,Wuthering Waves,Positif
Athaya,5,2025-11-08 04:49:57,ok,Wuthering Waves,Positif
Fata Aditya Prayoga,5,2025-11-08 02:55:49,Bagus gamenya gk kikir bansosnya,Wuthering Waves,Positif
Arga Lukya Yan Pratama,5,2025-11-08 02:06:43,lesklgooo subtitle bahasa indonesia,Wuthering Waves,Positif
Zainal Abidin,5,2025-11-07 16:26:54,developer tolong tambahin bahasa Indonesia....,Wuthering Waves,Negatif
Iwak Ikan,5,2025-11-07 13:53:35,sama kayak pgr,Wuthering Waves,Positif
I Putu Giri Nathan Agastya,5,2025-11-07 13:27:47,"bagus storynya, semoga kedepanya ada b indo",Wuthering Waves,Positif
Phillip Impact,4,2025-11-07 10:15:54,gamenya bagus dan garfisnya bagus tapi mohon ya rilis lebih banyak Karakter bintang 4 supaya lebih f2p friendly dan kurangi rilis karakter bintang 5 tapi walaupun di kurangi tetap bikin peforma bintang 5 bagus,Wuthering Waves,Negatif
Eartz Zx,5,2025-11-07 07:25:09,"tolong untuk developernya, bisa tambahin teks, BAHASA INDONESIA GA ? soal nya masih kurang inggris ku nya.",Wuthering Waves,Negatif
Supyan Hady,2,2025-11-07 05:37:31,gamenya ga bisa di buka aku mau buka tapi keluar trs tolong di perbaiki updatenya🙏,Wuthering Waves,Negatif
alif alamzyan,5,2025-11-07 04:23:19,keren game terbaik,Wuthering Waves,Positif
fathan 2493,5,2025-11-07 03:51:10,game baik aku suka🥰,Wuthering Waves,Positif
M.khairul Zain,5,2025-11-07 03:32:45,sangat mantapppp,Wuthering Waves,Positif
Doni Orlando,5,2025-11-07 01:29:05,"Terbaik, tingkatkan lagi kualitas suara dan grafis ke efisiensi. Untuk grafik bagus memiliki ciri khas sendiri, untuk suara seperti di compress jadi terasa kering dan ada noise perbaiki itu. Terimakasih",Wuthering Waves,Positif
FerilForReal,5,2025-11-06 23:46:01,"overall best gaming company menurutku, baik dan tidak kikir seperti game sebelah, lopyu kuroo sering sering kasih bansos yaa sama banyakin char cowo, saya sebagai player cewe ingin punya banyak suami virtual",Wuthering Waves,Positif
Zeex4,5,2025-11-06 18:34:10,keren,Wuthering Waves,Positif
Pandu Pramana,5,2025-11-06 15:35:01,Luar biasa,Wuthering Waves,Positif
Lia Dwi Atiqah,5,2025-11-06 14:22:54,"game nya bagus, cuma di optimalkan lagi ya🙏🙏",Wuthering Waves,Positif
Fira Livia,1,2025-11-06 13:50:26,pas update akunku malah hilang woi >:[,Wuthering Waves,Negatif
Fajrul F.R,5,2025-11-06 12:49:06,MAKASIH RC6 ZANI NYA KURO,Wuthering Waves,Positif
David Perdana K.p,5,2025-11-06 12:12:23,"Ping bermasalah, force close",Wuthering Waves,Negatif
irgi Andriandi,5,2025-11-06 11:58:57,Gamenya Bagus Story Mantap Cuma Dari Segi Subtitle Itu Nggak ada Indonesia Kalo Ada Sub Indonya Lebih Mantap Lagi Kenapa Mas Di Karenakan Yang Nggak Terlalu Paham Pasti Skip Skip Story Karena Nggak Paham Subnya,Wuthering Waves,Positif
Finixs 27,5,2025-11-06 10:07:46,"pleaseee kasih bahasa indonesianya dong, game bagus tapi gua gak ngerti apa yang mereka omongin..",Wuthering Waves,Negatif
沙耶崎,5,2025-11-06 09:48:12,GIM BAIK BANGET MAKASIH ZANI NYA WOSNFIS CJE,Wuthering Waves,Positif
Pujangga Mafianus Argi,5,2025-11-06 08:26:53,"Seluruhnya bagus, aku menyelesaikan seluruh konten dalam 4 bulan saja, tapi versi mobile sering hilang music background jika bermain lama, tolong diperbaiki",Wuthering Waves,Positif
Muhammad Fadli,4,2025-11-06 08:11:46,tolong tambah kan bahasa Indonesia karna ngk paham bahasa Inggris mau nyelesaikan quest susah,Wuthering Waves,Negatif
S Seee,1,2025-11-06 06:50:07,berat banget grafix nya,Wuthering Waves,Negatif
Ijo Cell,1,2025-11-06 06:37:57,game download data nya banyakkkkkkkkkkkkkk banget jadi aku kasih rating 1,Wuthering Waves,Negatif
Fathur Rahim,5,2025-11-06 06:31:31,game ini sangat bagus dan seru tapi kasih bahasa Indonesia nya dong 😊,Wuthering Waves,Positif
Muhammad Fikri,5,2025-11-06 05:22:58,untuk game naya Uda bagus tapi saran lebih di optimalkan lagi di Poco f6 Snapdragon 8s gen 3 kadang 60 fps terus di map baru malah drop 30 Sampek 20 fps,Wuthering Waves,Negatif
Wahyu Alimukti,4,2025-11-06 04:53:03,"game bagus, pity busuk",Wuthering Waves,Negatif
belajar 12 1234,5,2025-11-06 00:17:24,"gamenya rekomen banget, bagi yang suka Explorasi dengan grafik yang sangat bagus",Wuthering Waves,Positif
Miqbal Wahyudi,1,2025-11-05 23:41:07,"GAME AMPAS, TIAP MAU DAPAT CHARACTER HARUS RATE OFF DULU",Wuthering Waves,Negatif
Lucior Full of imagination,5,2025-11-05 23:01:22,lebih bagus dari pada genshin bansos jg lancar👍,Wuthering Waves,Positif
Vrince Gremory,5,2025-11-05 16:55:39,Game Absolute Cinema 🖐😐🖐. Dulu dihina karna waktu perilisan banyak bug dan semenjak itu WuWa berubah menjadi lebih baik. Namun apalah daya terpaksa pensi karna laptop rusak dan HP tidak mendukung 😔☝.,Wuthering Waves,Negatif
Ikyturu 243,1,2025-11-05 14:49:47,game 50/50 aku baru maen langsung kalah rate off,Wuthering Waves,Negatif
Loriek S,5,2025-11-05 14:42:05,gamenya bagus sekali,Wuthering Waves,Positif
Nitya P.,2,2025-11-05 14:35:03,"bagus sih bagus, tapiiiii tolonggg bangettttttt, aku sering ngelag terus tbtb keluar. Padahal lancar lancar aja, grafik rata kiri, ringan. hp juga gak panas.",Wuthering Waves,Negatif
Muhammad arif Arif,5,2025-11-05 13:48:53,"mantap gacha""nya gacor",Wuthering Waves,Positif
Rouf fidura,5,2025-11-05 13:27:06,tambahkan bahasa Indonesia yaa,Wuthering Waves,Positif
Athawalruz,5,2025-11-05 12:59:11,kuro baik,Wuthering Waves,Positif
Zarif,5,2025-11-05 11:52:38,"developernya baik,banyak memberikan bansos,banyak fanservicenya,#kurosayangplayer",Wuthering Waves,Positif
OwwDinn,5,2025-11-05 11:42:32,"Gak kikir, story bagus, animasi bagus, grafik bagus game gratis spek berbayar",Wuthering Waves,Positif
Jhesta Mahayekti,3,2025-11-05 11:21:18,keseringan compiling shader bikin males login,Wuthering Waves,Negatif
Silhan Alfiansyah,5,2025-11-05 10:51:36,"game ini sangat bagus sekali cuman sayang semakin ganti pacth semakin besar buat size gamenya, paling upgrade memori HP sih kalau mau bertahan.",Wuthering Waves,Negatif
Andreas Andreas,4,2025-11-05 08:17:53,bagus banget mulai dari gameplay nya bagus tapi kalo bisa jangan terlalu berat karena HP gw kentang (kalo bisa 🙏),Wuthering Waves,Positif
Dimm,5,2025-11-05 05:43:51,bagus,Wuthering Waves,Positif
Anilluthfi Tuzla,4,2025-11-05 05:27:53,bahasa Indonesia mana?,Wuthering Waves,Negatif
Riski Piansyah,5,2025-11-05 02:24:14,benar benar bagus,Wuthering Waves,Positif
Kiwirgeming Wir,5,2025-11-04 15:51:12,best game ever!! tetap optimalkan untuk perangkat mobile.,Wuthering Waves,Positif
Rehan andriano,5,2025-11-04 15:13:25,Game gacor,Wuthering Waves,Positif
Faisal Afandi,5,2025-11-04 15:03:25,"bagus dan Tidak begitu Paytowins, intinya fokus grinding, fokus misi² kecil untuk mengumpulkan bahan².",Wuthering Waves,Positif
Mihyaeru Kaiza,2,2025-11-04 13:56:28,Saya mohon tambahkan fitur bahasa Indonesia karena saya tidak terlalu bisa membaca bahasa inggris,Wuthering Waves,Negatif
Arya,5,2025-11-04 12:20:53,tolong untuk game nya tambah kan translate ke Indonesia saya sering pakai translate untuk menerjemahkan ke Indonesia 😁,Wuthering Waves,Negatif
NYOTERz_,5,2025-11-04 10:57:38,mantap gatcha gak hard pity kaya game sebelah 🗿,Wuthering Waves,Positif
Hafis Z,5,2025-11-04 09:17:07,game keren gameplay smoth tergantung chipset event banyak dn menarik Terima kasih buat developer gak tau mananya lupa(:,Wuthering Waves,Positif
Asa Bhacena,5,2025-11-04 07:42:30,👍👍,Wuthering Waves,Positif
Zan Versi jp,5,2025-11-04 04:57:46,game bagus g kayak game..,Wuthering Waves,Positif
Verover Lee,5,2025-11-04 04:05:33,"Makin bagus dan sudah tidak ada bug lagi. keren tpi panas sih di HP, makin optimal di main kan, signal bagus lancar kalo signal jelek nge lag, tapi cerita utamanya bagus gk bosenin",Wuthering Waves,Positif
Ahmad Ridho,1,2025-11-03 22:46:21,"pleaseee, kasih bahasa indonesia😭😭",Wuthering Waves,Negatif
Rizky Ardiansyah 2996,5,2025-11-03 21:31:17,game masterpiece dari segi pertarungan sama story🥶🤯,Wuthering Waves,Positif
Mauou Lumira,4,2025-11-03 15:52:29,"bagus,hanya saja kurang di optimisasi",Wuthering Waves,Negatif
reza fauzian,5,2025-11-03 10:44:18,Mantap banyak tobrut,Wuthering Waves,Positif
Ari Rachmad Hidayatulloh,5,2025-11-03 10:32:42,tolong min sediain domain untuk farming exp echo🗿,Wuthering Waves,Negatif
muhammad aris,5,2025-11-03 06:32:45,Semoga event photo sekarang jadi permanen!!! harus permanent,Wuthering Waves,Positif
Thad Deus,5,2025-11-03 06:16:04,"Buat di HP cukup oke sih walau kalo segi grafik di bandingin sama PC agak jauh walaupun udah rata kanan. tapi ya overall bagus fps stabil gak terlalu ada kendala. banyak yang bilang ini kenapa gak stabil knp suka fc dll mngkin itu kndala di HP nya aj kli gausah maksa main di rata kanan sih masih bagus kok grafik nya kecuali klo emg HP ny memumpuni. dlu gua jg gitu ko HP kurang memumpuni paksa main grafik bagus emg suka fc sama ngfrezee sih karna emg HP biasa. skrg udah ganti HP lancar"" aja ah",Wuthering Waves,Positif
Lara Santika Liinresti94,1,2025-11-03 02:14:10,kenapa sinyalnya sangat buruk setelah update kali ini?,Wuthering Waves,Negatif
Exchel G Claudhio,1,2025-11-02 19:58:49,SAMPAH KEBANYAKAN COMPILING SHADER,Wuthering Waves,Negatif
Andhika Aulia,5,2025-11-02 19:02:22,"semua bagus tapi, add subtitle bahasa Indonesia",Wuthering Waves,Negatif
ikhal ibrah,5,2025-11-02 15:41:06,bagus,Wuthering Waves,Positif
Abdullah Muhammad Faishal,5,2025-11-02 12:25:05,gamenya bagus 😄,Wuthering Waves,Positif
AS BUN,1,2025-11-02 09:52:34,mohon tambahkan bahasa Indonesia...,Wuthering Waves,Negatif
Lintang Septian Rasya,5,2025-11-02 09:05:27,Aku akui game ini cukup bagus dan kasih rating 5 tapi aku minta 1 hal yang ku inginkan. jika anda mendengarkan kami maka aku ingin anda melakukan kolaborasi Dengan Jojo setelah Cyberpunk Edgerunners. karena aku melihat banyak referensi JoJo di Game anda. maka harusnya anda juga Berani Collab dengan JoJo terlepas dari apa yang terjadi Collab dengan JoJo akan memberikan keuntungan besar dan aku akan menghabiskan uangku untuk Gacha semua Karakter Collab itu terima kasih dan semoga anda mendengar🙏,Wuthering Waves,Positif
madbrin kutan,5,2025-11-02 07:41:20,Tambah Bahasa Indonesia,Wuthering Waves,Negatif
Abidzard Store,5,2025-11-02 03:13:13,STORY NYA SERUUU BANGET,Wuthering Waves,Positif
Siantan Favor,1,2025-11-02 02:55:41,gacha saya selalu ampass rate on/rate off hard pity semua... saya gatau salah saya apa. tapi saya di benci sama game ini. semoga berkah karena udah saya mainin. sekarang saya hapus dulu game nya.,Wuthering Waves,Negatif
Rey Zan,5,2025-11-02 01:46:21,wow,Wuthering Waves,Positif
Rass,5,2025-11-02 01:25:28,"Gamenya udah bagus,ad beberapa kekurangan tapi kuyakin pihak kuro pasti bisa nyari solusinya,dan ad sedikit permintaan kepada pihak kuro,mohon tambahkan lebih banyak subtitlenya,karena saya sebagai pemain dari indo yg lumayan b inggrisnya,agak kesusahan juga untuk memahami semua jalan ceritanya.",Wuthering Waves,Positif
Arif Rahmatullah,1,2025-11-01 22:13:51,BABI FORCE CLOSE MULU,Wuthering Waves,Negatif
Luck999,1,2025-11-01 19:57:06,makin update kesini-sini makin banyak yg butuh di optimalisasi untuk device mobile.. salah satunya render nya yg lama gak sama seperti sebelum update,Wuthering Waves,Negatif
M.Reza Saputra,5,2025-11-01 19:06:04,"aku suka kuro terima kasih kuro game,game baik,banyak istri banyak rezeki",Wuthering Waves,Positif
Ezi Sung,5,2025-11-01 16:13:34,aku tidak banyak kata atau pendapat buat ini game yaitu sangat bagusss sekali itu aja👍 sangat rekomendasi buat coba ini game,Wuthering Waves,Positif
Septi Uji Lestari,5,2025-11-01 15:19:12,Puas banget buat closing di Rinachita,Wuthering Waves,Positif
raka Agsandri,5,2025-11-01 14:10:49,sangat bagus,Wuthering Waves,Positif
Jeremi Jeremi,5,2025-11-01 13:35:35,cantiknya!!,Wuthering Waves,Positif
LUTHFI HIKMAWAN,4,2025-11-01 12:13:29,gamenya bagus tp size nya terlalu gede 33GB,Wuthering Waves,Negatif
Naufal Alhtaf Faeyza,5,2025-11-01 10:34:56,"gacor,anti kikir🔥",Wuthering Waves,Positif
Dhoom Dhoom,5,2025-11-01 09:54:37,games bagus tapi yang sulit teka teki buat ambil kotak sulit banget. kalau semua permainan nya bagus cukup keren. terimakasih,Wuthering Waves,Positif
Jasmine Alliya,5,2025-11-01 09:42:20,"gamenya bgus ga kikir kek game sebelah, gw gacha selalu low pity mulu di 40× pull + signnya juga",Wuthering Waves,Positif
Pasha Almer,5,2025-11-01 07:17:50,kasih aku low pity seumur hidup plisss,Wuthering Waves,Positif
Ixbal Irwan,5,2025-11-01 06:37:36,"Dev baik, gameplay asik, bansos banyak, story okey, ini game gacha animek pertama yang gw coba dan gak ngecewain 👍",Wuthering Waves,Positif
Febru Putra Perdana,5,2025-11-01 04:28:37,"satu kata untuk game ini ""terbaik""",Wuthering Waves,Positif
Abdul Azis,4,2025-11-01 02:43:57,game bagus story bagus pemandangan ok,Wuthering Waves,Positif
fajar jr?,5,2025-11-01 01:20:35,terbaik lah kau man,Wuthering Waves,Positif
Rian Afinda,5,2025-10-31 20:16:31,ok,Wuthering Waves,Positif
Langit Biru,5,2025-10-31 17:39:56,"Buat ponsel Helio G200 aja gak nyangka bakal lancar meskipun pakai 90% setting grafis rata kanan dan serba ON, berbagai konten yang ada di game juga sangat menyenangkan. Jadi intinya, terus kembangkan dan terus lakukan optimalisasi game anda ini Kuro, gak usah dengarkan itu para pelontar komentar buruk yang gak membangun, anggap aja angin lewat yang cukup diabaikan aja, karena sering kali mereka gak sadar asal muasal permasalahan mereka sendiri, dan justru malah memberi komplain yang gak mutu.",Wuthering Waves,Positif
Muhammad Firmansyah,5,2025-10-31 16:24:01,karna ada chisa,Wuthering Waves,Positif
Refky Akto,5,2025-10-31 15:54:31,suka gamenya.. kalau bisa mediatek 8300 ultra peforma nya sampai 120 fps,Wuthering Waves,Positif
Eka,5,2025-10-31 14:36:51,mantap,Wuthering Waves,Positif
Prasetya Agustian,1,2025-10-31 14:30:52,"gacha karakter ampas, masa selalu kalah 50/50 mana selalu di pity 70 keatas.",Wuthering Waves,Negatif
Mahdi Mahdi,1,2025-10-31 14:23:54,akan saya kasi B5 jika developer memberikan saya karakter B5 qiuyuan rarrr,Wuthering Waves,Negatif
Fhry Rmdhn,5,2025-10-31 13:23:56,ga kikir kayak sebelah,Wuthering Waves,Positif
RATU ALLTHEM SUMIGAR,5,2025-10-31 12:58:17,Sangat ramah F2P,Wuthering Waves,Positif
Gaiagaib,5,2025-10-31 12:55:31,game baik hati,Wuthering Waves,Positif
Lawrence Pulo,5,2025-10-31 10:45:28,BEGINNER LUCK GUA DAPAT LIMITED 5* LANGSUNG AMA SENJATA NYA GELOOOO,Wuthering Waves,Positif
Aston,5,2025-10-31 08:16:46,game baik,Wuthering Waves,Positif
Roby Awal,5,2025-10-31 06:17:50,"gamenya keren, cumn tidak ada bhaas indo, padhal dari storynya bagus bnagt, jadi kurng maksimal menikmati storynya, tapi over all, bagus sekali gamenya",Wuthering Waves,Positif
Jon Key,5,2025-10-31 06:01:24,mantap,Wuthering Waves,Positif
Sera Ranasisca,3,2025-10-30 23:16:48,Please fix whiwa performance on mobile and make waves spawn not dependent on ping. Padahal main toa sama event lain lancar-lancar aja :((,Wuthering Waves,Negatif
Angga Agustian,1,2025-10-30 18:02:05,Ini Game Semakin Naik Internal nya Saya Yang 128gb Menangis :) Tolong Dong Ringankan Ini Game nya,Wuthering Waves,Negatif
ijol e,5,2025-10-30 17:07:24,"Rata-rata 10/10, game baik😁,kalo bisa aku juga mau dapet Dup 3 kayak orang lain😅.",Wuthering Waves,Positif
Muhammad Rizky Ananda Putra,4,2025-10-30 14:48:06,"makasih grafiknya, gamenya bagus, alhamdulillah",Wuthering Waves,Positif
FIN YZ,5,2025-10-30 13:00:51,🔥🔥,Wuthering Waves,Positif
이지 금IU,5,2025-10-30 12:57:16,"game lancar gak kaya sebelah, walaupun makan memori sama banyaknya tapi enteng dan lancar, semoga kedepannya begitu",Wuthering Waves,Positif
Aulya Ph,5,2025-10-30 10:41:42,Gua akan comeback wuwa demi Qiuyuan.,Wuthering Waves,Positif
Mamang Kait,1,2025-10-30 10:07:48,"ukuran full nya GK main2 186 GB, 👎",Wuthering Waves,Negatif
Alief Fahriyadi,1,2025-10-30 09:58:45,"woi apa ni wuwa, gak bisa login aku",Wuthering Waves,Negatif
DARK WEB,2,2025-10-30 08:46:17,benerin lah bug nya kiro masa gua gak bisa main pake jaringan wifi sih,Wuthering Waves,Negatif
ZIDANE,5,2025-10-30 06:51:06,gim bagus,Wuthering Waves,Positif
Mimi Chan,1,2025-10-30 05:56:07,"6 kali kalah rate off berturut-turut pity merah semua, pdhal cuma gacha husbu doang, 1 char rc6, bukan game gacha ini, game kikir ini, game gacha itu ada menang dan kalah, klo kalah terus bukan game gacha nama nya 😒😒",Wuthering Waves,Negatif
Mahadana Mahadana arkha pratama,5,2025-10-30 05:09:35,story nya bangus banget tapi saya benci sama phrolova,Wuthering Waves,Positif
Nico Abiyanto,5,2025-10-30 04:24:52,mantap,Wuthering Waves,Positif
Silverqueen channel,4,2025-10-30 03:36:31,"pernah main game ini pertama kali rilis,2 atau 3 hari main,aku stop karena gak ada bahasa Indonesianya",Wuthering Waves,Negatif
Muhammad Syahputra,5,2025-10-30 03:12:00,hoki,Wuthering Waves,Positif
Kurniawan Mega Santoso,1,2025-10-30 02:57:53,hahaha,Wuthering Waves,Positif
R- Gaming,5,2025-10-29 22:22:07,saran min tambahin bahasa indonesia,Wuthering Waves,Negatif
Nestelis DampNation NoNation,1,2025-10-29 21:10:54,gim 4no gim pedofil,Wuthering Waves,Negatif
Oalah Tod,1,2025-10-29 18:23:42,bahasa Indonesia tambahin kurontol,Wuthering Waves,Negatif
Shinn,5,2025-10-29 18:01:26,"Game gratis yang absolute cinema, sering sering denger masukan dari player ya kuro games, Masterpiece",Wuthering Waves,Positif
Norin,5,2025-10-29 15:05:29,Cartethiya banner rerun please,Wuthering Waves,Positif
Ahmad fegy Dinanta,5,2025-10-29 14:40:05,tolong subtitle bahasa nya buat yang versi Indonesia. tambah seru lagi dah kalau ada bahasa Indonesia nya,Wuthering Waves,Positif
Syifa Keyzia,2,2025-10-29 13:29:43,hard pity terus gw wkwkwk,Wuthering Waves,Negatif
Isa Curup,4,2025-10-29 13:16:33,saya berharap diadakan subtitle Indonesia agar dapat memahami cerita yang dibawa dan dapat menikmati nya,Wuthering Waves,Negatif
Monndey,5,2025-10-29 12:12:54,bagus bang bisa perang,Wuthering Waves,Positif
Putra Puspanegoro,5,2025-10-29 11:08:24,keren parah,Wuthering Waves,Positif
Mhd Raihan,1,2025-10-29 10:26:54,"kecewa gua, akun lama gua hilang padahal UID nya 9000 Halah jadi males lamain lagi",Wuthering Waves,Negatif
Verixa,1,2025-10-29 09:14:52,"game jelek pelit bansos, story ngantuk, powercreep per patch, event boring reward kikir, kalo kek gini mulu 3.0 ini game bakal EOS",Wuthering Waves,Negatif
Basklik,4,2025-10-29 07:45:20,"gamenya sangat bagus dan memukau sekalu yh, when yh bisa punya semua karakternya, dan pelis jangan kikir event wok dan jangan lupa optimalisasi",Wuthering Waves,Positif
A.L.W.D,5,2025-10-29 06:13:56,anjay,Wuthering Waves,Positif
Fadil dil,5,2025-10-29 01:38:37,keren 👏👍👍👍,Wuthering Waves,Positif
Aji Kusumayadi,5,2025-10-28 19:00:03,TOLONG PERCEPAT UPDATE PATCH 2.8 NYAA KUROO,Wuthering Waves,Positif
Orang Biasa,5,2025-10-28 18:28:29,Terima kasih dan semangat,Wuthering Waves,Positif
Nangelina,5,2025-10-28 15:46:42,keren bngtttt pas singkron havoc kyk dark² gitu keren,Wuthering Waves,Positif
Saykal Wayan Akbar,5,2025-10-28 15:43:14,bagus,Wuthering Waves,Positif
Alfarezi Muhamad Baihaqi (Alll),5,2025-10-28 14:03:26,sekali login dan gacha langsung dapat coyy,Wuthering Waves,Positif
Zeta,5,2025-10-28 11:03:07,manatapp,Wuthering Waves,Positif
Wortel GAMES,5,2025-10-28 10:58:28,mantap,Wuthering Waves,Positif
Dendika ip,5,2025-10-28 09:36:53,"Game Paling Bagus buat game gacha saat ini..Terus Tingkatkan.Semoga kedepannya bakal ada bahasa Indonesianya , karena game ini bisa dikatakan cukup rame dimainkan di Indonesia.itu saja Terimakasih Developer Semoga saran ini didengarkan.Dan Sampai Jumpa di ulasan selanjutnya",Wuthering Waves,Positif
Eizen _Gin,5,2025-10-28 08:56:58,"Panjang""game baik developer kuro emang best 🔥😊🔥semoga makin sukses yg masih Ngelag coba pakek config auto smooth",Wuthering Waves,Positif
Forgetful Winds,5,2025-10-28 04:21:26,game bagus sangat menyenangkan.. tolong tambah karakter cowoknya thanks,Wuthering Waves,Positif
Albara Mujahid Munib,4,2025-10-27 16:13:08,tes game,Wuthering Waves,Positif
Wahyu Prayitno,1,2025-10-27 14:44:39,kenapa jadi begini framedrop parah banget,Wuthering Waves,Negatif
Zaruf,5,2025-10-27 12:52:20,game nya bagus cuy,Wuthering Waves,Positif
Ferdinand Atmaja,5,2025-10-27 12:14:12,"game nya udah bagus dari story dan musik bagus banget malah pengen minta tambah satu lagi, pliss gachaku jangan ampas 🥲",Wuthering Waves,Positif
Suqron Al hakim,5,2025-10-27 08:37:32,"Overall game nya udah bagus banget story nya, fight nya sampai puzzle pun juga asik. semoga bisa terus berkembang ya. ohh iya semoga cepat Collab ditunggu ya",Wuthering Waves,Positif
Rizky Fadhilla,5,2025-10-27 07:54:48,bagus,Wuthering Waves,Positif
II Capitano,5,2025-10-27 06:37:43,Game baik,Wuthering Waves,Positif
AMIR HADI,1,2025-10-27 05:45:33,"2.7 update terparah, patah"" frame",Wuthering Waves,Negatif
Santo Nico,5,2025-10-27 03:26:40,tolong la untuk developer buatkan subtitle Indonesia nya sayang sekali ceritannya bagus tapi gak bisa di baca,Wuthering Waves,Negatif
wahdan julian,4,2025-10-26 23:41:18,bansos nyanbanyak ga kikir,Wuthering Waves,Positif
Honey Moon,5,2025-10-26 22:51:21,"game nya gachor bang solon, pokoknya bagus banget lah dari segi mana pun juga okay banget, tapi saya pribadi maaf uninstall dulu ya cape kalah rate off terus, masa udah kalah 4x berturut-turut di kasih menang sekali di kasih lagi kalah 3x berturut-turut lagi 😞 kalkulator dan bocil pink menghantui 😞 dah segitu aja makasih",Wuthering Waves,Negatif
Bimo Anggawi Sadikin,2,2025-10-26 18:30:07,pelit gacha.,Wuthering Waves,Negatif
Firman Firdaus,5,2025-10-26 17:46:43,keren pokonya,Wuthering Waves,Positif
RAγHAN,5,2025-10-26 17:24:01,dear kuro...makasih udah bikin game sebagus ini 🥰,Wuthering Waves,Positif
Bil Nab,5,2025-10-26 15:50:20,kuro game tolong banget yah game wuthering wavesnya di optimalkan lagi untuk versi mobilenya karna untuk sekarang sebenernya udah mendingan tapi tetep aja kerasa crash dan lag nya mungkin karna size semakin lama semakin besar tapi overall sangat bagus dan love this game tapi cuman 1 tolong yah di optimalkan lagi biar tambah lancar lagi mainya🙏🔥,Wuthering Waves,Negatif
Deris Susanto,5,2025-10-26 15:41:05,"Gamenya bagus banget, tapi lbh bagus lagi kalo ada bahasa indonesianya biar lbh faham sama storynya",Wuthering Waves,Positif
Hazu Tempest,5,2025-10-26 15:38:20,"Saya Yang baru bermain game ini cukup merasa pusing karena game ini cukup berat dan mengalami frame drop saya tau hp saya mungkin tidak kuat, tapi Terimakasih Sudah membuat game ini Saya akan mencoba tetap bermain walaupun hp saya mengalami frame drop yang cukup parah",Wuthering Waves,Positif
Ezra Bilal,5,2025-10-26 12:28:29,sangat baguss,Wuthering Waves,Positif
Ahmad Aufa,4,2025-10-26 12:13:35,"bagus semuanya untuk sekedar game hp, no debat, hp kentang kayak saya? tetap tancap gas main, tapi kenapa b4 bukan b5, karena gak dapat cartethyia T_T",Wuthering Waves,Negatif
ꦫ꧀꧉ꦧꦸꦢꦶ ꦮꦶꦢꦶꦪꦤꦠꦺꦴ,1,2025-10-26 12:02:23,"maaf saya hapus,karena tiba2 akun saya log out sendiri dan begitu coba masuk pakai akun yang biasa di gunakan,harus mulai dari awal,hilang semua pencapaian saya,terimakasih untuk pengalamannya,dan maaf karena saya tidak bisa lagi login dan menggunakan akun lama saya,game ini terpaksa saya hapus,terimakasih",Wuthering Waves,Negatif
Shodiq .Q,5,2025-10-26 11:29:17,puas,Wuthering Waves,Positif
Alghifari athallah,5,2025-10-26 10:40:11,keren,Wuthering Waves,Positif
Angga Ameo,5,2025-10-26 10:31:49,"game ini sangat terasa emosi nya, sangat cocok untuk dimainkan, dari alur beserta lainnya terasa hidup, sungguh game yang menakjubkan",Wuthering Waves,Positif